[2026-02-09 10:43:05] laravel.EMERGENCY: Unable to create configured logger. Using emergency logger. {"exception":"[object] (Illuminate\\Database\\QueryException(code: 2002): SQLSTATE[HY000] [2002] php_network_getaddresses: getaddrinfo for mysql failed: Temporary failure in name resolution (Connection: mysql, Host: mysql, Port: 3306, Database: central_afia, SQL: select `value` from `application_storage` where `key_name` = AXIOM_BATCH_SIZE and `application_storage`.`deleted_at` is null limit 1) at /home/runner/work/blanka/blanka/vendor/laravel/framework/src/Illuminate/Database/Connection.php:838)
[stacktrace]
#0 /home/runner/work/blanka/blanka/vendor/laravel/framework/src/Illuminate/Database/Connection.php(999): Illuminate\\Database\\Connection->runQueryCallback()
#1 /home/runner/work/blanka/blanka/vendor/laravel/framework/src/Illuminate/Database/Connection.php(978): Illuminate\\Database\\Connection->tryAgainIfCausedByLostConnection()
#2 /home/runner/work/blanka/blanka/vendor/laravel/framework/src/Illuminate/Database/Connection.php(796): Illuminate\\Database\\Connection->handleQueryException()
#3 /home/runner/work/blanka/blanka/vendor/laravel/framework/src/Illuminate/Database/Connection.php(411): Illuminate\\Database\\Connection->run()
#4 /home/runner/work/blanka/blanka/vendor/laravel/framework/src/Illuminate/Database/Query/Builder.php(3386): Illuminate\\Database\\Connection->select()
#5 /home/runner/work/blanka/blanka/vendor/laravel/framework/src/Illuminate/Database/Query/Builder.php(3371): Illuminate\\Database\\Query\\Builder->runSelect()
#6 /home/runner/work/blanka/blanka/vendor/laravel/framework/src/Illuminate/Database/Query/Builder.php(3961): Illuminate\\Database\\Query\\Builder->{closure:Illuminate\\Database\\Query\\Builder::get():3370}()
#7 /home/runner/work/blanka/blanka/vendor/laravel/framework/src/Illuminate/Database/Query/Builder.php(3370): Illuminate\\Database\\Query\\Builder->onceWithColumns()
#8 /home/runner/work/blanka/blanka/vendor/laravel/framework/src/Illuminate/Database/Eloquent/Builder.php(902): Illuminate\\Database\\Query\\Builder->get()
#9 /home/runner/work/blanka/blanka/vendor/laravel/framework/src/Illuminate/Database/Eloquent/Builder.php(884): Illuminate\\Database\\Eloquent\\Builder->getModels()
#10 /home/runner/work/blanka/blanka/vendor/laravel/framework/src/Illuminate/Database/Concerns/BuildsQueries.php(366): Illuminate\\Database\\Eloquent\\Builder->get()
#11 /home/runner/work/blanka/blanka/app/helpers/Helper.php(1102): Illuminate\\Database\\Eloquent\\Builder->first()
#12 /home/runner/work/blanka/blanka/app/helpers/Helper.php(1120): {closure:getAppStorageValueByKey():1100}()
#13 /home/runner/work/blanka/blanka/app/Logging/AxiomBatchHandler.php(30): getAppStorageValueByKey()
#14 /home/runner/work/blanka/blanka/vendor/laravel/framework/src/Illuminate/Container/Container.php(1172): App\\Logging\\AxiomBatchHandler->__construct()
#15 /home/runner/work/blanka/blanka/vendor/laravel/framework/src/Illuminate/Container/Container.php(933): Illuminate\\Container\\Container->build()
#16 /home/runner/work/blanka/blanka/vendor/laravel/framework/src/Illuminate/Foundation/Application.php(1078): Illuminate\\Container\\Container->resolve()
#17 /home/runner/work/blanka/blanka/vendor/laravel/framework/src/Illuminate/Container/Container.php(864): Illuminate\\Foundation\\Application->resolve()
#18 /home/runner/work/blanka/blanka/vendor/laravel/framework/src/Illuminate/Foundation/Application.php(1058): Illuminate\\Container\\Container->make()
#19 /home/runner/work/blanka/blanka/vendor/laravel/framework/src/Illuminate/Log/LogManager.php(420): Illuminate\\Foundation\\Application->make()
#20 /home/runner/work/blanka/blanka/vendor/laravel/framework/src/Illuminate/Log/LogManager.php(232): Illuminate\\Log\\LogManager->createMonologDriver()
#21 /home/runner/work/blanka/blanka/vendor/laravel/framework/src/Illuminate/Log/LogManager.php(138): Illuminate\\Log\\LogManager->resolve()
#22 /home/runner/work/blanka/blanka/vendor/laravel/framework/src/Illuminate/Log/LogManager.php(125): Illuminate\\Log\\LogManager->get()
#23 /home/runner/work/blanka/blanka/vendor/laravel/framework/src/Illuminate/Log/LogManager.php(114): Illuminate\\Log\\LogManager->driver()
#24 /home/runner/work/blanka/blanka/vendor/laravel/framework/src/Illuminate/Log/LogManager.php(278): Illuminate\\Log\\LogManager->channel()
#25 [internal function]: Illuminate\\Log\\LogManager->{closure:Illuminate\\Log\\LogManager::createStackDriver():275}()
#26 /home/runner/work/blanka/blanka/vendor/laravel/framework/src/Illuminate/Collections/Arr.php(820): array_map()
#27 /home/runner/work/blanka/blanka/vendor/laravel/framework/src/Illuminate/Collections/Collection.php(846): Illuminate\\Support\\Arr::map()
#28 /home/runner/work/blanka/blanka/vendor/laravel/framework/src/Illuminate/Collections/Traits/EnumeratesValues.php(441): Illuminate\\Support\\Collection->map()
#29 /home/runner/work/blanka/blanka/vendor/laravel/framework/src/Illuminate/Log/LogManager.php(275): Illuminate\\Support\\Collection->flatMap()
#30 /home/runner/work/blanka/blanka/vendor/laravel/framework/src/Illuminate/Log/LogManager.php(232): Illuminate\\Log\\LogManager->createStackDriver()
#31 /home/runner/work/blanka/blanka/vendor/laravel/framework/src/Illuminate/Log/LogManager.php(138): Illuminate\\Log\\LogManager->resolve()
#32 /home/runner/work/blanka/blanka/vendor/laravel/framework/src/Illuminate/Log/LogManager.php(125): Illuminate\\Log\\LogManager->get()
#33 /home/runner/work/blanka/blanka/vendor/laravel/framework/src/Illuminate/Log/LogManager.php(794): Illuminate\\Log\\LogManager->driver()
#34 /home/runner/work/blanka/blanka/vendor/laravel/framework/src/Illuminate/Support/Facades/Facade.php(363): Illuminate\\Log\\LogManager->__call()
#35 /home/runner/work/blanka/blanka/app/Providers/AppServiceProvider.php(111): Illuminate\\Support\\Facades\\Facade::__callStatic()
#36 /home/runner/work/blanka/blanka/vendor/laravel/framework/src/Illuminate/Container/BoundMethod.php(36): App\\Providers\\AppServiceProvider->boot()
#37 /home/runner/work/blanka/blanka/vendor/laravel/framework/src/Illuminate/Container/Util.php(43): Illuminate\\Container\\BoundMethod::{closure:Illuminate\\Container\\BoundMethod::call():35}()
#38 /home/runner/work/blanka/blanka/vendor/laravel/framework/src/Illuminate/Container/BoundMethod.php(96): Illuminate\\Container\\Util::unwrapIfClosure()
#39 /home/runner/work/blanka/blanka/vendor/laravel/framework/src/Illuminate/Container/BoundMethod.php(35): Illuminate\\Container\\BoundMethod::callBoundMethod()
#40 /home/runner/work/blanka/blanka/vendor/laravel/framework/src/Illuminate/Container/Container.php(799): Illuminate\\Container\\BoundMethod::call()
#41 /home/runner/work/blanka/blanka/vendor/laravel/framework/src/Illuminate/Foundation/Application.php(1151): Illuminate\\Container\\Container->call()
#42 /home/runner/work/blanka/blanka/vendor/laravel/framework/src/Illuminate/Foundation/Application.php(1132): Illuminate\\Foundation\\Application->bootProvider()
#43 [internal function]: Illuminate\\Foundation\\Application->{closure:Illuminate\\Foundation\\Application::boot():1131}()
#44 /home/runner/work/blanka/blanka/vendor/laravel/framework/src/Illuminate/Foundation/Application.php(1131): array_walk()
#45 /home/runner/work/blanka/blanka/vendor/laravel/framework/src/Illuminate/Foundation/Bootstrap/BootProviders.php(17): Illuminate\\Foundation\\Application->boot()
#46 /home/runner/work/blanka/blanka/vendor/laravel/framework/src/Illuminate/Foundation/Application.php(342): Illuminate\\Foundation\\Bootstrap\\BootProviders->bootstrap()
#47 /home/runner/work/blanka/blanka/vendor/laravel/framework/src/Illuminate/Foundation/Console/Kernel.php(494): Illuminate\\Foundation\\Application->bootstrapWith()
#48 /home/runner/work/blanka/blanka/vendor/laravel/framework/src/Illuminate/Foundation/Console/Kernel.php(196): Illuminate\\Foundation\\Console\\Kernel->bootstrap()
#49 /home/runner/work/blanka/blanka/artisan(35): Illuminate\\Foundation\\Console\\Kernel->handle()
#50 {main}

[previous exception] [object] (PDOException(code: 2002): SQLSTATE[HY000] [2002] php_network_getaddresses: getaddrinfo for mysql failed: Temporary failure in name resolution at /home/runner/work/blanka/blanka/vendor/laravel/framework/src/Illuminate/Database/Connectors/Connector.php:67)
[stacktrace]
#0 /home/runner/work/blanka/blanka/vendor/laravel/framework/src/Illuminate/Database/Connectors/Connector.php(67): PDO::connect()
#1 /home/runner/work/blanka/blanka/vendor/laravel/framework/src/Illuminate/Database/Connectors/Connector.php(85): Illuminate\\Database\\Connectors\\Connector->createPdoConnection()
#2 /home/runner/work/blanka/blanka/vendor/laravel/framework/src/Illuminate/Database/Connectors/Connector.php(48): Illuminate\\Database\\Connectors\\Connector->tryAgainIfCausedByLostConnection()
#3 /home/runner/work/blanka/blanka/vendor/laravel/framework/src/Illuminate/Database/Connectors/MySqlConnector.php(24): Illuminate\\Database\\Connectors\\Connector->createConnection()
#4 /home/runner/work/blanka/blanka/vendor/laravel/framework/src/Illuminate/Database/Connectors/ConnectionFactory.php(186): Illuminate\\Database\\Connectors\\MySqlConnector->connect()
#5 [internal function]: Illuminate\\Database\\Connectors\\ConnectionFactory->{closure:Illuminate\\Database\\Connectors\\ConnectionFactory::createPdoResolverWithHosts():181}()
#6 /home/runner/work/blanka/blanka/vendor/laravel/framework/src/Illuminate/Database/Connection.php(1257): call_user_func()
#7 /home/runner/work/blanka/blanka/vendor/laravel/framework/src/Illuminate/Database/Connection.php(1295): Illuminate\\Database\\Connection->getPdo()
#8 /home/runner/work/blanka/blanka/vendor/laravel/framework/src/Illuminate/Database/Connection.php(525): Illuminate\\Database\\Connection->getReadPdo()
#9 /home/runner/work/blanka/blanka/vendor/laravel/framework/src/Illuminate/Database/Connection.php(420): Illuminate\\Database\\Connection->getPdoForSelect()
#10 /home/runner/work/blanka/blanka/vendor/laravel/framework/src/Illuminate/Database/Connection.php(827): Illuminate\\Database\\Connection->{closure:Illuminate\\Database\\Connection::select():411}()
#11 /home/runner/work/blanka/blanka/vendor/laravel/framework/src/Illuminate/Database/Connection.php(999): Illuminate\\Database\\Connection->runQueryCallback()
#12 /home/runner/work/blanka/blanka/vendor/laravel/framework/src/Illuminate/Database/Connection.php(978): Illuminate\\Database\\Connection->tryAgainIfCausedByLostConnection()
#13 /home/runner/work/blanka/blanka/vendor/laravel/framework/src/Illuminate/Database/Connection.php(796): Illuminate\\Database\\Connection->handleQueryException()
#14 /home/runner/work/blanka/blanka/vendor/laravel/framework/src/Illuminate/Database/Connection.php(411): Illuminate\\Database\\Connection->run()
#15 /home/runner/work/blanka/blanka/vendor/laravel/framework/src/Illuminate/Database/Query/Builder.php(3386): Illuminate\\Database\\Connection->select()
#16 /home/runner/work/blanka/blanka/vendor/laravel/framework/src/Illuminate/Database/Query/Builder.php(3371): Illuminate\\Database\\Query\\Builder->runSelect()
#17 /home/runner/work/blanka/blanka/vendor/laravel/framework/src/Illuminate/Database/Query/Builder.php(3961): Illuminate\\Database\\Query\\Builder->{closure:Illuminate\\Database\\Query\\Builder::get():3370}()
#18 /home/runner/work/blanka/blanka/vendor/laravel/framework/src/Illuminate/Database/Query/Builder.php(3370): Illuminate\\Database\\Query\\Builder->onceWithColumns()
#19 /home/runner/work/blanka/blanka/vendor/laravel/framework/src/Illuminate/Database/Eloquent/Builder.php(902): Illuminate\\Database\\Query\\Builder->get()
#20 /home/runner/work/blanka/blanka/vendor/laravel/framework/src/Illuminate/Database/Eloquent/Builder.php(884): Illuminate\\Database\\Eloquent\\Builder->getModels()
#21 /home/runner/work/blanka/blanka/vendor/laravel/framework/src/Illuminate/Database/Concerns/BuildsQueries.php(366): Illuminate\\Database\\Eloquent\\Builder->get()
#22 /home/runner/work/blanka/blanka/app/helpers/Helper.php(1102): Illuminate\\Database\\Eloquent\\Builder->first()
#23 /home/runner/work/blanka/blanka/app/helpers/Helper.php(1120): {closure:getAppStorageValueByKey():1100}()
#24 /home/runner/work/blanka/blanka/app/Logging/AxiomBatchHandler.php(30): getAppStorageValueByKey()
#25 /home/runner/work/blanka/blanka/vendor/laravel/framework/src/Illuminate/Container/Container.php(1172): App\\Logging\\AxiomBatchHandler->__construct()
#26 /home/runner/work/blanka/blanka/vendor/laravel/framework/src/Illuminate/Container/Container.php(933): Illuminate\\Container\\Container->build()
#27 /home/runner/work/blanka/blanka/vendor/laravel/framework/src/Illuminate/Foundation/Application.php(1078): Illuminate\\Container\\Container->resolve()
#28 /home/runner/work/blanka/blanka/vendor/laravel/framework/src/Illuminate/Container/Container.php(864): Illuminate\\Foundation\\Application->resolve()
#29 /home/runner/work/blanka/blanka/vendor/laravel/framework/src/Illuminate/Foundation/Application.php(1058): Illuminate\\Container\\Container->make()
#30 /home/runner/work/blanka/blanka/vendor/laravel/framework/src/Illuminate/Log/LogManager.php(420): Illuminate\\Foundation\\Application->make()
#31 /home/runner/work/blanka/blanka/vendor/laravel/framework/src/Illuminate/Log/LogManager.php(232): Illuminate\\Log\\LogManager->createMonologDriver()
#32 /home/runner/work/blanka/blanka/vendor/laravel/framework/src/Illuminate/Log/LogManager.php(138): Illuminate\\Log\\LogManager->resolve()
#33 /home/runner/work/blanka/blanka/vendor/laravel/framework/src/Illuminate/Log/LogManager.php(125): Illuminate\\Log\\LogManager->get()
#34 /home/runner/work/blanka/blanka/vendor/laravel/framework/src/Illuminate/Log/LogManager.php(114): Illuminate\\Log\\LogManager->driver()
#35 /home/runner/work/blanka/blanka/vendor/laravel/framework/src/Illuminate/Log/LogManager.php(278): Illuminate\\Log\\LogManager->channel()
#36 [internal function]: Illuminate\\Log\\LogManager->{closure:Illuminate\\Log\\LogManager::createStackDriver():275}()
#37 /home/runner/work/blanka/blanka/vendor/laravel/framework/src/Illuminate/Collections/Arr.php(820): array_map()
#38 /home/runner/work/blanka/blanka/vendor/laravel/framework/src/Illuminate/Collections/Collection.php(846): Illuminate\\Support\\Arr::map()
#39 /home/runner/work/blanka/blanka/vendor/laravel/framework/src/Illuminate/Collections/Traits/EnumeratesValues.php(441): Illuminate\\Support\\Collection->map()
#40 /home/runner/work/blanka/blanka/vendor/laravel/framework/src/Illuminate/Log/LogManager.php(275): Illuminate\\Support\\Collection->flatMap()
#41 /home/runner/work/blanka/blanka/vendor/laravel/framework/src/Illuminate/Log/LogManager.php(232): Illuminate\\Log\\LogManager->createStackDriver()
#42 /home/runner/work/blanka/blanka/vendor/laravel/framework/src/Illuminate/Log/LogManager.php(138): Illuminate\\Log\\LogManager->resolve()
#43 /home/runner/work/blanka/blanka/vendor/laravel/framework/src/Illuminate/Log/LogManager.php(125): Illuminate\\Log\\LogManager->get()
#44 /home/runner/work/blanka/blanka/vendor/laravel/framework/src/Illuminate/Log/LogManager.php(794): Illuminate\\Log\\LogManager->driver()
#45 /home/runner/work/blanka/blanka/vendor/laravel/framework/src/Illuminate/Support/Facades/Facade.php(363): Illuminate\\Log\\LogManager->__call()
#46 /home/runner/work/blanka/blanka/app/Providers/AppServiceProvider.php(111): Illuminate\\Support\\Facades\\Facade::__callStatic()
#47 /home/runner/work/blanka/blanka/vendor/laravel/framework/src/Illuminate/Container/BoundMethod.php(36): App\\Providers\\AppServiceProvider->boot()
#48 /home/runner/work/blanka/blanka/vendor/laravel/framework/src/Illuminate/Container/Util.php(43): Illuminate\\Container\\BoundMethod::{closure:Illuminate\\Container\\BoundMethod::call():35}()
#49 /home/runner/work/blanka/blanka/vendor/laravel/framework/src/Illuminate/Container/BoundMethod.php(96): Illuminate\\Container\\Util::unwrapIfClosure()
#50 /home/runner/work/blanka/blanka/vendor/laravel/framework/src/Illuminate/Container/BoundMethod.php(35): Illuminate\\Container\\BoundMethod::callBoundMethod()
#51 /home/runner/work/blanka/blanka/vendor/laravel/framework/src/Illuminate/Container/Container.php(799): Illuminate\\Container\\BoundMethod::call()
#52 /home/runner/work/blanka/blanka/vendor/laravel/framework/src/Illuminate/Foundation/Application.php(1151): Illuminate\\Container\\Container->call()
#53 /home/runner/work/blanka/blanka/vendor/laravel/framework/src/Illuminate/Foundation/Application.php(1132): Illuminate\\Foundation\\Application->bootProvider()
#54 [internal function]: Illuminate\\Foundation\\Application->{closure:Illuminate\\Foundation\\Application::boot():1131}()
#55 /home/runner/work/blanka/blanka/vendor/laravel/framework/src/Illuminate/Foundation/Application.php(1131): array_walk()
#56 /home/runner/work/blanka/blanka/vendor/laravel/framework/src/Illuminate/Foundation/Bootstrap/BootProviders.php(17): Illuminate\\Foundation\\Application->boot()
#57 /home/runner/work/blanka/blanka/vendor/laravel/framework/src/Illuminate/Foundation/Application.php(342): Illuminate\\Foundation\\Bootstrap\\BootProviders->bootstrap()
#58 /home/runner/work/blanka/blanka/vendor/laravel/framework/src/Illuminate/Foundation/Console/Kernel.php(494): Illuminate\\Foundation\\Application->bootstrapWith()
#59 /home/runner/work/blanka/blanka/vendor/laravel/framework/src/Illuminate/Foundation/Console/Kernel.php(196): Illuminate\\Foundation\\Console\\Kernel->bootstrap()
#60 /home/runner/work/blanka/blanka/artisan(35): Illuminate\\Foundation\\Console\\Kernel->handle()
#61 {main}

[previous exception] [object] (PDOException(code: 0): PDO::connect(): php_network_getaddresses: getaddrinfo for mysql failed: Temporary failure in name resolution at /home/runner/work/blanka/blanka/vendor/laravel/framework/src/Illuminate/Database/Connectors/Connector.php:67)
[stacktrace]
#0 /home/runner/work/blanka/blanka/vendor/laravel/framework/src/Illuminate/Database/Connectors/Connector.php(67): PDO::connect()
#1 /home/runner/work/blanka/blanka/vendor/laravel/framework/src/Illuminate/Database/Connectors/Connector.php(85): Illuminate\\Database\\Connectors\\Connector->createPdoConnection()
#2 /home/runner/work/blanka/blanka/vendor/laravel/framework/src/Illuminate/Database/Connectors/Connector.php(48): Illuminate\\Database\\Connectors\\Connector->tryAgainIfCausedByLostConnection()
#3 /home/runner/work/blanka/blanka/vendor/laravel/framework/src/Illuminate/Database/Connectors/MySqlConnector.php(24): Illuminate\\Database\\Connectors\\Connector->createConnection()
#4 /home/runner/work/blanka/blanka/vendor/laravel/framework/src/Illuminate/Database/Connectors/ConnectionFactory.php(186): Illuminate\\Database\\Connectors\\MySqlConnector->connect()
#5 [internal function]: Illuminate\\Database\\Connectors\\ConnectionFactory->{closure:Illuminate\\Database\\Connectors\\ConnectionFactory::createPdoResolverWithHosts():181}()
#6 /home/runner/work/blanka/blanka/vendor/laravel/framework/src/Illuminate/Database/Connection.php(1257): call_user_func()
#7 /home/runner/work/blanka/blanka/vendor/laravel/framework/src/Illuminate/Database/Connection.php(1295): Illuminate\\Database\\Connection->getPdo()
#8 /home/runner/work/blanka/blanka/vendor/laravel/framework/src/Illuminate/Database/Connection.php(525): Illuminate\\Database\\Connection->getReadPdo()
#9 /home/runner/work/blanka/blanka/vendor/laravel/framework/src/Illuminate/Database/Connection.php(420): Illuminate\\Database\\Connection->getPdoForSelect()
#10 /home/runner/work/blanka/blanka/vendor/laravel/framework/src/Illuminate/Database/Connection.php(827): Illuminate\\Database\\Connection->{closure:Illuminate\\Database\\Connection::select():411}()
#11 /home/runner/work/blanka/blanka/vendor/laravel/framework/src/Illuminate/Database/Connection.php(999): Illuminate\\Database\\Connection->runQueryCallback()
#12 /home/runner/work/blanka/blanka/vendor/laravel/framework/src/Illuminate/Database/Connection.php(978): Illuminate\\Database\\Connection->tryAgainIfCausedByLostConnection()
#13 /home/runner/work/blanka/blanka/vendor/laravel/framework/src/Illuminate/Database/Connection.php(796): Illuminate\\Database\\Connection->handleQueryException()
#14 /home/runner/work/blanka/blanka/vendor/laravel/framework/src/Illuminate/Database/Connection.php(411): Illuminate\\Database\\Connection->run()
#15 /home/runner/work/blanka/blanka/vendor/laravel/framework/src/Illuminate/Database/Query/Builder.php(3386): Illuminate\\Database\\Connection->select()
#16 /home/runner/work/blanka/blanka/vendor/laravel/framework/src/Illuminate/Database/Query/Builder.php(3371): Illuminate\\Database\\Query\\Builder->runSelect()
#17 /home/runner/work/blanka/blanka/vendor/laravel/framework/src/Illuminate/Database/Query/Builder.php(3961): Illuminate\\Database\\Query\\Builder->{closure:Illuminate\\Database\\Query\\Builder::get():3370}()
#18 /home/runner/work/blanka/blanka/vendor/laravel/framework/src/Illuminate/Database/Query/Builder.php(3370): Illuminate\\Database\\Query\\Builder->onceWithColumns()
#19 /home/runner/work/blanka/blanka/vendor/laravel/framework/src/Illuminate/Database/Eloquent/Builder.php(902): Illuminate\\Database\\Query\\Builder->get()
#20 /home/runner/work/blanka/blanka/vendor/laravel/framework/src/Illuminate/Database/Eloquent/Builder.php(884): Illuminate\\Database\\Eloquent\\Builder->getModels()
#21 /home/runner/work/blanka/blanka/vendor/laravel/framework/src/Illuminate/Database/Concerns/BuildsQueries.php(366): Illuminate\\Database\\Eloquent\\Builder->get()
#22 /home/runner/work/blanka/blanka/app/helpers/Helper.php(1102): Illuminate\\Database\\Eloquent\\Builder->first()
#23 /home/runner/work/blanka/blanka/app/helpers/Helper.php(1120): {closure:getAppStorageValueByKey():1100}()
#24 /home/runner/work/blanka/blanka/app/Logging/AxiomBatchHandler.php(30): getAppStorageValueByKey()
#25 /home/runner/work/blanka/blanka/vendor/laravel/framework/src/Illuminate/Container/Container.php(1172): App\\Logging\\AxiomBatchHandler->__construct()
#26 /home/runner/work/blanka/blanka/vendor/laravel/framework/src/Illuminate/Container/Container.php(933): Illuminate\\Container\\Container->build()
#27 /home/runner/work/blanka/blanka/vendor/laravel/framework/src/Illuminate/Foundation/Application.php(1078): Illuminate\\Container\\Container->resolve()
#28 /home/runner/work/blanka/blanka/vendor/laravel/framework/src/Illuminate/Container/Container.php(864): Illuminate\\Foundation\\Application->resolve()
#29 /home/runner/work/blanka/blanka/vendor/laravel/framework/src/Illuminate/Foundation/Application.php(1058): Illuminate\\Container\\Container->make()
#30 /home/runner/work/blanka/blanka/vendor/laravel/framework/src/Illuminate/Log/LogManager.php(420): Illuminate\\Foundation\\Application->make()
#31 /home/runner/work/blanka/blanka/vendor/laravel/framework/src/Illuminate/Log/LogManager.php(232): Illuminate\\Log\\LogManager->createMonologDriver()
#32 /home/runner/work/blanka/blanka/vendor/laravel/framework/src/Illuminate/Log/LogManager.php(138): Illuminate\\Log\\LogManager->resolve()
#33 /home/runner/work/blanka/blanka/vendor/laravel/framework/src/Illuminate/Log/LogManager.php(125): Illuminate\\Log\\LogManager->get()
#34 /home/runner/work/blanka/blanka/vendor/laravel/framework/src/Illuminate/Log/LogManager.php(114): Illuminate\\Log\\LogManager->driver()
#35 /home/runner/work/blanka/blanka/vendor/laravel/framework/src/Illuminate/Log/LogManager.php(278): Illuminate\\Log\\LogManager->channel()
#36 [internal function]: Illuminate\\Log\\LogManager->{closure:Illuminate\\Log\\LogManager::createStackDriver():275}()
#37 /home/runner/work/blanka/blanka/vendor/laravel/framework/src/Illuminate/Collections/Arr.php(820): array_map()
#38 /home/runner/work/blanka/blanka/vendor/laravel/framework/src/Illuminate/Collections/Collection.php(846): Illuminate\\Support\\Arr::map()
#39 /home/runner/work/blanka/blanka/vendor/laravel/framework/src/Illuminate/Collections/Traits/EnumeratesValues.php(441): Illuminate\\Support\\Collection->map()
#40 /home/runner/work/blanka/blanka/vendor/laravel/framework/src/Illuminate/Log/LogManager.php(275): Illuminate\\Support\\Collection->flatMap()
#41 /home/runner/work/blanka/blanka/vendor/laravel/framework/src/Illuminate/Log/LogManager.php(232): Illuminate\\Log\\LogManager->createStackDriver()
#42 /home/runner/work/blanka/blanka/vendor/laravel/framework/src/Illuminate/Log/LogManager.php(138): Illuminate\\Log\\LogManager->resolve()
#43 /home/runner/work/blanka/blanka/vendor/laravel/framework/src/Illuminate/Log/LogManager.php(125): Illuminate\\Log\\LogManager->get()
#44 /home/runner/work/blanka/blanka/vendor/laravel/framework/src/Illuminate/Log/LogManager.php(794): Illuminate\\Log\\LogManager->driver()
#45 /home/runner/work/blanka/blanka/vendor/laravel/framework/src/Illuminate/Support/Facades/Facade.php(363): Illuminate\\Log\\LogManager->__call()
#46 /home/runner/work/blanka/blanka/app/Providers/AppServiceProvider.php(111): Illuminate\\Support\\Facades\\Facade::__callStatic()
#47 /home/runner/work/blanka/blanka/vendor/laravel/framework/src/Illuminate/Container/BoundMethod.php(36): App\\Providers\\AppServiceProvider->boot()
#48 /home/runner/work/blanka/blanka/vendor/laravel/framework/src/Illuminate/Container/Util.php(43): Illuminate\\Container\\BoundMethod::{closure:Illuminate\\Container\\BoundMethod::call():35}()
#49 /home/runner/work/blanka/blanka/vendor/laravel/framework/src/Illuminate/Container/BoundMethod.php(96): Illuminate\\Container\\Util::unwrapIfClosure()
#50 /home/runner/work/blanka/blanka/vendor/laravel/framework/src/Illuminate/Container/BoundMethod.php(35): Illuminate\\Container\\BoundMethod::callBoundMethod()
#51 /home/runner/work/blanka/blanka/vendor/laravel/framework/src/Illuminate/Container/Container.php(799): Illuminate\\Container\\BoundMethod::call()
#52 /home/runner/work/blanka/blanka/vendor/laravel/framework/src/Illuminate/Foundation/Application.php(1151): Illuminate\\Container\\Container->call()
#53 /home/runner/work/blanka/blanka/vendor/laravel/framework/src/Illuminate/Foundation/Application.php(1132): Illuminate\\Foundation\\Application->bootProvider()
#54 [internal function]: Illuminate\\Foundation\\Application->{closure:Illuminate\\Foundation\\Application::boot():1131}()
#55 /home/runner/work/blanka/blanka/vendor/laravel/framework/src/Illuminate/Foundation/Application.php(1131): array_walk()
#56 /home/runner/work/blanka/blanka/vendor/laravel/framework/src/Illuminate/Foundation/Bootstrap/BootProviders.php(17): Illuminate\\Foundation\\Application->boot()
#57 /home/runner/work/blanka/blanka/vendor/laravel/framework/src/Illuminate/Foundation/Application.php(342): Illuminate\\Foundation\\Bootstrap\\BootProviders->bootstrap()
#58 /home/runner/work/blanka/blanka/vendor/laravel/framework/src/Illuminate/Foundation/Console/Kernel.php(494): Illuminate\\Foundation\\Application->bootstrapWith()
#59 /home/runner/work/blanka/blanka/vendor/laravel/framework/src/Illuminate/Foundation/Console/Kernel.php(196): Illuminate\\Foundation\\Console\\Kernel->bootstrap()
#60 /home/runner/work/blanka/blanka/artisan(35): Illuminate\\Foundation\\Console\\Kernel->handle()
#61 {main}
"} 
[2026-02-09 10:43:05] laravel.EMERGENCY: Unable to create configured logger. Using emergency logger. {"exception":"[object] (Illuminate\\Database\\QueryException(code: 2002): SQLSTATE[HY000] [2002] php_network_getaddresses: getaddrinfo for mysql failed: Temporary failure in name resolution (Connection: mysql, Host: mysql, Port: 3306, Database: central_afia, SQL: select `value` from `application_storage` where `key_name` = AXIOM_BATCH_SIZE and `application_storage`.`deleted_at` is null limit 1) at /home/runner/work/blanka/blanka/vendor/laravel/framework/src/Illuminate/Database/Connection.php:838)
[stacktrace]
#0 /home/runner/work/blanka/blanka/vendor/laravel/framework/src/Illuminate/Database/Connection.php(999): Illuminate\\Database\\Connection->runQueryCallback()
#1 /home/runner/work/blanka/blanka/vendor/laravel/framework/src/Illuminate/Database/Connection.php(978): Illuminate\\Database\\Connection->tryAgainIfCausedByLostConnection()
#2 /home/runner/work/blanka/blanka/vendor/laravel/framework/src/Illuminate/Database/Connection.php(796): Illuminate\\Database\\Connection->handleQueryException()
#3 /home/runner/work/blanka/blanka/vendor/laravel/framework/src/Illuminate/Database/Connection.php(411): Illuminate\\Database\\Connection->run()
#4 /home/runner/work/blanka/blanka/vendor/laravel/framework/src/Illuminate/Database/Query/Builder.php(3386): Illuminate\\Database\\Connection->select()
#5 /home/runner/work/blanka/blanka/vendor/laravel/framework/src/Illuminate/Database/Query/Builder.php(3371): Illuminate\\Database\\Query\\Builder->runSelect()
#6 /home/runner/work/blanka/blanka/vendor/laravel/framework/src/Illuminate/Database/Query/Builder.php(3961): Illuminate\\Database\\Query\\Builder->{closure:Illuminate\\Database\\Query\\Builder::get():3370}()
#7 /home/runner/work/blanka/blanka/vendor/laravel/framework/src/Illuminate/Database/Query/Builder.php(3370): Illuminate\\Database\\Query\\Builder->onceWithColumns()
#8 /home/runner/work/blanka/blanka/vendor/laravel/framework/src/Illuminate/Database/Eloquent/Builder.php(902): Illuminate\\Database\\Query\\Builder->get()
#9 /home/runner/work/blanka/blanka/vendor/laravel/framework/src/Illuminate/Database/Eloquent/Builder.php(884): Illuminate\\Database\\Eloquent\\Builder->getModels()
#10 /home/runner/work/blanka/blanka/vendor/laravel/framework/src/Illuminate/Database/Concerns/BuildsQueries.php(366): Illuminate\\Database\\Eloquent\\Builder->get()
#11 /home/runner/work/blanka/blanka/app/helpers/Helper.php(1102): Illuminate\\Database\\Eloquent\\Builder->first()
#12 /home/runner/work/blanka/blanka/app/helpers/Helper.php(1120): {closure:getAppStorageValueByKey():1100}()
#13 /home/runner/work/blanka/blanka/app/Logging/AxiomBatchHandler.php(30): getAppStorageValueByKey()
#14 /home/runner/work/blanka/blanka/vendor/laravel/framework/src/Illuminate/Container/Container.php(1172): App\\Logging\\AxiomBatchHandler->__construct()
#15 /home/runner/work/blanka/blanka/vendor/laravel/framework/src/Illuminate/Container/Container.php(933): Illuminate\\Container\\Container->build()
#16 /home/runner/work/blanka/blanka/vendor/laravel/framework/src/Illuminate/Foundation/Application.php(1078): Illuminate\\Container\\Container->resolve()
#17 /home/runner/work/blanka/blanka/vendor/laravel/framework/src/Illuminate/Container/Container.php(864): Illuminate\\Foundation\\Application->resolve()
#18 /home/runner/work/blanka/blanka/vendor/laravel/framework/src/Illuminate/Foundation/Application.php(1058): Illuminate\\Container\\Container->make()
#19 /home/runner/work/blanka/blanka/vendor/laravel/framework/src/Illuminate/Log/LogManager.php(420): Illuminate\\Foundation\\Application->make()
#20 /home/runner/work/blanka/blanka/vendor/laravel/framework/src/Illuminate/Log/LogManager.php(232): Illuminate\\Log\\LogManager->createMonologDriver()
#21 /home/runner/work/blanka/blanka/vendor/laravel/framework/src/Illuminate/Log/LogManager.php(138): Illuminate\\Log\\LogManager->resolve()
#22 /home/runner/work/blanka/blanka/vendor/laravel/framework/src/Illuminate/Log/LogManager.php(125): Illuminate\\Log\\LogManager->get()
#23 /home/runner/work/blanka/blanka/vendor/laravel/framework/src/Illuminate/Log/LogManager.php(114): Illuminate\\Log\\LogManager->driver()
#24 /home/runner/work/blanka/blanka/vendor/laravel/framework/src/Illuminate/Log/LogManager.php(286): Illuminate\\Log\\LogManager->channel()
#25 [internal function]: Illuminate\\Log\\LogManager->{closure:Illuminate\\Log\\LogManager::createStackDriver():283}()
#26 /home/runner/work/blanka/blanka/vendor/laravel/framework/src/Illuminate/Collections/Arr.php(820): array_map()
#27 /home/runner/work/blanka/blanka/vendor/laravel/framework/src/Illuminate/Collections/Collection.php(846): Illuminate\\Support\\Arr::map()
#28 /home/runner/work/blanka/blanka/vendor/laravel/framework/src/Illuminate/Collections/Traits/EnumeratesValues.php(441): Illuminate\\Support\\Collection->map()
#29 /home/runner/work/blanka/blanka/vendor/laravel/framework/src/Illuminate/Log/LogManager.php(283): Illuminate\\Support\\Collection->flatMap()
#30 /home/runner/work/blanka/blanka/vendor/laravel/framework/src/Illuminate/Log/LogManager.php(232): Illuminate\\Log\\LogManager->createStackDriver()
#31 /home/runner/work/blanka/blanka/vendor/laravel/framework/src/Illuminate/Log/LogManager.php(138): Illuminate\\Log\\LogManager->resolve()
#32 /home/runner/work/blanka/blanka/vendor/laravel/framework/src/Illuminate/Log/LogManager.php(125): Illuminate\\Log\\LogManager->get()
#33 /home/runner/work/blanka/blanka/vendor/laravel/framework/src/Illuminate/Log/LogManager.php(794): Illuminate\\Log\\LogManager->driver()
#34 /home/runner/work/blanka/blanka/vendor/laravel/framework/src/Illuminate/Support/Facades/Facade.php(363): Illuminate\\Log\\LogManager->__call()
#35 /home/runner/work/blanka/blanka/app/Providers/AppServiceProvider.php(111): Illuminate\\Support\\Facades\\Facade::__callStatic()
#36 /home/runner/work/blanka/blanka/vendor/laravel/framework/src/Illuminate/Container/BoundMethod.php(36): App\\Providers\\AppServiceProvider->boot()
#37 /home/runner/work/blanka/blanka/vendor/laravel/framework/src/Illuminate/Container/Util.php(43): Illuminate\\Container\\BoundMethod::{closure:Illuminate\\Container\\BoundMethod::call():35}()
#38 /home/runner/work/blanka/blanka/vendor/laravel/framework/src/Illuminate/Container/BoundMethod.php(96): Illuminate\\Container\\Util::unwrapIfClosure()
#39 /home/runner/work/blanka/blanka/vendor/laravel/framework/src/Illuminate/Container/BoundMethod.php(35): Illuminate\\Container\\BoundMethod::callBoundMethod()
#40 /home/runner/work/blanka/blanka/vendor/laravel/framework/src/Illuminate/Container/Container.php(799): Illuminate\\Container\\BoundMethod::call()
#41 /home/runner/work/blanka/blanka/vendor/laravel/framework/src/Illuminate/Foundation/Application.php(1151): Illuminate\\Container\\Container->call()
#42 /home/runner/work/blanka/blanka/vendor/laravel/framework/src/Illuminate/Foundation/Application.php(1132): Illuminate\\Foundation\\Application->bootProvider()
#43 [internal function]: Illuminate\\Foundation\\Application->{closure:Illuminate\\Foundation\\Application::boot():1131}()
#44 /home/runner/work/blanka/blanka/vendor/laravel/framework/src/Illuminate/Foundation/Application.php(1131): array_walk()
#45 /home/runner/work/blanka/blanka/vendor/laravel/framework/src/Illuminate/Foundation/Bootstrap/BootProviders.php(17): Illuminate\\Foundation\\Application->boot()
#46 /home/runner/work/blanka/blanka/vendor/laravel/framework/src/Illuminate/Foundation/Application.php(342): Illuminate\\Foundation\\Bootstrap\\BootProviders->bootstrap()
#47 /home/runner/work/blanka/blanka/vendor/laravel/framework/src/Illuminate/Foundation/Console/Kernel.php(494): Illuminate\\Foundation\\Application->bootstrapWith()
#48 /home/runner/work/blanka/blanka/vendor/laravel/framework/src/Illuminate/Foundation/Console/Kernel.php(196): Illuminate\\Foundation\\Console\\Kernel->bootstrap()
#49 /home/runner/work/blanka/blanka/artisan(35): Illuminate\\Foundation\\Console\\Kernel->handle()
#50 {main}

[previous exception] [object] (PDOException(code: 2002): SQLSTATE[HY000] [2002] php_network_getaddresses: getaddrinfo for mysql failed: Temporary failure in name resolution at /home/runner/work/blanka/blanka/vendor/laravel/framework/src/Illuminate/Database/Connectors/Connector.php:67)
[stacktrace]
#0 /home/runner/work/blanka/blanka/vendor/laravel/framework/src/Illuminate/Database/Connectors/Connector.php(67): PDO::connect()
#1 /home/runner/work/blanka/blanka/vendor/laravel/framework/src/Illuminate/Database/Connectors/Connector.php(85): Illuminate\\Database\\Connectors\\Connector->createPdoConnection()
#2 /home/runner/work/blanka/blanka/vendor/laravel/framework/src/Illuminate/Database/Connectors/Connector.php(48): Illuminate\\Database\\Connectors\\Connector->tryAgainIfCausedByLostConnection()
#3 /home/runner/work/blanka/blanka/vendor/laravel/framework/src/Illuminate/Database/Connectors/MySqlConnector.php(24): Illuminate\\Database\\Connectors\\Connector->createConnection()
#4 /home/runner/work/blanka/blanka/vendor/laravel/framework/src/Illuminate/Database/Connectors/ConnectionFactory.php(186): Illuminate\\Database\\Connectors\\MySqlConnector->connect()
#5 [internal function]: Illuminate\\Database\\Connectors\\ConnectionFactory->{closure:Illuminate\\Database\\Connectors\\ConnectionFactory::createPdoResolverWithHosts():181}()
#6 /home/runner/work/blanka/blanka/vendor/laravel/framework/src/Illuminate/Database/Connection.php(1257): call_user_func()
#7 /home/runner/work/blanka/blanka/vendor/laravel/framework/src/Illuminate/Database/Connection.php(1295): Illuminate\\Database\\Connection->getPdo()
#8 /home/runner/work/blanka/blanka/vendor/laravel/framework/src/Illuminate/Database/Connection.php(525): Illuminate\\Database\\Connection->getReadPdo()
#9 /home/runner/work/blanka/blanka/vendor/laravel/framework/src/Illuminate/Database/Connection.php(420): Illuminate\\Database\\Connection->getPdoForSelect()
#10 /home/runner/work/blanka/blanka/vendor/laravel/framework/src/Illuminate/Database/Connection.php(827): Illuminate\\Database\\Connection->{closure:Illuminate\\Database\\Connection::select():411}()
#11 /home/runner/work/blanka/blanka/vendor/laravel/framework/src/Illuminate/Database/Connection.php(999): Illuminate\\Database\\Connection->runQueryCallback()
#12 /home/runner/work/blanka/blanka/vendor/laravel/framework/src/Illuminate/Database/Connection.php(978): Illuminate\\Database\\Connection->tryAgainIfCausedByLostConnection()
#13 /home/runner/work/blanka/blanka/vendor/laravel/framework/src/Illuminate/Database/Connection.php(796): Illuminate\\Database\\Connection->handleQueryException()
#14 /home/runner/work/blanka/blanka/vendor/laravel/framework/src/Illuminate/Database/Connection.php(411): Illuminate\\Database\\Connection->run()
#15 /home/runner/work/blanka/blanka/vendor/laravel/framework/src/Illuminate/Database/Query/Builder.php(3386): Illuminate\\Database\\Connection->select()
#16 /home/runner/work/blanka/blanka/vendor/laravel/framework/src/Illuminate/Database/Query/Builder.php(3371): Illuminate\\Database\\Query\\Builder->runSelect()
#17 /home/runner/work/blanka/blanka/vendor/laravel/framework/src/Illuminate/Database/Query/Builder.php(3961): Illuminate\\Database\\Query\\Builder->{closure:Illuminate\\Database\\Query\\Builder::get():3370}()
#18 /home/runner/work/blanka/blanka/vendor/laravel/framework/src/Illuminate/Database/Query/Builder.php(3370): Illuminate\\Database\\Query\\Builder->onceWithColumns()
#19 /home/runner/work/blanka/blanka/vendor/laravel/framework/src/Illuminate/Database/Eloquent/Builder.php(902): Illuminate\\Database\\Query\\Builder->get()
#20 /home/runner/work/blanka/blanka/vendor/laravel/framework/src/Illuminate/Database/Eloquent/Builder.php(884): Illuminate\\Database\\Eloquent\\Builder->getModels()
#21 /home/runner/work/blanka/blanka/vendor/laravel/framework/src/Illuminate/Database/Concerns/BuildsQueries.php(366): Illuminate\\Database\\Eloquent\\Builder->get()
#22 /home/runner/work/blanka/blanka/app/helpers/Helper.php(1102): Illuminate\\Database\\Eloquent\\Builder->first()
#23 /home/runner/work/blanka/blanka/app/helpers/Helper.php(1120): {closure:getAppStorageValueByKey():1100}()
#24 /home/runner/work/blanka/blanka/app/Logging/AxiomBatchHandler.php(30): getAppStorageValueByKey()
#25 /home/runner/work/blanka/blanka/vendor/laravel/framework/src/Illuminate/Container/Container.php(1172): App\\Logging\\AxiomBatchHandler->__construct()
#26 /home/runner/work/blanka/blanka/vendor/laravel/framework/src/Illuminate/Container/Container.php(933): Illuminate\\Container\\Container->build()
#27 /home/runner/work/blanka/blanka/vendor/laravel/framework/src/Illuminate/Foundation/Application.php(1078): Illuminate\\Container\\Container->resolve()
#28 /home/runner/work/blanka/blanka/vendor/laravel/framework/src/Illuminate/Container/Container.php(864): Illuminate\\Foundation\\Application->resolve()
#29 /home/runner/work/blanka/blanka/vendor/laravel/framework/src/Illuminate/Foundation/Application.php(1058): Illuminate\\Container\\Container->make()
#30 /home/runner/work/blanka/blanka/vendor/laravel/framework/src/Illuminate/Log/LogManager.php(420): Illuminate\\Foundation\\Application->make()
#31 /home/runner/work/blanka/blanka/vendor/laravel/framework/src/Illuminate/Log/LogManager.php(232): Illuminate\\Log\\LogManager->createMonologDriver()
#32 /home/runner/work/blanka/blanka/vendor/laravel/framework/src/Illuminate/Log/LogManager.php(138): Illuminate\\Log\\LogManager->resolve()
#33 /home/runner/work/blanka/blanka/vendor/laravel/framework/src/Illuminate/Log/LogManager.php(125): Illuminate\\Log\\LogManager->get()
#34 /home/runner/work/blanka/blanka/vendor/laravel/framework/src/Illuminate/Log/LogManager.php(114): Illuminate\\Log\\LogManager->driver()
#35 /home/runner/work/blanka/blanka/vendor/laravel/framework/src/Illuminate/Log/LogManager.php(286): Illuminate\\Log\\LogManager->channel()
#36 [internal function]: Illuminate\\Log\\LogManager->{closure:Illuminate\\Log\\LogManager::createStackDriver():283}()
#37 /home/runner/work/blanka/blanka/vendor/laravel/framework/src/Illuminate/Collections/Arr.php(820): array_map()
#38 /home/runner/work/blanka/blanka/vendor/laravel/framework/src/Illuminate/Collections/Collection.php(846): Illuminate\\Support\\Arr::map()
#39 /home/runner/work/blanka/blanka/vendor/laravel/framework/src/Illuminate/Collections/Traits/EnumeratesValues.php(441): Illuminate\\Support\\Collection->map()
#40 /home/runner/work/blanka/blanka/vendor/laravel/framework/src/Illuminate/Log/LogManager.php(283): Illuminate\\Support\\Collection->flatMap()
#41 /home/runner/work/blanka/blanka/vendor/laravel/framework/src/Illuminate/Log/LogManager.php(232): Illuminate\\Log\\LogManager->createStackDriver()
#42 /home/runner/work/blanka/blanka/vendor/laravel/framework/src/Illuminate/Log/LogManager.php(138): Illuminate\\Log\\LogManager->resolve()
#43 /home/runner/work/blanka/blanka/vendor/laravel/framework/src/Illuminate/Log/LogManager.php(125): Illuminate\\Log\\LogManager->get()
#44 /home/runner/work/blanka/blanka/vendor/laravel/framework/src/Illuminate/Log/LogManager.php(794): Illuminate\\Log\\LogManager->driver()
#45 /home/runner/work/blanka/blanka/vendor/laravel/framework/src/Illuminate/Support/Facades/Facade.php(363): Illuminate\\Log\\LogManager->__call()
#46 /home/runner/work/blanka/blanka/app/Providers/AppServiceProvider.php(111): Illuminate\\Support\\Facades\\Facade::__callStatic()
#47 /home/runner/work/blanka/blanka/vendor/laravel/framework/src/Illuminate/Container/BoundMethod.php(36): App\\Providers\\AppServiceProvider->boot()
#48 /home/runner/work/blanka/blanka/vendor/laravel/framework/src/Illuminate/Container/Util.php(43): Illuminate\\Container\\BoundMethod::{closure:Illuminate\\Container\\BoundMethod::call():35}()
#49 /home/runner/work/blanka/blanka/vendor/laravel/framework/src/Illuminate/Container/BoundMethod.php(96): Illuminate\\Container\\Util::unwrapIfClosure()
#50 /home/runner/work/blanka/blanka/vendor/laravel/framework/src/Illuminate/Container/BoundMethod.php(35): Illuminate\\Container\\BoundMethod::callBoundMethod()
#51 /home/runner/work/blanka/blanka/vendor/laravel/framework/src/Illuminate/Container/Container.php(799): Illuminate\\Container\\BoundMethod::call()
#52 /home/runner/work/blanka/blanka/vendor/laravel/framework/src/Illuminate/Foundation/Application.php(1151): Illuminate\\Container\\Container->call()
#53 /home/runner/work/blanka/blanka/vendor/laravel/framework/src/Illuminate/Foundation/Application.php(1132): Illuminate\\Foundation\\Application->bootProvider()
#54 [internal function]: Illuminate\\Foundation\\Application->{closure:Illuminate\\Foundation\\Application::boot():1131}()
#55 /home/runner/work/blanka/blanka/vendor/laravel/framework/src/Illuminate/Foundation/Application.php(1131): array_walk()
#56 /home/runner/work/blanka/blanka/vendor/laravel/framework/src/Illuminate/Foundation/Bootstrap/BootProviders.php(17): Illuminate\\Foundation\\Application->boot()
#57 /home/runner/work/blanka/blanka/vendor/laravel/framework/src/Illuminate/Foundation/Application.php(342): Illuminate\\Foundation\\Bootstrap\\BootProviders->bootstrap()
#58 /home/runner/work/blanka/blanka/vendor/laravel/framework/src/Illuminate/Foundation/Console/Kernel.php(494): Illuminate\\Foundation\\Application->bootstrapWith()
#59 /home/runner/work/blanka/blanka/vendor/laravel/framework/src/Illuminate/Foundation/Console/Kernel.php(196): Illuminate\\Foundation\\Console\\Kernel->bootstrap()
#60 /home/runner/work/blanka/blanka/artisan(35): Illuminate\\Foundation\\Console\\Kernel->handle()
#61 {main}

[previous exception] [object] (PDOException(code: 0): PDO::connect(): php_network_getaddresses: getaddrinfo for mysql failed: Temporary failure in name resolution at /home/runner/work/blanka/blanka/vendor/laravel/framework/src/Illuminate/Database/Connectors/Connector.php:67)
[stacktrace]
#0 /home/runner/work/blanka/blanka/vendor/laravel/framework/src/Illuminate/Database/Connectors/Connector.php(67): PDO::connect()
#1 /home/runner/work/blanka/blanka/vendor/laravel/framework/src/Illuminate/Database/Connectors/Connector.php(85): Illuminate\\Database\\Connectors\\Connector->createPdoConnection()
#2 /home/runner/work/blanka/blanka/vendor/laravel/framework/src/Illuminate/Database/Connectors/Connector.php(48): Illuminate\\Database\\Connectors\\Connector->tryAgainIfCausedByLostConnection()
#3 /home/runner/work/blanka/blanka/vendor/laravel/framework/src/Illuminate/Database/Connectors/MySqlConnector.php(24): Illuminate\\Database\\Connectors\\Connector->createConnection()
#4 /home/runner/work/blanka/blanka/vendor/laravel/framework/src/Illuminate/Database/Connectors/ConnectionFactory.php(186): Illuminate\\Database\\Connectors\\MySqlConnector->connect()
#5 [internal function]: Illuminate\\Database\\Connectors\\ConnectionFactory->{closure:Illuminate\\Database\\Connectors\\ConnectionFactory::createPdoResolverWithHosts():181}()
#6 /home/runner/work/blanka/blanka/vendor/laravel/framework/src/Illuminate/Database/Connection.php(1257): call_user_func()
#7 /home/runner/work/blanka/blanka/vendor/laravel/framework/src/Illuminate/Database/Connection.php(1295): Illuminate\\Database\\Connection->getPdo()
#8 /home/runner/work/blanka/blanka/vendor/laravel/framework/src/Illuminate/Database/Connection.php(525): Illuminate\\Database\\Connection->getReadPdo()
#9 /home/runner/work/blanka/blanka/vendor/laravel/framework/src/Illuminate/Database/Connection.php(420): Illuminate\\Database\\Connection->getPdoForSelect()
#10 /home/runner/work/blanka/blanka/vendor/laravel/framework/src/Illuminate/Database/Connection.php(827): Illuminate\\Database\\Connection->{closure:Illuminate\\Database\\Connection::select():411}()
#11 /home/runner/work/blanka/blanka/vendor/laravel/framework/src/Illuminate/Database/Connection.php(999): Illuminate\\Database\\Connection->runQueryCallback()
#12 /home/runner/work/blanka/blanka/vendor/laravel/framework/src/Illuminate/Database/Connection.php(978): Illuminate\\Database\\Connection->tryAgainIfCausedByLostConnection()
#13 /home/runner/work/blanka/blanka/vendor/laravel/framework/src/Illuminate/Database/Connection.php(796): Illuminate\\Database\\Connection->handleQueryException()
#14 /home/runner/work/blanka/blanka/vendor/laravel/framework/src/Illuminate/Database/Connection.php(411): Illuminate\\Database\\Connection->run()
#15 /home/runner/work/blanka/blanka/vendor/laravel/framework/src/Illuminate/Database/Query/Builder.php(3386): Illuminate\\Database\\Connection->select()
#16 /home/runner/work/blanka/blanka/vendor/laravel/framework/src/Illuminate/Database/Query/Builder.php(3371): Illuminate\\Database\\Query\\Builder->runSelect()
#17 /home/runner/work/blanka/blanka/vendor/laravel/framework/src/Illuminate/Database/Query/Builder.php(3961): Illuminate\\Database\\Query\\Builder->{closure:Illuminate\\Database\\Query\\Builder::get():3370}()
#18 /home/runner/work/blanka/blanka/vendor/laravel/framework/src/Illuminate/Database/Query/Builder.php(3370): Illuminate\\Database\\Query\\Builder->onceWithColumns()
#19 /home/runner/work/blanka/blanka/vendor/laravel/framework/src/Illuminate/Database/Eloquent/Builder.php(902): Illuminate\\Database\\Query\\Builder->get()
#20 /home/runner/work/blanka/blanka/vendor/laravel/framework/src/Illuminate/Database/Eloquent/Builder.php(884): Illuminate\\Database\\Eloquent\\Builder->getModels()
#21 /home/runner/work/blanka/blanka/vendor/laravel/framework/src/Illuminate/Database/Concerns/BuildsQueries.php(366): Illuminate\\Database\\Eloquent\\Builder->get()
#22 /home/runner/work/blanka/blanka/app/helpers/Helper.php(1102): Illuminate\\Database\\Eloquent\\Builder->first()
#23 /home/runner/work/blanka/blanka/app/helpers/Helper.php(1120): {closure:getAppStorageValueByKey():1100}()
#24 /home/runner/work/blanka/blanka/app/Logging/AxiomBatchHandler.php(30): getAppStorageValueByKey()
#25 /home/runner/work/blanka/blanka/vendor/laravel/framework/src/Illuminate/Container/Container.php(1172): App\\Logging\\AxiomBatchHandler->__construct()
#26 /home/runner/work/blanka/blanka/vendor/laravel/framework/src/Illuminate/Container/Container.php(933): Illuminate\\Container\\Container->build()
#27 /home/runner/work/blanka/blanka/vendor/laravel/framework/src/Illuminate/Foundation/Application.php(1078): Illuminate\\Container\\Container->resolve()
#28 /home/runner/work/blanka/blanka/vendor/laravel/framework/src/Illuminate/Container/Container.php(864): Illuminate\\Foundation\\Application->resolve()
#29 /home/runner/work/blanka/blanka/vendor/laravel/framework/src/Illuminate/Foundation/Application.php(1058): Illuminate\\Container\\Container->make()
#30 /home/runner/work/blanka/blanka/vendor/laravel/framework/src/Illuminate/Log/LogManager.php(420): Illuminate\\Foundation\\Application->make()
#31 /home/runner/work/blanka/blanka/vendor/laravel/framework/src/Illuminate/Log/LogManager.php(232): Illuminate\\Log\\LogManager->createMonologDriver()
#32 /home/runner/work/blanka/blanka/vendor/laravel/framework/src/Illuminate/Log/LogManager.php(138): Illuminate\\Log\\LogManager->resolve()
#33 /home/runner/work/blanka/blanka/vendor/laravel/framework/src/Illuminate/Log/LogManager.php(125): Illuminate\\Log\\LogManager->get()
#34 /home/runner/work/blanka/blanka/vendor/laravel/framework/src/Illuminate/Log/LogManager.php(114): Illuminate\\Log\\LogManager->driver()
#35 /home/runner/work/blanka/blanka/vendor/laravel/framework/src/Illuminate/Log/LogManager.php(286): Illuminate\\Log\\LogManager->channel()
#36 [internal function]: Illuminate\\Log\\LogManager->{closure:Illuminate\\Log\\LogManager::createStackDriver():283}()
#37 /home/runner/work/blanka/blanka/vendor/laravel/framework/src/Illuminate/Collections/Arr.php(820): array_map()
#38 /home/runner/work/blanka/blanka/vendor/laravel/framework/src/Illuminate/Collections/Collection.php(846): Illuminate\\Support\\Arr::map()
#39 /home/runner/work/blanka/blanka/vendor/laravel/framework/src/Illuminate/Collections/Traits/EnumeratesValues.php(441): Illuminate\\Support\\Collection->map()
#40 /home/runner/work/blanka/blanka/vendor/laravel/framework/src/Illuminate/Log/LogManager.php(283): Illuminate\\Support\\Collection->flatMap()
#41 /home/runner/work/blanka/blanka/vendor/laravel/framework/src/Illuminate/Log/LogManager.php(232): Illuminate\\Log\\LogManager->createStackDriver()
#42 /home/runner/work/blanka/blanka/vendor/laravel/framework/src/Illuminate/Log/LogManager.php(138): Illuminate\\Log\\LogManager->resolve()
#43 /home/runner/work/blanka/blanka/vendor/laravel/framework/src/Illuminate/Log/LogManager.php(125): Illuminate\\Log\\LogManager->get()
#44 /home/runner/work/blanka/blanka/vendor/laravel/framework/src/Illuminate/Log/LogManager.php(794): Illuminate\\Log\\LogManager->driver()
#45 /home/runner/work/blanka/blanka/vendor/laravel/framework/src/Illuminate/Support/Facades/Facade.php(363): Illuminate\\Log\\LogManager->__call()
#46 /home/runner/work/blanka/blanka/app/Providers/AppServiceProvider.php(111): Illuminate\\Support\\Facades\\Facade::__callStatic()
#47 /home/runner/work/blanka/blanka/vendor/laravel/framework/src/Illuminate/Container/BoundMethod.php(36): App\\Providers\\AppServiceProvider->boot()
#48 /home/runner/work/blanka/blanka/vendor/laravel/framework/src/Illuminate/Container/Util.php(43): Illuminate\\Container\\BoundMethod::{closure:Illuminate\\Container\\BoundMethod::call():35}()
#49 /home/runner/work/blanka/blanka/vendor/laravel/framework/src/Illuminate/Container/BoundMethod.php(96): Illuminate\\Container\\Util::unwrapIfClosure()
#50 /home/runner/work/blanka/blanka/vendor/laravel/framework/src/Illuminate/Container/BoundMethod.php(35): Illuminate\\Container\\BoundMethod::callBoundMethod()
#51 /home/runner/work/blanka/blanka/vendor/laravel/framework/src/Illuminate/Container/Container.php(799): Illuminate\\Container\\BoundMethod::call()
#52 /home/runner/work/blanka/blanka/vendor/laravel/framework/src/Illuminate/Foundation/Application.php(1151): Illuminate\\Container\\Container->call()
#53 /home/runner/work/blanka/blanka/vendor/laravel/framework/src/Illuminate/Foundation/Application.php(1132): Illuminate\\Foundation\\Application->bootProvider()
#54 [internal function]: Illuminate\\Foundation\\Application->{closure:Illuminate\\Foundation\\Application::boot():1131}()
#55 /home/runner/work/blanka/blanka/vendor/laravel/framework/src/Illuminate/Foundation/Application.php(1131): array_walk()
#56 /home/runner/work/blanka/blanka/vendor/laravel/framework/src/Illuminate/Foundation/Bootstrap/BootProviders.php(17): Illuminate\\Foundation\\Application->boot()
#57 /home/runner/work/blanka/blanka/vendor/laravel/framework/src/Illuminate/Foundation/Application.php(342): Illuminate\\Foundation\\Bootstrap\\BootProviders->bootstrap()
#58 /home/runner/work/blanka/blanka/vendor/laravel/framework/src/Illuminate/Foundation/Console/Kernel.php(494): Illuminate\\Foundation\\Application->bootstrapWith()
#59 /home/runner/work/blanka/blanka/vendor/laravel/framework/src/Illuminate/Foundation/Console/Kernel.php(196): Illuminate\\Foundation\\Console\\Kernel->bootstrap()
#60 /home/runner/work/blanka/blanka/artisan(35): Illuminate\\Foundation\\Console\\Kernel->handle()
#61 {main}
"} 
[2026-02-09 10:43:07] testing.INFO: Processing Health Questionnaire sync job. {"ref_id":"LIF-test-quote-uuid-123"} 
[2026-02-09 10:43:07] testing.INFO: Processing Health Questionnaire sync job. {"ref_id":"LIF-test-quote-uuid-123"} 
[2026-02-09 10:43:07] testing.INFO: Health Questionnaire sync completed successfully. {"ref_id":"LIF-test-quote-uuid-123"} 
[2026-02-09 10:43:07] testing.INFO: Health Questionnaire sync completed successfully. {"ref_id":"LIF-test-quote-uuid-123","extra":"{\"quote_uuid\":\"test-quote-uuid-123\"}"} 
[2026-02-09 10:43:07] testing.INFO: Processing Health Questionnaire sync job. {"ref_id":"LIF-test-quote-uuid-123"} 
[2026-02-09 10:43:07] testing.INFO: Processing Health Questionnaire sync job. {"ref_id":"LIF-test-quote-uuid-123"} 
[2026-02-09 10:43:07] testing.WARNING: Health Questionnaire sync job failed. {"ref_id":"LIF-test-quote-uuid-123"} 
[2026-02-09 10:43:07] testing.WARNING: Health Questionnaire sync job failed. {"ref_id":"LIF-test-quote-uuid-123","extra":"{\"error\":\"Health questionnaire sync failed: Sync failed\",\"error_type\":\"sync_failed\",\"trace\":\"#0 \\/home\\/runner\\/work\\/blanka\\/blanka\\/tests\\/Unit\\/Jobs\\/LifeSyncHealthQuestionnaireJobTest.php(104): App\\\\Jobs\\\\LifeSyncHealthQuestionnaireJob->handle()\\n#1 \\/home\\/runner\\/work\\/blanka\\/blanka\\/vendor\\/phpunit\\/phpunit\\/src\\/Framework\\/TestCase.php(1656): Tests\\\\Unit\\\\Jobs\\\\LifeSyncHealthQuestionnaireJobTest->test_handle_with_error_response()\\n#2 \\/home\\/runner\\/work\\/blanka\\/blanka\\/vendor\\/phpunit\\/phpunit\\/src\\/Framework\\/TestCase.php(514): PHPUnit\\\\Framework\\\\TestCase->runTest()\\n#3 \\/home\\/runner\\/work\\/blanka\\/blanka\\/vendor\\/phpunit\\/phpunit\\/src\\/Framework\\/TestRunner\\/TestRunner.php(87): PHPUnit\\\\Framework\\\\TestCase->runBare()\\n#4 \\/home\\/runner\\/work\\/blanka\\/blanka\\/vendor\\/phpunit\\/phpunit\\/src\\/Framework\\/TestCase.php(361): PHPUnit\\\\Framework\\\\TestRunner->run()\\n#5 \\/home\\/runner\\/work\\/blanka\\/blanka\\/vendor\\/phpunit\\/phpunit\\/src\\/Framework\\/TestSuite.php(369): PHPUnit\\\\Framework\\\\TestCase->run()\\n#6 \\/home\\/runner\\/work\\/blanka\\/blanka\\/vendor\\/phpunit\\/phpunit\\/src\\/Framework\\/TestSuite.php(369): PHPUnit\\\\Framework\\\\TestSuite->run()\\n#7 \\/home\\/runner\\/work\\/blanka\\/blanka\\/vendor\\/phpunit\\/phpunit\\/src\\/Framework\\/TestSuite.php(369): PHPUnit\\\\Framework\\\\TestSuite->run()\\n#8 \\/home\\/runner\\/work\\/blanka\\/blanka\\/vendor\\/phpunit\\/phpunit\\/src\\/TextUI\\/TestRunner.php(64): PHPUnit\\\\Framework\\\\TestSuite->run()\\n#9 \\/home\\/runner\\/work\\/blanka\\/blanka\\/vendor\\/phpunit\\/phpunit\\/src\\/TextUI\\/Application.php(211): PHPUnit\\\\TextUI\\\\TestRunner->run()\\n#10 \\/home\\/runner\\/work\\/blanka\\/blanka\\/vendor\\/pestphp\\/pest\\/src\\/Kernel.php(103): PHPUnit\\\\TextUI\\\\Application->run()\\n#11 \\/home\\/runner\\/work\\/blanka\\/blanka\\/vendor\\/pestphp\\/pest\\/bin\\/pest(184): Pest\\\\Kernel->handle()\\n#12 \\/home\\/runner\\/work\\/blanka\\/blanka\\/vendor\\/pestphp\\/pest\\/bin\\/pest(192): {closure:\\/home\\/runner\\/work\\/blanka\\/blanka\\/vendor\\/pestphp\\/pest\\/bin\\/pest:18}()\\n#13 \\/home\\/runner\\/work\\/blanka\\/blanka\\/vendor\\/bin\\/pest(119): include('...')\\n#14 {main}\",\"context\":{\"quote_uuid\":\"test-quote-uuid-123\",\"api_response\":{\"success\":false,\"message\":\"Sync failed\",\"data\":[]}}}"} 
[2026-02-09 10:43:07] testing.INFO: Processing Health Questionnaire sync job. {"ref_id":"LIF-test-quote-uuid-123"} 
[2026-02-09 10:43:07] testing.INFO: Processing Health Questionnaire sync job. {"ref_id":"LIF-test-quote-uuid-123"} 
[2026-02-09 10:43:07] testing.WARNING: Health Questionnaire sync job failed. {"ref_id":"LIF-test-quote-uuid-123"} 
[2026-02-09 10:43:07] testing.WARNING: Health Questionnaire sync job failed. {"ref_id":"LIF-test-quote-uuid-123","extra":"{\"error\":\"API Error\",\"trace\":\"#0 \\/home\\/runner\\/work\\/blanka\\/blanka\\/vendor\\/phpunit\\/phpunit\\/src\\/Framework\\/TestCase.php(1656): Tests\\\\Unit\\\\Jobs\\\\LifeSyncHealthQuestionnaireJobTest->test_handle_with_exception()\\n#1 \\/home\\/runner\\/work\\/blanka\\/blanka\\/vendor\\/phpunit\\/phpunit\\/src\\/Framework\\/TestCase.php(514): PHPUnit\\\\Framework\\\\TestCase->runTest()\\n#2 \\/home\\/runner\\/work\\/blanka\\/blanka\\/vendor\\/phpunit\\/phpunit\\/src\\/Framework\\/TestRunner\\/TestRunner.php(87): PHPUnit\\\\Framework\\\\TestCase->runBare()\\n#3 \\/home\\/runner\\/work\\/blanka\\/blanka\\/vendor\\/phpunit\\/phpunit\\/src\\/Framework\\/TestCase.php(361): PHPUnit\\\\Framework\\\\TestRunner->run()\\n#4 \\/home\\/runner\\/work\\/blanka\\/blanka\\/vendor\\/phpunit\\/phpunit\\/src\\/Framework\\/TestSuite.php(369): PHPUnit\\\\Framework\\\\TestCase->run()\\n#5 \\/home\\/runner\\/work\\/blanka\\/blanka\\/vendor\\/phpunit\\/phpunit\\/src\\/Framework\\/TestSuite.php(369): PHPUnit\\\\Framework\\\\TestSuite->run()\\n#6 \\/home\\/runner\\/work\\/blanka\\/blanka\\/vendor\\/phpunit\\/phpunit\\/src\\/Framework\\/TestSuite.php(369): PHPUnit\\\\Framework\\\\TestSuite->run()\\n#7 \\/home\\/runner\\/work\\/blanka\\/blanka\\/vendor\\/phpunit\\/phpunit\\/src\\/TextUI\\/TestRunner.php(64): PHPUnit\\\\Framework\\\\TestSuite->run()\\n#8 \\/home\\/runner\\/work\\/blanka\\/blanka\\/vendor\\/phpunit\\/phpunit\\/src\\/TextUI\\/Application.php(211): PHPUnit\\\\TextUI\\\\TestRunner->run()\\n#9 \\/home\\/runner\\/work\\/blanka\\/blanka\\/vendor\\/pestphp\\/pest\\/src\\/Kernel.php(103): PHPUnit\\\\TextUI\\\\Application->run()\\n#10 \\/home\\/runner\\/work\\/blanka\\/blanka\\/vendor\\/pestphp\\/pest\\/bin\\/pest(184): Pest\\\\Kernel->handle()\\n#11 \\/home\\/runner\\/work\\/blanka\\/blanka\\/vendor\\/pestphp\\/pest\\/bin\\/pest(192): {closure:\\/home\\/runner\\/work\\/blanka\\/blanka\\/vendor\\/pestphp\\/pest\\/bin\\/pest:18}()\\n#12 \\/home\\/runner\\/work\\/blanka\\/blanka\\/vendor\\/bin\\/pest(119): include('...')\\n#13 {main}\",\"quote_uuid\":\"test-quote-uuid-123\"}"} 
[2026-02-09 10:43:07] testing.INFO: Processing Health Questionnaire sync job. {"ref_id":"LIF-test-quote-uuid-123"} 
[2026-02-09 10:43:07] testing.INFO: Processing Health Questionnaire sync job. {"ref_id":"LIF-test-quote-uuid-123"} 
[2026-02-09 10:43:07] testing.INFO: Health Questionnaire sync completed successfully. {"ref_id":"LIF-test-quote-uuid-123"} 
[2026-02-09 10:43:07] testing.INFO: Health Questionnaire sync completed successfully. {"ref_id":"LIF-test-quote-uuid-123","extra":"{\"quote_uuid\":\"test-quote-uuid-123\"}"} 
[2026-02-09 10:43:07] testing.WARNING: LifeSyncHealthQuestionnaireJob skipped - MetLife integration is disabled {"trace_id":"28af55ef-90aa-47ae-bbb7-394aa91b965b","is_console_command":true} 
[2026-02-09 10:43:07] testing.WARNING: LifeSyncHealthQuestionnaireJob skipped - MetLife integration is disabled {"trace_id":"28af55ef-90aa-47ae-bbb7-394aa91b965b","is_console_command":true} 
[2026-02-09 10:43:07] testing.INFO: TriggerConversionApis - Processing conversion APIs for PolicyBooked quote {"ref_id":"test-quote-uuid-123","feature":"conversion-api","quoteTypeId":1,"eventType":"Purchase"} {"feature":"conversion-api"}
[2026-02-09 10:43:07] testing.INFO: TriggerConversionApis - Processing conversion APIs for PolicyBooked quote {"ref_id":"test-quote-uuid-123","feature":"conversion-api","quoteTypeId":1,"eventType":"Purchase"} {"feature":"conversion-api"}
[2026-02-09 10:43:07] testing.INFO: TriggerConversionApis - Conversion APIs processing completed {"ref_id":"test-quote-uuid-123","feature":"conversion-api","quoteTypeId":1,"eventType":"Purchase","facebookSuccess":true,"googleSuccess":true} {"feature":"conversion-api"}
[2026-02-09 10:43:07] testing.INFO: TriggerConversionApis - Conversion APIs processing completed {"ref_id":"test-quote-uuid-123","feature":"conversion-api","quoteTypeId":1,"eventType":"Purchase","facebookSuccess":true,"googleSuccess":true} {"feature":"conversion-api"}
[2026-02-09 10:43:07] testing.INFO: TriggerConversionApis - Processing conversion APIs for PolicyBooked quote {"ref_id":"test-quote-uuid-custom","feature":"conversion-api","quoteTypeId":5,"eventType":"CustomEvent"} {"feature":"conversion-api"}
[2026-02-09 10:43:07] testing.INFO: TriggerConversionApis - Processing conversion APIs for PolicyBooked quote {"ref_id":"test-quote-uuid-custom","feature":"conversion-api","quoteTypeId":5,"eventType":"CustomEvent"} {"feature":"conversion-api"}
[2026-02-09 10:43:07] testing.INFO: TriggerConversionApis - Conversion APIs processing completed {"ref_id":"test-quote-uuid-custom","feature":"conversion-api","quoteTypeId":5,"eventType":"CustomEvent","facebookSuccess":true,"googleSuccess":true} {"feature":"conversion-api"}
[2026-02-09 10:43:07] testing.INFO: TriggerConversionApis - Conversion APIs processing completed {"ref_id":"test-quote-uuid-custom","feature":"conversion-api","quoteTypeId":5,"eventType":"CustomEvent","facebookSuccess":true,"googleSuccess":true} {"feature":"conversion-api"}
[2026-02-09 10:43:08] testing.INFO: TriggerConversionApis - Processing conversion APIs for PolicyBooked quote {"ref_id":"test-quote-uuid-partial","feature":"conversion-api","quoteTypeId":1,"eventType":"Purchase"} {"feature":"conversion-api"}
[2026-02-09 10:43:08] testing.INFO: TriggerConversionApis - Processing conversion APIs for PolicyBooked quote {"ref_id":"test-quote-uuid-partial","feature":"conversion-api","quoteTypeId":1,"eventType":"Purchase"} {"feature":"conversion-api"}
[2026-02-09 10:43:08] testing.INFO: TriggerConversionApis - Conversion APIs processing completed {"ref_id":"test-quote-uuid-partial","feature":"conversion-api","quoteTypeId":1,"eventType":"Purchase","facebookSuccess":false,"googleSuccess":true} {"feature":"conversion-api"}
[2026-02-09 10:43:08] testing.INFO: TriggerConversionApis - Conversion APIs processing completed {"ref_id":"test-quote-uuid-partial","feature":"conversion-api","quoteTypeId":1,"eventType":"Purchase","facebookSuccess":false,"googleSuccess":true} {"feature":"conversion-api"}
[2026-02-09 10:43:08] testing.INFO: TriggerConversionApis - Processing conversion APIs for PolicyBooked quote {"ref_id":"NREFC7RS","feature":"conversion-api","quoteTypeId":19,"eventType":"Purchase"} {"feature":"conversion-api"}
[2026-02-09 10:43:08] testing.INFO: TriggerConversionApis - Processing conversion APIs for PolicyBooked quote {"ref_id":"NREFC7RS","feature":"conversion-api","quoteTypeId":19,"eventType":"Purchase"} {"feature":"conversion-api"}
[2026-02-09 10:43:08] testing.INFO: TriggerConversionApis - Conversion APIs processing completed {"ref_id":"NREFC7RS","feature":"conversion-api","quoteTypeId":19,"eventType":"Purchase","facebookSuccess":true,"googleSuccess":true} {"feature":"conversion-api"}
[2026-02-09 10:43:08] testing.INFO: TriggerConversionApis - Conversion APIs processing completed {"ref_id":"NREFC7RS","feature":"conversion-api","quoteTypeId":19,"eventType":"Purchase","facebookSuccess":true,"googleSuccess":true} {"feature":"conversion-api"}
[2026-02-09 10:43:08] testing.INFO: TriggerConversionApis - Processing conversion APIs for PolicyBooked quote {"ref_id":"6UTE2JXU","feature":"conversion-api","quoteTypeId":1,"eventType":"Purchase"} {"feature":"conversion-api"}
[2026-02-09 10:43:08] testing.INFO: TriggerConversionApis - Processing conversion APIs for PolicyBooked quote {"ref_id":"6UTE2JXU","feature":"conversion-api","quoteTypeId":1,"eventType":"Purchase"} {"feature":"conversion-api"}
[2026-02-09 10:43:08] testing.INFO: TriggerConversionApis - Conversion APIs processing completed {"ref_id":"6UTE2JXU","feature":"conversion-api","quoteTypeId":1,"eventType":"Purchase","facebookSuccess":true,"googleSuccess":true} {"feature":"conversion-api"}
[2026-02-09 10:43:08] testing.INFO: TriggerConversionApis - Conversion APIs processing completed {"ref_id":"6UTE2JXU","feature":"conversion-api","quoteTypeId":1,"eventType":"Purchase","facebookSuccess":true,"googleSuccess":true} {"feature":"conversion-api"}
[2026-02-09 10:43:08] testing.INFO: TriggerConversionApis - Processing conversion APIs for PolicyBooked quote {"ref_id":"TEST123","feature":"conversion-api","quoteTypeId":5,"eventType":"Purchase"} {"feature":"conversion-api"}
[2026-02-09 10:43:08] testing.INFO: TriggerConversionApis - Processing conversion APIs for PolicyBooked quote {"ref_id":"TEST123","feature":"conversion-api","quoteTypeId":5,"eventType":"Purchase"} {"feature":"conversion-api"}
[2026-02-09 10:43:08] testing.INFO: TriggerConversionApis - Conversion APIs processing completed {"ref_id":"TEST123","feature":"conversion-api","quoteTypeId":5,"eventType":"Purchase","facebookSuccess":true,"googleSuccess":true} {"feature":"conversion-api"}
[2026-02-09 10:43:08] testing.INFO: TriggerConversionApis - Conversion APIs processing completed {"ref_id":"TEST123","feature":"conversion-api","quoteTypeId":5,"eventType":"Purchase","facebookSuccess":true,"googleSuccess":true} {"feature":"conversion-api"}
[2026-02-09 10:43:08] testing.INFO: TriggerConversionApis - Processing conversion APIs for PolicyBooked quote {"ref_id":"XYZ789","feature":"conversion-api","quoteTypeId":25,"eventType":"Purchase"} {"feature":"conversion-api"}
[2026-02-09 10:43:08] testing.INFO: TriggerConversionApis - Processing conversion APIs for PolicyBooked quote {"ref_id":"XYZ789","feature":"conversion-api","quoteTypeId":25,"eventType":"Purchase"} {"feature":"conversion-api"}
[2026-02-09 10:43:08] testing.INFO: TriggerConversionApis - Conversion APIs processing completed {"ref_id":"XYZ789","feature":"conversion-api","quoteTypeId":25,"eventType":"Purchase","facebookSuccess":true,"googleSuccess":true} {"feature":"conversion-api"}
[2026-02-09 10:43:08] testing.INFO: TriggerConversionApis - Conversion APIs processing completed {"ref_id":"XYZ789","feature":"conversion-api","quoteTypeId":25,"eventType":"Purchase","facebookSuccess":true,"googleSuccess":true} {"feature":"conversion-api"}
[2026-02-09 10:43:08] testing.INFO: TriggerConversionApis - Processing conversion APIs for PolicyBooked quote {"ref_id":"NREFC7RS","feature":"conversion-api","quoteTypeId":19,"eventType":"Purchase"} {"feature":"conversion-api"}
[2026-02-09 10:43:08] testing.INFO: TriggerConversionApis - Processing conversion APIs for PolicyBooked quote {"ref_id":"NREFC7RS","feature":"conversion-api","quoteTypeId":19,"eventType":"Purchase"} {"feature":"conversion-api"}
[2026-02-09 10:43:08] testing.INFO: TriggerConversionApis - Conversion APIs processing completed {"ref_id":"NREFC7RS","feature":"conversion-api","quoteTypeId":19,"eventType":"Purchase","facebookSuccess":true,"googleSuccess":true} {"feature":"conversion-api"}
[2026-02-09 10:43:08] testing.INFO: TriggerConversionApis - Conversion APIs processing completed {"ref_id":"NREFC7RS","feature":"conversion-api","quoteTypeId":19,"eventType":"Purchase","facebookSuccess":true,"googleSuccess":true} {"feature":"conversion-api"}
[2026-02-09 10:43:10] testing.INFO: ConversionApiService - Calling facebook conversion API {"trace_id":"3a85f5b2-5076-4cc6-8f66-13a780813e16","is_console_command":true,"eventType":"Purchase","platform":"facebook","quoteTypeId":1,"endpoint":"/api/v1-trigger-facebook-event-conversion","payload":{"quoteUID":"test-uuid-123","quoteTypeId":1,"eventType":"Purchase"}} 
[2026-02-09 10:43:10] testing.INFO: ConversionApiService - Calling facebook conversion API {"trace_id":"3a85f5b2-5076-4cc6-8f66-13a780813e16","is_console_command":true,"eventType":"Purchase","platform":"facebook","quoteTypeId":1,"endpoint":"/api/v1-trigger-facebook-event-conversion","payload":{"quoteUID":"test-uuid-123","quoteTypeId":1,"eventType":"Purchase"}} 
[2026-02-09 10:43:10] testing.INFO: ConversionApiService - facebook conversion API call successful {"trace_id":"3a85f5b2-5076-4cc6-8f66-13a780813e16","is_console_command":true,"eventType":"Purchase","platform":"facebook","quoteTypeId":1,"endpoint":"/api/v1-trigger-facebook-event-conversion","response":{"stdClass":{"success":true}}} 
[2026-02-09 10:43:10] testing.INFO: ConversionApiService - facebook conversion API call successful {"trace_id":"3a85f5b2-5076-4cc6-8f66-13a780813e16","is_console_command":true,"eventType":"Purchase","platform":"facebook","quoteTypeId":1,"endpoint":"/api/v1-trigger-facebook-event-conversion","response":{"stdClass":{"success":true}}} 
[2026-02-09 10:43:10] testing.INFO: ConversionApiService - Calling google conversion API {"trace_id":"84909ec6-f8e1-48eb-aa4d-5c7bf527517a","is_console_command":true,"eventType":"Purchase","platform":"google","quoteTypeId":8,"endpoint":"/api/v1-trigger-google-event-conversion","payload":{"quoteUID":"test-uuid-456","quoteTypeId":8,"eventType":"Purchase"}} 
[2026-02-09 10:43:10] testing.INFO: ConversionApiService - Calling google conversion API {"trace_id":"84909ec6-f8e1-48eb-aa4d-5c7bf527517a","is_console_command":true,"eventType":"Purchase","platform":"google","quoteTypeId":8,"endpoint":"/api/v1-trigger-google-event-conversion","payload":{"quoteUID":"test-uuid-456","quoteTypeId":8,"eventType":"Purchase"}} 
[2026-02-09 10:43:10] testing.INFO: ConversionApiService - google conversion API call successful {"trace_id":"84909ec6-f8e1-48eb-aa4d-5c7bf527517a","is_console_command":true,"eventType":"Purchase","platform":"google","quoteTypeId":8,"endpoint":"/api/v1-trigger-google-event-conversion","response":{"stdClass":{"success":true}}} 
[2026-02-09 10:43:10] testing.INFO: ConversionApiService - google conversion API call successful {"trace_id":"84909ec6-f8e1-48eb-aa4d-5c7bf527517a","is_console_command":true,"eventType":"Purchase","platform":"google","quoteTypeId":8,"endpoint":"/api/v1-trigger-google-event-conversion","response":{"stdClass":{"success":true}}} 
[2026-02-09 10:43:10] testing.INFO: ConversionApiService - Calling facebook conversion API {"trace_id":"1054f4be-198d-41a4-8254-beb0cf050ed6","is_console_command":true,"eventType":"CustomEvent","platform":"facebook","quoteTypeId":3,"endpoint":"/api/v1-trigger-facebook-event-conversion","payload":{"quoteUID":"test-uuid-789","quoteTypeId":3,"eventType":"CustomEvent"}} 
[2026-02-09 10:43:10] testing.INFO: ConversionApiService - Calling facebook conversion API {"trace_id":"1054f4be-198d-41a4-8254-beb0cf050ed6","is_console_command":true,"eventType":"CustomEvent","platform":"facebook","quoteTypeId":3,"endpoint":"/api/v1-trigger-facebook-event-conversion","payload":{"quoteUID":"test-uuid-789","quoteTypeId":3,"eventType":"CustomEvent"}} 
[2026-02-09 10:43:10] testing.INFO: ConversionApiService - facebook conversion API call successful {"trace_id":"1054f4be-198d-41a4-8254-beb0cf050ed6","is_console_command":true,"eventType":"CustomEvent","platform":"facebook","quoteTypeId":3,"endpoint":"/api/v1-trigger-facebook-event-conversion","response":{"stdClass":{"success":true}}} 
[2026-02-09 10:43:10] testing.INFO: ConversionApiService - facebook conversion API call successful {"trace_id":"1054f4be-198d-41a4-8254-beb0cf050ed6","is_console_command":true,"eventType":"CustomEvent","platform":"facebook","quoteTypeId":3,"endpoint":"/api/v1-trigger-facebook-event-conversion","response":{"stdClass":{"success":true}}} 
[2026-02-09 10:43:10] testing.INFO: ConversionApiService - Calling facebook conversion API {"trace_id":"29e9dfd3-798b-4ffb-8f2b-afc3819db379","is_console_command":true,"eventType":"Purchase","platform":"facebook","quoteTypeId":1,"endpoint":"/api/v1-trigger-facebook-event-conversion","payload":{"quoteUID":"test-uuid-error","quoteTypeId":1,"eventType":"Purchase"}} 
[2026-02-09 10:43:10] testing.INFO: ConversionApiService - Calling facebook conversion API {"trace_id":"29e9dfd3-798b-4ffb-8f2b-afc3819db379","is_console_command":true,"eventType":"Purchase","platform":"facebook","quoteTypeId":1,"endpoint":"/api/v1-trigger-facebook-event-conversion","payload":{"quoteUID":"test-uuid-error","quoteTypeId":1,"eventType":"Purchase"}} 
[2026-02-09 10:43:10] testing.ERROR: ConversionApiService - facebook conversion API call exception {"trace_id":"29e9dfd3-798b-4ffb-8f2b-afc3819db379","is_console_command":true,"eventType":"Purchase","platform":"facebook","quoteTypeId":1,"endpoint":"/api/v1-trigger-facebook-event-conversion","error":"API Error","exception":{"message":"API Error","trace":"#0 /home/runner/work/blanka/blanka/vendor/phpunit/phpunit/src/Framework/TestCase.php(1656): Tests\\Unit\\Services\\ConversionApiServiceTest->test_trigger_facebook_conversion_handles_exception()
#1 /home/runner/work/blanka/blanka/vendor/phpunit/phpunit/src/Framework/TestCase.php(514): PHPUnit\\Framework\\TestCase->runTest()
#2 /home/runner/work/blanka/blanka/vendor/phpunit/phpunit/src/Framework/TestRunner/TestRunner.php(87): PHPUnit\\Framework\\TestCase->runBare()
#3 /home/runner/work/blanka/blanka/vendor/phpunit/phpunit/src/Framework/TestCase.php(361): PHPUnit\\Framework\\TestRunner->run()
#4 /home/runner/work/blanka/blanka/vendor/phpunit/phpunit/src/Framework/TestSuite.php(369): PHPUnit\\Framework\\TestCase->run()
#5 /home/runner/work/blanka/blanka/vendor/phpunit/phpunit/src/Framework/TestSuite.php(369): PHPUnit\\Framework\\TestSuite->run()
#6 /home/runner/work/blanka/blanka/vendor/phpunit/phpunit/src/Framework/TestSuite.php(369): PHPUnit\\Framework\\TestSuite->run()
#7 /home/runner/work/blanka/blanka/vendor/phpunit/phpunit/src/TextUI/TestRunner.php(64): PHPUnit\\Framework\\TestSuite->run()
#8 /home/runner/work/blanka/blanka/vendor/phpunit/phpunit/src/TextUI/Application.php(211): PHPUnit\\TextUI\\TestRunner->run()
#9 /home/runner/work/blanka/blanka/vendor/pestphp/pest/src/Kernel.php(103): PHPUnit\\TextUI\\Application->run()
#10 /home/runner/work/blanka/blanka/vendor/pestphp/pest/bin/pest(184): Pest\\Kernel->handle()
#11 /home/runner/work/blanka/blanka/vendor/pestphp/pest/bin/pest(192): {closure:/home/runner/work/blanka/blanka/vendor/pestphp/pest/bin/pest:18}()
#12 /home/runner/work/blanka/blanka/vendor/bin/pest(119): include('...')
#13 {main}","code":0}} 
[2026-02-09 10:43:10] testing.ERROR: ConversionApiService - facebook conversion API call exception {"trace_id":"29e9dfd3-798b-4ffb-8f2b-afc3819db379","is_console_command":true,"eventType":"Purchase","platform":"facebook","quoteTypeId":1,"endpoint":"/api/v1-trigger-facebook-event-conversion","error":"API Error","exception":{"message":"API Error","trace":"#0 /home/runner/work/blanka/blanka/vendor/phpunit/phpunit/src/Framework/TestCase.php(1656): Tests\\Unit\\Services\\ConversionApiServiceTest->test_trigger_facebook_conversion_handles_exception()
#1 /home/runner/work/blanka/blanka/vendor/phpunit/phpunit/src/Framework/TestCase.php(514): PHPUnit\\Framework\\TestCase->runTest()
#2 /home/runner/work/blanka/blanka/vendor/phpunit/phpunit/src/Framework/TestRunner/TestRunner.php(87): PHPUnit\\Framework\\TestCase->runBare()
#3 /home/runner/work/blanka/blanka/vendor/phpunit/phpunit/src/Framework/TestCase.php(361): PHPUnit\\Framework\\TestRunner->run()
#4 /home/runner/work/blanka/blanka/vendor/phpunit/phpunit/src/Framework/TestSuite.php(369): PHPUnit\\Framework\\TestCase->run()
#5 /home/runner/work/blanka/blanka/vendor/phpunit/phpunit/src/Framework/TestSuite.php(369): PHPUnit\\Framework\\TestSuite->run()
#6 /home/runner/work/blanka/blanka/vendor/phpunit/phpunit/src/Framework/TestSuite.php(369): PHPUnit\\Framework\\TestSuite->run()
#7 /home/runner/work/blanka/blanka/vendor/phpunit/phpunit/src/TextUI/TestRunner.php(64): PHPUnit\\Framework\\TestSuite->run()
#8 /home/runner/work/blanka/blanka/vendor/phpunit/phpunit/src/TextUI/Application.php(211): PHPUnit\\TextUI\\TestRunner->run()
#9 /home/runner/work/blanka/blanka/vendor/pestphp/pest/src/Kernel.php(103): PHPUnit\\TextUI\\Application->run()
#10 /home/runner/work/blanka/blanka/vendor/pestphp/pest/bin/pest(184): Pest\\Kernel->handle()
#11 /home/runner/work/blanka/blanka/vendor/pestphp/pest/bin/pest(192): {closure:/home/runner/work/blanka/blanka/vendor/pestphp/pest/bin/pest:18}()
#12 /home/runner/work/blanka/blanka/vendor/bin/pest(119): include('...')
#13 {main}","code":0}} 
[2026-02-09 10:43:10] testing.INFO: ConversionApiService - Calling google conversion API {"trace_id":"ffdd5a90-82c3-4e8b-87c3-11cdb2ef8690","is_console_command":true,"eventType":"Purchase","platform":"google","quoteTypeId":1,"endpoint":"/api/v1-trigger-google-event-conversion","payload":{"quoteUID":"test-uuid-error","quoteTypeId":1,"eventType":"Purchase"}} 
[2026-02-09 10:43:10] testing.INFO: ConversionApiService - Calling google conversion API {"trace_id":"ffdd5a90-82c3-4e8b-87c3-11cdb2ef8690","is_console_command":true,"eventType":"Purchase","platform":"google","quoteTypeId":1,"endpoint":"/api/v1-trigger-google-event-conversion","payload":{"quoteUID":"test-uuid-error","quoteTypeId":1,"eventType":"Purchase"}} 
[2026-02-09 10:43:10] testing.ERROR: ConversionApiService - google conversion API call exception {"trace_id":"ffdd5a90-82c3-4e8b-87c3-11cdb2ef8690","is_console_command":true,"eventType":"Purchase","platform":"google","quoteTypeId":1,"endpoint":"/api/v1-trigger-google-event-conversion","error":"API Error","exception":{"message":"API Error","trace":"#0 /home/runner/work/blanka/blanka/vendor/phpunit/phpunit/src/Framework/TestCase.php(1656): Tests\\Unit\\Services\\ConversionApiServiceTest->test_trigger_google_conversion_handles_exception()
#1 /home/runner/work/blanka/blanka/vendor/phpunit/phpunit/src/Framework/TestCase.php(514): PHPUnit\\Framework\\TestCase->runTest()
#2 /home/runner/work/blanka/blanka/vendor/phpunit/phpunit/src/Framework/TestRunner/TestRunner.php(87): PHPUnit\\Framework\\TestCase->runBare()
#3 /home/runner/work/blanka/blanka/vendor/phpunit/phpunit/src/Framework/TestCase.php(361): PHPUnit\\Framework\\TestRunner->run()
#4 /home/runner/work/blanka/blanka/vendor/phpunit/phpunit/src/Framework/TestSuite.php(369): PHPUnit\\Framework\\TestCase->run()
#5 /home/runner/work/blanka/blanka/vendor/phpunit/phpunit/src/Framework/TestSuite.php(369): PHPUnit\\Framework\\TestSuite->run()
#6 /home/runner/work/blanka/blanka/vendor/phpunit/phpunit/src/Framework/TestSuite.php(369): PHPUnit\\Framework\\TestSuite->run()
#7 /home/runner/work/blanka/blanka/vendor/phpunit/phpunit/src/TextUI/TestRunner.php(64): PHPUnit\\Framework\\TestSuite->run()
#8 /home/runner/work/blanka/blanka/vendor/phpunit/phpunit/src/TextUI/Application.php(211): PHPUnit\\TextUI\\TestRunner->run()
#9 /home/runner/work/blanka/blanka/vendor/pestphp/pest/src/Kernel.php(103): PHPUnit\\TextUI\\Application->run()
#10 /home/runner/work/blanka/blanka/vendor/pestphp/pest/bin/pest(184): Pest\\Kernel->handle()
#11 /home/runner/work/blanka/blanka/vendor/pestphp/pest/bin/pest(192): {closure:/home/runner/work/blanka/blanka/vendor/pestphp/pest/bin/pest:18}()
#12 /home/runner/work/blanka/blanka/vendor/bin/pest(119): include('...')
#13 {main}","code":0}} 
[2026-02-09 10:43:10] testing.ERROR: ConversionApiService - google conversion API call exception {"trace_id":"ffdd5a90-82c3-4e8b-87c3-11cdb2ef8690","is_console_command":true,"eventType":"Purchase","platform":"google","quoteTypeId":1,"endpoint":"/api/v1-trigger-google-event-conversion","error":"API Error","exception":{"message":"API Error","trace":"#0 /home/runner/work/blanka/blanka/vendor/phpunit/phpunit/src/Framework/TestCase.php(1656): Tests\\Unit\\Services\\ConversionApiServiceTest->test_trigger_google_conversion_handles_exception()
#1 /home/runner/work/blanka/blanka/vendor/phpunit/phpunit/src/Framework/TestCase.php(514): PHPUnit\\Framework\\TestCase->runTest()
#2 /home/runner/work/blanka/blanka/vendor/phpunit/phpunit/src/Framework/TestRunner/TestRunner.php(87): PHPUnit\\Framework\\TestCase->runBare()
#3 /home/runner/work/blanka/blanka/vendor/phpunit/phpunit/src/Framework/TestCase.php(361): PHPUnit\\Framework\\TestRunner->run()
#4 /home/runner/work/blanka/blanka/vendor/phpunit/phpunit/src/Framework/TestSuite.php(369): PHPUnit\\Framework\\TestCase->run()
#5 /home/runner/work/blanka/blanka/vendor/phpunit/phpunit/src/Framework/TestSuite.php(369): PHPUnit\\Framework\\TestSuite->run()
#6 /home/runner/work/blanka/blanka/vendor/phpunit/phpunit/src/Framework/TestSuite.php(369): PHPUnit\\Framework\\TestSuite->run()
#7 /home/runner/work/blanka/blanka/vendor/phpunit/phpunit/src/TextUI/TestRunner.php(64): PHPUnit\\Framework\\TestSuite->run()
#8 /home/runner/work/blanka/blanka/vendor/phpunit/phpunit/src/TextUI/Application.php(211): PHPUnit\\TextUI\\TestRunner->run()
#9 /home/runner/work/blanka/blanka/vendor/pestphp/pest/src/Kernel.php(103): PHPUnit\\TextUI\\Application->run()
#10 /home/runner/work/blanka/blanka/vendor/pestphp/pest/bin/pest(184): Pest\\Kernel->handle()
#11 /home/runner/work/blanka/blanka/vendor/pestphp/pest/bin/pest(192): {closure:/home/runner/work/blanka/blanka/vendor/pestphp/pest/bin/pest:18}()
#12 /home/runner/work/blanka/blanka/vendor/bin/pest(119): include('...')
#13 {main}","code":0}} 
[2026-02-09 10:43:10] testing.INFO: ConversionApiService - Calling facebook conversion API {"trace_id":"af531c24-5ac6-42d0-b436-c37aabbba169","is_console_command":true,"eventType":"Purchase","platform":"facebook","quoteTypeId":1,"endpoint":"/api/v1-trigger-facebook-event-conversion","payload":{"quoteUID":"test-uuid-1","quoteTypeId":1,"eventType":"Purchase"}} 
[2026-02-09 10:43:10] testing.INFO: ConversionApiService - Calling facebook conversion API {"trace_id":"af531c24-5ac6-42d0-b436-c37aabbba169","is_console_command":true,"eventType":"Purchase","platform":"facebook","quoteTypeId":1,"endpoint":"/api/v1-trigger-facebook-event-conversion","payload":{"quoteUID":"test-uuid-1","quoteTypeId":1,"eventType":"Purchase"}} 
[2026-02-09 10:43:10] testing.INFO: ConversionApiService - facebook conversion API call successful {"trace_id":"af531c24-5ac6-42d0-b436-c37aabbba169","is_console_command":true,"eventType":"Purchase","platform":"facebook","quoteTypeId":1,"endpoint":"/api/v1-trigger-facebook-event-conversion","response":{"stdClass":{"success":true}}} 
[2026-02-09 10:43:10] testing.INFO: ConversionApiService - facebook conversion API call successful {"trace_id":"af531c24-5ac6-42d0-b436-c37aabbba169","is_console_command":true,"eventType":"Purchase","platform":"facebook","quoteTypeId":1,"endpoint":"/api/v1-trigger-facebook-event-conversion","response":{"stdClass":{"success":true}}} 
[2026-02-09 10:43:10] testing.INFO: ConversionApiService - Calling facebook conversion API {"eventType":"Purchase","platform":"facebook","quoteTypeId":8,"endpoint":"/api/v1-trigger-facebook-event-conversion","payload":{"quoteUID":"test-uuid-8","quoteTypeId":8,"eventType":"Purchase"}} 
[2026-02-09 10:43:10] testing.INFO: ConversionApiService - Calling facebook conversion API {"eventType":"Purchase","platform":"facebook","quoteTypeId":8,"endpoint":"/api/v1-trigger-facebook-event-conversion","payload":{"quoteUID":"test-uuid-8","quoteTypeId":8,"eventType":"Purchase"}} 
[2026-02-09 10:43:10] testing.INFO: ConversionApiService - facebook conversion API call successful {"eventType":"Purchase","platform":"facebook","quoteTypeId":8,"endpoint":"/api/v1-trigger-facebook-event-conversion","response":{"stdClass":{"success":true}}} 
[2026-02-09 10:43:10] testing.INFO: ConversionApiService - facebook conversion API call successful {"eventType":"Purchase","platform":"facebook","quoteTypeId":8,"endpoint":"/api/v1-trigger-facebook-event-conversion","response":{"stdClass":{"success":true}}} 
[2026-02-09 10:43:10] testing.INFO: ConversionApiService - Calling facebook conversion API {"eventType":"Purchase","platform":"facebook","quoteTypeId":3,"endpoint":"/api/v1-trigger-facebook-event-conversion","payload":{"quoteUID":"test-uuid-3","quoteTypeId":3,"eventType":"Purchase"}} 
[2026-02-09 10:43:10] testing.INFO: ConversionApiService - Calling facebook conversion API {"eventType":"Purchase","platform":"facebook","quoteTypeId":3,"endpoint":"/api/v1-trigger-facebook-event-conversion","payload":{"quoteUID":"test-uuid-3","quoteTypeId":3,"eventType":"Purchase"}} 
[2026-02-09 10:43:10] testing.INFO: ConversionApiService - facebook conversion API call successful {"eventType":"Purchase","platform":"facebook","quoteTypeId":3,"endpoint":"/api/v1-trigger-facebook-event-conversion","response":{"stdClass":{"success":true}}} 
[2026-02-09 10:43:10] testing.INFO: ConversionApiService - facebook conversion API call successful {"eventType":"Purchase","platform":"facebook","quoteTypeId":3,"endpoint":"/api/v1-trigger-facebook-event-conversion","response":{"stdClass":{"success":true}}} 
[2026-02-09 10:43:10] testing.INFO: ConversionApiService - Calling facebook conversion API {"eventType":"Purchase","platform":"facebook","quoteTypeId":5,"endpoint":"/api/v1-trigger-facebook-event-conversion","payload":{"quoteUID":"test-uuid-5","quoteTypeId":5,"eventType":"Purchase"}} 
[2026-02-09 10:43:10] testing.INFO: ConversionApiService - Calling facebook conversion API {"eventType":"Purchase","platform":"facebook","quoteTypeId":5,"endpoint":"/api/v1-trigger-facebook-event-conversion","payload":{"quoteUID":"test-uuid-5","quoteTypeId":5,"eventType":"Purchase"}} 
[2026-02-09 10:43:10] testing.INFO: ConversionApiService - facebook conversion API call successful {"eventType":"Purchase","platform":"facebook","quoteTypeId":5,"endpoint":"/api/v1-trigger-facebook-event-conversion","response":{"stdClass":{"success":true}}} 
[2026-02-09 10:43:10] testing.INFO: ConversionApiService - facebook conversion API call successful {"eventType":"Purchase","platform":"facebook","quoteTypeId":5,"endpoint":"/api/v1-trigger-facebook-event-conversion","response":{"stdClass":{"success":true}}} 
[2026-02-09 10:43:10] testing.INFO: ConversionApiService - Calling facebook conversion API {"trace_id":"8a629ef7-53b9-4fe2-a183-c6b4b216c93d","is_console_command":true,"eventType":"Purchase","platform":"facebook","quoteTypeId":19,"endpoint":"/api/v1-trigger-facebook-event-conversion","payload":{"quoteUID":"NREFC7RS","quoteTypeId":19,"eventType":"Purchase"}} 
[2026-02-09 10:43:10] testing.INFO: ConversionApiService - Calling facebook conversion API {"trace_id":"8a629ef7-53b9-4fe2-a183-c6b4b216c93d","is_console_command":true,"eventType":"Purchase","platform":"facebook","quoteTypeId":19,"endpoint":"/api/v1-trigger-facebook-event-conversion","payload":{"quoteUID":"NREFC7RS","quoteTypeId":19,"eventType":"Purchase"}} 
[2026-02-09 10:43:10] testing.INFO: ConversionApiService - facebook conversion API call successful {"trace_id":"8a629ef7-53b9-4fe2-a183-c6b4b216c93d","is_console_command":true,"eventType":"Purchase","platform":"facebook","quoteTypeId":19,"endpoint":"/api/v1-trigger-facebook-event-conversion","response":{"stdClass":{"success":true}}} 
[2026-02-09 10:43:10] testing.INFO: ConversionApiService - facebook conversion API call successful {"trace_id":"8a629ef7-53b9-4fe2-a183-c6b4b216c93d","is_console_command":true,"eventType":"Purchase","platform":"facebook","quoteTypeId":19,"endpoint":"/api/v1-trigger-facebook-event-conversion","response":{"stdClass":{"success":true}}} 
[2026-02-09 10:43:10] testing.INFO: ConversionApiService - Calling google conversion API {"trace_id":"72b5d8be-53b6-47bd-8ef2-b5ee5de475fd","is_console_command":true,"eventType":"Purchase","platform":"google","quoteTypeId":1,"endpoint":"/api/v1-trigger-google-event-conversion","payload":{"quoteUID":"6UTE2JXU","quoteTypeId":1,"eventType":"Purchase"}} 
[2026-02-09 10:43:10] testing.INFO: ConversionApiService - Calling google conversion API {"trace_id":"72b5d8be-53b6-47bd-8ef2-b5ee5de475fd","is_console_command":true,"eventType":"Purchase","platform":"google","quoteTypeId":1,"endpoint":"/api/v1-trigger-google-event-conversion","payload":{"quoteUID":"6UTE2JXU","quoteTypeId":1,"eventType":"Purchase"}} 
[2026-02-09 10:43:10] testing.INFO: ConversionApiService - google conversion API call successful {"trace_id":"72b5d8be-53b6-47bd-8ef2-b5ee5de475fd","is_console_command":true,"eventType":"Purchase","platform":"google","quoteTypeId":1,"endpoint":"/api/v1-trigger-google-event-conversion","response":{"stdClass":{"success":true}}} 
[2026-02-09 10:43:10] testing.INFO: ConversionApiService - google conversion API call successful {"trace_id":"72b5d8be-53b6-47bd-8ef2-b5ee5de475fd","is_console_command":true,"eventType":"Purchase","platform":"google","quoteTypeId":1,"endpoint":"/api/v1-trigger-google-event-conversion","response":{"stdClass":{"success":true}}} 
[2026-02-09 10:43:10] testing.INFO: ConversionApiService - Calling facebook conversion API {"trace_id":"43967893-a6f5-41e6-bbc5-f398d8964407","is_console_command":true,"eventType":"Purchase","platform":"facebook","quoteTypeId":19,"endpoint":"/api/v1-trigger-facebook-event-conversion","payload":{"quoteUID":"NREFC7RS","quoteTypeId":19,"eventType":"Purchase"}} 
[2026-02-09 10:43:10] testing.INFO: ConversionApiService - Calling facebook conversion API {"trace_id":"43967893-a6f5-41e6-bbc5-f398d8964407","is_console_command":true,"eventType":"Purchase","platform":"facebook","quoteTypeId":19,"endpoint":"/api/v1-trigger-facebook-event-conversion","payload":{"quoteUID":"NREFC7RS","quoteTypeId":19,"eventType":"Purchase"}} 
[2026-02-09 10:43:10] testing.INFO: ConversionApiService - facebook conversion API call successful {"trace_id":"43967893-a6f5-41e6-bbc5-f398d8964407","is_console_command":true,"eventType":"Purchase","platform":"facebook","quoteTypeId":19,"endpoint":"/api/v1-trigger-facebook-event-conversion","response":{"stdClass":{"success":true}}} 
[2026-02-09 10:43:10] testing.INFO: ConversionApiService - facebook conversion API call successful {"trace_id":"43967893-a6f5-41e6-bbc5-f398d8964407","is_console_command":true,"eventType":"Purchase","platform":"facebook","quoteTypeId":19,"endpoint":"/api/v1-trigger-facebook-event-conversion","response":{"stdClass":{"success":true}}} 
[2026-02-09 10:43:10] testing.INFO: ConversionApiService - Calling facebook conversion API {"eventType":"Purchase","platform":"facebook","quoteTypeId":1,"endpoint":"/api/v1-trigger-facebook-event-conversion","payload":{"quoteUID":"6UTE2JXU","quoteTypeId":1,"eventType":"Purchase"}} 
[2026-02-09 10:43:10] testing.INFO: ConversionApiService - Calling facebook conversion API {"eventType":"Purchase","platform":"facebook","quoteTypeId":1,"endpoint":"/api/v1-trigger-facebook-event-conversion","payload":{"quoteUID":"6UTE2JXU","quoteTypeId":1,"eventType":"Purchase"}} 
[2026-02-09 10:43:10] testing.INFO: ConversionApiService - facebook conversion API call successful {"eventType":"Purchase","platform":"facebook","quoteTypeId":1,"endpoint":"/api/v1-trigger-facebook-event-conversion","response":{"stdClass":{"success":true}}} 
[2026-02-09 10:43:10] testing.INFO: ConversionApiService - facebook conversion API call successful {"eventType":"Purchase","platform":"facebook","quoteTypeId":1,"endpoint":"/api/v1-trigger-facebook-event-conversion","response":{"stdClass":{"success":true}}} 
[2026-02-09 10:43:10] testing.INFO: ConversionApiService - Calling facebook conversion API {"eventType":"Purchase","platform":"facebook","quoteTypeId":5,"endpoint":"/api/v1-trigger-facebook-event-conversion","payload":{"quoteUID":"TEST123","quoteTypeId":5,"eventType":"Purchase"}} 
[2026-02-09 10:43:10] testing.INFO: ConversionApiService - Calling facebook conversion API {"eventType":"Purchase","platform":"facebook","quoteTypeId":5,"endpoint":"/api/v1-trigger-facebook-event-conversion","payload":{"quoteUID":"TEST123","quoteTypeId":5,"eventType":"Purchase"}} 
[2026-02-09 10:43:10] testing.INFO: ConversionApiService - facebook conversion API call successful {"eventType":"Purchase","platform":"facebook","quoteTypeId":5,"endpoint":"/api/v1-trigger-facebook-event-conversion","response":{"stdClass":{"success":true}}} 
[2026-02-09 10:43:10] testing.INFO: ConversionApiService - facebook conversion API call successful {"eventType":"Purchase","platform":"facebook","quoteTypeId":5,"endpoint":"/api/v1-trigger-facebook-event-conversion","response":{"stdClass":{"success":true}}} 
[2026-02-09 10:43:10] testing.INFO: ConversionApiService - Calling facebook conversion API {"eventType":"Purchase","platform":"facebook","quoteTypeId":10,"endpoint":"/api/v1-trigger-facebook-event-conversion","payload":{"quoteUID":"ABCD1234","quoteTypeId":10,"eventType":"Purchase"}} 
[2026-02-09 10:43:10] testing.INFO: ConversionApiService - Calling facebook conversion API {"eventType":"Purchase","platform":"facebook","quoteTypeId":10,"endpoint":"/api/v1-trigger-facebook-event-conversion","payload":{"quoteUID":"ABCD1234","quoteTypeId":10,"eventType":"Purchase"}} 
[2026-02-09 10:43:10] testing.INFO: ConversionApiService - facebook conversion API call successful {"eventType":"Purchase","platform":"facebook","quoteTypeId":10,"endpoint":"/api/v1-trigger-facebook-event-conversion","response":{"stdClass":{"success":true}}} 
[2026-02-09 10:43:10] testing.INFO: ConversionApiService - facebook conversion API call successful {"eventType":"Purchase","platform":"facebook","quoteTypeId":10,"endpoint":"/api/v1-trigger-facebook-event-conversion","response":{"stdClass":{"success":true}}} 
[2026-02-09 10:43:10] testing.INFO: ConversionApiService - Calling facebook conversion API {"eventType":"Purchase","platform":"facebook","quoteTypeId":25,"endpoint":"/api/v1-trigger-facebook-event-conversion","payload":{"quoteUID":"XYZ789","quoteTypeId":25,"eventType":"Purchase"}} 
[2026-02-09 10:43:10] testing.INFO: ConversionApiService - Calling facebook conversion API {"eventType":"Purchase","platform":"facebook","quoteTypeId":25,"endpoint":"/api/v1-trigger-facebook-event-conversion","payload":{"quoteUID":"XYZ789","quoteTypeId":25,"eventType":"Purchase"}} 
[2026-02-09 10:43:10] testing.INFO: ConversionApiService - facebook conversion API call successful {"eventType":"Purchase","platform":"facebook","quoteTypeId":25,"endpoint":"/api/v1-trigger-facebook-event-conversion","response":{"stdClass":{"success":true}}} 
[2026-02-09 10:43:10] testing.INFO: ConversionApiService - facebook conversion API call successful {"eventType":"Purchase","platform":"facebook","quoteTypeId":25,"endpoint":"/api/v1-trigger-facebook-event-conversion","response":{"stdClass":{"success":true}}} 
[2026-02-09 10:43:10] testing.INFO: ConversionApiService - Calling facebook conversion API {"trace_id":"8881bde2-76a5-4a8c-be95-25b65baf4186","is_console_command":true,"eventType":"Purchase","platform":"facebook","quoteTypeId":15,"endpoint":"/api/v1-trigger-facebook-event-conversion","payload":{"quoteUID":"TEST-UUID-123","quoteTypeId":15,"eventType":"Purchase"}} 
[2026-02-09 10:43:10] testing.INFO: ConversionApiService - Calling facebook conversion API {"trace_id":"8881bde2-76a5-4a8c-be95-25b65baf4186","is_console_command":true,"eventType":"Purchase","platform":"facebook","quoteTypeId":15,"endpoint":"/api/v1-trigger-facebook-event-conversion","payload":{"quoteUID":"TEST-UUID-123","quoteTypeId":15,"eventType":"Purchase"}} 
[2026-02-09 10:43:10] testing.INFO: ConversionApiService - facebook conversion API call successful {"trace_id":"8881bde2-76a5-4a8c-be95-25b65baf4186","is_console_command":true,"eventType":"Purchase","platform":"facebook","quoteTypeId":15,"endpoint":"/api/v1-trigger-facebook-event-conversion","response":{"stdClass":{"success":true}}} 
[2026-02-09 10:43:10] testing.INFO: ConversionApiService - facebook conversion API call successful {"trace_id":"8881bde2-76a5-4a8c-be95-25b65baf4186","is_console_command":true,"eventType":"Purchase","platform":"facebook","quoteTypeId":15,"endpoint":"/api/v1-trigger-facebook-event-conversion","response":{"stdClass":{"success":true}}} 
[2026-02-09 10:43:10] testing.INFO: ConversionApiService - Calling google conversion API {"eventType":"Purchase","platform":"google","quoteTypeId":15,"endpoint":"/api/v1-trigger-google-event-conversion","payload":{"quoteUID":"TEST-UUID-123","quoteTypeId":15,"eventType":"Purchase"}} 
[2026-02-09 10:43:10] testing.INFO: ConversionApiService - Calling google conversion API {"eventType":"Purchase","platform":"google","quoteTypeId":15,"endpoint":"/api/v1-trigger-google-event-conversion","payload":{"quoteUID":"TEST-UUID-123","quoteTypeId":15,"eventType":"Purchase"}} 
[2026-02-09 10:43:10] testing.INFO: ConversionApiService - google conversion API call successful {"eventType":"Purchase","platform":"google","quoteTypeId":15,"endpoint":"/api/v1-trigger-google-event-conversion","response":{"stdClass":{"success":true}}} 
[2026-02-09 10:43:10] testing.INFO: ConversionApiService - google conversion API call successful {"eventType":"Purchase","platform":"google","quoteTypeId":15,"endpoint":"/api/v1-trigger-google-event-conversion","response":{"stdClass":{"success":true}}} 
[2026-02-09 10:43:12] testing.WARNING: MetLife Auth: Integration disabled {"trace_id":"ce70159b-65e8-4829-94da-c618bb7a2a7d","is_console_command":true} 
[2026-02-09 10:43:12] testing.WARNING: MetLife Auth: Integration disabled {"trace_id":"ce70159b-65e8-4829-94da-c618bb7a2a7d","is_console_command":true} 
[2026-02-09 10:43:12] testing.WARNING: MetLife Auth: Unable to establish valid session {"trace_id":"ce70159b-65e8-4829-94da-c618bb7a2a7d","is_console_command":true} 
[2026-02-09 10:43:12] testing.WARNING: MetLife Auth: Unable to establish valid session {"trace_id":"ce70159b-65e8-4829-94da-c618bb7a2a7d","is_console_command":true} 
[2026-02-09 10:43:12] testing.WARNING: MetLife upload failed {"trace_id":"ce70159b-65e8-4829-94da-c618bb7a2a7d","is_console_command":true} 
[2026-02-09 10:43:12] testing.WARNING: MetLife upload failed {"trace_id":"ce70159b-65e8-4829-94da-c618bb7a2a7d","is_console_command":true,"extra":"{\"policy_number\":\"POL123\",\"quote_uuid\":\"QUOTE456\",\"error\":\"Upload failed\"}"} 
[2026-02-09 10:43:12] testing.WARNING: MetLife Auth: Integration disabled {"trace_id":"4db3a4c1-56ca-4bec-871e-57d4bd822a96","is_console_command":true} 
[2026-02-09 10:43:12] testing.WARNING: MetLife Auth: Integration disabled {"trace_id":"4db3a4c1-56ca-4bec-871e-57d4bd822a96","is_console_command":true} 
[2026-02-09 10:43:12] testing.WARNING: MetLife Auth: Unable to establish valid session {"trace_id":"4db3a4c1-56ca-4bec-871e-57d4bd822a96","is_console_command":true} 
[2026-02-09 10:43:12] testing.WARNING: MetLife Auth: Unable to establish valid session {"trace_id":"4db3a4c1-56ca-4bec-871e-57d4bd822a96","is_console_command":true} 
[2026-02-09 10:43:12] testing.WARNING: MetLife upload failed {"trace_id":"4db3a4c1-56ca-4bec-871e-57d4bd822a96","is_console_command":true} 
[2026-02-09 10:43:12] testing.WARNING: MetLife upload failed {"trace_id":"4db3a4c1-56ca-4bec-871e-57d4bd822a96","is_console_command":true,"extra":"{\"policy_number\":\"   \",\"quote_uuid\":null,\"error\":\"Upload failed\"}"} 
[2026-02-09 10:43:12] testing.WARNING: MetLife Auth: Integration disabled {"trace_id":"02d91c24-2676-4e79-84f0-ad6be749382b","is_console_command":true} 
[2026-02-09 10:43:12] testing.WARNING: MetLife Auth: Integration disabled {"trace_id":"02d91c24-2676-4e79-84f0-ad6be749382b","is_console_command":true} 
[2026-02-09 10:43:12] testing.WARNING: MetLife Auth: Unable to establish valid session {"trace_id":"02d91c24-2676-4e79-84f0-ad6be749382b","is_console_command":true} 
[2026-02-09 10:43:12] testing.WARNING: MetLife Auth: Unable to establish valid session {"trace_id":"02d91c24-2676-4e79-84f0-ad6be749382b","is_console_command":true} 
[2026-02-09 10:43:12] testing.WARNING: MetLife upload failed {"trace_id":"02d91c24-2676-4e79-84f0-ad6be749382b","is_console_command":true} 
[2026-02-09 10:43:12] testing.WARNING: MetLife upload failed {"trace_id":"02d91c24-2676-4e79-84f0-ad6be749382b","is_console_command":true,"extra":"{\"policy_number\":\"POL123\",\"quote_uuid\":null,\"error\":\"Upload failed\"}"} 
[2026-02-09 10:43:13] testing.WARNING: MetLife Auth: Integration disabled {"trace_id":"3ff3efb3-7f32-4eb5-b25b-4bc13f566e00","is_console_command":true} 
[2026-02-09 10:43:13] testing.WARNING: MetLife Auth: Integration disabled {"trace_id":"3ff3efb3-7f32-4eb5-b25b-4bc13f566e00","is_console_command":true} 
[2026-02-09 10:43:13] testing.WARNING: MetLife Auth: Unable to establish valid session {"trace_id":"3ff3efb3-7f32-4eb5-b25b-4bc13f566e00","is_console_command":true} 
[2026-02-09 10:43:13] testing.WARNING: MetLife Auth: Unable to establish valid session {"trace_id":"3ff3efb3-7f32-4eb5-b25b-4bc13f566e00","is_console_command":true} 
[2026-02-09 10:43:13] testing.WARNING: MetLife upload failed {"trace_id":"3ff3efb3-7f32-4eb5-b25b-4bc13f566e00","is_console_command":true} 
[2026-02-09 10:43:13] testing.WARNING: MetLife upload failed {"trace_id":"3ff3efb3-7f32-4eb5-b25b-4bc13f566e00","is_console_command":true,"extra":"{\"policy_number\":\"POL123\",\"quote_uuid\":null,\"error\":\"Upload failed\"}"} 
[2026-02-09 10:43:13] testing.WARNING: MetLife Auth: Integration disabled {"trace_id":"bb7f7b31-d923-49c8-bb82-6f338d67da98","is_console_command":true} 
[2026-02-09 10:43:13] testing.WARNING: MetLife Auth: Integration disabled {"trace_id":"bb7f7b31-d923-49c8-bb82-6f338d67da98","is_console_command":true} 
[2026-02-09 10:43:13] testing.WARNING: MetLife Auth: Unable to establish valid session {"trace_id":"bb7f7b31-d923-49c8-bb82-6f338d67da98","is_console_command":true} 
[2026-02-09 10:43:13] testing.WARNING: MetLife Auth: Unable to establish valid session {"trace_id":"bb7f7b31-d923-49c8-bb82-6f338d67da98","is_console_command":true} 
[2026-02-09 10:43:13] testing.WARNING: MetLife upload failed {"trace_id":"bb7f7b31-d923-49c8-bb82-6f338d67da98","is_console_command":true} 
[2026-02-09 10:43:13] testing.WARNING: MetLife upload failed {"trace_id":"bb7f7b31-d923-49c8-bb82-6f338d67da98","is_console_command":true,"extra":"{\"policy_number\":\"POL123\",\"quote_uuid\":null,\"error\":\"Upload failed\"}"} 
[2026-02-09 10:43:13] testing.WARNING: MetLife Auth: Integration disabled {"trace_id":"dc7204ac-e821-46c8-912a-e2b8c75e298d","is_console_command":true} 
[2026-02-09 10:43:13] testing.WARNING: MetLife Auth: Integration disabled {"trace_id":"dc7204ac-e821-46c8-912a-e2b8c75e298d","is_console_command":true} 
[2026-02-09 10:43:13] testing.WARNING: MetLife Auth: Unable to establish valid session {"trace_id":"dc7204ac-e821-46c8-912a-e2b8c75e298d","is_console_command":true} 
[2026-02-09 10:43:13] testing.WARNING: MetLife Auth: Unable to establish valid session {"trace_id":"dc7204ac-e821-46c8-912a-e2b8c75e298d","is_console_command":true} 
[2026-02-09 10:43:13] testing.WARNING: MetLife upload failed {"trace_id":"dc7204ac-e821-46c8-912a-e2b8c75e298d","is_console_command":true} 
[2026-02-09 10:43:13] testing.WARNING: MetLife upload failed {"trace_id":"dc7204ac-e821-46c8-912a-e2b8c75e298d","is_console_command":true,"extra":"{\"policy_number\":\"POL123\",\"quote_uuid\":null,\"error\":\"Upload failed\"}"} 
[2026-02-09 10:43:13] testing.WARNING: MetLife Auth: Integration disabled {"trace_id":"dc7204ac-e821-46c8-912a-e2b8c75e298d","is_console_command":true} 
[2026-02-09 10:43:13] testing.WARNING: MetLife Auth: Integration disabled {"trace_id":"dc7204ac-e821-46c8-912a-e2b8c75e298d","is_console_command":true} 
[2026-02-09 10:43:13] testing.WARNING: MetLife Auth: Unable to establish valid session {"trace_id":"dc7204ac-e821-46c8-912a-e2b8c75e298d","is_console_command":true} 
[2026-02-09 10:43:13] testing.WARNING: MetLife Auth: Unable to establish valid session {"trace_id":"dc7204ac-e821-46c8-912a-e2b8c75e298d","is_console_command":true} 
[2026-02-09 10:43:13] testing.WARNING: MetLife upload failed {"trace_id":"dc7204ac-e821-46c8-912a-e2b8c75e298d","is_console_command":true} 
[2026-02-09 10:43:13] testing.WARNING: MetLife upload failed {"trace_id":"dc7204ac-e821-46c8-912a-e2b8c75e298d","is_console_command":true,"extra":"{\"policy_number\":\"POL123\",\"quote_uuid\":null,\"error\":\"Upload failed\"}"} 
[2026-02-09 10:43:13] testing.WARNING: MetLife Auth: Integration disabled {"trace_id":"dc7204ac-e821-46c8-912a-e2b8c75e298d","is_console_command":true} 
[2026-02-09 10:43:13] testing.WARNING: MetLife Auth: Integration disabled {"trace_id":"dc7204ac-e821-46c8-912a-e2b8c75e298d","is_console_command":true} 
[2026-02-09 10:43:13] testing.WARNING: MetLife Auth: Unable to establish valid session {"trace_id":"dc7204ac-e821-46c8-912a-e2b8c75e298d","is_console_command":true} 
[2026-02-09 10:43:13] testing.WARNING: MetLife Auth: Unable to establish valid session {"trace_id":"dc7204ac-e821-46c8-912a-e2b8c75e298d","is_console_command":true} 
[2026-02-09 10:43:13] testing.WARNING: MetLife upload failed {"trace_id":"dc7204ac-e821-46c8-912a-e2b8c75e298d","is_console_command":true} 
[2026-02-09 10:43:13] testing.WARNING: MetLife upload failed {"trace_id":"dc7204ac-e821-46c8-912a-e2b8c75e298d","is_console_command":true,"extra":"{\"policy_number\":\"POL123\",\"quote_uuid\":null,\"error\":\"Upload failed\"}"} 
[2026-02-09 10:43:13] testing.WARNING: MetLife Auth: Integration disabled {"trace_id":"dc7204ac-e821-46c8-912a-e2b8c75e298d","is_console_command":true} 
[2026-02-09 10:43:13] testing.WARNING: MetLife Auth: Integration disabled {"trace_id":"dc7204ac-e821-46c8-912a-e2b8c75e298d","is_console_command":true} 
[2026-02-09 10:43:13] testing.WARNING: MetLife Auth: Unable to establish valid session {"trace_id":"dc7204ac-e821-46c8-912a-e2b8c75e298d","is_console_command":true} 
[2026-02-09 10:43:13] testing.WARNING: MetLife Auth: Unable to establish valid session {"trace_id":"dc7204ac-e821-46c8-912a-e2b8c75e298d","is_console_command":true} 
[2026-02-09 10:43:13] testing.WARNING: MetLife upload failed {"trace_id":"dc7204ac-e821-46c8-912a-e2b8c75e298d","is_console_command":true} 
[2026-02-09 10:43:13] testing.WARNING: MetLife upload failed {"trace_id":"dc7204ac-e821-46c8-912a-e2b8c75e298d","is_console_command":true,"extra":"{\"policy_number\":\"POL123\",\"quote_uuid\":null,\"error\":\"Upload failed\"}"} 
[2026-02-09 10:43:13] testing.WARNING: MetLife Auth: Integration disabled {"trace_id":"dc7204ac-e821-46c8-912a-e2b8c75e298d","is_console_command":true} 
[2026-02-09 10:43:13] testing.WARNING: MetLife Auth: Integration disabled {"trace_id":"dc7204ac-e821-46c8-912a-e2b8c75e298d","is_console_command":true} 
[2026-02-09 10:43:13] testing.WARNING: MetLife Auth: Unable to establish valid session {"trace_id":"dc7204ac-e821-46c8-912a-e2b8c75e298d","is_console_command":true} 
[2026-02-09 10:43:13] testing.WARNING: MetLife Auth: Unable to establish valid session {"trace_id":"dc7204ac-e821-46c8-912a-e2b8c75e298d","is_console_command":true} 
[2026-02-09 10:43:13] testing.WARNING: MetLife upload failed {"trace_id":"dc7204ac-e821-46c8-912a-e2b8c75e298d","is_console_command":true} 
[2026-02-09 10:43:13] testing.WARNING: MetLife upload failed {"trace_id":"dc7204ac-e821-46c8-912a-e2b8c75e298d","is_console_command":true,"extra":"{\"policy_number\":\"POL123\",\"quote_uuid\":null,\"error\":\"Upload failed\"}"} 
[2026-02-09 10:43:13] testing.WARNING: MetLife Auth: Integration disabled {"trace_id":"c8b0c3d6-1988-42a5-ab6b-f032d2697cfe","is_console_command":true} 
[2026-02-09 10:43:13] testing.WARNING: MetLife Auth: Integration disabled {"trace_id":"c8b0c3d6-1988-42a5-ab6b-f032d2697cfe","is_console_command":true} 
[2026-02-09 10:43:13] testing.WARNING: MetLife Auth: Unable to establish valid session {"trace_id":"c8b0c3d6-1988-42a5-ab6b-f032d2697cfe","is_console_command":true} 
[2026-02-09 10:43:13] testing.WARNING: MetLife Auth: Unable to establish valid session {"trace_id":"c8b0c3d6-1988-42a5-ab6b-f032d2697cfe","is_console_command":true} 
[2026-02-09 10:43:13] testing.WARNING: MetLife upload failed {"trace_id":"c8b0c3d6-1988-42a5-ab6b-f032d2697cfe","is_console_command":true} 
[2026-02-09 10:43:13] testing.WARNING: MetLife upload failed {"trace_id":"c8b0c3d6-1988-42a5-ab6b-f032d2697cfe","is_console_command":true,"extra":"{\"policy_number\":\"POL-123\",\"quote_uuid\":null,\"error\":\"Upload failed\"}"} 
[2026-02-09 10:43:13] testing.WARNING: MetLife Auth: Integration disabled {"trace_id":"c8b0c3d6-1988-42a5-ab6b-f032d2697cfe","is_console_command":true} 
[2026-02-09 10:43:13] testing.WARNING: MetLife Auth: Integration disabled {"trace_id":"c8b0c3d6-1988-42a5-ab6b-f032d2697cfe","is_console_command":true} 
[2026-02-09 10:43:13] testing.WARNING: MetLife Auth: Unable to establish valid session {"trace_id":"c8b0c3d6-1988-42a5-ab6b-f032d2697cfe","is_console_command":true} 
[2026-02-09 10:43:13] testing.WARNING: MetLife Auth: Unable to establish valid session {"trace_id":"c8b0c3d6-1988-42a5-ab6b-f032d2697cfe","is_console_command":true} 
[2026-02-09 10:43:13] testing.WARNING: MetLife upload failed {"trace_id":"c8b0c3d6-1988-42a5-ab6b-f032d2697cfe","is_console_command":true} 
[2026-02-09 10:43:13] testing.WARNING: MetLife upload failed {"trace_id":"c8b0c3d6-1988-42a5-ab6b-f032d2697cfe","is_console_command":true,"extra":"{\"policy_number\":\"POL_123\",\"quote_uuid\":null,\"error\":\"Upload failed\"}"} 
[2026-02-09 10:43:13] testing.WARNING: MetLife Auth: Integration disabled {"trace_id":"c8b0c3d6-1988-42a5-ab6b-f032d2697cfe","is_console_command":true} 
[2026-02-09 10:43:13] testing.WARNING: MetLife Auth: Integration disabled {"trace_id":"c8b0c3d6-1988-42a5-ab6b-f032d2697cfe","is_console_command":true} 
[2026-02-09 10:43:13] testing.WARNING: MetLife Auth: Unable to establish valid session {"trace_id":"c8b0c3d6-1988-42a5-ab6b-f032d2697cfe","is_console_command":true} 
[2026-02-09 10:43:13] testing.WARNING: MetLife Auth: Unable to establish valid session {"trace_id":"c8b0c3d6-1988-42a5-ab6b-f032d2697cfe","is_console_command":true} 
[2026-02-09 10:43:13] testing.WARNING: MetLife upload failed {"trace_id":"c8b0c3d6-1988-42a5-ab6b-f032d2697cfe","is_console_command":true} 
[2026-02-09 10:43:13] testing.WARNING: MetLife upload failed {"trace_id":"c8b0c3d6-1988-42a5-ab6b-f032d2697cfe","is_console_command":true,"extra":"{\"policy_number\":\"POL.123\",\"quote_uuid\":null,\"error\":\"Upload failed\"}"} 
[2026-02-09 10:43:13] testing.WARNING: MetLife Auth: Integration disabled {"trace_id":"c8b0c3d6-1988-42a5-ab6b-f032d2697cfe","is_console_command":true} 
[2026-02-09 10:43:13] testing.WARNING: MetLife Auth: Integration disabled {"trace_id":"c8b0c3d6-1988-42a5-ab6b-f032d2697cfe","is_console_command":true} 
[2026-02-09 10:43:13] testing.WARNING: MetLife Auth: Unable to establish valid session {"trace_id":"c8b0c3d6-1988-42a5-ab6b-f032d2697cfe","is_console_command":true} 
[2026-02-09 10:43:13] testing.WARNING: MetLife Auth: Unable to establish valid session {"trace_id":"c8b0c3d6-1988-42a5-ab6b-f032d2697cfe","is_console_command":true} 
[2026-02-09 10:43:13] testing.WARNING: MetLife upload failed {"trace_id":"c8b0c3d6-1988-42a5-ab6b-f032d2697cfe","is_console_command":true} 
[2026-02-09 10:43:13] testing.WARNING: MetLife upload failed {"trace_id":"c8b0c3d6-1988-42a5-ab6b-f032d2697cfe","is_console_command":true,"extra":"{\"policy_number\":\"POL 123\",\"quote_uuid\":null,\"error\":\"Upload failed\"}"} 
[2026-02-09 10:43:13] testing.WARNING: MetLife Auth: Integration disabled {"trace_id":"c8b0c3d6-1988-42a5-ab6b-f032d2697cfe","is_console_command":true} 
[2026-02-09 10:43:13] testing.WARNING: MetLife Auth: Integration disabled {"trace_id":"c8b0c3d6-1988-42a5-ab6b-f032d2697cfe","is_console_command":true} 
[2026-02-09 10:43:13] testing.WARNING: MetLife Auth: Unable to establish valid session {"trace_id":"c8b0c3d6-1988-42a5-ab6b-f032d2697cfe","is_console_command":true} 
[2026-02-09 10:43:13] testing.WARNING: MetLife Auth: Unable to establish valid session {"trace_id":"c8b0c3d6-1988-42a5-ab6b-f032d2697cfe","is_console_command":true} 
[2026-02-09 10:43:13] testing.WARNING: MetLife upload failed {"trace_id":"c8b0c3d6-1988-42a5-ab6b-f032d2697cfe","is_console_command":true} 
[2026-02-09 10:43:13] testing.WARNING: MetLife upload failed {"trace_id":"c8b0c3d6-1988-42a5-ab6b-f032d2697cfe","is_console_command":true,"extra":"{\"policy_number\":\"POL123-ABC\",\"quote_uuid\":null,\"error\":\"Upload failed\"}"} 
[2026-02-09 10:43:13] testing.WARNING: MetLife Auth: Integration disabled {"trace_id":"caf9d92a-3680-4691-b5e7-f57bbd282971","is_console_command":true} 
[2026-02-09 10:43:13] testing.WARNING: MetLife Auth: Integration disabled {"trace_id":"caf9d92a-3680-4691-b5e7-f57bbd282971","is_console_command":true} 
[2026-02-09 10:43:13] testing.WARNING: MetLife Auth: Unable to establish valid session {"trace_id":"caf9d92a-3680-4691-b5e7-f57bbd282971","is_console_command":true} 
[2026-02-09 10:43:13] testing.WARNING: MetLife Auth: Unable to establish valid session {"trace_id":"caf9d92a-3680-4691-b5e7-f57bbd282971","is_console_command":true} 
[2026-02-09 10:43:13] testing.WARNING: MetLife upload failed {"trace_id":"caf9d92a-3680-4691-b5e7-f57bbd282971","is_console_command":true} 
[2026-02-09 10:43:13] testing.WARNING: MetLife upload failed {"trace_id":"caf9d92a-3680-4691-b5e7-f57bbd282971","is_console_command":true,"extra":"{\"policy_number\":\"POL123\",\"quote_uuid\":null,\"error\":\"Upload failed\"}"} 
[2026-02-09 10:43:13] testing.WARNING: MetLife request failed {"trace_id":"5aef7dea-1aae-49a5-895b-63ef62feea39","is_console_command":true} 
[2026-02-09 10:43:13] testing.WARNING: MetLife request failed {"trace_id":"5aef7dea-1aae-49a5-895b-63ef62feea39","is_console_command":true,"extra":"{\"endpoint\":\"\\/test\",\"error\":\"Unsupported HTTP method: PUT\"}"} 
[2026-02-09 10:43:13] testing.WARNING: MetLife HTTP request failed {"trace_id":"23352d9d-2808-4c70-b4f7-72d66267abad","is_console_command":true} 
[2026-02-09 10:43:13] testing.WARNING: MetLife HTTP request failed {"trace_id":"23352d9d-2808-4c70-b4f7-72d66267abad","is_console_command":true,"extra":"{\"endpoint\":\"\\/test\",\"status_code\":404,\"error\":\"{\\\"error\\\":\\\"Not found\\\"}\"}"} 
[2026-02-09 10:43:13] testing.WARNING: MetLife request failed {"trace_id":"85c358f8-abbd-4345-a198-c778b18c8593","is_console_command":true} 
[2026-02-09 10:43:13] testing.WARNING: MetLife request failed {"trace_id":"85c358f8-abbd-4345-a198-c778b18c8593","is_console_command":true,"extra":"{\"endpoint\":\"\\/test\",\"error\":\"Network error\"}"} 
[2026-02-09 10:43:13] testing.WARNING: MetLife upload failed {"trace_id":"08843858-be81-4fd7-8115-ffc3f0953536","is_console_command":true} 
[2026-02-09 10:43:13] testing.WARNING: MetLife upload failed {"trace_id":"08843858-be81-4fd7-8115-ffc3f0953536","is_console_command":true,"extra":"{\"policy_number\":\"POL999\",\"quote_uuid\":null,\"error\":\"Upload failed\"}"} 
[2026-02-09 10:43:13] testing.WARNING: MetLife HTTP request failed {"trace_id":"8d667e64-7ea5-4fa3-bf56-e831d7fda1a9","is_console_command":true} 
[2026-02-09 10:43:13] testing.WARNING: MetLife HTTP request failed {"trace_id":"8d667e64-7ea5-4fa3-bf56-e831d7fda1a9","is_console_command":true,"extra":"{\"endpoint\":\"\\/test\\/endpoint\",\"status_code\":404,\"error\":\"{\\\"error\\\":\\\"Not found\\\"}\"}"} 
[2026-02-09 10:43:13] testing.WARNING: MetLife exception occurred {"trace_id":"fc573cf0-2dcc-4185-aea3-84ad1711fae9","is_console_command":true} 
[2026-02-09 10:43:13] testing.WARNING: MetLife exception occurred {"trace_id":"fc573cf0-2dcc-4185-aea3-84ad1711fae9","is_console_command":true,"extra":"{\"error\":\"Test error message\",\"file\":\"MetLifeResponseServiceTest.php\",\"line\":112}"} 
[2026-02-09 10:43:14] testing.WARNING: MetLife API - Test action failed {"trace_id":"fbe642b1-ffaa-431f-99a3-2a9a12f4d13f","is_console_command":true} 
[2026-02-09 10:43:14] testing.WARNING: MetLife API - Test action failed {"trace_id":"fbe642b1-ffaa-431f-99a3-2a9a12f4d13f","is_console_command":true,"extra":"{\"error\":\"Test error message\"}"} 
[2026-02-09 10:43:14] testing.WARNING: MetLife API - Test action failed {"trace_id":"d1493a52-75b8-4c6c-8ed2-4fae592586f6","is_console_command":true} 
[2026-02-09 10:43:14] testing.WARNING: MetLife API - Test action failed {"trace_id":"d1493a52-75b8-4c6c-8ed2-4fae592586f6","is_console_command":true,"extra":"{\"error\":\"Test error message\"}"} 
[2026-02-09 10:43:15] testing.WARNING: MetLife API - Test action failed {"trace_id":"7b1364b4-9dfd-44ea-99c7-8517980945a0","is_console_command":true} 
[2026-02-09 10:43:15] testing.WARNING: MetLife API - Test action failed {"trace_id":"7b1364b4-9dfd-44ea-99c7-8517980945a0","is_console_command":true,"extra":"{\"error\":\"Invalid argument\"}"} 
[2026-02-09 10:43:15] testing.WARNING: MetLife API -  failed {"trace_id":"5da0eb02-e853-4014-95b4-fde81aac8f20","is_console_command":true} 
[2026-02-09 10:43:15] testing.WARNING: MetLife API -  failed {"trace_id":"5da0eb02-e853-4014-95b4-fde81aac8f20","is_console_command":true,"extra":"{\"error\":\"Test error\"}"} 
[2026-02-09 10:43:15] testing.WARNING: MetLife API - Test@Action#123 failed {"trace_id":"c646dcc5-95db-476a-b8c1-9da4031c5370","is_console_command":true} 
[2026-02-09 10:43:15] testing.WARNING: MetLife API - Test@Action#123 failed {"trace_id":"c646dcc5-95db-476a-b8c1-9da4031c5370","is_console_command":true,"extra":"{\"error\":\"Test error\"}"} 
[2026-02-09 10:43:15] testing.ERROR: Failed to format date {"trace_id":"7e9f282d-85c2-4398-9f55-0461549077c4","is_console_command":true,"exception":{"message":"Could not parse 'invalid-date': Failed to parse time string (invalid-date) at position 0 (i): The timezone could not be found in the database","trace":"#0 /home/runner/work/blanka/blanka/vendor/nesbot/carbon/src/Carbon/Traits/Creator.php(214): Carbon\\Carbon::rawParse()
#1 /home/runner/work/blanka/blanka/app/Services/OCR/OcrUtils.php(58): Carbon\\Carbon::parse()
#2 /home/runner/work/blanka/blanka/app/Services/OCR/EmiratesId/DriverEmiratesIdExtractor.php(45): App\\Services\\OCR\\EmiratesId\\DriverEmiratesIdExtractor->formatDate()
#3 /home/runner/work/blanka/blanka/tests/Unit/Services/OCR/EmiratesId/DriverEmiratesIdExtractorTest.php(131): App\\Services\\OCR\\EmiratesId\\DriverEmiratesIdExtractor->extractDriverEmiratesIdData()
#4 /home/runner/work/blanka/blanka/vendor/pestphp/pest/src/Factories/TestCaseMethodFactory.php(168): P\\Tests\\Unit\\Services\\OCR\\EmiratesId\\DriverEmiratesIdExtractorTest->{closure:{closure:/home/runner/work/blanka/blanka/tests/Unit/Services/OCR/EmiratesId/DriverEmiratesIdExtractorTest.php:7}:125}()
#5 [internal function]: P\\Tests\\Unit\\Services\\OCR\\EmiratesId\\DriverEmiratesIdExtractorTest->{closure:Pest\\Factories\\TestCaseMethodFactory::getClosure():158}()
#6 /home/runner/work/blanka/blanka/vendor/pestphp/pest/src/Concerns/Testable.php(419): call_user_func_array()
#7 /home/runner/work/blanka/blanka/vendor/pestphp/pest/src/Support/ExceptionTrace.php(26): P\\Tests\\Unit\\Services\\OCR\\EmiratesId\\DriverEmiratesIdExtractorTest->{closure:Pest\\Concerns\\Testable::__callClosure():419}()
#8 /home/runner/work/blanka/blanka/vendor/pestphp/pest/src/Concerns/Testable.php(419): Pest\\Support\\ExceptionTrace::ensure()
#9 /home/runner/work/blanka/blanka/vendor/pestphp/pest/src/Concerns/Testable.php(321): P\\Tests\\Unit\\Services\\OCR\\EmiratesId\\DriverEmiratesIdExtractorTest->__callClosure()
#10 /home/runner/work/blanka/blanka/vendor/pestphp/pest/src/Factories/TestCaseFactory.php(169) : eval()'d code(71): P\\Tests\\Unit\\Services\\OCR\\EmiratesId\\DriverEmiratesIdExtractorTest->__runTest()
#11 /home/runner/work/blanka/blanka/vendor/phpunit/phpunit/src/Framework/TestCase.php(1656): P\\Tests\\Unit\\Services\\OCR\\EmiratesId\\DriverEmiratesIdExtractorTest->__pest_evaluable__DriverEmiratesIdExtractor__→_handles_malformed_date_gracefully()
#12 /home/runner/work/blanka/blanka/vendor/phpunit/phpunit/src/Framework/TestCase.php(514): PHPUnit\\Framework\\TestCase->runTest()
#13 /home/runner/work/blanka/blanka/vendor/phpunit/phpunit/src/Framework/TestRunner/TestRunner.php(87): PHPUnit\\Framework\\TestCase->runBare()
#14 /home/runner/work/blanka/blanka/vendor/phpunit/phpunit/src/Framework/TestCase.php(361): PHPUnit\\Framework\\TestRunner->run()
#15 /home/runner/work/blanka/blanka/vendor/phpunit/phpunit/src/Framework/TestSuite.php(369): PHPUnit\\Framework\\TestCase->run()
#16 /home/runner/work/blanka/blanka/vendor/phpunit/phpunit/src/Framework/TestSuite.php(369): PHPUnit\\Framework\\TestSuite->run()
#17 /home/runner/work/blanka/blanka/vendor/phpunit/phpunit/src/Framework/TestSuite.php(369): PHPUnit\\Framework\\TestSuite->run()
#18 /home/runner/work/blanka/blanka/vendor/phpunit/phpunit/src/TextUI/TestRunner.php(64): PHPUnit\\Framework\\TestSuite->run()
#19 /home/runner/work/blanka/blanka/vendor/phpunit/phpunit/src/TextUI/Application.php(211): PHPUnit\\TextUI\\TestRunner->run()
#20 /home/runner/work/blanka/blanka/vendor/pestphp/pest/src/Kernel.php(103): PHPUnit\\TextUI\\Application->run()
#21 /home/runner/work/blanka/blanka/vendor/pestphp/pest/bin/pest(184): Pest\\Kernel->handle()
#22 /home/runner/work/blanka/blanka/vendor/pestphp/pest/bin/pest(192): {closure:/home/runner/work/blanka/blanka/vendor/pestphp/pest/bin/pest:18}()
#23 /home/runner/work/blanka/blanka/vendor/bin/pest(119): include('...')
#24 {main}","code":0}} 
[2026-02-09 10:43:15] testing.ERROR: Failed to format date {"trace_id":"7e9f282d-85c2-4398-9f55-0461549077c4","is_console_command":true,"exception":{"message":"Could not parse 'invalid-date': Failed to parse time string (invalid-date) at position 0 (i): The timezone could not be found in the database","trace":"#0 /home/runner/work/blanka/blanka/vendor/nesbot/carbon/src/Carbon/Traits/Creator.php(214): Carbon\\Carbon::rawParse()
#1 /home/runner/work/blanka/blanka/app/Services/OCR/OcrUtils.php(58): Carbon\\Carbon::parse()
#2 /home/runner/work/blanka/blanka/app/Services/OCR/EmiratesId/DriverEmiratesIdExtractor.php(45): App\\Services\\OCR\\EmiratesId\\DriverEmiratesIdExtractor->formatDate()
#3 /home/runner/work/blanka/blanka/tests/Unit/Services/OCR/EmiratesId/DriverEmiratesIdExtractorTest.php(131): App\\Services\\OCR\\EmiratesId\\DriverEmiratesIdExtractor->extractDriverEmiratesIdData()
#4 /home/runner/work/blanka/blanka/vendor/pestphp/pest/src/Factories/TestCaseMethodFactory.php(168): P\\Tests\\Unit\\Services\\OCR\\EmiratesId\\DriverEmiratesIdExtractorTest->{closure:{closure:/home/runner/work/blanka/blanka/tests/Unit/Services/OCR/EmiratesId/DriverEmiratesIdExtractorTest.php:7}:125}()
#5 [internal function]: P\\Tests\\Unit\\Services\\OCR\\EmiratesId\\DriverEmiratesIdExtractorTest->{closure:Pest\\Factories\\TestCaseMethodFactory::getClosure():158}()
#6 /home/runner/work/blanka/blanka/vendor/pestphp/pest/src/Concerns/Testable.php(419): call_user_func_array()
#7 /home/runner/work/blanka/blanka/vendor/pestphp/pest/src/Support/ExceptionTrace.php(26): P\\Tests\\Unit\\Services\\OCR\\EmiratesId\\DriverEmiratesIdExtractorTest->{closure:Pest\\Concerns\\Testable::__callClosure():419}()
#8 /home/runner/work/blanka/blanka/vendor/pestphp/pest/src/Concerns/Testable.php(419): Pest\\Support\\ExceptionTrace::ensure()
#9 /home/runner/work/blanka/blanka/vendor/pestphp/pest/src/Concerns/Testable.php(321): P\\Tests\\Unit\\Services\\OCR\\EmiratesId\\DriverEmiratesIdExtractorTest->__callClosure()
#10 /home/runner/work/blanka/blanka/vendor/pestphp/pest/src/Factories/TestCaseFactory.php(169) : eval()'d code(71): P\\Tests\\Unit\\Services\\OCR\\EmiratesId\\DriverEmiratesIdExtractorTest->__runTest()
#11 /home/runner/work/blanka/blanka/vendor/phpunit/phpunit/src/Framework/TestCase.php(1656): P\\Tests\\Unit\\Services\\OCR\\EmiratesId\\DriverEmiratesIdExtractorTest->__pest_evaluable__DriverEmiratesIdExtractor__→_handles_malformed_date_gracefully()
#12 /home/runner/work/blanka/blanka/vendor/phpunit/phpunit/src/Framework/TestCase.php(514): PHPUnit\\Framework\\TestCase->runTest()
#13 /home/runner/work/blanka/blanka/vendor/phpunit/phpunit/src/Framework/TestRunner/TestRunner.php(87): PHPUnit\\Framework\\TestCase->runBare()
#14 /home/runner/work/blanka/blanka/vendor/phpunit/phpunit/src/Framework/TestCase.php(361): PHPUnit\\Framework\\TestRunner->run()
#15 /home/runner/work/blanka/blanka/vendor/phpunit/phpunit/src/Framework/TestSuite.php(369): PHPUnit\\Framework\\TestCase->run()
#16 /home/runner/work/blanka/blanka/vendor/phpunit/phpunit/src/Framework/TestSuite.php(369): PHPUnit\\Framework\\TestSuite->run()
#17 /home/runner/work/blanka/blanka/vendor/phpunit/phpunit/src/Framework/TestSuite.php(369): PHPUnit\\Framework\\TestSuite->run()
#18 /home/runner/work/blanka/blanka/vendor/phpunit/phpunit/src/TextUI/TestRunner.php(64): PHPUnit\\Framework\\TestSuite->run()
#19 /home/runner/work/blanka/blanka/vendor/phpunit/phpunit/src/TextUI/Application.php(211): PHPUnit\\TextUI\\TestRunner->run()
#20 /home/runner/work/blanka/blanka/vendor/pestphp/pest/src/Kernel.php(103): PHPUnit\\TextUI\\Application->run()
#21 /home/runner/work/blanka/blanka/vendor/pestphp/pest/bin/pest(184): Pest\\Kernel->handle()
#22 /home/runner/work/blanka/blanka/vendor/pestphp/pest/bin/pest(192): {closure:/home/runner/work/blanka/blanka/vendor/pestphp/pest/bin/pest:18}()
#23 /home/runner/work/blanka/blanka/vendor/bin/pest(119): include('...')
#24 {main}","code":0}} 
[2026-02-09 10:43:15] testing.INFO: isGenesisLead - isGigPlan: true {"trace_id":"5063a1ce-aad1-4314-aa04-c8917b0b2d42","is_console_command":true} 
[2026-02-09 10:43:15] testing.INFO: isGenesisLead - isGigPlan: true {"trace_id":"5063a1ce-aad1-4314-aa04-c8917b0b2d42","is_console_command":true} 
[2026-02-09 10:43:15] testing.INFO: fn: isGenesisLead - status: 1 {"trace_id":"5063a1ce-aad1-4314-aa04-c8917b0b2d42","is_console_command":true} 
[2026-02-09 10:43:15] testing.INFO: fn: isGenesisLead - status: 1 {"trace_id":"5063a1ce-aad1-4314-aa04-c8917b0b2d42","is_console_command":true} 
[2026-02-09 10:43:15] testing.INFO: isGenesisLead - isGigPlan: false {"trace_id":"41fa689b-c714-41e8-a459-ab523df50376","is_console_command":true} 
[2026-02-09 10:43:15] testing.INFO: isGenesisLead - isGigPlan: false {"trace_id":"41fa689b-c714-41e8-a459-ab523df50376","is_console_command":true} 
[2026-02-09 10:43:15] testing.INFO: fn: isGenesisLead - status:  {"trace_id":"41fa689b-c714-41e8-a459-ab523df50376","is_console_command":true} 
[2026-02-09 10:43:15] testing.INFO: fn: isGenesisLead - status:  {"trace_id":"41fa689b-c714-41e8-a459-ab523df50376","is_console_command":true} 
[2026-02-09 10:43:16] testing.INFO: fn: isGenesisLead - status:  {"trace_id":"9bb3e22e-5f56-4341-8dc7-b3df6d264531","is_console_command":true} 
[2026-02-09 10:43:16] testing.INFO: fn: isGenesisLead - status:  {"trace_id":"9bb3e22e-5f56-4341-8dc7-b3df6d264531","is_console_command":true} 
[2026-02-09 10:43:16] testing.INFO: isGenesisLead - isGigPlan: true {"trace_id":"e8b26187-7e4c-479e-8621-1415824eb4e0","is_console_command":true} 
[2026-02-09 10:43:16] testing.INFO: isGenesisLead - isGigPlan: true {"trace_id":"e8b26187-7e4c-479e-8621-1415824eb4e0","is_console_command":true} 
[2026-02-09 10:43:16] testing.INFO: fn: isGenesisLead - status: 1 {"trace_id":"e8b26187-7e4c-479e-8621-1415824eb4e0","is_console_command":true} 
[2026-02-09 10:43:16] testing.INFO: fn: isGenesisLead - status: 1 {"trace_id":"e8b26187-7e4c-479e-8621-1415824eb4e0","is_console_command":true} 
[2026-02-09 10:43:21] testing.INFO: Payment:Observer - Starting VAT calculation for payment code: TEST-QUOTE-698982091387a {"trace_id":"d4b0f2c4-4ddb-4d60-b378-cd9bb9919236","is_console_command":true} 
[2026-02-09 10:43:21] testing.INFO: Payment:Observer - Starting VAT calculation for payment code: TEST-QUOTE-698982091387a {"trace_id":"d4b0f2c4-4ddb-4d60-b378-cd9bb9919236","is_console_command":true,"extra":"{\"total_price\":1000}"} 
[2026-02-09 10:43:21] testing.INFO: Payment:Observer - Personal quote detected for payment code: TEST-QUOTE-698982091387a {"trace_id":"d4b0f2c4-4ddb-4d60-b378-cd9bb9919236","is_console_command":true} 
[2026-02-09 10:43:21] testing.INFO: Payment:Observer - Personal quote detected for payment code: TEST-QUOTE-698982091387a {"trace_id":"d4b0f2c4-4ddb-4d60-b378-cd9bb9919236","is_console_command":true} 
[2026-02-09 10:43:21] testing.INFO: SplitPaymentService - No VAT value found in application storage payment code: TEST-QUOTE-698982091387a {"trace_id":"d4b0f2c4-4ddb-4d60-b378-cd9bb9919236","is_console_command":true} 
[2026-02-09 10:43:21] testing.INFO: SplitPaymentService - No VAT value found in application storage payment code: TEST-QUOTE-698982091387a {"trace_id":"d4b0f2c4-4ddb-4d60-b378-cd9bb9919236","is_console_command":true,"extra":"{\"masterTotalPrice\":1000}"} 
[2026-02-09 10:43:21] testing.INFO: Payment:Observer - VAT calculation completed for payment code: TEST-QUOTE-698982091387a {"trace_id":"d4b0f2c4-4ddb-4d60-b378-cd9bb9919236","is_console_command":true} 
[2026-02-09 10:43:21] testing.INFO: Payment:Observer - VAT calculation completed for payment code: TEST-QUOTE-698982091387a {"trace_id":"d4b0f2c4-4ddb-4d60-b378-cd9bb9919236","is_console_command":true,"extra":"{\"price_without_vat\":1000,\"vat\":0,\"total_price\":1000,\"model_type\":\"Car\",\"quote_id\":1,\"send_update_log_id\":null}"} 
[2026-02-09 10:43:21] testing.INFO: Payment:Observer complete - update VAT and Price  for payment code: TEST-QUOTE-698982091387a {"trace_id":"d4b0f2c4-4ddb-4d60-b378-cd9bb9919236","is_console_command":true} 
[2026-02-09 10:43:21] testing.INFO: Payment:Observer complete - update VAT and Price  for payment code: TEST-QUOTE-698982091387a {"trace_id":"d4b0f2c4-4ddb-4d60-b378-cd9bb9919236","is_console_command":true} 
[2026-02-09 10:43:21] testing.INFO: Payment Status Update - Starting {"trace_id":"d4b0f2c4-4ddb-4d60-b378-cd9bb9919236","is_console_command":true} 
[2026-02-09 10:43:21] testing.INFO: Payment Status Update - Starting {"trace_id":"d4b0f2c4-4ddb-4d60-b378-cd9bb9919236","is_console_command":true,"extra":"{\"quote_type\":\"Life\",\"quote_id\":\"02312bb7-a012-47ca-a459-98d473e56cf7\"}"} 
[2026-02-09 10:43:21] testing.INFO: Payment Status Update - Quote found and validated {"trace_id":"d4b0f2c4-4ddb-4d60-b378-cd9bb9919236","is_console_command":true} 
[2026-02-09 10:43:21] testing.INFO: Payment Status Update - Quote found and validated {"trace_id":"d4b0f2c4-4ddb-4d60-b378-cd9bb9919236","is_console_command":true,"extra":"{\"quote_type\":\"Life\",\"quote_id\":\"02312bb7-a012-47ca-a459-98d473e56cf7\",\"quote_uuid\":\"02312bb7-a012-47ca-a459-98d473e56cf7\",\"advisor_id\":2}"} 
[2026-02-09 10:43:21] testing.INFO: Payment Status Update - Triggering PaymentNotifications event {"trace_id":"d4b0f2c4-4ddb-4d60-b378-cd9bb9919236","is_console_command":true} 
[2026-02-09 10:43:21] testing.INFO: Payment Status Update - Triggering PaymentNotifications event {"trace_id":"d4b0f2c4-4ddb-4d60-b378-cd9bb9919236","is_console_command":true,"extra":"{\"quote_uuid\":\"02312bb7-a012-47ca-a459-98d473e56cf7\",\"url\":\"\\/personal-quotes\\/life\\/02312bb7-a012-47ca-a459-98d473e56cf7\",\"quote_type_code\":\"LIF\"}"} 
[2026-02-09 10:43:21] testing.INFO: Payment Status Update - Completed successfully {"trace_id":"d4b0f2c4-4ddb-4d60-b378-cd9bb9919236","is_console_command":true} 
[2026-02-09 10:43:21] testing.INFO: Payment Status Update - Completed successfully {"trace_id":"d4b0f2c4-4ddb-4d60-b378-cd9bb9919236","is_console_command":true,"extra":"{\"quote_uuid\":\"02312bb7-a012-47ca-a459-98d473e56cf7\"}"} 
[2026-02-09 10:43:21] testing.INFO: Payment:Observer - Starting VAT calculation for payment code: TEST-QUOTE-698982093b348 {"trace_id":"22b24b10-1bf6-403e-bf32-0744534cef5a","is_console_command":true} 
[2026-02-09 10:43:21] testing.INFO: Payment:Observer - Starting VAT calculation for payment code: TEST-QUOTE-698982093b348 {"trace_id":"22b24b10-1bf6-403e-bf32-0744534cef5a","is_console_command":true,"extra":"{\"total_price\":1000}"} 
[2026-02-09 10:43:21] testing.INFO: Payment:Observer - Personal quote detected for payment code: TEST-QUOTE-698982093b348 {"trace_id":"22b24b10-1bf6-403e-bf32-0744534cef5a","is_console_command":true} 
[2026-02-09 10:43:21] testing.INFO: Payment:Observer - Personal quote detected for payment code: TEST-QUOTE-698982093b348 {"trace_id":"22b24b10-1bf6-403e-bf32-0744534cef5a","is_console_command":true} 
[2026-02-09 10:43:21] testing.INFO: SplitPaymentService - No VAT value found in application storage payment code: TEST-QUOTE-698982093b348 {"trace_id":"22b24b10-1bf6-403e-bf32-0744534cef5a","is_console_command":true} 
[2026-02-09 10:43:21] testing.INFO: SplitPaymentService - No VAT value found in application storage payment code: TEST-QUOTE-698982093b348 {"trace_id":"22b24b10-1bf6-403e-bf32-0744534cef5a","is_console_command":true,"extra":"{\"masterTotalPrice\":1000}"} 
[2026-02-09 10:43:21] testing.INFO: Payment:Observer - VAT calculation completed for payment code: TEST-QUOTE-698982093b348 {"trace_id":"22b24b10-1bf6-403e-bf32-0744534cef5a","is_console_command":true} 
[2026-02-09 10:43:21] testing.INFO: Payment:Observer - VAT calculation completed for payment code: TEST-QUOTE-698982093b348 {"trace_id":"22b24b10-1bf6-403e-bf32-0744534cef5a","is_console_command":true,"extra":"{\"price_without_vat\":1000,\"vat\":0,\"total_price\":1000,\"model_type\":\"Car\",\"quote_id\":1,\"send_update_log_id\":null}"} 
[2026-02-09 10:43:21] testing.INFO: Payment:Observer complete - update VAT and Price  for payment code: TEST-QUOTE-698982093b348 {"trace_id":"22b24b10-1bf6-403e-bf32-0744534cef5a","is_console_command":true} 
[2026-02-09 10:43:21] testing.INFO: Payment:Observer complete - update VAT and Price  for payment code: TEST-QUOTE-698982093b348 {"trace_id":"22b24b10-1bf6-403e-bf32-0744534cef5a","is_console_command":true} 
[2026-02-09 10:43:21] testing.INFO: Payment Status Update - Starting {"trace_id":"22b24b10-1bf6-403e-bf32-0744534cef5a","is_console_command":true} 
[2026-02-09 10:43:21] testing.INFO: Payment Status Update - Starting {"trace_id":"22b24b10-1bf6-403e-bf32-0744534cef5a","is_console_command":true,"extra":"{\"quote_type\":\"Life\",\"quote_id\":\"d531b572-5cbb-42df-98a5-6e088cf11e63\"}"} 
[2026-02-09 10:43:21] testing.INFO: Payment Status Update - Quote found and validated {"trace_id":"22b24b10-1bf6-403e-bf32-0744534cef5a","is_console_command":true} 
[2026-02-09 10:43:21] testing.INFO: Payment Status Update - Quote found and validated {"trace_id":"22b24b10-1bf6-403e-bf32-0744534cef5a","is_console_command":true,"extra":"{\"quote_type\":\"Life\",\"quote_id\":\"d531b572-5cbb-42df-98a5-6e088cf11e63\",\"quote_uuid\":\"d531b572-5cbb-42df-98a5-6e088cf11e63\",\"advisor_id\":2}"} 
[2026-02-09 10:43:21] testing.INFO: Payment Status Update - Triggering PaymentNotifications event {"trace_id":"22b24b10-1bf6-403e-bf32-0744534cef5a","is_console_command":true} 
[2026-02-09 10:43:21] testing.INFO: Payment Status Update - Triggering PaymentNotifications event {"trace_id":"22b24b10-1bf6-403e-bf32-0744534cef5a","is_console_command":true,"extra":"{\"quote_uuid\":\"d531b572-5cbb-42df-98a5-6e088cf11e63\",\"url\":\"\\/personal-quotes\\/life\\/d531b572-5cbb-42df-98a5-6e088cf11e63\",\"quote_type_code\":\"LIF\"}"} 
[2026-02-09 10:43:21] testing.INFO: Payment Status Update - Completed successfully {"trace_id":"22b24b10-1bf6-403e-bf32-0744534cef5a","is_console_command":true} 
[2026-02-09 10:43:21] testing.INFO: Payment Status Update - Completed successfully {"trace_id":"22b24b10-1bf6-403e-bf32-0744534cef5a","is_console_command":true,"extra":"{\"quote_uuid\":\"d531b572-5cbb-42df-98a5-6e088cf11e63\"}"} 
[2026-02-09 10:43:21] testing.INFO: Payment:Observer - Starting VAT calculation for payment code: CAR-QUOTE-6989820960d20 {"trace_id":"3d0d8d53-4e50-4a3e-9151-85890f21eebf","is_console_command":true} 
[2026-02-09 10:43:21] testing.INFO: Payment:Observer - Starting VAT calculation for payment code: CAR-QUOTE-6989820960d20 {"trace_id":"3d0d8d53-4e50-4a3e-9151-85890f21eebf","is_console_command":true,"extra":"{\"total_price\":1000}"} 
[2026-02-09 10:43:21] testing.INFO: Payment:Observer - Other quote type detected for payment code: CAR-QUOTE-6989820960d20 {"trace_id":"3d0d8d53-4e50-4a3e-9151-85890f21eebf","is_console_command":true} 
[2026-02-09 10:43:21] testing.INFO: Payment:Observer - Other quote type detected for payment code: CAR-QUOTE-6989820960d20 {"trace_id":"3d0d8d53-4e50-4a3e-9151-85890f21eebf","is_console_command":true} 
[2026-02-09 10:43:21] testing.INFO: SplitPaymentService - No VAT value found in application storage payment code: CAR-QUOTE-6989820960d20 {"trace_id":"3d0d8d53-4e50-4a3e-9151-85890f21eebf","is_console_command":true} 
[2026-02-09 10:43:21] testing.INFO: SplitPaymentService - No VAT value found in application storage payment code: CAR-QUOTE-6989820960d20 {"trace_id":"3d0d8d53-4e50-4a3e-9151-85890f21eebf","is_console_command":true,"extra":"{\"masterTotalPrice\":1000}"} 
[2026-02-09 10:43:21] testing.INFO: Payment:Observer - VAT calculation completed for payment code: CAR-QUOTE-6989820960d20 {"trace_id":"3d0d8d53-4e50-4a3e-9151-85890f21eebf","is_console_command":true} 
[2026-02-09 10:43:21] testing.INFO: Payment:Observer - VAT calculation completed for payment code: CAR-QUOTE-6989820960d20 {"trace_id":"3d0d8d53-4e50-4a3e-9151-85890f21eebf","is_console_command":true,"extra":"{\"price_without_vat\":1000,\"vat\":0,\"total_price\":1000,\"model_type\":\"Car\",\"quote_id\":1,\"send_update_log_id\":null}"} 
[2026-02-09 10:43:21] testing.INFO: Payment:Observer complete - update VAT and Price  for payment code: CAR-QUOTE-6989820960d20 {"trace_id":"3d0d8d53-4e50-4a3e-9151-85890f21eebf","is_console_command":true} 
[2026-02-09 10:43:21] testing.INFO: Payment:Observer complete - update VAT and Price  for payment code: CAR-QUOTE-6989820960d20 {"trace_id":"3d0d8d53-4e50-4a3e-9151-85890f21eebf","is_console_command":true} 
[2026-02-09 10:43:21] testing.INFO: Payment Status Update - Starting {"trace_id":"3d0d8d53-4e50-4a3e-9151-85890f21eebf","is_console_command":true} 
[2026-02-09 10:43:21] testing.INFO: Payment Status Update - Starting {"trace_id":"3d0d8d53-4e50-4a3e-9151-85890f21eebf","is_console_command":true,"extra":"{\"quote_type\":\"Car\",\"quote_id\":\"f0801f1a-2195-4b50-985e-ffcbcbcbccd2\"}"} 
[2026-02-09 10:43:21] testing.INFO: Payment Status Update - Quote found and validated {"trace_id":"3d0d8d53-4e50-4a3e-9151-85890f21eebf","is_console_command":true} 
[2026-02-09 10:43:21] testing.INFO: Payment Status Update - Quote found and validated {"trace_id":"3d0d8d53-4e50-4a3e-9151-85890f21eebf","is_console_command":true,"extra":"{\"quote_type\":\"Car\",\"quote_id\":\"f0801f1a-2195-4b50-985e-ffcbcbcbccd2\",\"quote_uuid\":\"f0801f1a-2195-4b50-985e-ffcbcbcbccd2\",\"advisor_id\":2}"} 
[2026-02-09 10:43:21] testing.INFO: Payment Status Update - Triggering PaymentNotifications event {"trace_id":"3d0d8d53-4e50-4a3e-9151-85890f21eebf","is_console_command":true} 
[2026-02-09 10:43:21] testing.INFO: Payment Status Update - Triggering PaymentNotifications event {"trace_id":"3d0d8d53-4e50-4a3e-9151-85890f21eebf","is_console_command":true,"extra":"{\"quote_uuid\":\"f0801f1a-2195-4b50-985e-ffcbcbcbccd2\",\"url\":\"http:\\/\\/localhost\\/quotes\\/car\\/f0801f1a-2195-4b50-985e-ffcbcbcbccd2\",\"quote_type_code\":\"CAR\"}"} 
[2026-02-09 10:43:21] testing.INFO: Payment Status Update - Completed successfully {"trace_id":"3d0d8d53-4e50-4a3e-9151-85890f21eebf","is_console_command":true} 
[2026-02-09 10:43:21] testing.INFO: Payment Status Update - Completed successfully {"trace_id":"3d0d8d53-4e50-4a3e-9151-85890f21eebf","is_console_command":true,"extra":"{\"quote_uuid\":\"f0801f1a-2195-4b50-985e-ffcbcbcbccd2\"}"} 
[2026-02-09 10:43:21] testing.INFO: Payment:Observer - Starting VAT calculation for payment code: TEST-QUOTE-0-6989820988e13 {"trace_id":"0ecfa4cc-0882-47c8-a718-700fd895ebb4","is_console_command":true} 
[2026-02-09 10:43:21] testing.INFO: Payment:Observer - Starting VAT calculation for payment code: TEST-QUOTE-0-6989820988e13 {"trace_id":"0ecfa4cc-0882-47c8-a718-700fd895ebb4","is_console_command":true,"extra":"{\"total_price\":1000}"} 
[2026-02-09 10:43:21] testing.INFO: Payment:Observer - Personal quote detected for payment code: TEST-QUOTE-0-6989820988e13 {"trace_id":"0ecfa4cc-0882-47c8-a718-700fd895ebb4","is_console_command":true} 
[2026-02-09 10:43:21] testing.INFO: Payment:Observer - Personal quote detected for payment code: TEST-QUOTE-0-6989820988e13 {"trace_id":"0ecfa4cc-0882-47c8-a718-700fd895ebb4","is_console_command":true} 
[2026-02-09 10:43:21] testing.INFO: SplitPaymentService - No VAT value found in application storage payment code: TEST-QUOTE-0-6989820988e13 {"trace_id":"0ecfa4cc-0882-47c8-a718-700fd895ebb4","is_console_command":true} 
[2026-02-09 10:43:21] testing.INFO: SplitPaymentService - No VAT value found in application storage payment code: TEST-QUOTE-0-6989820988e13 {"trace_id":"0ecfa4cc-0882-47c8-a718-700fd895ebb4","is_console_command":true,"extra":"{\"masterTotalPrice\":1000}"} 
[2026-02-09 10:43:21] testing.INFO: Payment:Observer - VAT calculation completed for payment code: TEST-QUOTE-0-6989820988e13 {"trace_id":"0ecfa4cc-0882-47c8-a718-700fd895ebb4","is_console_command":true} 
[2026-02-09 10:43:21] testing.INFO: Payment:Observer - VAT calculation completed for payment code: TEST-QUOTE-0-6989820988e13 {"trace_id":"0ecfa4cc-0882-47c8-a718-700fd895ebb4","is_console_command":true,"extra":"{\"price_without_vat\":1000,\"vat\":0,\"total_price\":1000,\"model_type\":\"Car\",\"quote_id\":2,\"send_update_log_id\":null}"} 
[2026-02-09 10:43:21] testing.INFO: Payment:Observer complete - update VAT and Price  for payment code: TEST-QUOTE-0-6989820988e13 {"trace_id":"0ecfa4cc-0882-47c8-a718-700fd895ebb4","is_console_command":true} 
[2026-02-09 10:43:21] testing.INFO: Payment:Observer complete - update VAT and Price  for payment code: TEST-QUOTE-0-6989820988e13 {"trace_id":"0ecfa4cc-0882-47c8-a718-700fd895ebb4","is_console_command":true} 
[2026-02-09 10:43:21] testing.INFO: Payment:Observer - Starting VAT calculation for payment code: TEST-QUOTE-1-698982098a09d {"trace_id":"0ecfa4cc-0882-47c8-a718-700fd895ebb4","is_console_command":true} 
[2026-02-09 10:43:21] testing.INFO: Payment:Observer - Starting VAT calculation for payment code: TEST-QUOTE-1-698982098a09d {"trace_id":"0ecfa4cc-0882-47c8-a718-700fd895ebb4","is_console_command":true,"extra":"{\"total_price\":1000}"} 
[2026-02-09 10:43:21] testing.INFO: Payment:Observer - Personal quote detected for payment code: TEST-QUOTE-1-698982098a09d {"trace_id":"0ecfa4cc-0882-47c8-a718-700fd895ebb4","is_console_command":true} 
[2026-02-09 10:43:21] testing.INFO: Payment:Observer - Personal quote detected for payment code: TEST-QUOTE-1-698982098a09d {"trace_id":"0ecfa4cc-0882-47c8-a718-700fd895ebb4","is_console_command":true} 
[2026-02-09 10:43:21] testing.INFO: SplitPaymentService - No VAT value found in application storage payment code: TEST-QUOTE-1-698982098a09d {"trace_id":"0ecfa4cc-0882-47c8-a718-700fd895ebb4","is_console_command":true} 
[2026-02-09 10:43:21] testing.INFO: SplitPaymentService - No VAT value found in application storage payment code: TEST-QUOTE-1-698982098a09d {"trace_id":"0ecfa4cc-0882-47c8-a718-700fd895ebb4","is_console_command":true,"extra":"{\"masterTotalPrice\":1000}"} 
[2026-02-09 10:43:21] testing.INFO: Payment:Observer - VAT calculation completed for payment code: TEST-QUOTE-1-698982098a09d {"trace_id":"0ecfa4cc-0882-47c8-a718-700fd895ebb4","is_console_command":true} 
[2026-02-09 10:43:21] testing.INFO: Payment:Observer - VAT calculation completed for payment code: TEST-QUOTE-1-698982098a09d {"trace_id":"0ecfa4cc-0882-47c8-a718-700fd895ebb4","is_console_command":true,"extra":"{\"price_without_vat\":1000,\"vat\":0,\"total_price\":1000,\"model_type\":\"Car\",\"quote_id\":3,\"send_update_log_id\":null}"} 
[2026-02-09 10:43:21] testing.INFO: Payment:Observer complete - update VAT and Price  for payment code: TEST-QUOTE-1-698982098a09d {"trace_id":"0ecfa4cc-0882-47c8-a718-700fd895ebb4","is_console_command":true} 
[2026-02-09 10:43:21] testing.INFO: Payment:Observer complete - update VAT and Price  for payment code: TEST-QUOTE-1-698982098a09d {"trace_id":"0ecfa4cc-0882-47c8-a718-700fd895ebb4","is_console_command":true} 
[2026-02-09 10:43:21] testing.INFO: Payment:Observer - Starting VAT calculation for payment code: TEST-QUOTE-2-698982098b25f {"trace_id":"0ecfa4cc-0882-47c8-a718-700fd895ebb4","is_console_command":true} 
[2026-02-09 10:43:21] testing.INFO: Payment:Observer - Starting VAT calculation for payment code: TEST-QUOTE-2-698982098b25f {"trace_id":"0ecfa4cc-0882-47c8-a718-700fd895ebb4","is_console_command":true,"extra":"{\"total_price\":1000}"} 
[2026-02-09 10:43:21] testing.INFO: Payment:Observer - Personal quote detected for payment code: TEST-QUOTE-2-698982098b25f {"trace_id":"0ecfa4cc-0882-47c8-a718-700fd895ebb4","is_console_command":true} 
[2026-02-09 10:43:21] testing.INFO: Payment:Observer - Personal quote detected for payment code: TEST-QUOTE-2-698982098b25f {"trace_id":"0ecfa4cc-0882-47c8-a718-700fd895ebb4","is_console_command":true} 
[2026-02-09 10:43:21] testing.INFO: SplitPaymentService - No VAT value found in application storage payment code: TEST-QUOTE-2-698982098b25f {"trace_id":"0ecfa4cc-0882-47c8-a718-700fd895ebb4","is_console_command":true} 
[2026-02-09 10:43:21] testing.INFO: SplitPaymentService - No VAT value found in application storage payment code: TEST-QUOTE-2-698982098b25f {"trace_id":"0ecfa4cc-0882-47c8-a718-700fd895ebb4","is_console_command":true,"extra":"{\"masterTotalPrice\":1000}"} 
[2026-02-09 10:43:21] testing.INFO: Payment:Observer - VAT calculation completed for payment code: TEST-QUOTE-2-698982098b25f {"trace_id":"0ecfa4cc-0882-47c8-a718-700fd895ebb4","is_console_command":true} 
[2026-02-09 10:43:21] testing.INFO: Payment:Observer - VAT calculation completed for payment code: TEST-QUOTE-2-698982098b25f {"trace_id":"0ecfa4cc-0882-47c8-a718-700fd895ebb4","is_console_command":true,"extra":"{\"price_without_vat\":1000,\"vat\":0,\"total_price\":1000,\"model_type\":\"Car\",\"quote_id\":4,\"send_update_log_id\":null}"} 
[2026-02-09 10:43:21] testing.INFO: Payment:Observer complete - update VAT and Price  for payment code: TEST-QUOTE-2-698982098b25f {"trace_id":"0ecfa4cc-0882-47c8-a718-700fd895ebb4","is_console_command":true} 
[2026-02-09 10:43:21] testing.INFO: Payment:Observer complete - update VAT and Price  for payment code: TEST-QUOTE-2-698982098b25f {"trace_id":"0ecfa4cc-0882-47c8-a718-700fd895ebb4","is_console_command":true} 
[2026-02-09 10:43:21] testing.INFO: Payment:Observer - Starting VAT calculation for payment code: TEST-QUOTE-2-698982098c3e7 {"trace_id":"0ecfa4cc-0882-47c8-a718-700fd895ebb4","is_console_command":true} 
[2026-02-09 10:43:21] testing.INFO: Payment:Observer - Starting VAT calculation for payment code: TEST-QUOTE-2-698982098c3e7 {"trace_id":"0ecfa4cc-0882-47c8-a718-700fd895ebb4","is_console_command":true,"extra":"{\"total_price\":1000}"} 
[2026-02-09 10:43:21] testing.INFO: Payment:Observer - Personal quote detected for payment code: TEST-QUOTE-2-698982098c3e7 {"trace_id":"0ecfa4cc-0882-47c8-a718-700fd895ebb4","is_console_command":true} 
[2026-02-09 10:43:21] testing.INFO: Payment:Observer - Personal quote detected for payment code: TEST-QUOTE-2-698982098c3e7 {"trace_id":"0ecfa4cc-0882-47c8-a718-700fd895ebb4","is_console_command":true} 
[2026-02-09 10:43:21] testing.INFO: SplitPaymentService - No VAT value found in application storage payment code: TEST-QUOTE-2-698982098c3e7 {"trace_id":"0ecfa4cc-0882-47c8-a718-700fd895ebb4","is_console_command":true} 
[2026-02-09 10:43:21] testing.INFO: SplitPaymentService - No VAT value found in application storage payment code: TEST-QUOTE-2-698982098c3e7 {"trace_id":"0ecfa4cc-0882-47c8-a718-700fd895ebb4","is_console_command":true,"extra":"{\"masterTotalPrice\":1000}"} 
[2026-02-09 10:43:21] testing.INFO: Payment:Observer - VAT calculation completed for payment code: TEST-QUOTE-2-698982098c3e7 {"trace_id":"0ecfa4cc-0882-47c8-a718-700fd895ebb4","is_console_command":true} 
[2026-02-09 10:43:21] testing.INFO: Payment:Observer - VAT calculation completed for payment code: TEST-QUOTE-2-698982098c3e7 {"trace_id":"0ecfa4cc-0882-47c8-a718-700fd895ebb4","is_console_command":true,"extra":"{\"price_without_vat\":1000,\"vat\":0,\"total_price\":1000,\"model_type\":\"Car\",\"quote_id\":5,\"send_update_log_id\":null}"} 
[2026-02-09 10:43:21] testing.INFO: Payment:Observer complete - update VAT and Price  for payment code: TEST-QUOTE-2-698982098c3e7 {"trace_id":"0ecfa4cc-0882-47c8-a718-700fd895ebb4","is_console_command":true} 
[2026-02-09 10:43:21] testing.INFO: Payment:Observer complete - update VAT and Price  for payment code: TEST-QUOTE-2-698982098c3e7 {"trace_id":"0ecfa4cc-0882-47c8-a718-700fd895ebb4","is_console_command":true} 
[2026-02-09 10:43:21] testing.INFO: Payment:Observer - Starting VAT calculation for payment code: TEST-QUOTE-69898209b0e6b {"trace_id":"bee02b03-ddf8-495e-b733-0d751b4c45f5","is_console_command":true} 
[2026-02-09 10:43:21] testing.INFO: Payment:Observer - Starting VAT calculation for payment code: TEST-QUOTE-69898209b0e6b {"trace_id":"bee02b03-ddf8-495e-b733-0d751b4c45f5","is_console_command":true,"extra":"{\"total_price\":1000}"} 
[2026-02-09 10:43:21] testing.INFO: Payment:Observer - Personal quote detected for payment code: TEST-QUOTE-69898209b0e6b {"trace_id":"bee02b03-ddf8-495e-b733-0d751b4c45f5","is_console_command":true} 
[2026-02-09 10:43:21] testing.INFO: Payment:Observer - Personal quote detected for payment code: TEST-QUOTE-69898209b0e6b {"trace_id":"bee02b03-ddf8-495e-b733-0d751b4c45f5","is_console_command":true} 
[2026-02-09 10:43:21] testing.INFO: SplitPaymentService - No VAT value found in application storage payment code: TEST-QUOTE-69898209b0e6b {"trace_id":"bee02b03-ddf8-495e-b733-0d751b4c45f5","is_console_command":true} 
[2026-02-09 10:43:21] testing.INFO: SplitPaymentService - No VAT value found in application storage payment code: TEST-QUOTE-69898209b0e6b {"trace_id":"bee02b03-ddf8-495e-b733-0d751b4c45f5","is_console_command":true,"extra":"{\"masterTotalPrice\":1000}"} 
[2026-02-09 10:43:21] testing.INFO: Payment:Observer - VAT calculation completed for payment code: TEST-QUOTE-69898209b0e6b {"trace_id":"bee02b03-ddf8-495e-b733-0d751b4c45f5","is_console_command":true} 
[2026-02-09 10:43:21] testing.INFO: Payment:Observer - VAT calculation completed for payment code: TEST-QUOTE-69898209b0e6b {"trace_id":"bee02b03-ddf8-495e-b733-0d751b4c45f5","is_console_command":true,"extra":"{\"price_without_vat\":1000,\"vat\":0,\"total_price\":1000,\"model_type\":\"Car\",\"quote_id\":1,\"send_update_log_id\":null}"} 
[2026-02-09 10:43:21] testing.INFO: Payment:Observer complete - update VAT and Price  for payment code: TEST-QUOTE-69898209b0e6b {"trace_id":"bee02b03-ddf8-495e-b733-0d751b4c45f5","is_console_command":true} 
[2026-02-09 10:43:21] testing.INFO: Payment:Observer complete - update VAT and Price  for payment code: TEST-QUOTE-69898209b0e6b {"trace_id":"bee02b03-ddf8-495e-b733-0d751b4c45f5","is_console_command":true} 
[2026-02-09 10:43:21] testing.INFO: Payment:Observer - Starting VAT calculation for payment code: TEST-QUOTE-69898209b0e6b-2 {"trace_id":"bee02b03-ddf8-495e-b733-0d751b4c45f5","is_console_command":true} 
[2026-02-09 10:43:21] testing.INFO: Payment:Observer - Starting VAT calculation for payment code: TEST-QUOTE-69898209b0e6b-2 {"trace_id":"bee02b03-ddf8-495e-b733-0d751b4c45f5","is_console_command":true,"extra":"{\"total_price\":1000}"} 
[2026-02-09 10:43:21] testing.INFO: Payment:Observer - Personal quote detected for payment code: TEST-QUOTE-69898209b0e6b-2 {"trace_id":"bee02b03-ddf8-495e-b733-0d751b4c45f5","is_console_command":true} 
[2026-02-09 10:43:21] testing.INFO: Payment:Observer - Personal quote detected for payment code: TEST-QUOTE-69898209b0e6b-2 {"trace_id":"bee02b03-ddf8-495e-b733-0d751b4c45f5","is_console_command":true} 
[2026-02-09 10:43:21] testing.INFO: SplitPaymentService - No VAT value found in application storage payment code: TEST-QUOTE-69898209b0e6b-2 {"trace_id":"bee02b03-ddf8-495e-b733-0d751b4c45f5","is_console_command":true} 
[2026-02-09 10:43:21] testing.INFO: SplitPaymentService - No VAT value found in application storage payment code: TEST-QUOTE-69898209b0e6b-2 {"trace_id":"bee02b03-ddf8-495e-b733-0d751b4c45f5","is_console_command":true,"extra":"{\"masterTotalPrice\":1000}"} 
[2026-02-09 10:43:21] testing.INFO: Payment:Observer - VAT calculation completed for payment code: TEST-QUOTE-69898209b0e6b-2 {"trace_id":"bee02b03-ddf8-495e-b733-0d751b4c45f5","is_console_command":true} 
[2026-02-09 10:43:21] testing.INFO: Payment:Observer - VAT calculation completed for payment code: TEST-QUOTE-69898209b0e6b-2 {"trace_id":"bee02b03-ddf8-495e-b733-0d751b4c45f5","is_console_command":true,"extra":"{\"price_without_vat\":1000,\"vat\":0,\"total_price\":1000,\"model_type\":\"Car\",\"quote_id\":1,\"send_update_log_id\":null}"} 
[2026-02-09 10:43:21] testing.INFO: Payment:Observer complete - update VAT and Price  for payment code: TEST-QUOTE-69898209b0e6b-2 {"trace_id":"bee02b03-ddf8-495e-b733-0d751b4c45f5","is_console_command":true} 
[2026-02-09 10:43:21] testing.INFO: Payment:Observer complete - update VAT and Price  for payment code: TEST-QUOTE-69898209b0e6b-2 {"trace_id":"bee02b03-ddf8-495e-b733-0d751b4c45f5","is_console_command":true} 
[2026-02-09 10:43:21] testing.INFO: Payment:Observer - Starting VAT calculation for payment code: TEST-QUOTE-69898209b0e6b-3 {"trace_id":"bee02b03-ddf8-495e-b733-0d751b4c45f5","is_console_command":true} 
[2026-02-09 10:43:21] testing.INFO: Payment:Observer - Starting VAT calculation for payment code: TEST-QUOTE-69898209b0e6b-3 {"trace_id":"bee02b03-ddf8-495e-b733-0d751b4c45f5","is_console_command":true,"extra":"{\"total_price\":1000}"} 
[2026-02-09 10:43:21] testing.INFO: Payment:Observer - Personal quote detected for payment code: TEST-QUOTE-69898209b0e6b-3 {"trace_id":"bee02b03-ddf8-495e-b733-0d751b4c45f5","is_console_command":true} 
[2026-02-09 10:43:21] testing.INFO: Payment:Observer - Personal quote detected for payment code: TEST-QUOTE-69898209b0e6b-3 {"trace_id":"bee02b03-ddf8-495e-b733-0d751b4c45f5","is_console_command":true} 
[2026-02-09 10:43:21] testing.INFO: SplitPaymentService - No VAT value found in application storage payment code: TEST-QUOTE-69898209b0e6b-3 {"trace_id":"bee02b03-ddf8-495e-b733-0d751b4c45f5","is_console_command":true} 
[2026-02-09 10:43:21] testing.INFO: SplitPaymentService - No VAT value found in application storage payment code: TEST-QUOTE-69898209b0e6b-3 {"trace_id":"bee02b03-ddf8-495e-b733-0d751b4c45f5","is_console_command":true,"extra":"{\"masterTotalPrice\":1000}"} 
[2026-02-09 10:43:21] testing.INFO: Payment:Observer - VAT calculation completed for payment code: TEST-QUOTE-69898209b0e6b-3 {"trace_id":"bee02b03-ddf8-495e-b733-0d751b4c45f5","is_console_command":true} 
[2026-02-09 10:43:21] testing.INFO: Payment:Observer - VAT calculation completed for payment code: TEST-QUOTE-69898209b0e6b-3 {"trace_id":"bee02b03-ddf8-495e-b733-0d751b4c45f5","is_console_command":true,"extra":"{\"price_without_vat\":1000,\"vat\":0,\"total_price\":1000,\"model_type\":\"Car\",\"quote_id\":1,\"send_update_log_id\":null}"} 
[2026-02-09 10:43:21] testing.INFO: Payment:Observer complete - update VAT and Price  for payment code: TEST-QUOTE-69898209b0e6b-3 {"trace_id":"bee02b03-ddf8-495e-b733-0d751b4c45f5","is_console_command":true} 
[2026-02-09 10:43:21] testing.INFO: Payment:Observer complete - update VAT and Price  for payment code: TEST-QUOTE-69898209b0e6b-3 {"trace_id":"bee02b03-ddf8-495e-b733-0d751b4c45f5","is_console_command":true} 
[2026-02-09 10:43:21] testing.INFO: User with ID: 1 and email : admin@example.com logged in. {"trace_id":"522c95a3-d97c-4761-a943-dc7460d05b7e","is_console_command":true} 
[2026-02-09 10:43:21] testing.INFO: User with ID: 1 and email : admin@example.com logged in. {"trace_id":"522c95a3-d97c-4761-a943-dc7460d05b7e","is_console_command":true} 
[2026-02-09 10:43:21] testing.INFO: Sending AIGWorkflow for lead: test-car-quote-uuid-69898209da166 | Time: 2026-02-09 10:43:21 {"trace_id":"522c95a3-d97c-4761-a943-dc7460d05b7e","is_console_command":true} 
[2026-02-09 10:43:21] testing.INFO: Sending AIGWorkflow for lead: test-car-quote-uuid-69898209da166 | Time: 2026-02-09 10:43:21 {"trace_id":"522c95a3-d97c-4761-a943-dc7460d05b7e","is_console_command":true} 
[2026-02-09 10:43:21] testing.INFO: Bird Webhook Request initiated {"trace_id":"522c95a3-d97c-4761-a943-dc7460d05b7e","is_console_command":true} 
[2026-02-09 10:43:21] testing.INFO: Bird Webhook Request initiated {"trace_id":"522c95a3-d97c-4761-a943-dc7460d05b7e","is_console_command":true,"extra":"{\"Ref-ID\":\"test-car-quote-uuid-69898209da166\",\"URL\":\"https:\\/\\/example.test\\/bird\\/workflow\",\"Method\":\"post\"}"} 
[2026-02-09 10:43:21] testing.INFO: Bird Webhook Response: Ref-ID: test-car-quote-uuid-69898209da166 | Status: 200 | Time: 2026-02-09 10:43:21 {"trace_id":"522c95a3-d97c-4761-a943-dc7460d05b7e","is_console_command":true} 
[2026-02-09 10:43:21] testing.INFO: Bird Webhook Response: Ref-ID: test-car-quote-uuid-69898209da166 | Status: 200 | Time: 2026-02-09 10:43:21 {"trace_id":"522c95a3-d97c-4761-a943-dc7460d05b7e","is_console_command":true} 
[2026-02-09 10:43:21] testing.INFO: Bird Webhook Response: Ref-ID: test-car-quote-uuid-69898209da166 | Headers: {"Run-Id":["test-run-id"],"Content-Type":["application\/json"]} {"trace_id":"522c95a3-d97c-4761-a943-dc7460d05b7e","is_console_command":true} 
[2026-02-09 10:43:21] testing.INFO: Bird Webhook Response: Ref-ID: test-car-quote-uuid-69898209da166 | Headers: {"Run-Id":["test-run-id"],"Content-Type":["application\/json"]} {"trace_id":"522c95a3-d97c-4761-a943-dc7460d05b7e","is_console_command":true} 
[2026-02-09 10:43:21] testing.INFO: AIGWorkflow event triggered for lead Ref-ID: test-car-quote-uuid-69898209da166 | Time: 2026-02-09 10:43:21 {"trace_id":"522c95a3-d97c-4761-a943-dc7460d05b7e","is_console_command":true} 
[2026-02-09 10:43:21] testing.INFO: AIGWorkflow event triggered for lead Ref-ID: test-car-quote-uuid-69898209da166 | Time: 2026-02-09 10:43:21 {"trace_id":"522c95a3-d97c-4761-a943-dc7460d05b7e","is_console_command":true} 
[2026-02-09 10:43:21] testing.INFO: AIGWorkflow response: 200 | Ref-ID: test-car-quote-uuid-69898209da166 | Time: 2026-02-09 10:43:21 {"trace_id":"522c95a3-d97c-4761-a943-dc7460d05b7e","is_console_command":true} 
[2026-02-09 10:43:21] testing.INFO: AIGWorkflow response: 200 | Ref-ID: test-car-quote-uuid-69898209da166 | Time: 2026-02-09 10:43:21 {"trace_id":"522c95a3-d97c-4761-a943-dc7460d05b7e","is_console_command":true} 
[2026-02-09 10:43:21] testing.INFO: AIGWorkflow lead ref-id: test-car-quote-uuid-69898209da166 | Quote StatusID:  | Time: 2026-02-09 10:43:21 {"trace_id":"522c95a3-d97c-4761-a943-dc7460d05b7e","is_console_command":true} 
[2026-02-09 10:43:21] testing.INFO: AIGWorkflow lead ref-id: test-car-quote-uuid-69898209da166 | Quote StatusID:  | Time: 2026-02-09 10:43:21 {"trace_id":"522c95a3-d97c-4761-a943-dc7460d05b7e","is_console_command":true} 
[2026-02-09 10:43:21] testing.INFO: App\Services\EmailServices\CarEmailService - createQuoteFlowDetails  run id created for lead : Ref-ID: test-car-quote-uuid-69898209da166 |Time: 2026-02-09 10:43:21 {"trace_id":"522c95a3-d97c-4761-a943-dc7460d05b7e","is_console_command":true} 
[2026-02-09 10:43:21] testing.INFO: App\Services\EmailServices\CarEmailService - createQuoteFlowDetails  run id created for lead : Ref-ID: test-car-quote-uuid-69898209da166 |Time: 2026-02-09 10:43:21 {"trace_id":"522c95a3-d97c-4761-a943-dc7460d05b7e","is_console_command":true} 
[2026-02-09 10:43:22] testing.INFO: User with ID: 1 and email : admin@example.com logged in. {"trace_id":"8c9d48d5-5491-4f75-8024-4543076f0877","is_console_command":true} 
[2026-02-09 10:43:22] testing.INFO: User with ID: 1 and email : admin@example.com logged in. {"trace_id":"8c9d48d5-5491-4f75-8024-4543076f0877","is_console_command":true} 
[2026-02-09 10:43:22] testing.INFO: Sending AIGWorkflow for lead: test-car-quote-uuid-6989820a0b7d1 | Time: 2026-02-09 10:43:22 {"trace_id":"8c9d48d5-5491-4f75-8024-4543076f0877","is_console_command":true} 
[2026-02-09 10:43:22] testing.INFO: Sending AIGWorkflow for lead: test-car-quote-uuid-6989820a0b7d1 | Time: 2026-02-09 10:43:22 {"trace_id":"8c9d48d5-5491-4f75-8024-4543076f0877","is_console_command":true} 
[2026-02-09 10:43:22] testing.INFO: AIGWorkflow already executed: 2026-02-09 10:43:22 for lead Ref-ID: test-car-quote-uuid-6989820a0b7d1 | Time: 2026-02-09 10:43:22 {"trace_id":"8c9d48d5-5491-4f75-8024-4543076f0877","is_console_command":true} 
[2026-02-09 10:43:22] testing.INFO: AIGWorkflow already executed: 2026-02-09 10:43:22 for lead Ref-ID: test-car-quote-uuid-6989820a0b7d1 | Time: 2026-02-09 10:43:22 {"trace_id":"8c9d48d5-5491-4f75-8024-4543076f0877","is_console_command":true} 
[2026-02-09 10:43:22] testing.INFO: User with ID: 1 and email : admin@example.com logged in. {"trace_id":"c462a8be-ddec-4e7d-b7cc-629841a414fe","is_console_command":true} 
[2026-02-09 10:43:22] testing.INFO: User with ID: 1 and email : admin@example.com logged in. {"trace_id":"c462a8be-ddec-4e7d-b7cc-629841a414fe","is_console_command":true} 
[2026-02-09 10:43:22] testing.INFO: Sending AIGWorkflow for lead: test-car-quote-uuid-6989820a30da1 | Time: 2026-02-09 10:43:22 {"trace_id":"c462a8be-ddec-4e7d-b7cc-629841a414fe","is_console_command":true} 
[2026-02-09 10:43:22] testing.INFO: Sending AIGWorkflow for lead: test-car-quote-uuid-6989820a30da1 | Time: 2026-02-09 10:43:22 {"trace_id":"c462a8be-ddec-4e7d-b7cc-629841a414fe","is_console_command":true} 
[2026-02-09 10:43:22] testing.INFO: AIGWorkflow key not found for lead: Ref-ID: test-car-quote-uuid-6989820a30da1 | Time: 2026-02-09 10:43:22 {"trace_id":"c462a8be-ddec-4e7d-b7cc-629841a414fe","is_console_command":true} 
[2026-02-09 10:43:22] testing.INFO: AIGWorkflow key not found for lead: Ref-ID: test-car-quote-uuid-6989820a30da1 | Time: 2026-02-09 10:43:22 {"trace_id":"c462a8be-ddec-4e7d-b7cc-629841a414fe","is_console_command":true} 
[2026-02-09 10:43:22] testing.INFO: fn:updatePersonalQuote - Code : 5900611b-9005-39db-8984-784d5114a236 {"trace_id":"4b3d2397-0e22-4549-bb19-d0376545160c","is_console_command":true} 
[2026-02-09 10:43:22] testing.INFO: fn:updatePersonalQuote - Code : 5900611b-9005-39db-8984-784d5114a236 {"trace_id":"4b3d2397-0e22-4549-bb19-d0376545160c","is_console_command":true} 
[2026-02-09 10:43:22] testing.ERROR: CarQuoteObserver - update personal quote failed {"trace_id":"4b3d2397-0e22-4549-bb19-d0376545160c","is_console_command":true,"error":"SQLSTATE[HY000]: General error: 1 no such table: personal_quote_details (Connection: sqlite, Database: :memory:, SQL: select * from \"personal_quote_details\" where (\"personal_quote_id\" = 1) limit 1)","uuid":"5900611b-9005-39db-8984-784d5114a236"} 
[2026-02-09 10:43:22] testing.ERROR: CarQuoteObserver - update personal quote failed {"trace_id":"4b3d2397-0e22-4549-bb19-d0376545160c","is_console_command":true,"error":"SQLSTATE[HY000]: General error: 1 no such table: personal_quote_details (Connection: sqlite, Database: :memory:, SQL: select * from \"personal_quote_details\" where (\"personal_quote_id\" = 1) limit 1)","uuid":"5900611b-9005-39db-8984-784d5114a236"} 
[2026-02-09 10:43:22] testing.ERROR: CarQuoteObserver - save branch data failed {"trace_id":"4b3d2397-0e22-4549-bb19-d0376545160c","is_console_command":true,"exception":{"message":"SQLSTATE[HY000]: General error: 1 no such column: branch_id (Connection: sqlite, Database: :memory:, SQL: update \"car_quote_request\" set \"quote_status_id\" = 71, \"quote_status_date\" = 2026-02-09 10:43:22, \"branch_id\" = 1, \"updated_at\" = 2026-02-09 10:43:22 where \"id\" = 1)","trace":"#0 /home/runner/work/blanka/blanka/vendor/laravel/framework/src/Illuminate/Database/Connection.php(794): Illuminate\\Database\\Connection->runQueryCallback()
#1 /home/runner/work/blanka/blanka/vendor/laravel/framework/src/Illuminate/Database/Connection.php(597): Illuminate\\Database\\Connection->run()
#2 /home/runner/work/blanka/blanka/vendor/laravel/framework/src/Illuminate/Database/Connection.php(549): Illuminate\\Database\\Connection->affectingStatement()
#3 /home/runner/work/blanka/blanka/vendor/staudenmeir/laravel-cte/src/Query/Traits/BuildsExpressionQueries.php(264): Illuminate\\Database\\Connection->update()
#4 /home/runner/work/blanka/blanka/vendor/laravel/framework/src/Illuminate/Database/Eloquent/Builder.php(1266): Staudenmeir\\LaravelCte\\Query\\Builder->update()
#5 /home/runner/work/blanka/blanka/vendor/laravel/framework/src/Illuminate/Database/Eloquent/Model.php(1316): Illuminate\\Database\\Eloquent\\Builder->update()
#6 /home/runner/work/blanka/blanka/vendor/laravel/framework/src/Illuminate/Database/Eloquent/Model.php(1233): Illuminate\\Database\\Eloquent\\Model->performUpdate()
#7 /home/runner/work/blanka/blanka/vendor/laravel/framework/src/Illuminate/Database/Eloquent/Model.php(1090): Illuminate\\Database\\Eloquent\\Model->save()
#8 /home/runner/work/blanka/blanka/app/Observers/CarQuoteObserver.php(138): Illuminate\\Database\\Eloquent\\Model->update()
#9 /home/runner/work/blanka/blanka/vendor/laravel/framework/src/Illuminate/Database/Eloquent/Concerns/HasEvents.php(454): App\\Observers\\CarQuoteObserver->{closure:App\\Observers\\CarQuoteObserver::updated():127}()
#10 /home/runner/work/blanka/blanka/app/Observers/CarQuoteObserver.php(127): Illuminate\\Database\\Eloquent\\Model::withoutEvents()
#11 /home/runner/work/blanka/blanka/vendor/laravel/framework/src/Illuminate/Events/Dispatcher.php(508): App\\Observers\\CarQuoteObserver->updated()
#12 /home/runner/work/blanka/blanka/vendor/laravel/framework/src/Illuminate/Events/Dispatcher.php(315): Illuminate\\Events\\Dispatcher->{closure:Illuminate\\Events\\Dispatcher::createClassListener():501}()
#13 /home/runner/work/blanka/blanka/vendor/laravel/framework/src/Illuminate/Events/Dispatcher.php(295): Illuminate\\Events\\Dispatcher->invokeListeners()
#14 /home/runner/work/blanka/blanka/vendor/laravel/framework/src/Illuminate/Support/Testing/Fakes/EventFake.php(329): Illuminate\\Events\\Dispatcher->dispatch()
#15 /home/runner/work/blanka/blanka/vendor/laravel/framework/src/Illuminate/Database/Eloquent/Concerns/HasEvents.php(224): Illuminate\\Support\\Testing\\Fakes\\EventFake->dispatch()
#16 /home/runner/work/blanka/blanka/vendor/laravel/framework/src/Illuminate/Database/Eloquent/Model.php(1320): Illuminate\\Database\\Eloquent\\Model->fireModelEvent()
#17 /home/runner/work/blanka/blanka/vendor/laravel/framework/src/Illuminate/Database/Eloquent/Model.php(1233): Illuminate\\Database\\Eloquent\\Model->performUpdate()
#18 /home/runner/work/blanka/blanka/vendor/laravel/framework/src/Illuminate/Database/Eloquent/Model.php(1090): Illuminate\\Database\\Eloquent\\Model->save()
#19 /home/runner/work/blanka/blanka/tests/Feature/ConversionApiTest.php(57): Illuminate\\Database\\Eloquent\\Model->update()
#20 /home/runner/work/blanka/blanka/vendor/pestphp/pest/src/Factories/TestCaseMethodFactory.php(168): P\\Tests\\Feature\\ConversionApiTest->{closure:/home/runner/work/blanka/blanka/tests/Feature/ConversionApiTest.php:43}()
#21 [internal function]: P\\Tests\\Feature\\ConversionApiTest->{closure:Pest\\Factories\\TestCaseMethodFactory::getClosure():158}()
#22 /home/runner/work/blanka/blanka/vendor/pestphp/pest/src/Concerns/Testable.php(419): call_user_func_array()
#23 /home/runner/work/blanka/blanka/vendor/pestphp/pest/src/Support/ExceptionTrace.php(26): P\\Tests\\Feature\\ConversionApiTest->{closure:Pest\\Concerns\\Testable::__callClosure():419}()
#24 /home/runner/work/blanka/blanka/vendor/pestphp/pest/src/Concerns/Testable.php(419): Pest\\Support\\ExceptionTrace::ensure()
#25 /home/runner/work/blanka/blanka/vendor/pestphp/pest/src/Concerns/Testable.php(321): P\\Tests\\Feature\\ConversionApiTest->__callClosure()
#26 /home/runner/work/blanka/blanka/vendor/pestphp/pest/src/Factories/TestCaseFactory.php(169) : eval()'d code(17): P\\Tests\\Feature\\ConversionApiTest->__runTest()
#27 /home/runner/work/blanka/blanka/vendor/phpunit/phpunit/src/Framework/TestCase.php(1656): P\\Tests\\Feature\\ConversionApiTest->__pest_evaluable_dispatches_QuotePolicyBooked_event_when_car_quote_status_changes_to_PolicyBooked()
#28 /home/runner/work/blanka/blanka/vendor/phpunit/phpunit/src/Framework/TestCase.php(514): PHPUnit\\Framework\\TestCase->runTest()
#29 /home/runner/work/blanka/blanka/vendor/phpunit/phpunit/src/Framework/TestRunner/TestRunner.php(87): PHPUnit\\Framework\\TestCase->runBare()
#30 /home/runner/work/blanka/blanka/vendor/phpunit/phpunit/src/Framework/TestCase.php(361): PHPUnit\\Framework\\TestRunner->run()
#31 /home/runner/work/blanka/blanka/vendor/phpunit/phpunit/src/Framework/TestSuite.php(369): PHPUnit\\Framework\\TestCase->run()
#32 /home/runner/work/blanka/blanka/vendor/phpunit/phpunit/src/Framework/TestSuite.php(369): PHPUnit\\Framework\\TestSuite->run()
#33 /home/runner/work/blanka/blanka/vendor/phpunit/phpunit/src/Framework/TestSuite.php(369): PHPUnit\\Framework\\TestSuite->run()
#34 /home/runner/work/blanka/blanka/vendor/phpunit/phpunit/src/TextUI/TestRunner.php(64): PHPUnit\\Framework\\TestSuite->run()
#35 /home/runner/work/blanka/blanka/vendor/phpunit/phpunit/src/TextUI/Application.php(211): PHPUnit\\TextUI\\TestRunner->run()
#36 /home/runner/work/blanka/blanka/vendor/pestphp/pest/src/Kernel.php(103): PHPUnit\\TextUI\\Application->run()
#37 /home/runner/work/blanka/blanka/vendor/pestphp/pest/bin/pest(184): Pest\\Kernel->handle()
#38 /home/runner/work/blanka/blanka/vendor/pestphp/pest/bin/pest(192): {closure:/home/runner/work/blanka/blanka/vendor/pestphp/pest/bin/pest:18}()
#39 /home/runner/work/blanka/blanka/vendor/bin/pest(119): include('...')
#40 {main}","code":"HY000"}} 
[2026-02-09 10:43:22] testing.ERROR: CarQuoteObserver - save branch data failed {"trace_id":"4b3d2397-0e22-4549-bb19-d0376545160c","is_console_command":true,"exception":{"message":"SQLSTATE[HY000]: General error: 1 no such column: branch_id (Connection: sqlite, Database: :memory:, SQL: update \"car_quote_request\" set \"quote_status_id\" = 71, \"quote_status_date\" = 2026-02-09 10:43:22, \"branch_id\" = 1, \"updated_at\" = 2026-02-09 10:43:22 where \"id\" = 1)","trace":"#0 /home/runner/work/blanka/blanka/vendor/laravel/framework/src/Illuminate/Database/Connection.php(794): Illuminate\\Database\\Connection->runQueryCallback()
#1 /home/runner/work/blanka/blanka/vendor/laravel/framework/src/Illuminate/Database/Connection.php(597): Illuminate\\Database\\Connection->run()
#2 /home/runner/work/blanka/blanka/vendor/laravel/framework/src/Illuminate/Database/Connection.php(549): Illuminate\\Database\\Connection->affectingStatement()
#3 /home/runner/work/blanka/blanka/vendor/staudenmeir/laravel-cte/src/Query/Traits/BuildsExpressionQueries.php(264): Illuminate\\Database\\Connection->update()
#4 /home/runner/work/blanka/blanka/vendor/laravel/framework/src/Illuminate/Database/Eloquent/Builder.php(1266): Staudenmeir\\LaravelCte\\Query\\Builder->update()
#5 /home/runner/work/blanka/blanka/vendor/laravel/framework/src/Illuminate/Database/Eloquent/Model.php(1316): Illuminate\\Database\\Eloquent\\Builder->update()
#6 /home/runner/work/blanka/blanka/vendor/laravel/framework/src/Illuminate/Database/Eloquent/Model.php(1233): Illuminate\\Database\\Eloquent\\Model->performUpdate()
#7 /home/runner/work/blanka/blanka/vendor/laravel/framework/src/Illuminate/Database/Eloquent/Model.php(1090): Illuminate\\Database\\Eloquent\\Model->save()
#8 /home/runner/work/blanka/blanka/app/Observers/CarQuoteObserver.php(138): Illuminate\\Database\\Eloquent\\Model->update()
#9 /home/runner/work/blanka/blanka/vendor/laravel/framework/src/Illuminate/Database/Eloquent/Concerns/HasEvents.php(454): App\\Observers\\CarQuoteObserver->{closure:App\\Observers\\CarQuoteObserver::updated():127}()
#10 /home/runner/work/blanka/blanka/app/Observers/CarQuoteObserver.php(127): Illuminate\\Database\\Eloquent\\Model::withoutEvents()
#11 /home/runner/work/blanka/blanka/vendor/laravel/framework/src/Illuminate/Events/Dispatcher.php(508): App\\Observers\\CarQuoteObserver->updated()
#12 /home/runner/work/blanka/blanka/vendor/laravel/framework/src/Illuminate/Events/Dispatcher.php(315): Illuminate\\Events\\Dispatcher->{closure:Illuminate\\Events\\Dispatcher::createClassListener():501}()
#13 /home/runner/work/blanka/blanka/vendor/laravel/framework/src/Illuminate/Events/Dispatcher.php(295): Illuminate\\Events\\Dispatcher->invokeListeners()
#14 /home/runner/work/blanka/blanka/vendor/laravel/framework/src/Illuminate/Support/Testing/Fakes/EventFake.php(329): Illuminate\\Events\\Dispatcher->dispatch()
#15 /home/runner/work/blanka/blanka/vendor/laravel/framework/src/Illuminate/Database/Eloquent/Concerns/HasEvents.php(224): Illuminate\\Support\\Testing\\Fakes\\EventFake->dispatch()
#16 /home/runner/work/blanka/blanka/vendor/laravel/framework/src/Illuminate/Database/Eloquent/Model.php(1320): Illuminate\\Database\\Eloquent\\Model->fireModelEvent()
#17 /home/runner/work/blanka/blanka/vendor/laravel/framework/src/Illuminate/Database/Eloquent/Model.php(1233): Illuminate\\Database\\Eloquent\\Model->performUpdate()
#18 /home/runner/work/blanka/blanka/vendor/laravel/framework/src/Illuminate/Database/Eloquent/Model.php(1090): Illuminate\\Database\\Eloquent\\Model->save()
#19 /home/runner/work/blanka/blanka/tests/Feature/ConversionApiTest.php(57): Illuminate\\Database\\Eloquent\\Model->update()
#20 /home/runner/work/blanka/blanka/vendor/pestphp/pest/src/Factories/TestCaseMethodFactory.php(168): P\\Tests\\Feature\\ConversionApiTest->{closure:/home/runner/work/blanka/blanka/tests/Feature/ConversionApiTest.php:43}()
#21 [internal function]: P\\Tests\\Feature\\ConversionApiTest->{closure:Pest\\Factories\\TestCaseMethodFactory::getClosure():158}()
#22 /home/runner/work/blanka/blanka/vendor/pestphp/pest/src/Concerns/Testable.php(419): call_user_func_array()
#23 /home/runner/work/blanka/blanka/vendor/pestphp/pest/src/Support/ExceptionTrace.php(26): P\\Tests\\Feature\\ConversionApiTest->{closure:Pest\\Concerns\\Testable::__callClosure():419}()
#24 /home/runner/work/blanka/blanka/vendor/pestphp/pest/src/Concerns/Testable.php(419): Pest\\Support\\ExceptionTrace::ensure()
#25 /home/runner/work/blanka/blanka/vendor/pestphp/pest/src/Concerns/Testable.php(321): P\\Tests\\Feature\\ConversionApiTest->__callClosure()
#26 /home/runner/work/blanka/blanka/vendor/pestphp/pest/src/Factories/TestCaseFactory.php(169) : eval()'d code(17): P\\Tests\\Feature\\ConversionApiTest->__runTest()
#27 /home/runner/work/blanka/blanka/vendor/phpunit/phpunit/src/Framework/TestCase.php(1656): P\\Tests\\Feature\\ConversionApiTest->__pest_evaluable_dispatches_QuotePolicyBooked_event_when_car_quote_status_changes_to_PolicyBooked()
#28 /home/runner/work/blanka/blanka/vendor/phpunit/phpunit/src/Framework/TestCase.php(514): PHPUnit\\Framework\\TestCase->runTest()
#29 /home/runner/work/blanka/blanka/vendor/phpunit/phpunit/src/Framework/TestRunner/TestRunner.php(87): PHPUnit\\Framework\\TestCase->runBare()
#30 /home/runner/work/blanka/blanka/vendor/phpunit/phpunit/src/Framework/TestCase.php(361): PHPUnit\\Framework\\TestRunner->run()
#31 /home/runner/work/blanka/blanka/vendor/phpunit/phpunit/src/Framework/TestSuite.php(369): PHPUnit\\Framework\\TestCase->run()
#32 /home/runner/work/blanka/blanka/vendor/phpunit/phpunit/src/Framework/TestSuite.php(369): PHPUnit\\Framework\\TestSuite->run()
#33 /home/runner/work/blanka/blanka/vendor/phpunit/phpunit/src/Framework/TestSuite.php(369): PHPUnit\\Framework\\TestSuite->run()
#34 /home/runner/work/blanka/blanka/vendor/phpunit/phpunit/src/TextUI/TestRunner.php(64): PHPUnit\\Framework\\TestSuite->run()
#35 /home/runner/work/blanka/blanka/vendor/phpunit/phpunit/src/TextUI/Application.php(211): PHPUnit\\TextUI\\TestRunner->run()
#36 /home/runner/work/blanka/blanka/vendor/pestphp/pest/src/Kernel.php(103): PHPUnit\\TextUI\\Application->run()
#37 /home/runner/work/blanka/blanka/vendor/pestphp/pest/bin/pest(184): Pest\\Kernel->handle()
#38 /home/runner/work/blanka/blanka/vendor/pestphp/pest/bin/pest(192): {closure:/home/runner/work/blanka/blanka/vendor/pestphp/pest/bin/pest:18}()
#39 /home/runner/work/blanka/blanka/vendor/bin/pest(119): include('...')
#40 {main}","code":"HY000"},"extra":"{\"uuid\":\"5900611b-9005-39db-8984-784d5114a236\"}"} 
[2026-02-09 10:43:23] testing.INFO: saveLifeQuote:  {"trace_id":"e02c0d03-e4c3-424c-a98c-23364f340e12","is_console_command":true,"request_path":"POST personal-quotes/life","request_ip":"127.0.0.1","user_agent":"Symfony","execution_time_ms":null} 
[2026-02-09 10:43:23] testing.INFO: saveLifeQuote:  {"trace_id":"e02c0d03-e4c3-424c-a98c-23364f340e12","is_console_command":true,"request_path":"POST personal-quotes/life","request_ip":"127.0.0.1","user_agent":"Symfony","execution_time_ms":null,"extra":"{\"subSourceId\":null,\"subSourceOptionsId\":null,\"notes\":null}"} 
[2026-02-09 10:43:24] testing.WARNING: MetLife API - Test action failed {"trace_id":"2bda55e4-a634-40dd-8066-6dbaa7268b32","is_console_command":true} 
[2026-02-09 10:43:24] testing.WARNING: MetLife API - Test action failed {"trace_id":"2bda55e4-a634-40dd-8066-6dbaa7268b32","is_console_command":true,"extra":"{\"error\":\"Test error message\"}"} 
[2026-02-09 10:43:24] testing.INFO: Payment:Observer - Starting VAT calculation for payment code: CAR-ABCDEF12345 {"trace_id":"3a72cee0-8cce-471d-8308-236c2f656e9a","is_console_command":true} 
[2026-02-09 10:43:24] testing.INFO: Payment:Observer - Starting VAT calculation for payment code: CAR-ABCDEF12345 {"trace_id":"3a72cee0-8cce-471d-8308-236c2f656e9a","is_console_command":true,"extra":"{\"total_price\":1000}"} 
[2026-02-09 10:43:24] testing.INFO: Payment:Observer - Other quote type detected for payment code: CAR-ABCDEF12345 {"trace_id":"3a72cee0-8cce-471d-8308-236c2f656e9a","is_console_command":true} 
[2026-02-09 10:43:24] testing.INFO: Payment:Observer - Other quote type detected for payment code: CAR-ABCDEF12345 {"trace_id":"3a72cee0-8cce-471d-8308-236c2f656e9a","is_console_command":true} 
[2026-02-09 10:43:24] testing.INFO: SplitPaymentService - Processing ecommLob quote for payment code: CAR-ABCDEF12345 {"trace_id":"3a72cee0-8cce-471d-8308-236c2f656e9a","is_console_command":true} 
[2026-02-09 10:43:24] testing.INFO: SplitPaymentService - Processing ecommLob quote for payment code: CAR-ABCDEF12345 {"trace_id":"3a72cee0-8cce-471d-8308-236c2f656e9a","is_console_command":true,"extra":"{\"modelType\":\"Car\",\"computedPrice\":1000}"} 
[2026-02-09 10:43:24] testing.INFO: SplitPaymentService - ecommLob VAT calculation for payment code: CAR-ABCDEF12345 {"trace_id":"3a72cee0-8cce-471d-8308-236c2f656e9a","is_console_command":true} 
[2026-02-09 10:43:24] testing.INFO: SplitPaymentService - ecommLob VAT calculation for payment code: CAR-ABCDEF12345 {"trace_id":"3a72cee0-8cce-471d-8308-236c2f656e9a","is_console_command":true,"extra":"{\"modelType\":\"Car\",\"priceWithoutVat\":952.3809523809523,\"vat\":47.61904761904761}"} 
[2026-02-09 10:43:24] testing.INFO: SplitPaymentService - Final price after adding non-applicable VAT amount for payment code: CAR-ABCDEF12345 {"trace_id":"3a72cee0-8cce-471d-8308-236c2f656e9a","is_console_command":true} 
[2026-02-09 10:43:24] testing.INFO: SplitPaymentService - Final price after adding non-applicable VAT amount for payment code: CAR-ABCDEF12345 {"trace_id":"3a72cee0-8cce-471d-8308-236c2f656e9a","is_console_command":true,"extra":"{\"final_priceWithoutVat\":952.3809523809523,\"priceVatNotApplicable\":0,\"vat\":47.61904761904761}"} 
[2026-02-09 10:43:24] testing.INFO: Payment:Observer - VAT calculation completed for payment code: CAR-ABCDEF12345 {"trace_id":"3a72cee0-8cce-471d-8308-236c2f656e9a","is_console_command":true} 
[2026-02-09 10:43:24] testing.INFO: Payment:Observer - VAT calculation completed for payment code: CAR-ABCDEF12345 {"trace_id":"3a72cee0-8cce-471d-8308-236c2f656e9a","is_console_command":true,"extra":"{\"price_without_vat\":952.38,\"vat\":47.62,\"total_price\":1000,\"model_type\":\"Car\",\"quote_id\":1,\"send_update_log_id\":null}"} 
[2026-02-09 10:43:24] testing.INFO: Payment:Observer complete - update VAT and Price  for payment code: CAR-ABCDEF12345 {"trace_id":"3a72cee0-8cce-471d-8308-236c2f656e9a","is_console_command":true} 
[2026-02-09 10:43:24] testing.INFO: Payment:Observer complete - update VAT and Price  for payment code: CAR-ABCDEF12345 {"trace_id":"3a72cee0-8cce-471d-8308-236c2f656e9a","is_console_command":true} 
[2026-02-09 10:43:24] testing.INFO: PaymentSplits:Observer - Starting VAT calculation for payment code: CAR-ABCDEF12345 {"trace_id":"3a72cee0-8cce-471d-8308-236c2f656e9a","is_console_command":true} 
[2026-02-09 10:43:24] testing.INFO: PaymentSplits:Observer - Starting VAT calculation for payment code: CAR-ABCDEF12345 {"trace_id":"3a72cee0-8cce-471d-8308-236c2f656e9a","is_console_command":true,"extra":"{\"sr_no\":1}"} 
[2026-02-09 10:43:24] testing.INFO: PaymentSplits:Observer - Found non perosnal for payment code: CAR-ABCDEF12345 {"trace_id":"3a72cee0-8cce-471d-8308-236c2f656e9a","is_console_command":true} 
[2026-02-09 10:43:24] testing.INFO: PaymentSplits:Observer - Found non perosnal for payment code: CAR-ABCDEF12345 {"trace_id":"3a72cee0-8cce-471d-8308-236c2f656e9a","is_console_command":true,"extra":"{\"sr_no\":1}"} 
[2026-02-09 10:43:24] testing.INFO: PaymentSplits:Observer - Applied discount to first split for payment code: CAR-ABCDEF12345 {"trace_id":"3a72cee0-8cce-471d-8308-236c2f656e9a","is_console_command":true} 
[2026-02-09 10:43:24] testing.INFO: PaymentSplits:Observer - Applied discount to first split for payment code: CAR-ABCDEF12345 {"trace_id":"3a72cee0-8cce-471d-8308-236c2f656e9a","is_console_command":true,"extra":"{\"sr_no\":1,\"original_amount\":1000,\"discount_value\":0,\"final_split_amount\":1000}"} 
[2026-02-09 10:43:24] testing.INFO: PaymentSplits:Observer - Calculating price and VAT for payment code: CAR-ABCDEF12345 {"trace_id":"3a72cee0-8cce-471d-8308-236c2f656e9a","is_console_command":true} 
[2026-02-09 10:43:24] testing.INFO: PaymentSplits:Observer - Calculating price and VAT for payment code: CAR-ABCDEF12345 {"trace_id":"3a72cee0-8cce-471d-8308-236c2f656e9a","is_console_command":true,"extra":"{\"sr_no\":1,\"total_payments\":1,\"frequency\":\"upfront\",\"total_price\":1000,\"split_amount\":1000}"} 
[2026-02-09 10:43:24] testing.INFO: SplitPaymentService - Processing ecommLob quote for payment code: CAR-ABCDEF12345 {"trace_id":"3a72cee0-8cce-471d-8308-236c2f656e9a","is_console_command":true} 
[2026-02-09 10:43:24] testing.INFO: SplitPaymentService - Processing ecommLob quote for payment code: CAR-ABCDEF12345 {"trace_id":"3a72cee0-8cce-471d-8308-236c2f656e9a","is_console_command":true,"extra":"{\"modelType\":\"Car\",\"computedPrice\":1000}"} 
[2026-02-09 10:43:24] testing.INFO: SplitPaymentService - ecommLob VAT calculation for payment code: CAR-ABCDEF12345 {"trace_id":"3a72cee0-8cce-471d-8308-236c2f656e9a","is_console_command":true} 
[2026-02-09 10:43:24] testing.INFO: SplitPaymentService - ecommLob VAT calculation for payment code: CAR-ABCDEF12345 {"trace_id":"3a72cee0-8cce-471d-8308-236c2f656e9a","is_console_command":true,"extra":"{\"modelType\":\"Car\",\"priceWithoutVat\":952.3809523809523,\"vat\":47.61904761904761}"} 
[2026-02-09 10:43:24] testing.INFO: SplitPaymentService - Final price after adding non-applicable VAT amount for payment code: CAR-ABCDEF12345 {"trace_id":"3a72cee0-8cce-471d-8308-236c2f656e9a","is_console_command":true} 
[2026-02-09 10:43:24] testing.INFO: SplitPaymentService - Final price after adding non-applicable VAT amount for payment code: CAR-ABCDEF12345 {"trace_id":"3a72cee0-8cce-471d-8308-236c2f656e9a","is_console_command":true,"extra":"{\"final_priceWithoutVat\":952.3809523809523,\"priceVatNotApplicable\":0,\"vat\":47.61904761904761}"} 
[2026-02-09 10:43:24] testing.INFO: PaymentSplits:Observer - VAT calculation completed for payment code: CAR-ABCDEF12345 {"trace_id":"3a72cee0-8cce-471d-8308-236c2f656e9a","is_console_command":true} 
[2026-02-09 10:43:24] testing.INFO: PaymentSplits:Observer - VAT calculation completed for payment code: CAR-ABCDEF12345 {"trace_id":"3a72cee0-8cce-471d-8308-236c2f656e9a","is_console_command":true,"extra":"{\"sr_no\":1,\"price_without_vat\":952.38,\"vat\":47.62}"} 
[2026-02-09 10:43:24] testing.INFO: PaymentSplits:Observer - Payment split updated for payment code: CAR-ABCDEF12345 {"trace_id":"3a72cee0-8cce-471d-8308-236c2f656e9a","is_console_command":true} 
[2026-02-09 10:43:24] testing.INFO: PaymentSplits:Observer - Payment split updated for payment code: CAR-ABCDEF12345 {"trace_id":"3a72cee0-8cce-471d-8308-236c2f656e9a","is_console_command":true,"extra":"{\"sr_no\":1}"} 
[2026-02-09 10:43:24] testing.INFO: Starting manual payment creation process for quote code: CAR-ABCDEF12345 {"ref_id":"CAR-ABCDEF12345","feature":"create-payment"} {"feature":"create-payment","code":"CAR-ABCDEF12345"}
[2026-02-09 10:43:24] testing.INFO: Starting manual payment creation process for quote code: CAR-ABCDEF12345 {"ref_id":"CAR-ABCDEF12345","feature":"create-payment"} {"feature":"create-payment","code":"CAR-ABCDEF12345"}
[2026-02-09 10:43:24] testing.INFO: Generated payment code CAR-ABCDEF12345 for quote CAR-ABCDEF12345 (payment #0 for this quote) {"ref_id":"CAR-ABCDEF12345","feature":"create-payment"} {"feature":"create-payment","code":"CAR-ABCDEF12345"}
[2026-02-09 10:43:24] testing.INFO: Generated payment code CAR-ABCDEF12345 for quote CAR-ABCDEF12345 (payment #0 for this quote) {"ref_id":"CAR-ABCDEF12345","feature":"create-payment"} {"feature":"create-payment","code":"CAR-ABCDEF12345"}
[2026-02-09 10:43:24] testing.INFO: Payment pre-authorized for payment method: IP {"ref_id":"CAR-ABCDEF12345","feature":"create-payment"} {"feature":"create-payment","code":"CAR-ABCDEF12345"}
[2026-02-09 10:43:24] testing.INFO: Payment pre-authorized for payment method: IP {"ref_id":"CAR-ABCDEF12345","feature":"create-payment"} {"feature":"create-payment","code":"CAR-ABCDEF12345"}
[2026-02-09 10:43:24] testing.INFO: Payment:Observer - Starting VAT calculation for payment code: CAR-ABCDEF12345 {"ref_id":"CAR-ABCDEF12345","feature":"create-payment"} {"feature":"create-payment","code":"CAR-ABCDEF12345"}
[2026-02-09 10:43:24] testing.INFO: Payment:Observer - Starting VAT calculation for payment code: CAR-ABCDEF12345 {"ref_id":"CAR-ABCDEF12345","feature":"create-payment","extra":"{\"total_price\":\"1000\"}"} {"feature":"create-payment","code":"CAR-ABCDEF12345"}
[2026-02-09 10:43:24] testing.INFO: Payment:Observer - Other quote type detected for payment code: CAR-ABCDEF12345 {"ref_id":"CAR-ABCDEF12345","feature":"create-payment"} {"feature":"create-payment","code":"CAR-ABCDEF12345"}
[2026-02-09 10:43:24] testing.INFO: Payment:Observer - Other quote type detected for payment code: CAR-ABCDEF12345 {"ref_id":"CAR-ABCDEF12345","feature":"create-payment"} {"feature":"create-payment","code":"CAR-ABCDEF12345"}
[2026-02-09 10:43:24] testing.INFO: SplitPaymentService - Processing ecommLob quote for payment code: CAR-ABCDEF12345 {"ref_id":"CAR-ABCDEF12345","feature":"create-payment"} {"feature":"create-payment","code":"CAR-ABCDEF12345"}
[2026-02-09 10:43:24] testing.INFO: SplitPaymentService - Processing ecommLob quote for payment code: CAR-ABCDEF12345 {"ref_id":"CAR-ABCDEF12345","feature":"create-payment","extra":"{\"modelType\":\"Car\",\"computedPrice\":\"1000\"}"} {"feature":"create-payment","code":"CAR-ABCDEF12345"}
[2026-02-09 10:43:24] testing.INFO: SplitPaymentService - ecommLob VAT calculation for payment code: CAR-ABCDEF12345 {"ref_id":"CAR-ABCDEF12345","feature":"create-payment"} {"feature":"create-payment","code":"CAR-ABCDEF12345"}
[2026-02-09 10:43:24] testing.INFO: SplitPaymentService - ecommLob VAT calculation for payment code: CAR-ABCDEF12345 {"ref_id":"CAR-ABCDEF12345","feature":"create-payment","extra":"{\"modelType\":\"Car\",\"priceWithoutVat\":952.3809523809523,\"vat\":47.61904761904761}"} {"feature":"create-payment","code":"CAR-ABCDEF12345"}
[2026-02-09 10:43:24] testing.INFO: SplitPaymentService - Final price after adding non-applicable VAT amount for payment code: CAR-ABCDEF12345 {"ref_id":"CAR-ABCDEF12345","feature":"create-payment"} {"feature":"create-payment","code":"CAR-ABCDEF12345"}
[2026-02-09 10:43:24] testing.INFO: SplitPaymentService - Final price after adding non-applicable VAT amount for payment code: CAR-ABCDEF12345 {"ref_id":"CAR-ABCDEF12345","feature":"create-payment","extra":"{\"final_priceWithoutVat\":952.3809523809523,\"priceVatNotApplicable\":0,\"vat\":47.61904761904761}"} {"feature":"create-payment","code":"CAR-ABCDEF12345"}
[2026-02-09 10:43:24] testing.INFO: Payment:Observer - VAT calculation completed for payment code: CAR-ABCDEF12345 {"ref_id":"CAR-ABCDEF12345","feature":"create-payment"} {"feature":"create-payment","code":"CAR-ABCDEF12345"}
[2026-02-09 10:43:24] testing.INFO: Payment:Observer - VAT calculation completed for payment code: CAR-ABCDEF12345 {"ref_id":"CAR-ABCDEF12345","feature":"create-payment","extra":"{\"price_without_vat\":952.38,\"vat\":47.62,\"total_price\":\"1000\",\"model_type\":\"Car\",\"quote_id\":1,\"send_update_log_id\":null}"} {"feature":"create-payment","code":"CAR-ABCDEF12345"}
[2026-02-09 10:43:24] testing.INFO: Payment:Observer complete - update VAT and Price  for payment code: CAR-ABCDEF12345 {"ref_id":"CAR-ABCDEF12345","feature":"create-payment"} {"feature":"create-payment","code":"CAR-ABCDEF12345"}
[2026-02-09 10:43:24] testing.INFO: Payment:Observer complete - update VAT and Price  for payment code: CAR-ABCDEF12345 {"ref_id":"CAR-ABCDEF12345","feature":"create-payment"} {"feature":"create-payment","code":"CAR-ABCDEF12345"}
[2026-02-09 10:43:24] testing.INFO: Main Lead Payment created with Code: CAR-ABCDEF12345 {"ref_id":"CAR-ABCDEF12345","feature":"create-payment"} {"feature":"create-payment","code":"CAR-ABCDEF12345"}
[2026-02-09 10:43:24] testing.INFO: Main Lead Payment created with Code: CAR-ABCDEF12345 {"ref_id":"CAR-ABCDEF12345","feature":"create-payment"} {"feature":"create-payment","code":"CAR-ABCDEF12345"}
[2026-02-09 10:43:24] testing.INFO: Starting to add payment splits for payment code: CAR-ABCDEF12345 {"ref_id":"CAR-ABCDEF12345","feature":"create-payment"} {"feature":"create-payment","code":"CAR-ABCDEF12345"}
[2026-02-09 10:43:24] testing.INFO: Starting to add payment splits for payment code: CAR-ABCDEF12345 {"ref_id":"CAR-ABCDEF12345","feature":"create-payment"} {"feature":"create-payment","code":"CAR-ABCDEF12345"}
[2026-02-09 10:43:24] testing.INFO: Starting split payment creation for payment code: CAR-ABCDEF12345 {"ref_id":"CAR-ABCDEF12345","feature":"create-payment"} {"feature":"create-payment","code":"CAR-ABCDEF12345"}
[2026-02-09 10:43:24] testing.INFO: Starting split payment creation for payment code: CAR-ABCDEF12345 {"ref_id":"CAR-ABCDEF12345","feature":"create-payment"} {"feature":"create-payment","code":"CAR-ABCDEF12345"}
[2026-02-09 10:43:24] testing.INFO: PaymentSplits:Observer - Starting VAT calculation for payment code: CAR-ABCDEF12345 {"ref_id":"CAR-ABCDEF12345","feature":"create-payment"} {"feature":"create-payment","code":"CAR-ABCDEF12345"}
[2026-02-09 10:43:24] testing.INFO: PaymentSplits:Observer - Starting VAT calculation for payment code: CAR-ABCDEF12345 {"ref_id":"CAR-ABCDEF12345","feature":"create-payment","extra":"{\"sr_no\":1}"} {"feature":"create-payment","code":"CAR-ABCDEF12345"}
[2026-02-09 10:43:24] testing.INFO: PaymentSplits:Observer - Found non perosnal for payment code: CAR-ABCDEF12345 {"ref_id":"CAR-ABCDEF12345","feature":"create-payment"} {"feature":"create-payment","code":"CAR-ABCDEF12345"}
[2026-02-09 10:43:24] testing.INFO: PaymentSplits:Observer - Found non perosnal for payment code: CAR-ABCDEF12345 {"ref_id":"CAR-ABCDEF12345","feature":"create-payment","extra":"{\"sr_no\":1}"} {"feature":"create-payment","code":"CAR-ABCDEF12345"}
[2026-02-09 10:43:24] testing.INFO: PaymentSplits:Observer - Applied discount to first split for payment code: CAR-ABCDEF12345 {"ref_id":"CAR-ABCDEF12345","feature":"create-payment"} {"feature":"create-payment","code":"CAR-ABCDEF12345"}
[2026-02-09 10:43:24] testing.INFO: PaymentSplits:Observer - Applied discount to first split for payment code: CAR-ABCDEF12345 {"ref_id":"CAR-ABCDEF12345","feature":"create-payment","extra":"{\"sr_no\":1,\"original_amount\":\"1000\",\"discount_value\":0,\"final_split_amount\":1000}"} {"feature":"create-payment","code":"CAR-ABCDEF12345"}
[2026-02-09 10:43:24] testing.INFO: PaymentSplits:Observer - Calculating price and VAT for payment code: CAR-ABCDEF12345 {"ref_id":"CAR-ABCDEF12345","feature":"create-payment"} {"feature":"create-payment","code":"CAR-ABCDEF12345"}
[2026-02-09 10:43:24] testing.INFO: PaymentSplits:Observer - Calculating price and VAT for payment code: CAR-ABCDEF12345 {"ref_id":"CAR-ABCDEF12345","feature":"create-payment","extra":"{\"sr_no\":1,\"total_payments\":1,\"frequency\":\"upfront\",\"total_price\":1000,\"split_amount\":1000}"} {"feature":"create-payment","code":"CAR-ABCDEF12345"}
[2026-02-09 10:43:24] testing.INFO: SplitPaymentService - Processing ecommLob quote for payment code: CAR-ABCDEF12345 {"ref_id":"CAR-ABCDEF12345","feature":"create-payment"} {"feature":"create-payment","code":"CAR-ABCDEF12345"}
[2026-02-09 10:43:24] testing.INFO: SplitPaymentService - Processing ecommLob quote for payment code: CAR-ABCDEF12345 {"ref_id":"CAR-ABCDEF12345","feature":"create-payment","extra":"{\"modelType\":\"Car\",\"computedPrice\":1000}"} {"feature":"create-payment","code":"CAR-ABCDEF12345"}
[2026-02-09 10:43:24] testing.INFO: SplitPaymentService - ecommLob VAT calculation for payment code: CAR-ABCDEF12345 {"ref_id":"CAR-ABCDEF12345","feature":"create-payment"} {"feature":"create-payment","code":"CAR-ABCDEF12345"}
[2026-02-09 10:43:24] testing.INFO: SplitPaymentService - ecommLob VAT calculation for payment code: CAR-ABCDEF12345 {"ref_id":"CAR-ABCDEF12345","feature":"create-payment","extra":"{\"modelType\":\"Car\",\"priceWithoutVat\":952.3809523809523,\"vat\":47.61904761904761}"} {"feature":"create-payment","code":"CAR-ABCDEF12345"}
[2026-02-09 10:43:24] testing.INFO: SplitPaymentService - Final price after adding non-applicable VAT amount for payment code: CAR-ABCDEF12345 {"ref_id":"CAR-ABCDEF12345","feature":"create-payment"} {"feature":"create-payment","code":"CAR-ABCDEF12345"}
[2026-02-09 10:43:24] testing.INFO: SplitPaymentService - Final price after adding non-applicable VAT amount for payment code: CAR-ABCDEF12345 {"ref_id":"CAR-ABCDEF12345","feature":"create-payment","extra":"{\"final_priceWithoutVat\":952.3809523809523,\"priceVatNotApplicable\":0,\"vat\":47.61904761904761}"} {"feature":"create-payment","code":"CAR-ABCDEF12345"}
[2026-02-09 10:43:24] testing.INFO: PaymentSplits:Observer - VAT calculation completed for payment code: CAR-ABCDEF12345 {"ref_id":"CAR-ABCDEF12345","feature":"create-payment"} {"feature":"create-payment","code":"CAR-ABCDEF12345"}
[2026-02-09 10:43:24] testing.INFO: PaymentSplits:Observer - VAT calculation completed for payment code: CAR-ABCDEF12345 {"ref_id":"CAR-ABCDEF12345","feature":"create-payment","extra":"{\"sr_no\":1,\"price_without_vat\":952.38,\"vat\":47.62}"} {"feature":"create-payment","code":"CAR-ABCDEF12345"}
[2026-02-09 10:43:24] testing.INFO: PaymentSplits:Observer - Payment split updated for payment code: CAR-ABCDEF12345 {"ref_id":"CAR-ABCDEF12345","feature":"create-payment"} {"feature":"create-payment","code":"CAR-ABCDEF12345"}
[2026-02-09 10:43:24] testing.INFO: PaymentSplits:Observer - Payment split updated for payment code: CAR-ABCDEF12345 {"ref_id":"CAR-ABCDEF12345","feature":"create-payment","extra":"{\"sr_no\":1}"} {"feature":"create-payment","code":"CAR-ABCDEF12345"}
[2026-02-09 10:43:24] testing.INFO: Created payment split #1 for payment CAR-ABCDEF12345 with method IP {"ref_id":"CAR-ABCDEF12345","feature":"create-payment"} {"feature":"create-payment","code":"CAR-ABCDEF12345"}
[2026-02-09 10:43:24] testing.INFO: Created payment split #1 for payment CAR-ABCDEF12345 with method IP {"ref_id":"CAR-ABCDEF12345","feature":"create-payment"} {"feature":"create-payment","code":"CAR-ABCDEF12345"}
[2026-02-09 10:43:24] testing.INFO: Updated payment split #1 status to 14 for CAR-ABCDEF12345 {"ref_id":"CAR-ABCDEF12345","feature":"create-payment"} {"feature":"create-payment","code":"CAR-ABCDEF12345"}
[2026-02-09 10:43:24] testing.INFO: Updated payment split #1 status to 14 for CAR-ABCDEF12345 {"ref_id":"CAR-ABCDEF12345","feature":"create-payment"} {"feature":"create-payment","code":"CAR-ABCDEF12345"}
[2026-02-09 10:43:24] testing.INFO: Master payment code: CAR-ABCDEF12345 - setMasterPaymentStatus called {"ref_id":"CAR-ABCDEF12345","feature":"create-payment"} {"feature":"create-payment","code":"CAR-ABCDEF12345"}
[2026-02-09 10:43:24] testing.INFO: Master payment code: CAR-ABCDEF12345 - setMasterPaymentStatus called {"ref_id":"CAR-ABCDEF12345","feature":"create-payment"} {"feature":"create-payment","code":"CAR-ABCDEF12345"}
[2026-02-09 10:43:24] testing.INFO: Master payment code: CAR-ABCDEF12345 - Payment status updated from 14 to 14 {"ref_id":"CAR-ABCDEF12345","feature":"create-payment"} {"feature":"create-payment","code":"CAR-ABCDEF12345"}
[2026-02-09 10:43:24] testing.INFO: Master payment code: CAR-ABCDEF12345 - Payment status updated from 14 to 14 {"ref_id":"CAR-ABCDEF12345","feature":"create-payment"} {"feature":"create-payment","code":"CAR-ABCDEF12345"}
[2026-02-09 10:43:24] testing.WARNING: Quote not synced from quote_sync table, uuid: ABCDEF12345 {"ref_id":"CAR-ABCDEF12345","feature":"create-payment"} {"feature":"create-payment","code":"CAR-ABCDEF12345"}
[2026-02-09 10:43:24] testing.WARNING: Quote not synced from quote_sync table, uuid: ABCDEF12345 {"ref_id":"CAR-ABCDEF12345","feature":"create-payment"} {"feature":"create-payment","code":"CAR-ABCDEF12345"}
[2026-02-09 10:43:24] testing.INFO: Master payment code: CAR-ABCDEF12345 quote payment status updated from  to 14 {"ref_id":"CAR-ABCDEF12345","feature":"create-payment"} {"feature":"create-payment","code":"CAR-ABCDEF12345"}
[2026-02-09 10:43:24] testing.INFO: Master payment code: CAR-ABCDEF12345 quote payment status updated from  to 14 {"ref_id":"CAR-ABCDEF12345","feature":"create-payment"} {"feature":"create-payment","code":"CAR-ABCDEF12345"}
[2026-02-09 10:43:24] testing.INFO: Updated master payment status completed for CAR-ABCDEF12345 {"ref_id":"CAR-ABCDEF12345","feature":"create-payment"} {"feature":"create-payment","code":"CAR-ABCDEF12345"}
[2026-02-09 10:43:24] testing.INFO: Updated master payment status completed for CAR-ABCDEF12345 {"ref_id":"CAR-ABCDEF12345","feature":"create-payment"} {"feature":"create-payment","code":"CAR-ABCDEF12345"}
[2026-02-09 10:43:24] testing.INFO: Completed split payment creation for CAR-ABCDEF12345 {"ref_id":"CAR-ABCDEF12345","feature":"create-payment"} {"feature":"create-payment","code":"CAR-ABCDEF12345"}
[2026-02-09 10:43:24] testing.INFO: Completed split payment creation for CAR-ABCDEF12345 {"ref_id":"CAR-ABCDEF12345","feature":"create-payment"} {"feature":"create-payment","code":"CAR-ABCDEF12345"}
[2026-02-09 10:43:24] testing.INFO: Payment splits successfully added for payment code: CAR-ABCDEF12345 {"ref_id":"CAR-ABCDEF12345","feature":"create-payment"} {"feature":"create-payment","code":"CAR-ABCDEF12345"}
[2026-02-09 10:43:24] testing.INFO: Payment splits successfully added for payment code: CAR-ABCDEF12345 {"ref_id":"CAR-ABCDEF12345","feature":"create-payment"} {"feature":"create-payment","code":"CAR-ABCDEF12345"}
[2026-02-09 10:43:24] testing.INFO: Payment status log created for payment code: CAR-ABCDEF12345 {"ref_id":"CAR-ABCDEF12345","feature":"create-payment"} {"feature":"create-payment","code":"CAR-ABCDEF12345"}
[2026-02-09 10:43:24] testing.INFO: Payment status log created for payment code: CAR-ABCDEF12345 {"ref_id":"CAR-ABCDEF12345","feature":"create-payment"} {"feature":"create-payment","code":"CAR-ABCDEF12345"}
[2026-02-09 10:43:24] testing.INFO: Quote status updated to Payment Pending for quote code: CAR-ABCDEF12345 {"ref_id":"CAR-ABCDEF12345","feature":"create-payment"} {"feature":"create-payment","code":"CAR-ABCDEF12345"}
[2026-02-09 10:43:24] testing.INFO: Quote status updated to Payment Pending for quote code: CAR-ABCDEF12345 {"ref_id":"CAR-ABCDEF12345","feature":"create-payment"} {"feature":"create-payment","code":"CAR-ABCDEF12345"}
[2026-02-09 10:43:24] testing.INFO: Payment creation transaction committed successfully for payment code: CAR-ABCDEF12345 {"ref_id":"CAR-ABCDEF12345","feature":"create-payment"} {"feature":"create-payment","code":"CAR-ABCDEF12345"}
[2026-02-09 10:43:24] testing.INFO: Payment creation transaction committed successfully for payment code: CAR-ABCDEF12345 {"ref_id":"CAR-ABCDEF12345","feature":"create-payment"} {"feature":"create-payment","code":"CAR-ABCDEF12345"}
[2026-02-09 10:43:25] testing.INFO: Payment:Observer - Starting VAT calculation for payment code: CAR-ABCDEF12345 {"trace_id":"4ddd4893-1bdd-4b94-8271-2c8fcb26ee84","is_console_command":true} 
[2026-02-09 10:43:25] testing.INFO: Payment:Observer - Starting VAT calculation for payment code: CAR-ABCDEF12345 {"trace_id":"4ddd4893-1bdd-4b94-8271-2c8fcb26ee84","is_console_command":true,"extra":"{\"total_price\":1000}"} 
[2026-02-09 10:43:25] testing.INFO: Payment:Observer - Other quote type detected for payment code: CAR-ABCDEF12345 {"trace_id":"4ddd4893-1bdd-4b94-8271-2c8fcb26ee84","is_console_command":true} 
[2026-02-09 10:43:25] testing.INFO: Payment:Observer - Other quote type detected for payment code: CAR-ABCDEF12345 {"trace_id":"4ddd4893-1bdd-4b94-8271-2c8fcb26ee84","is_console_command":true} 
[2026-02-09 10:43:25] testing.INFO: SplitPaymentService - Processing ecommLob quote for payment code: CAR-ABCDEF12345 {"trace_id":"4ddd4893-1bdd-4b94-8271-2c8fcb26ee84","is_console_command":true} 
[2026-02-09 10:43:25] testing.INFO: SplitPaymentService - Processing ecommLob quote for payment code: CAR-ABCDEF12345 {"trace_id":"4ddd4893-1bdd-4b94-8271-2c8fcb26ee84","is_console_command":true,"extra":"{\"modelType\":\"Car\",\"computedPrice\":1000}"} 
[2026-02-09 10:43:25] testing.INFO: SplitPaymentService - ecommLob VAT calculation for payment code: CAR-ABCDEF12345 {"trace_id":"4ddd4893-1bdd-4b94-8271-2c8fcb26ee84","is_console_command":true} 
[2026-02-09 10:43:25] testing.INFO: SplitPaymentService - ecommLob VAT calculation for payment code: CAR-ABCDEF12345 {"trace_id":"4ddd4893-1bdd-4b94-8271-2c8fcb26ee84","is_console_command":true,"extra":"{\"modelType\":\"Car\",\"priceWithoutVat\":952.3809523809523,\"vat\":47.61904761904761}"} 
[2026-02-09 10:43:25] testing.INFO: SplitPaymentService - Final price after adding non-applicable VAT amount for payment code: CAR-ABCDEF12345 {"trace_id":"4ddd4893-1bdd-4b94-8271-2c8fcb26ee84","is_console_command":true} 
[2026-02-09 10:43:25] testing.INFO: SplitPaymentService - Final price after adding non-applicable VAT amount for payment code: CAR-ABCDEF12345 {"trace_id":"4ddd4893-1bdd-4b94-8271-2c8fcb26ee84","is_console_command":true,"extra":"{\"final_priceWithoutVat\":952.3809523809523,\"priceVatNotApplicable\":0,\"vat\":47.61904761904761}"} 
[2026-02-09 10:43:25] testing.INFO: Payment:Observer - VAT calculation completed for payment code: CAR-ABCDEF12345 {"trace_id":"4ddd4893-1bdd-4b94-8271-2c8fcb26ee84","is_console_command":true} 
[2026-02-09 10:43:25] testing.INFO: Payment:Observer - VAT calculation completed for payment code: CAR-ABCDEF12345 {"trace_id":"4ddd4893-1bdd-4b94-8271-2c8fcb26ee84","is_console_command":true,"extra":"{\"price_without_vat\":952.38,\"vat\":47.62,\"total_price\":1000,\"model_type\":\"Car\",\"quote_id\":1,\"send_update_log_id\":null}"} 
[2026-02-09 10:43:25] testing.INFO: Payment:Observer complete - update VAT and Price  for payment code: CAR-ABCDEF12345 {"trace_id":"4ddd4893-1bdd-4b94-8271-2c8fcb26ee84","is_console_command":true} 
[2026-02-09 10:43:25] testing.INFO: Payment:Observer complete - update VAT and Price  for payment code: CAR-ABCDEF12345 {"trace_id":"4ddd4893-1bdd-4b94-8271-2c8fcb26ee84","is_console_command":true} 
[2026-02-09 10:43:25] testing.INFO: PaymentSplits:Observer - Starting VAT calculation for payment code: CAR-ABCDEF12345 {"trace_id":"4ddd4893-1bdd-4b94-8271-2c8fcb26ee84","is_console_command":true} 
[2026-02-09 10:43:25] testing.INFO: PaymentSplits:Observer - Starting VAT calculation for payment code: CAR-ABCDEF12345 {"trace_id":"4ddd4893-1bdd-4b94-8271-2c8fcb26ee84","is_console_command":true,"extra":"{\"sr_no\":1}"} 
[2026-02-09 10:43:25] testing.INFO: PaymentSplits:Observer - Found non perosnal for payment code: CAR-ABCDEF12345 {"trace_id":"4ddd4893-1bdd-4b94-8271-2c8fcb26ee84","is_console_command":true} 
[2026-02-09 10:43:25] testing.INFO: PaymentSplits:Observer - Found non perosnal for payment code: CAR-ABCDEF12345 {"trace_id":"4ddd4893-1bdd-4b94-8271-2c8fcb26ee84","is_console_command":true,"extra":"{\"sr_no\":1}"} 
[2026-02-09 10:43:25] testing.INFO: PaymentSplits:Observer - Applied discount to first split for payment code: CAR-ABCDEF12345 {"trace_id":"4ddd4893-1bdd-4b94-8271-2c8fcb26ee84","is_console_command":true} 
[2026-02-09 10:43:25] testing.INFO: PaymentSplits:Observer - Applied discount to first split for payment code: CAR-ABCDEF12345 {"trace_id":"4ddd4893-1bdd-4b94-8271-2c8fcb26ee84","is_console_command":true,"extra":"{\"sr_no\":1,\"original_amount\":1000,\"discount_value\":0,\"final_split_amount\":1000}"} 
[2026-02-09 10:43:25] testing.INFO: PaymentSplits:Observer - Calculating price and VAT for payment code: CAR-ABCDEF12345 {"trace_id":"4ddd4893-1bdd-4b94-8271-2c8fcb26ee84","is_console_command":true} 
[2026-02-09 10:43:25] testing.INFO: PaymentSplits:Observer - Calculating price and VAT for payment code: CAR-ABCDEF12345 {"trace_id":"4ddd4893-1bdd-4b94-8271-2c8fcb26ee84","is_console_command":true,"extra":"{\"sr_no\":1,\"total_payments\":1,\"frequency\":\"upfront\",\"total_price\":1000,\"split_amount\":1000}"} 
[2026-02-09 10:43:25] testing.INFO: SplitPaymentService - Processing ecommLob quote for payment code: CAR-ABCDEF12345 {"trace_id":"4ddd4893-1bdd-4b94-8271-2c8fcb26ee84","is_console_command":true} 
[2026-02-09 10:43:25] testing.INFO: SplitPaymentService - Processing ecommLob quote for payment code: CAR-ABCDEF12345 {"trace_id":"4ddd4893-1bdd-4b94-8271-2c8fcb26ee84","is_console_command":true,"extra":"{\"modelType\":\"Car\",\"computedPrice\":1000}"} 
[2026-02-09 10:43:25] testing.INFO: SplitPaymentService - ecommLob VAT calculation for payment code: CAR-ABCDEF12345 {"trace_id":"4ddd4893-1bdd-4b94-8271-2c8fcb26ee84","is_console_command":true} 
[2026-02-09 10:43:25] testing.INFO: SplitPaymentService - ecommLob VAT calculation for payment code: CAR-ABCDEF12345 {"trace_id":"4ddd4893-1bdd-4b94-8271-2c8fcb26ee84","is_console_command":true,"extra":"{\"modelType\":\"Car\",\"priceWithoutVat\":952.3809523809523,\"vat\":47.61904761904761}"} 
[2026-02-09 10:43:25] testing.INFO: SplitPaymentService - Final price after adding non-applicable VAT amount for payment code: CAR-ABCDEF12345 {"trace_id":"4ddd4893-1bdd-4b94-8271-2c8fcb26ee84","is_console_command":true} 
[2026-02-09 10:43:25] testing.INFO: SplitPaymentService - Final price after adding non-applicable VAT amount for payment code: CAR-ABCDEF12345 {"trace_id":"4ddd4893-1bdd-4b94-8271-2c8fcb26ee84","is_console_command":true,"extra":"{\"final_priceWithoutVat\":952.3809523809523,\"priceVatNotApplicable\":0,\"vat\":47.61904761904761}"} 
[2026-02-09 10:43:25] testing.INFO: PaymentSplits:Observer - VAT calculation completed for payment code: CAR-ABCDEF12345 {"trace_id":"4ddd4893-1bdd-4b94-8271-2c8fcb26ee84","is_console_command":true} 
[2026-02-09 10:43:25] testing.INFO: PaymentSplits:Observer - VAT calculation completed for payment code: CAR-ABCDEF12345 {"trace_id":"4ddd4893-1bdd-4b94-8271-2c8fcb26ee84","is_console_command":true,"extra":"{\"sr_no\":1,\"price_without_vat\":952.38,\"vat\":47.62}"} 
[2026-02-09 10:43:25] testing.INFO: PaymentSplits:Observer - Payment split updated for payment code: CAR-ABCDEF12345 {"trace_id":"4ddd4893-1bdd-4b94-8271-2c8fcb26ee84","is_console_command":true} 
[2026-02-09 10:43:25] testing.INFO: PaymentSplits:Observer - Payment split updated for payment code: CAR-ABCDEF12345 {"trace_id":"4ddd4893-1bdd-4b94-8271-2c8fcb26ee84","is_console_command":true,"extra":"{\"sr_no\":1}"} 
[2026-02-09 10:43:25] testing.INFO: Starting payment update process for code: CAR-ABCDEF12345 is payment locked:  {"trace_id":"35f33644-6fde-4268-8ec4-1ccea5b0edde","is_console_command":true,"request_path":"POST payments/Car/update-new","request_ip":"127.0.0.1","user_agent":"Symfony","execution_time_ms":null,"feature":"update-payment"} {"feature":"update-payment","code":"CAR-ABCDEF12345"}
[2026-02-09 10:43:25] testing.INFO: Starting payment update process for code: CAR-ABCDEF12345 is payment locked:  {"trace_id":"35f33644-6fde-4268-8ec4-1ccea5b0edde","is_console_command":true,"request_path":"POST payments/Car/update-new","request_ip":"127.0.0.1","user_agent":"Symfony","execution_time_ms":null,"feature":"update-payment"} {"feature":"update-payment","code":"CAR-ABCDEF12345"}
[2026-02-09 10:43:25] testing.INFO: Processing full payment update for code: CAR-ABCDEF12345 {"trace_id":"35f33644-6fde-4268-8ec4-1ccea5b0edde","is_console_command":true,"request_path":"POST payments/Car/update-new","request_ip":"127.0.0.1","user_agent":"Symfony","execution_time_ms":null,"feature":"update-payment"} {"feature":"update-payment","code":"CAR-ABCDEF12345"}
[2026-02-09 10:43:25] testing.INFO: Processing full payment update for code: CAR-ABCDEF12345 {"trace_id":"35f33644-6fde-4268-8ec4-1ccea5b0edde","is_console_command":true,"request_path":"POST payments/Car/update-new","request_ip":"127.0.0.1","user_agent":"Symfony","execution_time_ms":null,"feature":"update-payment"} {"feature":"update-payment","code":"CAR-ABCDEF12345"}
[2026-02-09 10:43:25] testing.INFO: Payment updated successfully for Payment Code: CAR-ABCDEF12345 {"trace_id":"35f33644-6fde-4268-8ec4-1ccea5b0edde","is_console_command":true,"request_path":"POST payments/Car/update-new","request_ip":"127.0.0.1","user_agent":"Symfony","execution_time_ms":null,"feature":"update-payment"} {"feature":"update-payment","code":"CAR-ABCDEF12345"}
[2026-02-09 10:43:25] testing.INFO: Payment updated successfully for Payment Code: CAR-ABCDEF12345 {"trace_id":"35f33644-6fde-4268-8ec4-1ccea5b0edde","is_console_command":true,"request_path":"POST payments/Car/update-new","request_ip":"127.0.0.1","user_agent":"Symfony","execution_time_ms":null,"feature":"update-payment"} {"feature":"update-payment","code":"CAR-ABCDEF12345"}
[2026-02-09 10:43:25] testing.INFO: Starting update payment splits for payment code: CAR-ABCDEF12345 {"trace_id":"35f33644-6fde-4268-8ec4-1ccea5b0edde","is_console_command":true,"request_path":"POST payments/Car/update-new","request_ip":"127.0.0.1","user_agent":"Symfony","execution_time_ms":null,"feature":"update-payment"} {"feature":"update-payment","code":"CAR-ABCDEF12345"}
[2026-02-09 10:43:25] testing.INFO: Starting update payment splits for payment code: CAR-ABCDEF12345 {"trace_id":"35f33644-6fde-4268-8ec4-1ccea5b0edde","is_console_command":true,"request_path":"POST payments/Car/update-new","request_ip":"127.0.0.1","user_agent":"Symfony","execution_time_ms":null,"feature":"update-payment"} {"feature":"update-payment","code":"CAR-ABCDEF12345"}
[2026-02-09 10:43:25] testing.INFO: Processing payment split #1 for payment CAR-ABCDEF12345 with method CC {"trace_id":"35f33644-6fde-4268-8ec4-1ccea5b0edde","is_console_command":true,"request_path":"POST payments/Car/update-new","request_ip":"127.0.0.1","user_agent":"Symfony","execution_time_ms":null,"feature":"update-payment"} {"feature":"update-payment","code":"CAR-ABCDEF12345"}
[2026-02-09 10:43:25] testing.INFO: Processing payment split #1 for payment CAR-ABCDEF12345 with method CC {"trace_id":"35f33644-6fde-4268-8ec4-1ccea5b0edde","is_console_command":true,"request_path":"POST payments/Car/update-new","request_ip":"127.0.0.1","user_agent":"Symfony","execution_time_ms":null,"feature":"update-payment"} {"feature":"update-payment","code":"CAR-ABCDEF12345"}
[2026-02-09 10:43:25] testing.INFO: Processing full payment split update for code: CAR-ABCDEF12345 {"trace_id":"35f33644-6fde-4268-8ec4-1ccea5b0edde","is_console_command":true,"request_path":"POST payments/Car/update-new","request_ip":"127.0.0.1","user_agent":"Symfony","execution_time_ms":null,"feature":"update-payment"} {"feature":"update-payment","code":"CAR-ABCDEF12345"}
[2026-02-09 10:43:25] testing.INFO: Processing full payment split update for code: CAR-ABCDEF12345 {"trace_id":"35f33644-6fde-4268-8ec4-1ccea5b0edde","is_console_command":true,"request_path":"POST payments/Car/update-new","request_ip":"127.0.0.1","user_agent":"Symfony","execution_time_ms":null,"feature":"update-payment"} {"feature":"update-payment","code":"CAR-ABCDEF12345"}
[2026-02-09 10:43:25] testing.INFO: PaymentSplits:Observer - Starting VAT calculation for payment code: CAR-ABCDEF12345 {"trace_id":"35f33644-6fde-4268-8ec4-1ccea5b0edde","is_console_command":true,"request_path":"POST payments/Car/update-new","request_ip":"127.0.0.1","user_agent":"Symfony","execution_time_ms":null,"feature":"update-payment"} {"feature":"update-payment","code":"CAR-ABCDEF12345"}
[2026-02-09 10:43:25] testing.INFO: PaymentSplits:Observer - Starting VAT calculation for payment code: CAR-ABCDEF12345 {"trace_id":"35f33644-6fde-4268-8ec4-1ccea5b0edde","is_console_command":true,"request_path":"POST payments/Car/update-new","request_ip":"127.0.0.1","user_agent":"Symfony","execution_time_ms":null,"feature":"update-payment","extra":"{\"sr_no\":1}"} {"feature":"update-payment","code":"CAR-ABCDEF12345"}
[2026-02-09 10:43:25] testing.INFO: PaymentSplits:Observer - Found non perosnal for payment code: CAR-ABCDEF12345 {"trace_id":"35f33644-6fde-4268-8ec4-1ccea5b0edde","is_console_command":true,"request_path":"POST payments/Car/update-new","request_ip":"127.0.0.1","user_agent":"Symfony","execution_time_ms":null,"feature":"update-payment"} {"feature":"update-payment","code":"CAR-ABCDEF12345"}
[2026-02-09 10:43:25] testing.INFO: PaymentSplits:Observer - Found non perosnal for payment code: CAR-ABCDEF12345 {"trace_id":"35f33644-6fde-4268-8ec4-1ccea5b0edde","is_console_command":true,"request_path":"POST payments/Car/update-new","request_ip":"127.0.0.1","user_agent":"Symfony","execution_time_ms":null,"feature":"update-payment","extra":"{\"sr_no\":1}"} {"feature":"update-payment","code":"CAR-ABCDEF12345"}
[2026-02-09 10:43:25] testing.INFO: PaymentSplits:Observer - Applied discount to first split for payment code: CAR-ABCDEF12345 {"trace_id":"35f33644-6fde-4268-8ec4-1ccea5b0edde","is_console_command":true,"request_path":"POST payments/Car/update-new","request_ip":"127.0.0.1","user_agent":"Symfony","execution_time_ms":null,"feature":"update-payment"} {"feature":"update-payment","code":"CAR-ABCDEF12345"}
[2026-02-09 10:43:25] testing.INFO: PaymentSplits:Observer - Applied discount to first split for payment code: CAR-ABCDEF12345 {"trace_id":"35f33644-6fde-4268-8ec4-1ccea5b0edde","is_console_command":true,"request_path":"POST payments/Car/update-new","request_ip":"127.0.0.1","user_agent":"Symfony","execution_time_ms":null,"feature":"update-payment","extra":"{\"sr_no\":1,\"original_amount\":500,\"discount_value\":0,\"final_split_amount\":500}"} {"feature":"update-payment","code":"CAR-ABCDEF12345"}
[2026-02-09 10:43:25] testing.INFO: PaymentSplits:Observer - Calculating price and VAT for payment code: CAR-ABCDEF12345 {"trace_id":"35f33644-6fde-4268-8ec4-1ccea5b0edde","is_console_command":true,"request_path":"POST payments/Car/update-new","request_ip":"127.0.0.1","user_agent":"Symfony","execution_time_ms":null,"feature":"update-payment"} {"feature":"update-payment","code":"CAR-ABCDEF12345"}
[2026-02-09 10:43:25] testing.INFO: PaymentSplits:Observer - Calculating price and VAT for payment code: CAR-ABCDEF12345 {"trace_id":"35f33644-6fde-4268-8ec4-1ccea5b0edde","is_console_command":true,"request_path":"POST payments/Car/update-new","request_ip":"127.0.0.1","user_agent":"Symfony","execution_time_ms":null,"feature":"update-payment","extra":"{\"sr_no\":1,\"total_payments\":2,\"frequency\":\"split_payments\",\"total_price\":1000,\"split_amount\":500}"} {"feature":"update-payment","code":"CAR-ABCDEF12345"}
[2026-02-09 10:43:25] testing.INFO: SplitPaymentService - Processing ecommLob quote for payment code: CAR-ABCDEF12345 {"trace_id":"35f33644-6fde-4268-8ec4-1ccea5b0edde","is_console_command":true,"request_path":"POST payments/Car/update-new","request_ip":"127.0.0.1","user_agent":"Symfony","execution_time_ms":null,"feature":"update-payment"} {"feature":"update-payment","code":"CAR-ABCDEF12345"}
[2026-02-09 10:43:25] testing.INFO: SplitPaymentService - Processing ecommLob quote for payment code: CAR-ABCDEF12345 {"trace_id":"35f33644-6fde-4268-8ec4-1ccea5b0edde","is_console_command":true,"request_path":"POST payments/Car/update-new","request_ip":"127.0.0.1","user_agent":"Symfony","execution_time_ms":null,"feature":"update-payment","extra":"{\"modelType\":\"Car\",\"computedPrice\":1000}"} {"feature":"update-payment","code":"CAR-ABCDEF12345"}
[2026-02-09 10:43:25] testing.INFO: SplitPaymentService - ecommLob VAT calculation for payment code: CAR-ABCDEF12345 {"trace_id":"35f33644-6fde-4268-8ec4-1ccea5b0edde","is_console_command":true,"request_path":"POST payments/Car/update-new","request_ip":"127.0.0.1","user_agent":"Symfony","execution_time_ms":null,"feature":"update-payment"} {"feature":"update-payment","code":"CAR-ABCDEF12345"}
[2026-02-09 10:43:25] testing.INFO: SplitPaymentService - ecommLob VAT calculation for payment code: CAR-ABCDEF12345 {"trace_id":"35f33644-6fde-4268-8ec4-1ccea5b0edde","is_console_command":true,"request_path":"POST payments/Car/update-new","request_ip":"127.0.0.1","user_agent":"Symfony","execution_time_ms":null,"feature":"update-payment","extra":"{\"modelType\":\"Car\",\"priceWithoutVat\":952.3809523809523,\"vat\":47.61904761904761}"} {"feature":"update-payment","code":"CAR-ABCDEF12345"}
[2026-02-09 10:43:25] testing.INFO: SplitPaymentService - Final price after adding non-applicable VAT amount for payment code: CAR-ABCDEF12345 {"trace_id":"35f33644-6fde-4268-8ec4-1ccea5b0edde","is_console_command":true,"request_path":"POST payments/Car/update-new","request_ip":"127.0.0.1","user_agent":"Symfony","execution_time_ms":null,"feature":"update-payment"} {"feature":"update-payment","code":"CAR-ABCDEF12345"}
[2026-02-09 10:43:25] testing.INFO: SplitPaymentService - Final price after adding non-applicable VAT amount for payment code: CAR-ABCDEF12345 {"trace_id":"35f33644-6fde-4268-8ec4-1ccea5b0edde","is_console_command":true,"request_path":"POST payments/Car/update-new","request_ip":"127.0.0.1","user_agent":"Symfony","execution_time_ms":null,"feature":"update-payment","extra":"{\"final_priceWithoutVat\":952.3809523809523,\"priceVatNotApplicable\":0,\"vat\":47.61904761904761}"} {"feature":"update-payment","code":"CAR-ABCDEF12345"}
[2026-02-09 10:43:25] testing.INFO: PaymentSplits:Observer - VAT calculation completed for payment code: CAR-ABCDEF12345 {"trace_id":"35f33644-6fde-4268-8ec4-1ccea5b0edde","is_console_command":true,"request_path":"POST payments/Car/update-new","request_ip":"127.0.0.1","user_agent":"Symfony","execution_time_ms":null,"feature":"update-payment"} {"feature":"update-payment","code":"CAR-ABCDEF12345"}
[2026-02-09 10:43:25] testing.INFO: PaymentSplits:Observer - VAT calculation completed for payment code: CAR-ABCDEF12345 {"trace_id":"35f33644-6fde-4268-8ec4-1ccea5b0edde","is_console_command":true,"request_path":"POST payments/Car/update-new","request_ip":"127.0.0.1","user_agent":"Symfony","execution_time_ms":null,"feature":"update-payment","extra":"{\"sr_no\":1,\"price_without_vat\":476.19,\"vat\":23.81}"} {"feature":"update-payment","code":"CAR-ABCDEF12345"}
[2026-02-09 10:43:25] testing.INFO: PaymentSplits:Observer - Payment split updated for payment code: CAR-ABCDEF12345 {"trace_id":"35f33644-6fde-4268-8ec4-1ccea5b0edde","is_console_command":true,"request_path":"POST payments/Car/update-new","request_ip":"127.0.0.1","user_agent":"Symfony","execution_time_ms":null,"feature":"update-payment"} {"feature":"update-payment","code":"CAR-ABCDEF12345"}
[2026-02-09 10:43:25] testing.INFO: PaymentSplits:Observer - Payment split updated for payment code: CAR-ABCDEF12345 {"trace_id":"35f33644-6fde-4268-8ec4-1ccea5b0edde","is_console_command":true,"request_path":"POST payments/Car/update-new","request_ip":"127.0.0.1","user_agent":"Symfony","execution_time_ms":null,"feature":"update-payment","extra":"{\"sr_no\":1}"} {"feature":"update-payment","code":"CAR-ABCDEF12345"}
[2026-02-09 10:43:25] testing.INFO: Updating payment split #1 status to 14 for payment CAR-ABCDEF12345 {"trace_id":"35f33644-6fde-4268-8ec4-1ccea5b0edde","is_console_command":true,"request_path":"POST payments/Car/update-new","request_ip":"127.0.0.1","user_agent":"Symfony","execution_time_ms":null,"feature":"update-payment"} {"feature":"update-payment","code":"CAR-ABCDEF12345"}
[2026-02-09 10:43:25] testing.INFO: Updating payment split #1 status to 14 for payment CAR-ABCDEF12345 {"trace_id":"35f33644-6fde-4268-8ec4-1ccea5b0edde","is_console_command":true,"request_path":"POST payments/Car/update-new","request_ip":"127.0.0.1","user_agent":"Symfony","execution_time_ms":null,"feature":"update-payment"} {"feature":"update-payment","code":"CAR-ABCDEF12345"}
[2026-02-09 10:43:25] testing.INFO: Processing payment split #2 for payment CAR-ABCDEF12345 with method IP {"trace_id":"35f33644-6fde-4268-8ec4-1ccea5b0edde","is_console_command":true,"request_path":"POST payments/Car/update-new","request_ip":"127.0.0.1","user_agent":"Symfony","execution_time_ms":null,"feature":"update-payment"} {"feature":"update-payment","code":"CAR-ABCDEF12345"}
[2026-02-09 10:43:25] testing.INFO: Processing payment split #2 for payment CAR-ABCDEF12345 with method IP {"trace_id":"35f33644-6fde-4268-8ec4-1ccea5b0edde","is_console_command":true,"request_path":"POST payments/Car/update-new","request_ip":"127.0.0.1","user_agent":"Symfony","execution_time_ms":null,"feature":"update-payment"} {"feature":"update-payment","code":"CAR-ABCDEF12345"}
[2026-02-09 10:43:25] testing.INFO: Processing full payment split update for code: CAR-ABCDEF12345 {"trace_id":"35f33644-6fde-4268-8ec4-1ccea5b0edde","is_console_command":true,"request_path":"POST payments/Car/update-new","request_ip":"127.0.0.1","user_agent":"Symfony","execution_time_ms":null,"feature":"update-payment"} {"feature":"update-payment","code":"CAR-ABCDEF12345"}
[2026-02-09 10:43:25] testing.INFO: Processing full payment split update for code: CAR-ABCDEF12345 {"trace_id":"35f33644-6fde-4268-8ec4-1ccea5b0edde","is_console_command":true,"request_path":"POST payments/Car/update-new","request_ip":"127.0.0.1","user_agent":"Symfony","execution_time_ms":null,"feature":"update-payment"} {"feature":"update-payment","code":"CAR-ABCDEF12345"}
[2026-02-09 10:43:25] testing.INFO: Creating new payment split #2 for payment CAR-ABCDEF12345 {"trace_id":"35f33644-6fde-4268-8ec4-1ccea5b0edde","is_console_command":true,"request_path":"POST payments/Car/update-new","request_ip":"127.0.0.1","user_agent":"Symfony","execution_time_ms":null,"feature":"update-payment"} {"feature":"update-payment","code":"CAR-ABCDEF12345"}
[2026-02-09 10:43:25] testing.INFO: Creating new payment split #2 for payment CAR-ABCDEF12345 {"trace_id":"35f33644-6fde-4268-8ec4-1ccea5b0edde","is_console_command":true,"request_path":"POST payments/Car/update-new","request_ip":"127.0.0.1","user_agent":"Symfony","execution_time_ms":null,"feature":"update-payment"} {"feature":"update-payment","code":"CAR-ABCDEF12345"}
[2026-02-09 10:43:25] testing.INFO: PaymentSplits:Observer - Starting VAT calculation for payment code: CAR-ABCDEF12345 {"trace_id":"35f33644-6fde-4268-8ec4-1ccea5b0edde","is_console_command":true,"request_path":"POST payments/Car/update-new","request_ip":"127.0.0.1","user_agent":"Symfony","execution_time_ms":null,"feature":"update-payment"} {"feature":"update-payment","code":"CAR-ABCDEF12345"}
[2026-02-09 10:43:25] testing.INFO: PaymentSplits:Observer - Starting VAT calculation for payment code: CAR-ABCDEF12345 {"trace_id":"35f33644-6fde-4268-8ec4-1ccea5b0edde","is_console_command":true,"request_path":"POST payments/Car/update-new","request_ip":"127.0.0.1","user_agent":"Symfony","execution_time_ms":null,"feature":"update-payment","extra":"{\"sr_no\":2}"} {"feature":"update-payment","code":"CAR-ABCDEF12345"}
[2026-02-09 10:43:25] testing.INFO: PaymentSplits:Observer - Found non perosnal for payment code: CAR-ABCDEF12345 {"trace_id":"35f33644-6fde-4268-8ec4-1ccea5b0edde","is_console_command":true,"request_path":"POST payments/Car/update-new","request_ip":"127.0.0.1","user_agent":"Symfony","execution_time_ms":null,"feature":"update-payment"} {"feature":"update-payment","code":"CAR-ABCDEF12345"}
[2026-02-09 10:43:25] testing.INFO: PaymentSplits:Observer - Found non perosnal for payment code: CAR-ABCDEF12345 {"trace_id":"35f33644-6fde-4268-8ec4-1ccea5b0edde","is_console_command":true,"request_path":"POST payments/Car/update-new","request_ip":"127.0.0.1","user_agent":"Symfony","execution_time_ms":null,"feature":"update-payment","extra":"{\"sr_no\":2}"} {"feature":"update-payment","code":"CAR-ABCDEF12345"}
[2026-02-09 10:43:25] testing.INFO: PaymentSplits:Observer - Calculating price and VAT for payment code: CAR-ABCDEF12345 {"trace_id":"35f33644-6fde-4268-8ec4-1ccea5b0edde","is_console_command":true,"request_path":"POST payments/Car/update-new","request_ip":"127.0.0.1","user_agent":"Symfony","execution_time_ms":null,"feature":"update-payment"} {"feature":"update-payment","code":"CAR-ABCDEF12345"}
[2026-02-09 10:43:25] testing.INFO: PaymentSplits:Observer - Calculating price and VAT for payment code: CAR-ABCDEF12345 {"trace_id":"35f33644-6fde-4268-8ec4-1ccea5b0edde","is_console_command":true,"request_path":"POST payments/Car/update-new","request_ip":"127.0.0.1","user_agent":"Symfony","execution_time_ms":null,"feature":"update-payment","extra":"{\"sr_no\":2,\"total_payments\":2,\"frequency\":\"split_payments\",\"total_price\":1000,\"split_amount\":500}"} {"feature":"update-payment","code":"CAR-ABCDEF12345"}
[2026-02-09 10:43:25] testing.INFO: SplitPaymentService - Processing ecommLob quote for payment code: CAR-ABCDEF12345 {"trace_id":"35f33644-6fde-4268-8ec4-1ccea5b0edde","is_console_command":true,"request_path":"POST payments/Car/update-new","request_ip":"127.0.0.1","user_agent":"Symfony","execution_time_ms":null,"feature":"update-payment"} {"feature":"update-payment","code":"CAR-ABCDEF12345"}
[2026-02-09 10:43:25] testing.INFO: SplitPaymentService - Processing ecommLob quote for payment code: CAR-ABCDEF12345 {"trace_id":"35f33644-6fde-4268-8ec4-1ccea5b0edde","is_console_command":true,"request_path":"POST payments/Car/update-new","request_ip":"127.0.0.1","user_agent":"Symfony","execution_time_ms":null,"feature":"update-payment","extra":"{\"modelType\":\"Car\",\"computedPrice\":1000}"} {"feature":"update-payment","code":"CAR-ABCDEF12345"}
[2026-02-09 10:43:25] testing.INFO: SplitPaymentService - ecommLob VAT calculation for payment code: CAR-ABCDEF12345 {"trace_id":"35f33644-6fde-4268-8ec4-1ccea5b0edde","is_console_command":true,"request_path":"POST payments/Car/update-new","request_ip":"127.0.0.1","user_agent":"Symfony","execution_time_ms":null,"feature":"update-payment"} {"feature":"update-payment","code":"CAR-ABCDEF12345"}
[2026-02-09 10:43:25] testing.INFO: SplitPaymentService - ecommLob VAT calculation for payment code: CAR-ABCDEF12345 {"trace_id":"35f33644-6fde-4268-8ec4-1ccea5b0edde","is_console_command":true,"request_path":"POST payments/Car/update-new","request_ip":"127.0.0.1","user_agent":"Symfony","execution_time_ms":null,"feature":"update-payment","extra":"{\"modelType\":\"Car\",\"priceWithoutVat\":952.3809523809523,\"vat\":47.61904761904761}"} {"feature":"update-payment","code":"CAR-ABCDEF12345"}
[2026-02-09 10:43:25] testing.INFO: SplitPaymentService - Final price after adding non-applicable VAT amount for payment code: CAR-ABCDEF12345 {"trace_id":"35f33644-6fde-4268-8ec4-1ccea5b0edde","is_console_command":true,"request_path":"POST payments/Car/update-new","request_ip":"127.0.0.1","user_agent":"Symfony","execution_time_ms":null,"feature":"update-payment"} {"feature":"update-payment","code":"CAR-ABCDEF12345"}
[2026-02-09 10:43:25] testing.INFO: SplitPaymentService - Final price after adding non-applicable VAT amount for payment code: CAR-ABCDEF12345 {"trace_id":"35f33644-6fde-4268-8ec4-1ccea5b0edde","is_console_command":true,"request_path":"POST payments/Car/update-new","request_ip":"127.0.0.1","user_agent":"Symfony","execution_time_ms":null,"feature":"update-payment","extra":"{\"final_priceWithoutVat\":952.3809523809523,\"priceVatNotApplicable\":0,\"vat\":47.61904761904761}"} {"feature":"update-payment","code":"CAR-ABCDEF12345"}
[2026-02-09 10:43:25] testing.INFO: PaymentSplits:Observer - VAT calculation completed for payment code: CAR-ABCDEF12345 {"trace_id":"35f33644-6fde-4268-8ec4-1ccea5b0edde","is_console_command":true,"request_path":"POST payments/Car/update-new","request_ip":"127.0.0.1","user_agent":"Symfony","execution_time_ms":null,"feature":"update-payment"} {"feature":"update-payment","code":"CAR-ABCDEF12345"}
[2026-02-09 10:43:25] testing.INFO: PaymentSplits:Observer - VAT calculation completed for payment code: CAR-ABCDEF12345 {"trace_id":"35f33644-6fde-4268-8ec4-1ccea5b0edde","is_console_command":true,"request_path":"POST payments/Car/update-new","request_ip":"127.0.0.1","user_agent":"Symfony","execution_time_ms":null,"feature":"update-payment","extra":"{\"sr_no\":2,\"price_without_vat\":476.19,\"vat\":23.81}"} {"feature":"update-payment","code":"CAR-ABCDEF12345"}
[2026-02-09 10:43:25] testing.INFO: PaymentSplits:Observer - Payment split updated for payment code: CAR-ABCDEF12345 {"trace_id":"35f33644-6fde-4268-8ec4-1ccea5b0edde","is_console_command":true,"request_path":"POST payments/Car/update-new","request_ip":"127.0.0.1","user_agent":"Symfony","execution_time_ms":null,"feature":"update-payment"} {"feature":"update-payment","code":"CAR-ABCDEF12345"}
[2026-02-09 10:43:25] testing.INFO: PaymentSplits:Observer - Payment split updated for payment code: CAR-ABCDEF12345 {"trace_id":"35f33644-6fde-4268-8ec4-1ccea5b0edde","is_console_command":true,"request_path":"POST payments/Car/update-new","request_ip":"127.0.0.1","user_agent":"Symfony","execution_time_ms":null,"feature":"update-payment","extra":"{\"sr_no\":2}"} {"feature":"update-payment","code":"CAR-ABCDEF12345"}
[2026-02-09 10:43:25] testing.INFO: Updating payment split #2 status to 14 for payment CAR-ABCDEF12345 {"trace_id":"35f33644-6fde-4268-8ec4-1ccea5b0edde","is_console_command":true,"request_path":"POST payments/Car/update-new","request_ip":"127.0.0.1","user_agent":"Symfony","execution_time_ms":null,"feature":"update-payment"} {"feature":"update-payment","code":"CAR-ABCDEF12345"}
[2026-02-09 10:43:25] testing.INFO: Updating payment split #2 status to 14 for payment CAR-ABCDEF12345 {"trace_id":"35f33644-6fde-4268-8ec4-1ccea5b0edde","is_console_command":true,"request_path":"POST payments/Car/update-new","request_ip":"127.0.0.1","user_agent":"Symfony","execution_time_ms":null,"feature":"update-payment"} {"feature":"update-payment","code":"CAR-ABCDEF12345"}
[2026-02-09 10:43:25] testing.INFO: Setting master payment status for payment code: CAR-ABCDEF12345 {"trace_id":"35f33644-6fde-4268-8ec4-1ccea5b0edde","is_console_command":true,"request_path":"POST payments/Car/update-new","request_ip":"127.0.0.1","user_agent":"Symfony","execution_time_ms":null,"feature":"update-payment"} {"feature":"update-payment","code":"CAR-ABCDEF12345"}
[2026-02-09 10:43:25] testing.INFO: Setting master payment status for payment code: CAR-ABCDEF12345 {"trace_id":"35f33644-6fde-4268-8ec4-1ccea5b0edde","is_console_command":true,"request_path":"POST payments/Car/update-new","request_ip":"127.0.0.1","user_agent":"Symfony","execution_time_ms":null,"feature":"update-payment"} {"feature":"update-payment","code":"CAR-ABCDEF12345"}
[2026-02-09 10:43:25] testing.INFO: Master payment code: CAR-ABCDEF12345 - setMasterPaymentStatus called {"trace_id":"35f33644-6fde-4268-8ec4-1ccea5b0edde","is_console_command":true,"request_path":"POST payments/Car/update-new","request_ip":"127.0.0.1","user_agent":"Symfony","execution_time_ms":null,"feature":"update-payment"} {"feature":"update-payment","code":"CAR-ABCDEF12345"}
[2026-02-09 10:43:25] testing.INFO: Master payment code: CAR-ABCDEF12345 - setMasterPaymentStatus called {"trace_id":"35f33644-6fde-4268-8ec4-1ccea5b0edde","is_console_command":true,"request_path":"POST payments/Car/update-new","request_ip":"127.0.0.1","user_agent":"Symfony","execution_time_ms":null,"feature":"update-payment"} {"feature":"update-payment","code":"CAR-ABCDEF12345"}
[2026-02-09 10:43:25] testing.INFO: Master payment code: CAR-ABCDEF12345 Total paid payments: 0 out of 2 {"trace_id":"35f33644-6fde-4268-8ec4-1ccea5b0edde","is_console_command":true,"request_path":"POST payments/Car/update-new","request_ip":"127.0.0.1","user_agent":"Symfony","execution_time_ms":null,"feature":"update-payment"} {"feature":"update-payment","code":"CAR-ABCDEF12345"}
[2026-02-09 10:43:25] testing.INFO: Master payment code: CAR-ABCDEF12345 Total paid payments: 0 out of 2 {"trace_id":"35f33644-6fde-4268-8ec4-1ccea5b0edde","is_console_command":true,"request_path":"POST payments/Car/update-new","request_ip":"127.0.0.1","user_agent":"Symfony","execution_time_ms":null,"feature":"update-payment"} {"feature":"update-payment","code":"CAR-ABCDEF12345"}
[2026-02-09 10:43:25] testing.INFO: Master payment code: CAR-ABCDEF12345 Total credit approved payments: 0 {"trace_id":"35f33644-6fde-4268-8ec4-1ccea5b0edde","is_console_command":true,"request_path":"POST payments/Car/update-new","request_ip":"127.0.0.1","user_agent":"Symfony","execution_time_ms":null,"feature":"update-payment"} {"feature":"update-payment","code":"CAR-ABCDEF12345"}
[2026-02-09 10:43:25] testing.INFO: Master payment code: CAR-ABCDEF12345 Total credit approved payments: 0 {"trace_id":"35f33644-6fde-4268-8ec4-1ccea5b0edde","is_console_command":true,"request_path":"POST payments/Car/update-new","request_ip":"127.0.0.1","user_agent":"Symfony","execution_time_ms":null,"feature":"update-payment"} {"feature":"update-payment","code":"CAR-ABCDEF12345"}
[2026-02-09 10:43:25] testing.INFO: Master payment code: CAR-ABCDEF12345 Updating payment status to NEW {"trace_id":"35f33644-6fde-4268-8ec4-1ccea5b0edde","is_console_command":true,"request_path":"POST payments/Car/update-new","request_ip":"127.0.0.1","user_agent":"Symfony","execution_time_ms":null,"feature":"update-payment"} {"feature":"update-payment","code":"CAR-ABCDEF12345"}
[2026-02-09 10:43:25] testing.INFO: Master payment code: CAR-ABCDEF12345 Updating payment status to NEW {"trace_id":"35f33644-6fde-4268-8ec4-1ccea5b0edde","is_console_command":true,"request_path":"POST payments/Car/update-new","request_ip":"127.0.0.1","user_agent":"Symfony","execution_time_ms":null,"feature":"update-payment"} {"feature":"update-payment","code":"CAR-ABCDEF12345"}
[2026-02-09 10:43:25] testing.INFO: Master payment code: CAR-ABCDEF12345 - Payment status updated from 14 to 14 {"trace_id":"35f33644-6fde-4268-8ec4-1ccea5b0edde","is_console_command":true,"request_path":"POST payments/Car/update-new","request_ip":"127.0.0.1","user_agent":"Symfony","execution_time_ms":null,"feature":"update-payment"} {"feature":"update-payment","code":"CAR-ABCDEF12345"}
[2026-02-09 10:43:25] testing.INFO: Master payment code: CAR-ABCDEF12345 - Payment status updated from 14 to 14 {"trace_id":"35f33644-6fde-4268-8ec4-1ccea5b0edde","is_console_command":true,"request_path":"POST payments/Car/update-new","request_ip":"127.0.0.1","user_agent":"Symfony","execution_time_ms":null,"feature":"update-payment"} {"feature":"update-payment","code":"CAR-ABCDEF12345"}
[2026-02-09 10:43:25] testing.WARNING: Quote not synced from quote_sync table, uuid: ABCDEF12345 {"trace_id":"35f33644-6fde-4268-8ec4-1ccea5b0edde","is_console_command":true,"request_path":"POST payments/Car/update-new","request_ip":"127.0.0.1","user_agent":"Symfony","execution_time_ms":null,"feature":"update-payment"} {"feature":"update-payment","code":"CAR-ABCDEF12345"}
[2026-02-09 10:43:25] testing.WARNING: Quote not synced from quote_sync table, uuid: ABCDEF12345 {"trace_id":"35f33644-6fde-4268-8ec4-1ccea5b0edde","is_console_command":true,"request_path":"POST payments/Car/update-new","request_ip":"127.0.0.1","user_agent":"Symfony","execution_time_ms":null,"feature":"update-payment"} {"feature":"update-payment","code":"CAR-ABCDEF12345"}
[2026-02-09 10:43:25] testing.INFO: Master payment code: CAR-ABCDEF12345 quote payment status updated from  to 14 {"trace_id":"35f33644-6fde-4268-8ec4-1ccea5b0edde","is_console_command":true,"request_path":"POST payments/Car/update-new","request_ip":"127.0.0.1","user_agent":"Symfony","execution_time_ms":null,"feature":"update-payment"} {"feature":"update-payment","code":"CAR-ABCDEF12345"}
[2026-02-09 10:43:25] testing.INFO: Master payment code: CAR-ABCDEF12345 quote payment status updated from  to 14 {"trace_id":"35f33644-6fde-4268-8ec4-1ccea5b0edde","is_console_command":true,"request_path":"POST payments/Car/update-new","request_ip":"127.0.0.1","user_agent":"Symfony","execution_time_ms":null,"feature":"update-payment"} {"feature":"update-payment","code":"CAR-ABCDEF12345"}
[2026-02-09 10:43:25] testing.INFO: Payment update process completed for code: CAR-ABCDEF12345 {"trace_id":"35f33644-6fde-4268-8ec4-1ccea5b0edde","is_console_command":true,"request_path":"POST payments/Car/update-new","request_ip":"127.0.0.1","user_agent":"Symfony","execution_time_ms":null,"feature":"update-payment"} {"feature":"update-payment","code":"CAR-ABCDEF12345"}
[2026-02-09 10:43:25] testing.INFO: Payment update process completed for code: CAR-ABCDEF12345 {"trace_id":"35f33644-6fde-4268-8ec4-1ccea5b0edde","is_console_command":true,"request_path":"POST payments/Car/update-new","request_ip":"127.0.0.1","user_agent":"Symfony","execution_time_ms":null,"feature":"update-payment"} {"feature":"update-payment","code":"CAR-ABCDEF12345"}
[2026-02-09 10:43:25] testing.INFO: Payment:Observer - Starting VAT calculation for payment code: CAR-ABCDEF12345 {"trace_id":"7f33097c-8de0-4bdc-aa1a-546780c98bbe","is_console_command":true} 
[2026-02-09 10:43:25] testing.INFO: Payment:Observer - Starting VAT calculation for payment code: CAR-ABCDEF12345 {"trace_id":"7f33097c-8de0-4bdc-aa1a-546780c98bbe","is_console_command":true,"extra":"{\"total_price\":1000}"} 
[2026-02-09 10:43:25] testing.INFO: Payment:Observer - Other quote type detected for payment code: CAR-ABCDEF12345 {"trace_id":"7f33097c-8de0-4bdc-aa1a-546780c98bbe","is_console_command":true} 
[2026-02-09 10:43:25] testing.INFO: Payment:Observer - Other quote type detected for payment code: CAR-ABCDEF12345 {"trace_id":"7f33097c-8de0-4bdc-aa1a-546780c98bbe","is_console_command":true} 
[2026-02-09 10:43:25] testing.INFO: SplitPaymentService - Processing ecommLob quote for payment code: CAR-ABCDEF12345 {"trace_id":"7f33097c-8de0-4bdc-aa1a-546780c98bbe","is_console_command":true} 
[2026-02-09 10:43:25] testing.INFO: SplitPaymentService - Processing ecommLob quote for payment code: CAR-ABCDEF12345 {"trace_id":"7f33097c-8de0-4bdc-aa1a-546780c98bbe","is_console_command":true,"extra":"{\"modelType\":\"Car\",\"computedPrice\":1000}"} 
[2026-02-09 10:43:25] testing.INFO: SplitPaymentService - ecommLob VAT calculation for payment code: CAR-ABCDEF12345 {"trace_id":"7f33097c-8de0-4bdc-aa1a-546780c98bbe","is_console_command":true} 
[2026-02-09 10:43:25] testing.INFO: SplitPaymentService - ecommLob VAT calculation for payment code: CAR-ABCDEF12345 {"trace_id":"7f33097c-8de0-4bdc-aa1a-546780c98bbe","is_console_command":true,"extra":"{\"modelType\":\"Car\",\"priceWithoutVat\":952.3809523809523,\"vat\":47.61904761904761}"} 
[2026-02-09 10:43:25] testing.INFO: SplitPaymentService - Final price after adding non-applicable VAT amount for payment code: CAR-ABCDEF12345 {"trace_id":"7f33097c-8de0-4bdc-aa1a-546780c98bbe","is_console_command":true} 
[2026-02-09 10:43:25] testing.INFO: SplitPaymentService - Final price after adding non-applicable VAT amount for payment code: CAR-ABCDEF12345 {"trace_id":"7f33097c-8de0-4bdc-aa1a-546780c98bbe","is_console_command":true,"extra":"{\"final_priceWithoutVat\":952.3809523809523,\"priceVatNotApplicable\":0,\"vat\":47.61904761904761}"} 
[2026-02-09 10:43:25] testing.INFO: Payment:Observer - VAT calculation completed for payment code: CAR-ABCDEF12345 {"trace_id":"7f33097c-8de0-4bdc-aa1a-546780c98bbe","is_console_command":true} 
[2026-02-09 10:43:25] testing.INFO: Payment:Observer - VAT calculation completed for payment code: CAR-ABCDEF12345 {"trace_id":"7f33097c-8de0-4bdc-aa1a-546780c98bbe","is_console_command":true,"extra":"{\"price_without_vat\":952.38,\"vat\":47.62,\"total_price\":1000,\"model_type\":\"Car\",\"quote_id\":1,\"send_update_log_id\":null}"} 
[2026-02-09 10:43:25] testing.INFO: Payment:Observer complete - update VAT and Price  for payment code: CAR-ABCDEF12345 {"trace_id":"7f33097c-8de0-4bdc-aa1a-546780c98bbe","is_console_command":true} 
[2026-02-09 10:43:25] testing.INFO: Payment:Observer complete - update VAT and Price  for payment code: CAR-ABCDEF12345 {"trace_id":"7f33097c-8de0-4bdc-aa1a-546780c98bbe","is_console_command":true} 
[2026-02-09 10:43:25] testing.INFO: PaymentSplits:Observer - Starting VAT calculation for payment code: CAR-ABCDEF12345 {"trace_id":"7f33097c-8de0-4bdc-aa1a-546780c98bbe","is_console_command":true} 
[2026-02-09 10:43:25] testing.INFO: PaymentSplits:Observer - Starting VAT calculation for payment code: CAR-ABCDEF12345 {"trace_id":"7f33097c-8de0-4bdc-aa1a-546780c98bbe","is_console_command":true,"extra":"{\"sr_no\":1}"} 
[2026-02-09 10:43:25] testing.INFO: PaymentSplits:Observer - Found non perosnal for payment code: CAR-ABCDEF12345 {"trace_id":"7f33097c-8de0-4bdc-aa1a-546780c98bbe","is_console_command":true} 
[2026-02-09 10:43:25] testing.INFO: PaymentSplits:Observer - Found non perosnal for payment code: CAR-ABCDEF12345 {"trace_id":"7f33097c-8de0-4bdc-aa1a-546780c98bbe","is_console_command":true,"extra":"{\"sr_no\":1}"} 
[2026-02-09 10:43:25] testing.INFO: PaymentSplits:Observer - Applied discount to first split for payment code: CAR-ABCDEF12345 {"trace_id":"7f33097c-8de0-4bdc-aa1a-546780c98bbe","is_console_command":true} 
[2026-02-09 10:43:25] testing.INFO: PaymentSplits:Observer - Applied discount to first split for payment code: CAR-ABCDEF12345 {"trace_id":"7f33097c-8de0-4bdc-aa1a-546780c98bbe","is_console_command":true,"extra":"{\"sr_no\":1,\"original_amount\":1000,\"discount_value\":0,\"final_split_amount\":1000}"} 
[2026-02-09 10:43:25] testing.INFO: PaymentSplits:Observer - Calculating price and VAT for payment code: CAR-ABCDEF12345 {"trace_id":"7f33097c-8de0-4bdc-aa1a-546780c98bbe","is_console_command":true} 
[2026-02-09 10:43:25] testing.INFO: PaymentSplits:Observer - Calculating price and VAT for payment code: CAR-ABCDEF12345 {"trace_id":"7f33097c-8de0-4bdc-aa1a-546780c98bbe","is_console_command":true,"extra":"{\"sr_no\":1,\"total_payments\":1,\"frequency\":\"upfront\",\"total_price\":1000,\"split_amount\":1000}"} 
[2026-02-09 10:43:25] testing.INFO: SplitPaymentService - Processing ecommLob quote for payment code: CAR-ABCDEF12345 {"trace_id":"7f33097c-8de0-4bdc-aa1a-546780c98bbe","is_console_command":true} 
[2026-02-09 10:43:25] testing.INFO: SplitPaymentService - Processing ecommLob quote for payment code: CAR-ABCDEF12345 {"trace_id":"7f33097c-8de0-4bdc-aa1a-546780c98bbe","is_console_command":true,"extra":"{\"modelType\":\"Car\",\"computedPrice\":1000}"} 
[2026-02-09 10:43:25] testing.INFO: SplitPaymentService - ecommLob VAT calculation for payment code: CAR-ABCDEF12345 {"trace_id":"7f33097c-8de0-4bdc-aa1a-546780c98bbe","is_console_command":true} 
[2026-02-09 10:43:25] testing.INFO: SplitPaymentService - ecommLob VAT calculation for payment code: CAR-ABCDEF12345 {"trace_id":"7f33097c-8de0-4bdc-aa1a-546780c98bbe","is_console_command":true,"extra":"{\"modelType\":\"Car\",\"priceWithoutVat\":952.3809523809523,\"vat\":47.61904761904761}"} 
[2026-02-09 10:43:25] testing.INFO: SplitPaymentService - Final price after adding non-applicable VAT amount for payment code: CAR-ABCDEF12345 {"trace_id":"7f33097c-8de0-4bdc-aa1a-546780c98bbe","is_console_command":true} 
[2026-02-09 10:43:25] testing.INFO: SplitPaymentService - Final price after adding non-applicable VAT amount for payment code: CAR-ABCDEF12345 {"trace_id":"7f33097c-8de0-4bdc-aa1a-546780c98bbe","is_console_command":true,"extra":"{\"final_priceWithoutVat\":952.3809523809523,\"priceVatNotApplicable\":0,\"vat\":47.61904761904761}"} 
[2026-02-09 10:43:25] testing.INFO: PaymentSplits:Observer - VAT calculation completed for payment code: CAR-ABCDEF12345 {"trace_id":"7f33097c-8de0-4bdc-aa1a-546780c98bbe","is_console_command":true} 
[2026-02-09 10:43:25] testing.INFO: PaymentSplits:Observer - VAT calculation completed for payment code: CAR-ABCDEF12345 {"trace_id":"7f33097c-8de0-4bdc-aa1a-546780c98bbe","is_console_command":true,"extra":"{\"sr_no\":1,\"price_without_vat\":952.38,\"vat\":47.62}"} 
[2026-02-09 10:43:25] testing.INFO: PaymentSplits:Observer - Payment split updated for payment code: CAR-ABCDEF12345 {"trace_id":"7f33097c-8de0-4bdc-aa1a-546780c98bbe","is_console_command":true} 
[2026-02-09 10:43:25] testing.INFO: PaymentSplits:Observer - Payment split updated for payment code: CAR-ABCDEF12345 {"trace_id":"7f33097c-8de0-4bdc-aa1a-546780c98bbe","is_console_command":true,"extra":"{\"sr_no\":1}"} 
[2026-02-09 10:43:25] testing.INFO: PaymentSplits:Observer - Starting VAT calculation for payment code: CAR-ABCDEF12345 {"trace_id":"7f33097c-8de0-4bdc-aa1a-546780c98bbe","is_console_command":true} 
[2026-02-09 10:43:25] testing.INFO: PaymentSplits:Observer - Starting VAT calculation for payment code: CAR-ABCDEF12345 {"trace_id":"7f33097c-8de0-4bdc-aa1a-546780c98bbe","is_console_command":true,"extra":"{\"sr_no\":1}"} 
[2026-02-09 10:43:25] testing.INFO: PaymentSplits:Observer - Found non perosnal for payment code: CAR-ABCDEF12345 {"trace_id":"7f33097c-8de0-4bdc-aa1a-546780c98bbe","is_console_command":true} 
[2026-02-09 10:43:25] testing.INFO: PaymentSplits:Observer - Found non perosnal for payment code: CAR-ABCDEF12345 {"trace_id":"7f33097c-8de0-4bdc-aa1a-546780c98bbe","is_console_command":true,"extra":"{\"sr_no\":1}"} 
[2026-02-09 10:43:25] testing.INFO: PaymentSplits:Observer - Applied discount to first split for payment code: CAR-ABCDEF12345 {"trace_id":"7f33097c-8de0-4bdc-aa1a-546780c98bbe","is_console_command":true} 
[2026-02-09 10:43:25] testing.INFO: PaymentSplits:Observer - Applied discount to first split for payment code: CAR-ABCDEF12345 {"trace_id":"7f33097c-8de0-4bdc-aa1a-546780c98bbe","is_console_command":true,"extra":"{\"sr_no\":1,\"original_amount\":1000,\"discount_value\":0,\"final_split_amount\":1000}"} 
[2026-02-09 10:43:25] testing.INFO: PaymentSplits:Observer - Calculating price and VAT for payment code: CAR-ABCDEF12345 {"trace_id":"7f33097c-8de0-4bdc-aa1a-546780c98bbe","is_console_command":true} 
[2026-02-09 10:43:25] testing.INFO: PaymentSplits:Observer - Calculating price and VAT for payment code: CAR-ABCDEF12345 {"trace_id":"7f33097c-8de0-4bdc-aa1a-546780c98bbe","is_console_command":true,"extra":"{\"sr_no\":1,\"total_payments\":1,\"frequency\":\"upfront\",\"total_price\":1000,\"split_amount\":1000}"} 
[2026-02-09 10:43:25] testing.INFO: SplitPaymentService - Processing ecommLob quote for payment code: CAR-ABCDEF12345 {"trace_id":"7f33097c-8de0-4bdc-aa1a-546780c98bbe","is_console_command":true} 
[2026-02-09 10:43:25] testing.INFO: SplitPaymentService - Processing ecommLob quote for payment code: CAR-ABCDEF12345 {"trace_id":"7f33097c-8de0-4bdc-aa1a-546780c98bbe","is_console_command":true,"extra":"{\"modelType\":\"Car\",\"computedPrice\":1000}"} 
[2026-02-09 10:43:25] testing.INFO: SplitPaymentService - ecommLob VAT calculation for payment code: CAR-ABCDEF12345 {"trace_id":"7f33097c-8de0-4bdc-aa1a-546780c98bbe","is_console_command":true} 
[2026-02-09 10:43:25] testing.INFO: SplitPaymentService - ecommLob VAT calculation for payment code: CAR-ABCDEF12345 {"trace_id":"7f33097c-8de0-4bdc-aa1a-546780c98bbe","is_console_command":true,"extra":"{\"modelType\":\"Car\",\"priceWithoutVat\":952.3809523809523,\"vat\":47.61904761904761}"} 
[2026-02-09 10:43:25] testing.INFO: SplitPaymentService - Final price after adding non-applicable VAT amount for payment code: CAR-ABCDEF12345 {"trace_id":"7f33097c-8de0-4bdc-aa1a-546780c98bbe","is_console_command":true} 
[2026-02-09 10:43:25] testing.INFO: SplitPaymentService - Final price after adding non-applicable VAT amount for payment code: CAR-ABCDEF12345 {"trace_id":"7f33097c-8de0-4bdc-aa1a-546780c98bbe","is_console_command":true,"extra":"{\"final_priceWithoutVat\":952.3809523809523,\"priceVatNotApplicable\":0,\"vat\":47.61904761904761}"} 
[2026-02-09 10:43:25] testing.INFO: PaymentSplits:Observer - VAT calculation completed for payment code: CAR-ABCDEF12345 {"trace_id":"7f33097c-8de0-4bdc-aa1a-546780c98bbe","is_console_command":true} 
[2026-02-09 10:43:25] testing.INFO: PaymentSplits:Observer - VAT calculation completed for payment code: CAR-ABCDEF12345 {"trace_id":"7f33097c-8de0-4bdc-aa1a-546780c98bbe","is_console_command":true,"extra":"{\"sr_no\":1,\"price_without_vat\":952.38,\"vat\":47.62}"} 
[2026-02-09 10:43:25] testing.INFO: PaymentSplits:Observer - Payment split updated for payment code: CAR-ABCDEF12345 {"trace_id":"7f33097c-8de0-4bdc-aa1a-546780c98bbe","is_console_command":true} 
[2026-02-09 10:43:25] testing.INFO: PaymentSplits:Observer - Payment split updated for payment code: CAR-ABCDEF12345 {"trace_id":"7f33097c-8de0-4bdc-aa1a-546780c98bbe","is_console_command":true,"extra":"{\"sr_no\":1}"} 
[2026-02-09 10:43:25] testing.INFO: fn:checkInsurerReceiptNumber - Receipt number does not exist: INS-REC-NONEXISTENT {"trace_id":"85165529-87b7-4ece-85ad-8ed3aa948eaa","is_console_command":true,"request_path":"POST payments/Car/check-insurer-receipt-number","request_ip":"127.0.0.1","user_agent":"Symfony","execution_time_ms":null,"response_status":422} 
[2026-02-09 10:43:25] testing.INFO: fn:checkInsurerReceiptNumber - Receipt number does not exist: INS-REC-NONEXISTENT {"trace_id":"85165529-87b7-4ece-85ad-8ed3aa948eaa","is_console_command":true,"request_path":"POST payments/Car/check-insurer-receipt-number","request_ip":"127.0.0.1","user_agent":"Symfony","execution_time_ms":null,"response_status":422} 
[2026-02-09 10:43:25] testing.INFO: fn:checkInsurerReceiptNumber - Receipt number already exists: INS-REC-EXISTING {"trace_id":"04dc4ad3-9fe5-4368-bc8a-d8ede2b55c22","is_console_command":true,"request_path":"POST payments/Car/check-insurer-receipt-number","request_ip":"127.0.0.1","user_agent":"Symfony","execution_time_ms":null,"response_status":200} 
[2026-02-09 10:43:25] testing.INFO: fn:checkInsurerReceiptNumber - Receipt number already exists: INS-REC-EXISTING {"trace_id":"04dc4ad3-9fe5-4368-bc8a-d8ede2b55c22","is_console_command":true,"request_path":"POST payments/Car/check-insurer-receipt-number","request_ip":"127.0.0.1","user_agent":"Symfony","execution_time_ms":null,"response_status":200} 
[2026-02-09 10:43:25] testing.INFO: Payment:Observer - Starting VAT calculation for payment code: CAR-ABCDEF12345 {"trace_id":"e54b1b92-63f6-4f00-abc6-8f39400d549e","is_console_command":true} 
[2026-02-09 10:43:25] testing.INFO: Payment:Observer - Starting VAT calculation for payment code: CAR-ABCDEF12345 {"trace_id":"e54b1b92-63f6-4f00-abc6-8f39400d549e","is_console_command":true,"extra":"{\"total_price\":1000}"} 
[2026-02-09 10:43:25] testing.INFO: Payment:Observer - Other quote type detected for payment code: CAR-ABCDEF12345 {"trace_id":"e54b1b92-63f6-4f00-abc6-8f39400d549e","is_console_command":true} 
[2026-02-09 10:43:25] testing.INFO: Payment:Observer - Other quote type detected for payment code: CAR-ABCDEF12345 {"trace_id":"e54b1b92-63f6-4f00-abc6-8f39400d549e","is_console_command":true} 
[2026-02-09 10:43:25] testing.INFO: SplitPaymentService - Processing ecommLob quote for payment code: CAR-ABCDEF12345 {"trace_id":"e54b1b92-63f6-4f00-abc6-8f39400d549e","is_console_command":true} 
[2026-02-09 10:43:25] testing.INFO: SplitPaymentService - Processing ecommLob quote for payment code: CAR-ABCDEF12345 {"trace_id":"e54b1b92-63f6-4f00-abc6-8f39400d549e","is_console_command":true,"extra":"{\"modelType\":\"Car\",\"computedPrice\":1000}"} 
[2026-02-09 10:43:25] testing.INFO: SplitPaymentService - ecommLob VAT calculation for payment code: CAR-ABCDEF12345 {"trace_id":"e54b1b92-63f6-4f00-abc6-8f39400d549e","is_console_command":true} 
[2026-02-09 10:43:25] testing.INFO: SplitPaymentService - ecommLob VAT calculation for payment code: CAR-ABCDEF12345 {"trace_id":"e54b1b92-63f6-4f00-abc6-8f39400d549e","is_console_command":true,"extra":"{\"modelType\":\"Car\",\"priceWithoutVat\":952.3809523809523,\"vat\":47.61904761904761}"} 
[2026-02-09 10:43:25] testing.INFO: SplitPaymentService - Final price after adding non-applicable VAT amount for payment code: CAR-ABCDEF12345 {"trace_id":"e54b1b92-63f6-4f00-abc6-8f39400d549e","is_console_command":true} 
[2026-02-09 10:43:25] testing.INFO: SplitPaymentService - Final price after adding non-applicable VAT amount for payment code: CAR-ABCDEF12345 {"trace_id":"e54b1b92-63f6-4f00-abc6-8f39400d549e","is_console_command":true,"extra":"{\"final_priceWithoutVat\":952.3809523809523,\"priceVatNotApplicable\":0,\"vat\":47.61904761904761}"} 
[2026-02-09 10:43:25] testing.INFO: Payment:Observer - VAT calculation completed for payment code: CAR-ABCDEF12345 {"trace_id":"e54b1b92-63f6-4f00-abc6-8f39400d549e","is_console_command":true} 
[2026-02-09 10:43:25] testing.INFO: Payment:Observer - VAT calculation completed for payment code: CAR-ABCDEF12345 {"trace_id":"e54b1b92-63f6-4f00-abc6-8f39400d549e","is_console_command":true,"extra":"{\"price_without_vat\":952.38,\"vat\":47.62,\"total_price\":1000,\"model_type\":\"Car\",\"quote_id\":1,\"send_update_log_id\":null}"} 
[2026-02-09 10:43:25] testing.INFO: Payment:Observer complete - update VAT and Price  for payment code: CAR-ABCDEF12345 {"trace_id":"e54b1b92-63f6-4f00-abc6-8f39400d549e","is_console_command":true} 
[2026-02-09 10:43:25] testing.INFO: Payment:Observer complete - update VAT and Price  for payment code: CAR-ABCDEF12345 {"trace_id":"e54b1b92-63f6-4f00-abc6-8f39400d549e","is_console_command":true} 
[2026-02-09 10:43:25] testing.INFO: PaymentSplits:Observer - Starting VAT calculation for payment code: CAR-ABCDEF12345 {"trace_id":"e54b1b92-63f6-4f00-abc6-8f39400d549e","is_console_command":true} 
[2026-02-09 10:43:25] testing.INFO: PaymentSplits:Observer - Starting VAT calculation for payment code: CAR-ABCDEF12345 {"trace_id":"e54b1b92-63f6-4f00-abc6-8f39400d549e","is_console_command":true,"extra":"{\"sr_no\":1}"} 
[2026-02-09 10:43:25] testing.INFO: PaymentSplits:Observer - Found non perosnal for payment code: CAR-ABCDEF12345 {"trace_id":"e54b1b92-63f6-4f00-abc6-8f39400d549e","is_console_command":true} 
[2026-02-09 10:43:25] testing.INFO: PaymentSplits:Observer - Found non perosnal for payment code: CAR-ABCDEF12345 {"trace_id":"e54b1b92-63f6-4f00-abc6-8f39400d549e","is_console_command":true,"extra":"{\"sr_no\":1}"} 
[2026-02-09 10:43:25] testing.INFO: PaymentSplits:Observer - Applied discount to first split for payment code: CAR-ABCDEF12345 {"trace_id":"e54b1b92-63f6-4f00-abc6-8f39400d549e","is_console_command":true} 
[2026-02-09 10:43:25] testing.INFO: PaymentSplits:Observer - Applied discount to first split for payment code: CAR-ABCDEF12345 {"trace_id":"e54b1b92-63f6-4f00-abc6-8f39400d549e","is_console_command":true,"extra":"{\"sr_no\":1,\"original_amount\":1000,\"discount_value\":0,\"final_split_amount\":1000}"} 
[2026-02-09 10:43:25] testing.INFO: PaymentSplits:Observer - Calculating price and VAT for payment code: CAR-ABCDEF12345 {"trace_id":"e54b1b92-63f6-4f00-abc6-8f39400d549e","is_console_command":true} 
[2026-02-09 10:43:25] testing.INFO: PaymentSplits:Observer - Calculating price and VAT for payment code: CAR-ABCDEF12345 {"trace_id":"e54b1b92-63f6-4f00-abc6-8f39400d549e","is_console_command":true,"extra":"{\"sr_no\":1,\"total_payments\":1,\"frequency\":\"upfront\",\"total_price\":1000,\"split_amount\":1000}"} 
[2026-02-09 10:43:25] testing.INFO: SplitPaymentService - Processing ecommLob quote for payment code: CAR-ABCDEF12345 {"trace_id":"e54b1b92-63f6-4f00-abc6-8f39400d549e","is_console_command":true} 
[2026-02-09 10:43:25] testing.INFO: SplitPaymentService - Processing ecommLob quote for payment code: CAR-ABCDEF12345 {"trace_id":"e54b1b92-63f6-4f00-abc6-8f39400d549e","is_console_command":true,"extra":"{\"modelType\":\"Car\",\"computedPrice\":1000}"} 
[2026-02-09 10:43:25] testing.INFO: SplitPaymentService - ecommLob VAT calculation for payment code: CAR-ABCDEF12345 {"trace_id":"e54b1b92-63f6-4f00-abc6-8f39400d549e","is_console_command":true} 
[2026-02-09 10:43:25] testing.INFO: SplitPaymentService - ecommLob VAT calculation for payment code: CAR-ABCDEF12345 {"trace_id":"e54b1b92-63f6-4f00-abc6-8f39400d549e","is_console_command":true,"extra":"{\"modelType\":\"Car\",\"priceWithoutVat\":952.3809523809523,\"vat\":47.61904761904761}"} 
[2026-02-09 10:43:25] testing.INFO: SplitPaymentService - Final price after adding non-applicable VAT amount for payment code: CAR-ABCDEF12345 {"trace_id":"e54b1b92-63f6-4f00-abc6-8f39400d549e","is_console_command":true} 
[2026-02-09 10:43:25] testing.INFO: SplitPaymentService - Final price after adding non-applicable VAT amount for payment code: CAR-ABCDEF12345 {"trace_id":"e54b1b92-63f6-4f00-abc6-8f39400d549e","is_console_command":true,"extra":"{\"final_priceWithoutVat\":952.3809523809523,\"priceVatNotApplicable\":0,\"vat\":47.61904761904761}"} 
[2026-02-09 10:43:25] testing.INFO: PaymentSplits:Observer - VAT calculation completed for payment code: CAR-ABCDEF12345 {"trace_id":"e54b1b92-63f6-4f00-abc6-8f39400d549e","is_console_command":true} 
[2026-02-09 10:43:25] testing.INFO: PaymentSplits:Observer - VAT calculation completed for payment code: CAR-ABCDEF12345 {"trace_id":"e54b1b92-63f6-4f00-abc6-8f39400d549e","is_console_command":true,"extra":"{\"sr_no\":1,\"price_without_vat\":952.38,\"vat\":47.62}"} 
[2026-02-09 10:43:25] testing.INFO: PaymentSplits:Observer - Payment split updated for payment code: CAR-ABCDEF12345 {"trace_id":"e54b1b92-63f6-4f00-abc6-8f39400d549e","is_console_command":true} 
[2026-02-09 10:43:25] testing.INFO: PaymentSplits:Observer - Payment split updated for payment code: CAR-ABCDEF12345 {"trace_id":"e54b1b92-63f6-4f00-abc6-8f39400d549e","is_console_command":true,"extra":"{\"sr_no\":1}"} 
[2026-02-09 10:43:25] testing.INFO: App\Repositories\PaymentRepository fn:fetchSplitPaymentApproveDecline Child payment code: CAR-ABCDEF12345 with serial no: 1 trigger creation of Premium Sage receipt  :  {"trace_id":"c4bd4845-ddc9-4516-a133-abd6e9127713","is_console_command":true,"request_path":"POST payments/Car/split-payment-approve-decline","request_ip":"127.0.0.1","user_agent":"Symfony","execution_time_ms":null,"feature":"approve-decline-child-payment","$shouldCreatePrepaymentPremiumReceipt":false} {"feature":"approve-decline-child-payment"}
[2026-02-09 10:43:25] testing.INFO: App\Repositories\PaymentRepository fn:fetchSplitPaymentApproveDecline Child payment code: CAR-ABCDEF12345 with serial no: 1 trigger creation of Premium Sage receipt  :  {"trace_id":"c4bd4845-ddc9-4516-a133-abd6e9127713","is_console_command":true,"request_path":"POST payments/Car/split-payment-approve-decline","request_ip":"127.0.0.1","user_agent":"Symfony","execution_time_ms":null,"feature":"approve-decline-child-payment","$shouldCreatePrepaymentPremiumReceipt":false} {"feature":"approve-decline-child-payment"}
[2026-02-09 10:43:25] testing.INFO: Split payment approval started for code: CAR-ABCDEF12345, SR No: 1 {"trace_id":"c4bd4845-ddc9-4516-a133-abd6e9127713","is_console_command":true,"request_path":"POST payments/Car/split-payment-approve-decline","request_ip":"127.0.0.1","user_agent":"Symfony","execution_time_ms":null,"feature":"approve-decline-child-payment"} {"feature":"approve-decline-child-payment"}
[2026-02-09 10:43:25] testing.INFO: Split payment approval started for code: CAR-ABCDEF12345, SR No: 1 {"trace_id":"c4bd4845-ddc9-4516-a133-abd6e9127713","is_console_command":true,"request_path":"POST payments/Car/split-payment-approve-decline","request_ip":"127.0.0.1","user_agent":"Symfony","execution_time_ms":null,"feature":"approve-decline-child-payment"} {"feature":"approve-decline-child-payment"}
[2026-02-09 10:43:25] testing.INFO: PaymentSplits:Observer - Starting VAT calculation for payment code: CAR-ABCDEF12345 {"trace_id":"c4bd4845-ddc9-4516-a133-abd6e9127713","is_console_command":true,"request_path":"POST payments/Car/split-payment-approve-decline","request_ip":"127.0.0.1","user_agent":"Symfony","execution_time_ms":null,"feature":"approve-decline-child-payment"} {"feature":"approve-decline-child-payment"}
[2026-02-09 10:43:25] testing.INFO: PaymentSplits:Observer - Starting VAT calculation for payment code: CAR-ABCDEF12345 {"trace_id":"c4bd4845-ddc9-4516-a133-abd6e9127713","is_console_command":true,"request_path":"POST payments/Car/split-payment-approve-decline","request_ip":"127.0.0.1","user_agent":"Symfony","execution_time_ms":null,"feature":"approve-decline-child-payment","extra":"{\"sr_no\":1}"} {"feature":"approve-decline-child-payment"}
[2026-02-09 10:43:25] testing.INFO: PaymentSplits:Observer - Found non perosnal for payment code: CAR-ABCDEF12345 {"trace_id":"c4bd4845-ddc9-4516-a133-abd6e9127713","is_console_command":true,"request_path":"POST payments/Car/split-payment-approve-decline","request_ip":"127.0.0.1","user_agent":"Symfony","execution_time_ms":null,"feature":"approve-decline-child-payment"} {"feature":"approve-decline-child-payment"}
[2026-02-09 10:43:25] testing.INFO: PaymentSplits:Observer - Found non perosnal for payment code: CAR-ABCDEF12345 {"trace_id":"c4bd4845-ddc9-4516-a133-abd6e9127713","is_console_command":true,"request_path":"POST payments/Car/split-payment-approve-decline","request_ip":"127.0.0.1","user_agent":"Symfony","execution_time_ms":null,"feature":"approve-decline-child-payment","extra":"{\"sr_no\":1}"} {"feature":"approve-decline-child-payment"}
[2026-02-09 10:43:25] testing.INFO: PaymentSplits:Observer - Applied discount to first split for payment code: CAR-ABCDEF12345 {"trace_id":"c4bd4845-ddc9-4516-a133-abd6e9127713","is_console_command":true,"request_path":"POST payments/Car/split-payment-approve-decline","request_ip":"127.0.0.1","user_agent":"Symfony","execution_time_ms":null,"feature":"approve-decline-child-payment"} {"feature":"approve-decline-child-payment"}
[2026-02-09 10:43:25] testing.INFO: PaymentSplits:Observer - Applied discount to first split for payment code: CAR-ABCDEF12345 {"trace_id":"c4bd4845-ddc9-4516-a133-abd6e9127713","is_console_command":true,"request_path":"POST payments/Car/split-payment-approve-decline","request_ip":"127.0.0.1","user_agent":"Symfony","execution_time_ms":null,"feature":"approve-decline-child-payment","extra":"{\"sr_no\":1,\"original_amount\":1000,\"discount_value\":0,\"final_split_amount\":1000}"} {"feature":"approve-decline-child-payment"}
[2026-02-09 10:43:25] testing.INFO: PaymentSplits:Observer - Calculating price and VAT for payment code: CAR-ABCDEF12345 {"trace_id":"c4bd4845-ddc9-4516-a133-abd6e9127713","is_console_command":true,"request_path":"POST payments/Car/split-payment-approve-decline","request_ip":"127.0.0.1","user_agent":"Symfony","execution_time_ms":null,"feature":"approve-decline-child-payment"} {"feature":"approve-decline-child-payment"}
[2026-02-09 10:43:25] testing.INFO: PaymentSplits:Observer - Calculating price and VAT for payment code: CAR-ABCDEF12345 {"trace_id":"c4bd4845-ddc9-4516-a133-abd6e9127713","is_console_command":true,"request_path":"POST payments/Car/split-payment-approve-decline","request_ip":"127.0.0.1","user_agent":"Symfony","execution_time_ms":null,"feature":"approve-decline-child-payment","extra":"{\"sr_no\":1,\"total_payments\":1,\"frequency\":\"upfront\",\"total_price\":1000,\"split_amount\":1000}"} {"feature":"approve-decline-child-payment"}
[2026-02-09 10:43:25] testing.INFO: SplitPaymentService - Processing ecommLob quote for payment code: CAR-ABCDEF12345 {"trace_id":"c4bd4845-ddc9-4516-a133-abd6e9127713","is_console_command":true,"request_path":"POST payments/Car/split-payment-approve-decline","request_ip":"127.0.0.1","user_agent":"Symfony","execution_time_ms":null,"feature":"approve-decline-child-payment"} {"feature":"approve-decline-child-payment"}
[2026-02-09 10:43:25] testing.INFO: SplitPaymentService - Processing ecommLob quote for payment code: CAR-ABCDEF12345 {"trace_id":"c4bd4845-ddc9-4516-a133-abd6e9127713","is_console_command":true,"request_path":"POST payments/Car/split-payment-approve-decline","request_ip":"127.0.0.1","user_agent":"Symfony","execution_time_ms":null,"feature":"approve-decline-child-payment","extra":"{\"modelType\":\"Car\",\"computedPrice\":1000}"} {"feature":"approve-decline-child-payment"}
[2026-02-09 10:43:25] testing.INFO: SplitPaymentService - ecommLob VAT calculation for payment code: CAR-ABCDEF12345 {"trace_id":"c4bd4845-ddc9-4516-a133-abd6e9127713","is_console_command":true,"request_path":"POST payments/Car/split-payment-approve-decline","request_ip":"127.0.0.1","user_agent":"Symfony","execution_time_ms":null,"feature":"approve-decline-child-payment"} {"feature":"approve-decline-child-payment"}
[2026-02-09 10:43:25] testing.INFO: SplitPaymentService - ecommLob VAT calculation for payment code: CAR-ABCDEF12345 {"trace_id":"c4bd4845-ddc9-4516-a133-abd6e9127713","is_console_command":true,"request_path":"POST payments/Car/split-payment-approve-decline","request_ip":"127.0.0.1","user_agent":"Symfony","execution_time_ms":null,"feature":"approve-decline-child-payment","extra":"{\"modelType\":\"Car\",\"priceWithoutVat\":952.3809523809523,\"vat\":47.61904761904761}"} {"feature":"approve-decline-child-payment"}
[2026-02-09 10:43:25] testing.INFO: SplitPaymentService - Final price after adding non-applicable VAT amount for payment code: CAR-ABCDEF12345 {"trace_id":"c4bd4845-ddc9-4516-a133-abd6e9127713","is_console_command":true,"request_path":"POST payments/Car/split-payment-approve-decline","request_ip":"127.0.0.1","user_agent":"Symfony","execution_time_ms":null,"feature":"approve-decline-child-payment"} {"feature":"approve-decline-child-payment"}
[2026-02-09 10:43:25] testing.INFO: SplitPaymentService - Final price after adding non-applicable VAT amount for payment code: CAR-ABCDEF12345 {"trace_id":"c4bd4845-ddc9-4516-a133-abd6e9127713","is_console_command":true,"request_path":"POST payments/Car/split-payment-approve-decline","request_ip":"127.0.0.1","user_agent":"Symfony","execution_time_ms":null,"feature":"approve-decline-child-payment","extra":"{\"final_priceWithoutVat\":952.3809523809523,\"priceVatNotApplicable\":0,\"vat\":47.61904761904761}"} {"feature":"approve-decline-child-payment"}
[2026-02-09 10:43:25] testing.INFO: PaymentSplits:Observer - VAT calculation completed for payment code: CAR-ABCDEF12345 {"trace_id":"c4bd4845-ddc9-4516-a133-abd6e9127713","is_console_command":true,"request_path":"POST payments/Car/split-payment-approve-decline","request_ip":"127.0.0.1","user_agent":"Symfony","execution_time_ms":null,"feature":"approve-decline-child-payment"} {"feature":"approve-decline-child-payment"}
[2026-02-09 10:43:25] testing.INFO: PaymentSplits:Observer - VAT calculation completed for payment code: CAR-ABCDEF12345 {"trace_id":"c4bd4845-ddc9-4516-a133-abd6e9127713","is_console_command":true,"request_path":"POST payments/Car/split-payment-approve-decline","request_ip":"127.0.0.1","user_agent":"Symfony","execution_time_ms":null,"feature":"approve-decline-child-payment","extra":"{\"sr_no\":1,\"price_without_vat\":952.38,\"vat\":47.62}"} {"feature":"approve-decline-child-payment"}
[2026-02-09 10:43:25] testing.INFO: PaymentSplits:Observer - Payment split updated for payment code: CAR-ABCDEF12345 {"trace_id":"c4bd4845-ddc9-4516-a133-abd6e9127713","is_console_command":true,"request_path":"POST payments/Car/split-payment-approve-decline","request_ip":"127.0.0.1","user_agent":"Symfony","execution_time_ms":null,"feature":"approve-decline-child-payment"} {"feature":"approve-decline-child-payment"}
[2026-02-09 10:43:25] testing.INFO: PaymentSplits:Observer - Payment split updated for payment code: CAR-ABCDEF12345 {"trace_id":"c4bd4845-ddc9-4516-a133-abd6e9127713","is_console_command":true,"request_path":"POST payments/Car/split-payment-approve-decline","request_ip":"127.0.0.1","user_agent":"Symfony","execution_time_ms":null,"feature":"approve-decline-child-payment","extra":"{\"sr_no\":1}"} {"feature":"approve-decline-child-payment"}
[2026-02-09 10:43:25] testing.INFO: Split payment approval completed successfully - code: CAR-ABCDEF12345, SR No: 1 {"trace_id":"c4bd4845-ddc9-4516-a133-abd6e9127713","is_console_command":true,"request_path":"POST payments/Car/split-payment-approve-decline","request_ip":"127.0.0.1","user_agent":"Symfony","execution_time_ms":null,"feature":"approve-decline-child-payment"} {"feature":"approve-decline-child-payment"}
[2026-02-09 10:43:25] testing.INFO: Split payment approval completed successfully - code: CAR-ABCDEF12345, SR No: 1 {"trace_id":"c4bd4845-ddc9-4516-a133-abd6e9127713","is_console_command":true,"request_path":"POST payments/Car/split-payment-approve-decline","request_ip":"127.0.0.1","user_agent":"Symfony","execution_time_ms":null,"feature":"approve-decline-child-payment"} {"feature":"approve-decline-child-payment"}
[2026-02-09 10:43:25] testing.INFO: Master payment code: CAR-ABCDEF12345 - setMasterPaymentStatus called {"trace_id":"c4bd4845-ddc9-4516-a133-abd6e9127713","is_console_command":true,"request_path":"POST payments/Car/split-payment-approve-decline","request_ip":"127.0.0.1","user_agent":"Symfony","execution_time_ms":null,"feature":"approve-decline-child-payment"} {"feature":"approve-decline-child-payment"}
[2026-02-09 10:43:25] testing.INFO: Master payment code: CAR-ABCDEF12345 - setMasterPaymentStatus called {"trace_id":"c4bd4845-ddc9-4516-a133-abd6e9127713","is_console_command":true,"request_path":"POST payments/Car/split-payment-approve-decline","request_ip":"127.0.0.1","user_agent":"Symfony","execution_time_ms":null,"feature":"approve-decline-child-payment"} {"feature":"approve-decline-child-payment"}
[2026-02-09 10:43:25] testing.INFO: Payment:Observer - Payment status changed to 10 for payment code: CAR-ABCDEF12345 {"trace_id":"c4bd4845-ddc9-4516-a133-abd6e9127713","is_console_command":true,"request_path":"POST payments/Car/split-payment-approve-decline","request_ip":"127.0.0.1","user_agent":"Symfony","execution_time_ms":null,"feature":"approve-decline-child-payment"} {"feature":"approve-decline-child-payment"}
[2026-02-09 10:43:25] testing.INFO: Payment:Observer - Payment status changed to 10 for payment code: CAR-ABCDEF12345 {"trace_id":"c4bd4845-ddc9-4516-a133-abd6e9127713","is_console_command":true,"request_path":"POST payments/Car/split-payment-approve-decline","request_ip":"127.0.0.1","user_agent":"Symfony","execution_time_ms":null,"feature":"approve-decline-child-payment"} {"feature":"approve-decline-child-payment"}
[2026-02-09 10:43:25] testing.INFO: Master payment code: CAR-ABCDEF12345 - Payment status updated from 14 to 10 {"trace_id":"c4bd4845-ddc9-4516-a133-abd6e9127713","is_console_command":true,"request_path":"POST payments/Car/split-payment-approve-decline","request_ip":"127.0.0.1","user_agent":"Symfony","execution_time_ms":null,"feature":"approve-decline-child-payment"} {"feature":"approve-decline-child-payment"}
[2026-02-09 10:43:25] testing.INFO: Master payment code: CAR-ABCDEF12345 - Payment status updated from 14 to 10 {"trace_id":"c4bd4845-ddc9-4516-a133-abd6e9127713","is_console_command":true,"request_path":"POST payments/Car/split-payment-approve-decline","request_ip":"127.0.0.1","user_agent":"Symfony","execution_time_ms":null,"feature":"approve-decline-child-payment"} {"feature":"approve-decline-child-payment"}
[2026-02-09 10:43:25] testing.INFO: Master payment code: CAR-ABCDEF12345 - Quote type: App\Models\CarQuote {"trace_id":"c4bd4845-ddc9-4516-a133-abd6e9127713","is_console_command":true,"request_path":"POST payments/Car/split-payment-approve-decline","request_ip":"127.0.0.1","user_agent":"Symfony","execution_time_ms":null,"feature":"approve-decline-child-payment"} {"feature":"approve-decline-child-payment"}
[2026-02-09 10:43:25] testing.INFO: Master payment code: CAR-ABCDEF12345 - Quote type: App\Models\CarQuote {"trace_id":"c4bd4845-ddc9-4516-a133-abd6e9127713","is_console_command":true,"request_path":"POST payments/Car/split-payment-approve-decline","request_ip":"127.0.0.1","user_agent":"Symfony","execution_time_ms":null,"feature":"approve-decline-child-payment"} {"feature":"approve-decline-child-payment"}
[2026-02-09 10:43:25] testing.WARNING: Quote not synced from quote_sync table, uuid: ABCDEF12345 {"trace_id":"c4bd4845-ddc9-4516-a133-abd6e9127713","is_console_command":true,"request_path":"POST payments/Car/split-payment-approve-decline","request_ip":"127.0.0.1","user_agent":"Symfony","execution_time_ms":null,"feature":"approve-decline-child-payment"} {"feature":"approve-decline-child-payment"}
[2026-02-09 10:43:25] testing.WARNING: Quote not synced from quote_sync table, uuid: ABCDEF12345 {"trace_id":"c4bd4845-ddc9-4516-a133-abd6e9127713","is_console_command":true,"request_path":"POST payments/Car/split-payment-approve-decline","request_ip":"127.0.0.1","user_agent":"Symfony","execution_time_ms":null,"feature":"approve-decline-child-payment"} {"feature":"approve-decline-child-payment"}
[2026-02-09 10:43:25] testing.INFO: Master payment code: CAR-ABCDEF12345 quote payment status updated from  to 10 {"trace_id":"c4bd4845-ddc9-4516-a133-abd6e9127713","is_console_command":true,"request_path":"POST payments/Car/split-payment-approve-decline","request_ip":"127.0.0.1","user_agent":"Symfony","execution_time_ms":null,"feature":"approve-decline-child-payment"} {"feature":"approve-decline-child-payment"}
[2026-02-09 10:43:25] testing.INFO: Master payment code: CAR-ABCDEF12345 quote payment status updated from  to 10 {"trace_id":"c4bd4845-ddc9-4516-a133-abd6e9127713","is_console_command":true,"request_path":"POST payments/Car/split-payment-approve-decline","request_ip":"127.0.0.1","user_agent":"Symfony","execution_time_ms":null,"feature":"approve-decline-child-payment"} {"feature":"approve-decline-child-payment"}
[2026-02-09 10:43:26] testing.INFO: fn:fetchByQuoteTypeMapping - Start - InsuranceProviderRepository {"trace_id":"f09d2bbc-03e0-4e1b-bbdc-db2951efb313","is_console_command":true,"request_path":"GET quotes/travel","request_ip":"127.0.0.1","user_agent":"Symfony","execution_time_ms":null} 
[2026-02-09 10:43:26] testing.INFO: fn:fetchByQuoteTypeMapping - Start - InsuranceProviderRepository {"trace_id":"f09d2bbc-03e0-4e1b-bbdc-db2951efb313","is_console_command":true,"request_path":"GET quotes/travel","request_ip":"127.0.0.1","user_agent":"Symfony","execution_time_ms":null} 
[2026-02-09 10:43:27] testing.INFO: Driver Emirates ID data processor started {"trace_id":"9c28df9c-b69c-46e2-b8f4-dce4269a11ea","is_console_command":true} 
[2026-02-09 10:43:27] testing.INFO: Driver Emirates ID data processor started {"trace_id":"9c28df9c-b69c-46e2-b8f4-dce4269a11ea","is_console_command":true} 
[2026-02-09 10:43:27] testing.INFO: VehicleDriverDetail updated/created successfully for Driver Emirates ID {"trace_id":"9c28df9c-b69c-46e2-b8f4-dce4269a11ea","is_console_command":true} 
[2026-02-09 10:43:27] testing.INFO: VehicleDriverDetail updated/created successfully for Driver Emirates ID {"trace_id":"9c28df9c-b69c-46e2-b8f4-dce4269a11ea","is_console_command":true} 
[2026-02-09 10:43:27] testing.INFO: Driver Emirates ID data validation result for document type: DRIVER_EID is: true {"trace_id":"9c28df9c-b69c-46e2-b8f4-dce4269a11ea","is_console_command":true} 
[2026-02-09 10:43:27] testing.INFO: Driver Emirates ID data validation result for document type: DRIVER_EID is: true {"trace_id":"9c28df9c-b69c-46e2-b8f4-dce4269a11ea","is_console_command":true,"extra":"{\"eid_number\":\"784-1985-1234567-1\",\"driver_name\":\"John Doe Smith\",\"date_of_birth\":\"1985-05-15\",\"nationality\":\"United Arab Emirates\",\"sex\":\"male\",\"ocr_processed_at\":\"2026-02-09 10:43:27\",\"ocr_model\":null,\"ocr_provider\":null}"} 
[2026-02-09 10:43:27] testing.INFO: Driver Emirates ID data processing completed successfully {"trace_id":"9c28df9c-b69c-46e2-b8f4-dce4269a11ea","is_console_command":true} 
[2026-02-09 10:43:27] testing.INFO: Driver Emirates ID data processing completed successfully {"trace_id":"9c28df9c-b69c-46e2-b8f4-dce4269a11ea","is_console_command":true} 
[2026-02-09 10:43:27] testing.INFO: Driver Emirates ID data processor started {"trace_id":"9b1ad263-3d54-4534-80d4-4df98bceb602","is_console_command":true} 
[2026-02-09 10:43:27] testing.INFO: Driver Emirates ID data processor started {"trace_id":"9b1ad263-3d54-4534-80d4-4df98bceb602","is_console_command":true} 
[2026-02-09 10:43:27] testing.INFO: VehicleDriverDetail updated/created successfully for Driver Emirates ID {"trace_id":"9b1ad263-3d54-4534-80d4-4df98bceb602","is_console_command":true} 
[2026-02-09 10:43:27] testing.INFO: VehicleDriverDetail updated/created successfully for Driver Emirates ID {"trace_id":"9b1ad263-3d54-4534-80d4-4df98bceb602","is_console_command":true} 
[2026-02-09 10:43:27] testing.INFO: Getting nationality ID for nationality: United Arab Emirates {"trace_id":"9b1ad263-3d54-4534-80d4-4df98bceb602","is_console_command":true} 
[2026-02-09 10:43:27] testing.INFO: Getting nationality ID for nationality: United Arab Emirates {"trace_id":"9b1ad263-3d54-4534-80d4-4df98bceb602","is_console_command":true} 
[2026-02-09 10:43:27] testing.WARNING: Quote not synced from quote_sync table, uuid: c072c1a5-ed3c-365c-b4eb-b86c80707970 {"trace_id":"9b1ad263-3d54-4534-80d4-4df98bceb602","is_console_command":true} 
[2026-02-09 10:43:27] testing.WARNING: Quote not synced from quote_sync table, uuid: c072c1a5-ed3c-365c-b4eb-b86c80707970 {"trace_id":"9b1ad263-3d54-4534-80d4-4df98bceb602","is_console_command":true} 
[2026-02-09 10:43:27] testing.INFO: CarQuote updated successfully with Driver Emirates ID {"trace_id":"9b1ad263-3d54-4534-80d4-4df98bceb602","is_console_command":true} 
[2026-02-09 10:43:27] testing.INFO: CarQuote updated successfully with Driver Emirates ID {"trace_id":"9b1ad263-3d54-4534-80d4-4df98bceb602","is_console_command":true} 
[2026-02-09 10:43:27] testing.INFO: Driver Emirates ID data validation result for document type: DRIVER_EID is: true {"trace_id":"9b1ad263-3d54-4534-80d4-4df98bceb602","is_console_command":true} 
[2026-02-09 10:43:27] testing.INFO: Driver Emirates ID data validation result for document type: DRIVER_EID is: true {"trace_id":"9b1ad263-3d54-4534-80d4-4df98bceb602","is_console_command":true,"extra":"{\"eid_number\":\"784-1985-1234567-1\",\"driver_name\":\"Jane Smith\",\"date_of_birth\":\"1990-08-20\",\"nationality\":\"United Arab Emirates\",\"sex\":\"female\",\"ocr_processed_at\":\"2026-02-09 10:43:27\",\"ocr_model\":null,\"ocr_provider\":null}"} 
[2026-02-09 10:43:27] testing.INFO: Driver Emirates ID data processing completed successfully {"trace_id":"9b1ad263-3d54-4534-80d4-4df98bceb602","is_console_command":true} 
[2026-02-09 10:43:27] testing.INFO: Driver Emirates ID data processing completed successfully {"trace_id":"9b1ad263-3d54-4534-80d4-4df98bceb602","is_console_command":true} 
[2026-02-09 10:43:27] testing.INFO: Driver Emirates ID data processor started {"trace_id":"dab3b26d-4136-4963-9fbe-05dfdac84df3","is_console_command":true} 
[2026-02-09 10:43:27] testing.INFO: Driver Emirates ID data processor started {"trace_id":"dab3b26d-4136-4963-9fbe-05dfdac84df3","is_console_command":true} 
[2026-02-09 10:43:27] testing.INFO: VehicleDriverDetail updated/created successfully for Driver Emirates ID {"trace_id":"dab3b26d-4136-4963-9fbe-05dfdac84df3","is_console_command":true} 
[2026-02-09 10:43:27] testing.INFO: VehicleDriverDetail updated/created successfully for Driver Emirates ID {"trace_id":"dab3b26d-4136-4963-9fbe-05dfdac84df3","is_console_command":true} 
[2026-02-09 10:43:27] testing.INFO: Driver Emirates ID data validation result for document type: DRIVER_EID is: true {"trace_id":"dab3b26d-4136-4963-9fbe-05dfdac84df3","is_console_command":true} 
[2026-02-09 10:43:27] testing.INFO: Driver Emirates ID data validation result for document type: DRIVER_EID is: true {"trace_id":"dab3b26d-4136-4963-9fbe-05dfdac84df3","is_console_command":true,"extra":"{\"eid_number\":\"784-1985-1234567-1\",\"driver_name\":\"Bob Johnson\",\"date_of_birth\":\"1988-03-10\",\"nationality\":\"United Arab Emirates\",\"sex\":\"male\",\"ocr_processed_at\":\"2026-02-09 10:43:27\",\"ocr_model\":null,\"ocr_provider\":null}"} 
[2026-02-09 10:43:27] testing.INFO: Driver Emirates ID data processing completed successfully {"trace_id":"dab3b26d-4136-4963-9fbe-05dfdac84df3","is_console_command":true} 
[2026-02-09 10:43:27] testing.INFO: Driver Emirates ID data processing completed successfully {"trace_id":"dab3b26d-4136-4963-9fbe-05dfdac84df3","is_console_command":true} 
[2026-02-09 10:43:27] testing.INFO: Driver Emirates ID data processor started {"trace_id":"c8313d83-0f49-45ad-b8a0-556135789ad2","is_console_command":true} 
[2026-02-09 10:43:27] testing.INFO: Driver Emirates ID data processor started {"trace_id":"c8313d83-0f49-45ad-b8a0-556135789ad2","is_console_command":true} 
[2026-02-09 10:43:27] testing.INFO: VehicleDriverDetail - No OCR data to update for Driver Emirates ID {"trace_id":"c8313d83-0f49-45ad-b8a0-556135789ad2","is_console_command":true} 
[2026-02-09 10:43:27] testing.INFO: VehicleDriverDetail - No OCR data to update for Driver Emirates ID {"trace_id":"c8313d83-0f49-45ad-b8a0-556135789ad2","is_console_command":true} 
[2026-02-09 10:43:27] testing.INFO: Driver Emirates ID data validation result for document type: DRIVER_EID is: false {"trace_id":"c8313d83-0f49-45ad-b8a0-556135789ad2","is_console_command":true} 
[2026-02-09 10:43:27] testing.INFO: Driver Emirates ID data validation result for document type: DRIVER_EID is: false {"trace_id":"c8313d83-0f49-45ad-b8a0-556135789ad2","is_console_command":true,"extra":"{\"eid_number\":null,\"driver_name\":null,\"date_of_birth\":null,\"nationality\":null,\"sex\":null,\"ocr_processed_at\":\"2026-02-09 10:43:27\",\"ocr_model\":null,\"ocr_provider\":null}"} 
[2026-02-09 10:43:27] testing.INFO: Driver Emirates ID data processing completed successfully {"trace_id":"c8313d83-0f49-45ad-b8a0-556135789ad2","is_console_command":true} 
[2026-02-09 10:43:27] testing.INFO: Driver Emirates ID data processing completed successfully {"trace_id":"c8313d83-0f49-45ad-b8a0-556135789ad2","is_console_command":true} 
[2026-02-09 10:43:27] testing.INFO: Driver Emirates ID data processor started {"trace_id":"5b3c1df9-eaf3-4251-9a88-955fa226e764","is_console_command":true} 
[2026-02-09 10:43:27] testing.INFO: Driver Emirates ID data processor started {"trace_id":"5b3c1df9-eaf3-4251-9a88-955fa226e764","is_console_command":true} 
[2026-02-09 10:43:27] testing.INFO: VehicleDriverDetail - No OCR data to update for Driver Emirates ID {"trace_id":"5b3c1df9-eaf3-4251-9a88-955fa226e764","is_console_command":true} 
[2026-02-09 10:43:27] testing.INFO: VehicleDriverDetail - No OCR data to update for Driver Emirates ID {"trace_id":"5b3c1df9-eaf3-4251-9a88-955fa226e764","is_console_command":true} 
[2026-02-09 10:43:27] testing.INFO: Driver Emirates ID data validation result for document type: DRIVER_EID is: false {"trace_id":"5b3c1df9-eaf3-4251-9a88-955fa226e764","is_console_command":true} 
[2026-02-09 10:43:27] testing.INFO: Driver Emirates ID data validation result for document type: DRIVER_EID is: false {"trace_id":"5b3c1df9-eaf3-4251-9a88-955fa226e764","is_console_command":true,"extra":"{\"eid_number\":null,\"driver_name\":null,\"date_of_birth\":null,\"nationality\":null,\"sex\":null,\"ocr_processed_at\":\"2026-02-09 10:43:27\",\"ocr_model\":null,\"ocr_provider\":null}"} 
[2026-02-09 10:43:27] testing.INFO: Driver Emirates ID data processing completed successfully {"trace_id":"5b3c1df9-eaf3-4251-9a88-955fa226e764","is_console_command":true} 
[2026-02-09 10:43:27] testing.INFO: Driver Emirates ID data processing completed successfully {"trace_id":"5b3c1df9-eaf3-4251-9a88-955fa226e764","is_console_command":true} 
[2026-02-09 10:43:27] testing.INFO: Driver Emirates ID data processor started {"trace_id":"67e4cf49-32d9-49f0-9282-89f43030a3e8","is_console_command":true} 
[2026-02-09 10:43:27] testing.INFO: Driver Emirates ID data processor started {"trace_id":"67e4cf49-32d9-49f0-9282-89f43030a3e8","is_console_command":true} 
[2026-02-09 10:43:27] testing.INFO: VehicleDriverDetail updated/created successfully for Driver Emirates ID {"trace_id":"67e4cf49-32d9-49f0-9282-89f43030a3e8","is_console_command":true} 
[2026-02-09 10:43:27] testing.INFO: VehicleDriverDetail updated/created successfully for Driver Emirates ID {"trace_id":"67e4cf49-32d9-49f0-9282-89f43030a3e8","is_console_command":true} 
[2026-02-09 10:43:27] testing.INFO: Driver Emirates ID data validation result for document type: DRIVER_EID is: true {"trace_id":"67e4cf49-32d9-49f0-9282-89f43030a3e8","is_console_command":true} 
[2026-02-09 10:43:27] testing.INFO: Driver Emirates ID data validation result for document type: DRIVER_EID is: true {"trace_id":"67e4cf49-32d9-49f0-9282-89f43030a3e8","is_console_command":true,"extra":"{\"eid_number\":\"784-1985-1234567-1\",\"driver_name\":null,\"date_of_birth\":null,\"nationality\":null,\"sex\":\"female\",\"ocr_processed_at\":\"2026-02-09 10:43:27\",\"ocr_model\":null,\"ocr_provider\":null}"} 
[2026-02-09 10:43:27] testing.INFO: Driver Emirates ID data processing completed successfully {"trace_id":"67e4cf49-32d9-49f0-9282-89f43030a3e8","is_console_command":true} 
[2026-02-09 10:43:27] testing.INFO: Driver Emirates ID data processing completed successfully {"trace_id":"67e4cf49-32d9-49f0-9282-89f43030a3e8","is_console_command":true} 
[2026-02-09 10:43:27] testing.INFO: Driver Emirates ID data processor started {"trace_id":"3ec74f79-39c7-4e40-beb2-d05c08a2a4d8","is_console_command":true} 
[2026-02-09 10:43:27] testing.INFO: Driver Emirates ID data processor started {"trace_id":"3ec74f79-39c7-4e40-beb2-d05c08a2a4d8","is_console_command":true} 
[2026-02-09 10:43:27] testing.INFO: VehicleDriverDetail updated/created successfully for Driver Emirates ID {"trace_id":"3ec74f79-39c7-4e40-beb2-d05c08a2a4d8","is_console_command":true} 
[2026-02-09 10:43:27] testing.INFO: VehicleDriverDetail updated/created successfully for Driver Emirates ID {"trace_id":"3ec74f79-39c7-4e40-beb2-d05c08a2a4d8","is_console_command":true} 
[2026-02-09 10:43:27] testing.INFO: Getting nationality ID for nationality: United Arab Emirates {"trace_id":"3ec74f79-39c7-4e40-beb2-d05c08a2a4d8","is_console_command":true} 
[2026-02-09 10:43:27] testing.INFO: Getting nationality ID for nationality: United Arab Emirates {"trace_id":"3ec74f79-39c7-4e40-beb2-d05c08a2a4d8","is_console_command":true} 
[2026-02-09 10:43:27] testing.WARNING: Quote not synced from quote_sync table, uuid: 747089e9-accb-3774-b175-0c68bc588fc8 {"trace_id":"3ec74f79-39c7-4e40-beb2-d05c08a2a4d8","is_console_command":true} 
[2026-02-09 10:43:27] testing.WARNING: Quote not synced from quote_sync table, uuid: 747089e9-accb-3774-b175-0c68bc588fc8 {"trace_id":"3ec74f79-39c7-4e40-beb2-d05c08a2a4d8","is_console_command":true} 
[2026-02-09 10:43:27] testing.INFO: CarQuote updated successfully with Driver Emirates ID {"trace_id":"3ec74f79-39c7-4e40-beb2-d05c08a2a4d8","is_console_command":true} 
[2026-02-09 10:43:27] testing.INFO: CarQuote updated successfully with Driver Emirates ID {"trace_id":"3ec74f79-39c7-4e40-beb2-d05c08a2a4d8","is_console_command":true} 
[2026-02-09 10:43:27] testing.INFO: Driver Emirates ID data validation result for document type: DRIVER_EID is: true {"trace_id":"3ec74f79-39c7-4e40-beb2-d05c08a2a4d8","is_console_command":true} 
[2026-02-09 10:43:27] testing.INFO: Driver Emirates ID data validation result for document type: DRIVER_EID is: true {"trace_id":"3ec74f79-39c7-4e40-beb2-d05c08a2a4d8","is_console_command":true,"extra":"{\"eid_number\":\"784-1985-1234567-1\",\"driver_name\":\"John Doe\",\"date_of_birth\":\"1985-05-15\",\"nationality\":\"United Arab Emirates\",\"sex\":\"male\",\"ocr_processed_at\":\"2026-02-09 10:43:27\",\"ocr_model\":null,\"ocr_provider\":null}"} 
[2026-02-09 10:43:27] testing.INFO: Driver Emirates ID data processing completed successfully {"trace_id":"3ec74f79-39c7-4e40-beb2-d05c08a2a4d8","is_console_command":true} 
[2026-02-09 10:43:27] testing.INFO: Driver Emirates ID data processing completed successfully {"trace_id":"3ec74f79-39c7-4e40-beb2-d05c08a2a4d8","is_console_command":true} 
[2026-02-09 10:43:27] testing.INFO: Driver Emirates ID data processor started {"trace_id":"25acf8cf-880b-45ca-82ea-7093e00ccbbe","is_console_command":true} 
[2026-02-09 10:43:27] testing.INFO: Driver Emirates ID data processor started {"trace_id":"25acf8cf-880b-45ca-82ea-7093e00ccbbe","is_console_command":true} 
[2026-02-09 10:43:27] testing.INFO: VehicleDriverDetail updated/created successfully for Driver Emirates ID {"trace_id":"25acf8cf-880b-45ca-82ea-7093e00ccbbe","is_console_command":true} 
[2026-02-09 10:43:27] testing.INFO: VehicleDriverDetail updated/created successfully for Driver Emirates ID {"trace_id":"25acf8cf-880b-45ca-82ea-7093e00ccbbe","is_console_command":true} 
[2026-02-09 10:43:27] testing.INFO: Driver Emirates ID data validation result for document type: DRIVER_EID is: true {"trace_id":"25acf8cf-880b-45ca-82ea-7093e00ccbbe","is_console_command":true} 
[2026-02-09 10:43:27] testing.INFO: Driver Emirates ID data validation result for document type: DRIVER_EID is: true {"trace_id":"25acf8cf-880b-45ca-82ea-7093e00ccbbe","is_console_command":true,"extra":"{\"eid_number\":\"784-1985-1234567-1\",\"driver_name\":null,\"date_of_birth\":null,\"nationality\":null,\"sex\":\"male\",\"ocr_processed_at\":\"2026-02-09 10:43:27\",\"ocr_model\":null,\"ocr_provider\":null}"} 
[2026-02-09 10:43:27] testing.INFO: Driver Emirates ID data processing completed successfully {"trace_id":"25acf8cf-880b-45ca-82ea-7093e00ccbbe","is_console_command":true} 
[2026-02-09 10:43:27] testing.INFO: Driver Emirates ID data processing completed successfully {"trace_id":"25acf8cf-880b-45ca-82ea-7093e00ccbbe","is_console_command":true} 
[2026-02-09 10:43:27] testing.INFO: Driver Emirates ID data processor started {"trace_id":"faff4d51-f58f-4660-920f-e2f6f75115cc","is_console_command":true} 
[2026-02-09 10:43:27] testing.INFO: Driver Emirates ID data processor started {"trace_id":"faff4d51-f58f-4660-920f-e2f6f75115cc","is_console_command":true} 
[2026-02-09 10:43:27] testing.INFO: VehicleDriverDetail updated/created successfully for Driver Emirates ID {"trace_id":"faff4d51-f58f-4660-920f-e2f6f75115cc","is_console_command":true} 
[2026-02-09 10:43:27] testing.INFO: VehicleDriverDetail updated/created successfully for Driver Emirates ID {"trace_id":"faff4d51-f58f-4660-920f-e2f6f75115cc","is_console_command":true} 
[2026-02-09 10:43:27] testing.INFO: Driver Emirates ID data validation result for document type: DRIVER_EID is: true {"trace_id":"faff4d51-f58f-4660-920f-e2f6f75115cc","is_console_command":true} 
[2026-02-09 10:43:27] testing.INFO: Driver Emirates ID data validation result for document type: DRIVER_EID is: true {"trace_id":"faff4d51-f58f-4660-920f-e2f6f75115cc","is_console_command":true,"extra":"{\"eid_number\":\"784-1985-1234567-1\",\"driver_name\":null,\"date_of_birth\":null,\"nationality\":null,\"sex\":null,\"ocr_processed_at\":\"2026-02-09 10:43:27\",\"ocr_model\":null,\"ocr_provider\":null}"} 
[2026-02-09 10:43:27] testing.INFO: Driver Emirates ID data processing completed successfully {"trace_id":"faff4d51-f58f-4660-920f-e2f6f75115cc","is_console_command":true} 
[2026-02-09 10:43:27] testing.INFO: Driver Emirates ID data processing completed successfully {"trace_id":"faff4d51-f58f-4660-920f-e2f6f75115cc","is_console_command":true} 
[2026-02-09 10:43:31] testing.ERROR: Error toggling policy issuance automation for quote {"ref_id":"b09110ee-8681-3243-ba68-17e5764a092f","feature":"disable-policy-issuance-automation"} {"feature":"disable-policy-issuance-automation"}
[2026-02-09 10:43:31] testing.ERROR: Error toggling policy issuance automation for quote {"ref_id":"b09110ee-8681-3243-ba68-17e5764a092f","feature":"disable-policy-issuance-automation","extra":"{\"error\":\"Something went wrong\",\"trace\":\"#0 \\/home\\/runner\\/work\\/blanka\\/blanka\\/vendor\\/pestphp\\/pest\\/src\\/Factories\\/TestCaseMethodFactory.php(168): P\\\\Tests\\\\Feature\\\\TogglePolicyIssuanceAutomationTest->{closure:\\/home\\/runner\\/work\\/blanka\\/blanka\\/tests\\/Feature\\/TogglePolicyIssuanceAutomationTest.php:237}()\\n#1 [internal function]: P\\\\Tests\\\\Feature\\\\TogglePolicyIssuanceAutomationTest->{closure:Pest\\\\Factories\\\\TestCaseMethodFactory::getClosure():158}()\\n#2 \\/home\\/runner\\/work\\/blanka\\/blanka\\/vendor\\/pestphp\\/pest\\/src\\/Concerns\\/Testable.php(419): call_user_func_array()\\n#3 \\/home\\/runner\\/work\\/blanka\\/blanka\\/vendor\\/pestphp\\/pest\\/src\\/Support\\/ExceptionTrace.php(26): P\\\\Tests\\\\Feature\\\\TogglePolicyIssuanceAutomationTest->{closure:Pest\\\\Concerns\\\\Testable::__callClosure():419}()\\n#4 \\/home\\/runner\\/work\\/blanka\\/blanka\\/vendor\\/pestphp\\/pest\\/src\\/Concerns\\/Testable.php(419): Pest\\\\Support\\\\ExceptionTrace::ensure()\\n#5 \\/home\\/runner\\/work\\/blanka\\/blanka\\/vendor\\/pestphp\\/pest\\/src\\/Concerns\\/Testable.php(321): P\\\\Tests\\\\Feature\\\\TogglePolicyIssuanceAutomationTest->__callClosure()\\n#6 \\/home\\/runner\\/work\\/blanka\\/blanka\\/vendor\\/pestphp\\/pest\\/src\\/Factories\\/TestCaseFactory.php(169) : eval()'d code(89): P\\\\Tests\\\\Feature\\\\TogglePolicyIssuanceAutomationTest->__runTest()\\n#7 \\/home\\/runner\\/work\\/blanka\\/blanka\\/vendor\\/phpunit\\/phpunit\\/src\\/Framework\\/TestCase.php(1656): P\\\\Tests\\\\Feature\\\\TogglePolicyIssuanceAutomationTest->__pest_evaluable_handles_exceptions_and_returns_500()\\n#8 \\/home\\/runner\\/work\\/blanka\\/blanka\\/vendor\\/phpunit\\/phpunit\\/src\\/Framework\\/TestCase.php(514): PHPUnit\\\\Framework\\\\TestCase->runTest()\\n#9 \\/home\\/runner\\/work\\/blanka\\/blanka\\/vendor\\/phpunit\\/phpunit\\/src\\/Framework\\/TestRunner\\/TestRunner.php(87): PHPUnit\\\\Framework\\\\TestCase->runBare()\\n#10 \\/home\\/runner\\/work\\/blanka\\/blanka\\/vendor\\/phpunit\\/phpunit\\/src\\/Framework\\/TestCase.php(361): PHPUnit\\\\Framework\\\\TestRunner->run()\\n#11 \\/home\\/runner\\/work\\/blanka\\/blanka\\/vendor\\/phpunit\\/phpunit\\/src\\/Framework\\/TestSuite.php(369): PHPUnit\\\\Framework\\\\TestCase->run()\\n#12 \\/home\\/runner\\/work\\/blanka\\/blanka\\/vendor\\/phpunit\\/phpunit\\/src\\/Framework\\/TestSuite.php(369): PHPUnit\\\\Framework\\\\TestSuite->run()\\n#13 \\/home\\/runner\\/work\\/blanka\\/blanka\\/vendor\\/phpunit\\/phpunit\\/src\\/Framework\\/TestSuite.php(369): PHPUnit\\\\Framework\\\\TestSuite->run()\\n#14 \\/home\\/runner\\/work\\/blanka\\/blanka\\/vendor\\/phpunit\\/phpunit\\/src\\/TextUI\\/TestRunner.php(64): PHPUnit\\\\Framework\\\\TestSuite->run()\\n#15 \\/home\\/runner\\/work\\/blanka\\/blanka\\/vendor\\/phpunit\\/phpunit\\/src\\/TextUI\\/Application.php(211): PHPUnit\\\\TextUI\\\\TestRunner->run()\\n#16 \\/home\\/runner\\/work\\/blanka\\/blanka\\/vendor\\/pestphp\\/pest\\/src\\/Kernel.php(103): PHPUnit\\\\TextUI\\\\Application->run()\\n#17 \\/home\\/runner\\/work\\/blanka\\/blanka\\/vendor\\/pestphp\\/pest\\/bin\\/pest(184): Pest\\\\Kernel->handle()\\n#18 \\/home\\/runner\\/work\\/blanka\\/blanka\\/vendor\\/pestphp\\/pest\\/bin\\/pest(192): {closure:\\/home\\/runner\\/work\\/blanka\\/blanka\\/vendor\\/pestphp\\/pest\\/bin\\/pest:18}()\\n#19 \\/home\\/runner\\/work\\/blanka\\/blanka\\/vendor\\/bin\\/pest(119): include('...')\\n#20 {main}\"}"} {"feature":"disable-policy-issuance-automation"}
[2026-02-09 10:43:31] testing.INFO: User with ID: 1 and email : test@example.com logged out. {"trace_id":"894f9a29-356c-4361-860f-157f2c5df966","is_console_command":true} 
[2026-02-09 10:43:31] testing.INFO: User with ID: 1 and email : test@example.com logged out. {"trace_id":"894f9a29-356c-4361-860f-157f2c5df966","is_console_command":true} 
[2026-02-09 10:43:31] testing.INFO: User with ID: 1 and email : test@example.com status changed to unavailable. {"trace_id":"894f9a29-356c-4361-860f-157f2c5df966","is_console_command":true} 
[2026-02-09 10:43:31] testing.INFO: User with ID: 1 and email : test@example.com status changed to unavailable. {"trace_id":"894f9a29-356c-4361-860f-157f2c5df966","is_console_command":true} 
[2026-02-09 10:43:31] testing.INFO: Dispatching SendManagerDeactivationAttemptEmailJob {"trace_id":"b0bc8ebd-c731-4d4b-94eb-75868bf871a2","is_console_command":true,"request_path":"PUT admin/users/2","request_ip":"127.0.0.1","user_agent":"Symfony","execution_time_ms":null} 
[2026-02-09 10:43:31] testing.INFO: Dispatching SendManagerDeactivationAttemptEmailJob {"trace_id":"b0bc8ebd-c731-4d4b-94eb-75868bf871a2","is_console_command":true,"request_path":"PUT admin/users/2","request_ip":"127.0.0.1","user_agent":"Symfony","execution_time_ms":null,"extra":"{\"manager_user_id\":2,\"subordinates_count\":1,\"attempted_by_user_id\":1}"} 
[2026-02-09 10:43:31] testing.INFO: Skipping SendManagerDeactivationAttemptEmailJob dispatch: manager has no subordinates {"trace_id":"6d6ee167-c477-4952-a1c4-d0d3dd69250b","is_console_command":true,"request_path":"PUT admin/users/2","request_ip":"127.0.0.1","user_agent":"Symfony","execution_time_ms":null} 
[2026-02-09 10:43:31] testing.INFO: Skipping SendManagerDeactivationAttemptEmailJob dispatch: manager has no subordinates {"trace_id":"6d6ee167-c477-4952-a1c4-d0d3dd69250b","is_console_command":true,"request_path":"PUT admin/users/2","request_ip":"127.0.0.1","user_agent":"Symfony","execution_time_ms":null,"extra":"{\"manager_user_id\":2}"} 
[2026-02-09 10:51:29] laravel.EMERGENCY: Unable to create configured logger. Using emergency logger. {"exception":"[object] (Illuminate\\Database\\QueryException(code: 2002): SQLSTATE[HY000] [2002] php_network_getaddresses: getaddrinfo for mysql failed: Temporary failure in name resolution (Connection: mysql, Host: mysql, Port: 3306, Database: central_afia, SQL: select `value` from `application_storage` where `key_name` = AXIOM_BATCH_SIZE and `application_storage`.`deleted_at` is null limit 1) at /home/runner/work/blanka/blanka/vendor/laravel/framework/src/Illuminate/Database/Connection.php:838)
[stacktrace]
#0 /home/runner/work/blanka/blanka/vendor/laravel/framework/src/Illuminate/Database/Connection.php(999): Illuminate\\Database\\Connection->runQueryCallback()
#1 /home/runner/work/blanka/blanka/vendor/laravel/framework/src/Illuminate/Database/Connection.php(978): Illuminate\\Database\\Connection->tryAgainIfCausedByLostConnection()
#2 /home/runner/work/blanka/blanka/vendor/laravel/framework/src/Illuminate/Database/Connection.php(796): Illuminate\\Database\\Connection->handleQueryException()
#3 /home/runner/work/blanka/blanka/vendor/laravel/framework/src/Illuminate/Database/Connection.php(411): Illuminate\\Database\\Connection->run()
#4 /home/runner/work/blanka/blanka/vendor/laravel/framework/src/Illuminate/Database/Query/Builder.php(3386): Illuminate\\Database\\Connection->select()
#5 /home/runner/work/blanka/blanka/vendor/laravel/framework/src/Illuminate/Database/Query/Builder.php(3371): Illuminate\\Database\\Query\\Builder->runSelect()
#6 /home/runner/work/blanka/blanka/vendor/laravel/framework/src/Illuminate/Database/Query/Builder.php(3961): Illuminate\\Database\\Query\\Builder->{closure:Illuminate\\Database\\Query\\Builder::get():3370}()
#7 /home/runner/work/blanka/blanka/vendor/laravel/framework/src/Illuminate/Database/Query/Builder.php(3370): Illuminate\\Database\\Query\\Builder->onceWithColumns()
#8 /home/runner/work/blanka/blanka/vendor/laravel/framework/src/Illuminate/Database/Eloquent/Builder.php(902): Illuminate\\Database\\Query\\Builder->get()
#9 /home/runner/work/blanka/blanka/vendor/laravel/framework/src/Illuminate/Database/Eloquent/Builder.php(884): Illuminate\\Database\\Eloquent\\Builder->getModels()
#10 /home/runner/work/blanka/blanka/vendor/laravel/framework/src/Illuminate/Database/Concerns/BuildsQueries.php(366): Illuminate\\Database\\Eloquent\\Builder->get()
#11 /home/runner/work/blanka/blanka/app/helpers/Helper.php(1102): Illuminate\\Database\\Eloquent\\Builder->first()
#12 /home/runner/work/blanka/blanka/app/helpers/Helper.php(1120): {closure:getAppStorageValueByKey():1100}()
#13 /home/runner/work/blanka/blanka/app/Logging/AxiomBatchHandler.php(30): getAppStorageValueByKey()
#14 /home/runner/work/blanka/blanka/vendor/laravel/framework/src/Illuminate/Container/Container.php(1172): App\\Logging\\AxiomBatchHandler->__construct()
#15 /home/runner/work/blanka/blanka/vendor/laravel/framework/src/Illuminate/Container/Container.php(933): Illuminate\\Container\\Container->build()
#16 /home/runner/work/blanka/blanka/vendor/laravel/framework/src/Illuminate/Foundation/Application.php(1078): Illuminate\\Container\\Container->resolve()
#17 /home/runner/work/blanka/blanka/vendor/laravel/framework/src/Illuminate/Container/Container.php(864): Illuminate\\Foundation\\Application->resolve()
#18 /home/runner/work/blanka/blanka/vendor/laravel/framework/src/Illuminate/Foundation/Application.php(1058): Illuminate\\Container\\Container->make()
#19 /home/runner/work/blanka/blanka/vendor/laravel/framework/src/Illuminate/Log/LogManager.php(420): Illuminate\\Foundation\\Application->make()
#20 /home/runner/work/blanka/blanka/vendor/laravel/framework/src/Illuminate/Log/LogManager.php(232): Illuminate\\Log\\LogManager->createMonologDriver()
#21 /home/runner/work/blanka/blanka/vendor/laravel/framework/src/Illuminate/Log/LogManager.php(138): Illuminate\\Log\\LogManager->resolve()
#22 /home/runner/work/blanka/blanka/vendor/laravel/framework/src/Illuminate/Log/LogManager.php(125): Illuminate\\Log\\LogManager->get()
#23 /home/runner/work/blanka/blanka/vendor/laravel/framework/src/Illuminate/Log/LogManager.php(114): Illuminate\\Log\\LogManager->driver()
#24 /home/runner/work/blanka/blanka/vendor/laravel/framework/src/Illuminate/Log/LogManager.php(278): Illuminate\\Log\\LogManager->channel()
#25 [internal function]: Illuminate\\Log\\LogManager->{closure:Illuminate\\Log\\LogManager::createStackDriver():275}()
#26 /home/runner/work/blanka/blanka/vendor/laravel/framework/src/Illuminate/Collections/Arr.php(820): array_map()
#27 /home/runner/work/blanka/blanka/vendor/laravel/framework/src/Illuminate/Collections/Collection.php(846): Illuminate\\Support\\Arr::map()
#28 /home/runner/work/blanka/blanka/vendor/laravel/framework/src/Illuminate/Collections/Traits/EnumeratesValues.php(441): Illuminate\\Support\\Collection->map()
#29 /home/runner/work/blanka/blanka/vendor/laravel/framework/src/Illuminate/Log/LogManager.php(275): Illuminate\\Support\\Collection->flatMap()
#30 /home/runner/work/blanka/blanka/vendor/laravel/framework/src/Illuminate/Log/LogManager.php(232): Illuminate\\Log\\LogManager->createStackDriver()
#31 /home/runner/work/blanka/blanka/vendor/laravel/framework/src/Illuminate/Log/LogManager.php(138): Illuminate\\Log\\LogManager->resolve()
#32 /home/runner/work/blanka/blanka/vendor/laravel/framework/src/Illuminate/Log/LogManager.php(125): Illuminate\\Log\\LogManager->get()
#33 /home/runner/work/blanka/blanka/vendor/laravel/framework/src/Illuminate/Log/LogManager.php(794): Illuminate\\Log\\LogManager->driver()
#34 /home/runner/work/blanka/blanka/vendor/laravel/framework/src/Illuminate/Support/Facades/Facade.php(363): Illuminate\\Log\\LogManager->__call()
#35 /home/runner/work/blanka/blanka/app/Providers/AppServiceProvider.php(111): Illuminate\\Support\\Facades\\Facade::__callStatic()
#36 /home/runner/work/blanka/blanka/vendor/laravel/framework/src/Illuminate/Container/BoundMethod.php(36): App\\Providers\\AppServiceProvider->boot()
#37 /home/runner/work/blanka/blanka/vendor/laravel/framework/src/Illuminate/Container/Util.php(43): Illuminate\\Container\\BoundMethod::{closure:Illuminate\\Container\\BoundMethod::call():35}()
#38 /home/runner/work/blanka/blanka/vendor/laravel/framework/src/Illuminate/Container/BoundMethod.php(96): Illuminate\\Container\\Util::unwrapIfClosure()
#39 /home/runner/work/blanka/blanka/vendor/laravel/framework/src/Illuminate/Container/BoundMethod.php(35): Illuminate\\Container\\BoundMethod::callBoundMethod()
#40 /home/runner/work/blanka/blanka/vendor/laravel/framework/src/Illuminate/Container/Container.php(799): Illuminate\\Container\\BoundMethod::call()
#41 /home/runner/work/blanka/blanka/vendor/laravel/framework/src/Illuminate/Foundation/Application.php(1151): Illuminate\\Container\\Container->call()
#42 /home/runner/work/blanka/blanka/vendor/laravel/framework/src/Illuminate/Foundation/Application.php(1132): Illuminate\\Foundation\\Application->bootProvider()
#43 [internal function]: Illuminate\\Foundation\\Application->{closure:Illuminate\\Foundation\\Application::boot():1131}()
#44 /home/runner/work/blanka/blanka/vendor/laravel/framework/src/Illuminate/Foundation/Application.php(1131): array_walk()
#45 /home/runner/work/blanka/blanka/vendor/laravel/framework/src/Illuminate/Foundation/Bootstrap/BootProviders.php(17): Illuminate\\Foundation\\Application->boot()
#46 /home/runner/work/blanka/blanka/vendor/laravel/framework/src/Illuminate/Foundation/Application.php(342): Illuminate\\Foundation\\Bootstrap\\BootProviders->bootstrap()
#47 /home/runner/work/blanka/blanka/vendor/laravel/framework/src/Illuminate/Foundation/Console/Kernel.php(494): Illuminate\\Foundation\\Application->bootstrapWith()
#48 /home/runner/work/blanka/blanka/vendor/laravel/framework/src/Illuminate/Foundation/Console/Kernel.php(196): Illuminate\\Foundation\\Console\\Kernel->bootstrap()
#49 /home/runner/work/blanka/blanka/artisan(35): Illuminate\\Foundation\\Console\\Kernel->handle()
#50 {main}

[previous exception] [object] (PDOException(code: 2002): SQLSTATE[HY000] [2002] php_network_getaddresses: getaddrinfo for mysql failed: Temporary failure in name resolution at /home/runner/work/blanka/blanka/vendor/laravel/framework/src/Illuminate/Database/Connectors/Connector.php:67)
[stacktrace]
#0 /home/runner/work/blanka/blanka/vendor/laravel/framework/src/Illuminate/Database/Connectors/Connector.php(67): PDO::connect()
#1 /home/runner/work/blanka/blanka/vendor/laravel/framework/src/Illuminate/Database/Connectors/Connector.php(85): Illuminate\\Database\\Connectors\\Connector->createPdoConnection()
#2 /home/runner/work/blanka/blanka/vendor/laravel/framework/src/Illuminate/Database/Connectors/Connector.php(48): Illuminate\\Database\\Connectors\\Connector->tryAgainIfCausedByLostConnection()
#3 /home/runner/work/blanka/blanka/vendor/laravel/framework/src/Illuminate/Database/Connectors/MySqlConnector.php(24): Illuminate\\Database\\Connectors\\Connector->createConnection()
#4 /home/runner/work/blanka/blanka/vendor/laravel/framework/src/Illuminate/Database/Connectors/ConnectionFactory.php(186): Illuminate\\Database\\Connectors\\MySqlConnector->connect()
#5 [internal function]: Illuminate\\Database\\Connectors\\ConnectionFactory->{closure:Illuminate\\Database\\Connectors\\ConnectionFactory::createPdoResolverWithHosts():181}()
#6 /home/runner/work/blanka/blanka/vendor/laravel/framework/src/Illuminate/Database/Connection.php(1257): call_user_func()
#7 /home/runner/work/blanka/blanka/vendor/laravel/framework/src/Illuminate/Database/Connection.php(1295): Illuminate\\Database\\Connection->getPdo()
#8 /home/runner/work/blanka/blanka/vendor/laravel/framework/src/Illuminate/Database/Connection.php(525): Illuminate\\Database\\Connection->getReadPdo()
#9 /home/runner/work/blanka/blanka/vendor/laravel/framework/src/Illuminate/Database/Connection.php(420): Illuminate\\Database\\Connection->getPdoForSelect()
#10 /home/runner/work/blanka/blanka/vendor/laravel/framework/src/Illuminate/Database/Connection.php(827): Illuminate\\Database\\Connection->{closure:Illuminate\\Database\\Connection::select():411}()
#11 /home/runner/work/blanka/blanka/vendor/laravel/framework/src/Illuminate/Database/Connection.php(999): Illuminate\\Database\\Connection->runQueryCallback()
#12 /home/runner/work/blanka/blanka/vendor/laravel/framework/src/Illuminate/Database/Connection.php(978): Illuminate\\Database\\Connection->tryAgainIfCausedByLostConnection()
#13 /home/runner/work/blanka/blanka/vendor/laravel/framework/src/Illuminate/Database/Connection.php(796): Illuminate\\Database\\Connection->handleQueryException()
#14 /home/runner/work/blanka/blanka/vendor/laravel/framework/src/Illuminate/Database/Connection.php(411): Illuminate\\Database\\Connection->run()
#15 /home/runner/work/blanka/blanka/vendor/laravel/framework/src/Illuminate/Database/Query/Builder.php(3386): Illuminate\\Database\\Connection->select()
#16 /home/runner/work/blanka/blanka/vendor/laravel/framework/src/Illuminate/Database/Query/Builder.php(3371): Illuminate\\Database\\Query\\Builder->runSelect()
#17 /home/runner/work/blanka/blanka/vendor/laravel/framework/src/Illuminate/Database/Query/Builder.php(3961): Illuminate\\Database\\Query\\Builder->{closure:Illuminate\\Database\\Query\\Builder::get():3370}()
#18 /home/runner/work/blanka/blanka/vendor/laravel/framework/src/Illuminate/Database/Query/Builder.php(3370): Illuminate\\Database\\Query\\Builder->onceWithColumns()
#19 /home/runner/work/blanka/blanka/vendor/laravel/framework/src/Illuminate/Database/Eloquent/Builder.php(902): Illuminate\\Database\\Query\\Builder->get()
#20 /home/runner/work/blanka/blanka/vendor/laravel/framework/src/Illuminate/Database/Eloquent/Builder.php(884): Illuminate\\Database\\Eloquent\\Builder->getModels()
#21 /home/runner/work/blanka/blanka/vendor/laravel/framework/src/Illuminate/Database/Concerns/BuildsQueries.php(366): Illuminate\\Database\\Eloquent\\Builder->get()
#22 /home/runner/work/blanka/blanka/app/helpers/Helper.php(1102): Illuminate\\Database\\Eloquent\\Builder->first()
#23 /home/runner/work/blanka/blanka/app/helpers/Helper.php(1120): {closure:getAppStorageValueByKey():1100}()
#24 /home/runner/work/blanka/blanka/app/Logging/AxiomBatchHandler.php(30): getAppStorageValueByKey()
#25 /home/runner/work/blanka/blanka/vendor/laravel/framework/src/Illuminate/Container/Container.php(1172): App\\Logging\\AxiomBatchHandler->__construct()
#26 /home/runner/work/blanka/blanka/vendor/laravel/framework/src/Illuminate/Container/Container.php(933): Illuminate\\Container\\Container->build()
#27 /home/runner/work/blanka/blanka/vendor/laravel/framework/src/Illuminate/Foundation/Application.php(1078): Illuminate\\Container\\Container->resolve()
#28 /home/runner/work/blanka/blanka/vendor/laravel/framework/src/Illuminate/Container/Container.php(864): Illuminate\\Foundation\\Application->resolve()
#29 /home/runner/work/blanka/blanka/vendor/laravel/framework/src/Illuminate/Foundation/Application.php(1058): Illuminate\\Container\\Container->make()
#30 /home/runner/work/blanka/blanka/vendor/laravel/framework/src/Illuminate/Log/LogManager.php(420): Illuminate\\Foundation\\Application->make()
#31 /home/runner/work/blanka/blanka/vendor/laravel/framework/src/Illuminate/Log/LogManager.php(232): Illuminate\\Log\\LogManager->createMonologDriver()
#32 /home/runner/work/blanka/blanka/vendor/laravel/framework/src/Illuminate/Log/LogManager.php(138): Illuminate\\Log\\LogManager->resolve()
#33 /home/runner/work/blanka/blanka/vendor/laravel/framework/src/Illuminate/Log/LogManager.php(125): Illuminate\\Log\\LogManager->get()
#34 /home/runner/work/blanka/blanka/vendor/laravel/framework/src/Illuminate/Log/LogManager.php(114): Illuminate\\Log\\LogManager->driver()
#35 /home/runner/work/blanka/blanka/vendor/laravel/framework/src/Illuminate/Log/LogManager.php(278): Illuminate\\Log\\LogManager->channel()
#36 [internal function]: Illuminate\\Log\\LogManager->{closure:Illuminate\\Log\\LogManager::createStackDriver():275}()
#37 /home/runner/work/blanka/blanka/vendor/laravel/framework/src/Illuminate/Collections/Arr.php(820): array_map()
#38 /home/runner/work/blanka/blanka/vendor/laravel/framework/src/Illuminate/Collections/Collection.php(846): Illuminate\\Support\\Arr::map()
#39 /home/runner/work/blanka/blanka/vendor/laravel/framework/src/Illuminate/Collections/Traits/EnumeratesValues.php(441): Illuminate\\Support\\Collection->map()
#40 /home/runner/work/blanka/blanka/vendor/laravel/framework/src/Illuminate/Log/LogManager.php(275): Illuminate\\Support\\Collection->flatMap()
#41 /home/runner/work/blanka/blanka/vendor/laravel/framework/src/Illuminate/Log/LogManager.php(232): Illuminate\\Log\\LogManager->createStackDriver()
#42 /home/runner/work/blanka/blanka/vendor/laravel/framework/src/Illuminate/Log/LogManager.php(138): Illuminate\\Log\\LogManager->resolve()
#43 /home/runner/work/blanka/blanka/vendor/laravel/framework/src/Illuminate/Log/LogManager.php(125): Illuminate\\Log\\LogManager->get()
#44 /home/runner/work/blanka/blanka/vendor/laravel/framework/src/Illuminate/Log/LogManager.php(794): Illuminate\\Log\\LogManager->driver()
#45 /home/runner/work/blanka/blanka/vendor/laravel/framework/src/Illuminate/Support/Facades/Facade.php(363): Illuminate\\Log\\LogManager->__call()
#46 /home/runner/work/blanka/blanka/app/Providers/AppServiceProvider.php(111): Illuminate\\Support\\Facades\\Facade::__callStatic()
#47 /home/runner/work/blanka/blanka/vendor/laravel/framework/src/Illuminate/Container/BoundMethod.php(36): App\\Providers\\AppServiceProvider->boot()
#48 /home/runner/work/blanka/blanka/vendor/laravel/framework/src/Illuminate/Container/Util.php(43): Illuminate\\Container\\BoundMethod::{closure:Illuminate\\Container\\BoundMethod::call():35}()
#49 /home/runner/work/blanka/blanka/vendor/laravel/framework/src/Illuminate/Container/BoundMethod.php(96): Illuminate\\Container\\Util::unwrapIfClosure()
#50 /home/runner/work/blanka/blanka/vendor/laravel/framework/src/Illuminate/Container/BoundMethod.php(35): Illuminate\\Container\\BoundMethod::callBoundMethod()
#51 /home/runner/work/blanka/blanka/vendor/laravel/framework/src/Illuminate/Container/Container.php(799): Illuminate\\Container\\BoundMethod::call()
#52 /home/runner/work/blanka/blanka/vendor/laravel/framework/src/Illuminate/Foundation/Application.php(1151): Illuminate\\Container\\Container->call()
#53 /home/runner/work/blanka/blanka/vendor/laravel/framework/src/Illuminate/Foundation/Application.php(1132): Illuminate\\Foundation\\Application->bootProvider()
#54 [internal function]: Illuminate\\Foundation\\Application->{closure:Illuminate\\Foundation\\Application::boot():1131}()
#55 /home/runner/work/blanka/blanka/vendor/laravel/framework/src/Illuminate/Foundation/Application.php(1131): array_walk()
#56 /home/runner/work/blanka/blanka/vendor/laravel/framework/src/Illuminate/Foundation/Bootstrap/BootProviders.php(17): Illuminate\\Foundation\\Application->boot()
#57 /home/runner/work/blanka/blanka/vendor/laravel/framework/src/Illuminate/Foundation/Application.php(342): Illuminate\\Foundation\\Bootstrap\\BootProviders->bootstrap()
#58 /home/runner/work/blanka/blanka/vendor/laravel/framework/src/Illuminate/Foundation/Console/Kernel.php(494): Illuminate\\Foundation\\Application->bootstrapWith()
#59 /home/runner/work/blanka/blanka/vendor/laravel/framework/src/Illuminate/Foundation/Console/Kernel.php(196): Illuminate\\Foundation\\Console\\Kernel->bootstrap()
#60 /home/runner/work/blanka/blanka/artisan(35): Illuminate\\Foundation\\Console\\Kernel->handle()
#61 {main}

[previous exception] [object] (PDOException(code: 0): PDO::connect(): php_network_getaddresses: getaddrinfo for mysql failed: Temporary failure in name resolution at /home/runner/work/blanka/blanka/vendor/laravel/framework/src/Illuminate/Database/Connectors/Connector.php:67)
[stacktrace]
#0 /home/runner/work/blanka/blanka/vendor/laravel/framework/src/Illuminate/Database/Connectors/Connector.php(67): PDO::connect()
#1 /home/runner/work/blanka/blanka/vendor/laravel/framework/src/Illuminate/Database/Connectors/Connector.php(85): Illuminate\\Database\\Connectors\\Connector->createPdoConnection()
#2 /home/runner/work/blanka/blanka/vendor/laravel/framework/src/Illuminate/Database/Connectors/Connector.php(48): Illuminate\\Database\\Connectors\\Connector->tryAgainIfCausedByLostConnection()
#3 /home/runner/work/blanka/blanka/vendor/laravel/framework/src/Illuminate/Database/Connectors/MySqlConnector.php(24): Illuminate\\Database\\Connectors\\Connector->createConnection()
#4 /home/runner/work/blanka/blanka/vendor/laravel/framework/src/Illuminate/Database/Connectors/ConnectionFactory.php(186): Illuminate\\Database\\Connectors\\MySqlConnector->connect()
#5 [internal function]: Illuminate\\Database\\Connectors\\ConnectionFactory->{closure:Illuminate\\Database\\Connectors\\ConnectionFactory::createPdoResolverWithHosts():181}()
#6 /home/runner/work/blanka/blanka/vendor/laravel/framework/src/Illuminate/Database/Connection.php(1257): call_user_func()
#7 /home/runner/work/blanka/blanka/vendor/laravel/framework/src/Illuminate/Database/Connection.php(1295): Illuminate\\Database\\Connection->getPdo()
#8 /home/runner/work/blanka/blanka/vendor/laravel/framework/src/Illuminate/Database/Connection.php(525): Illuminate\\Database\\Connection->getReadPdo()
#9 /home/runner/work/blanka/blanka/vendor/laravel/framework/src/Illuminate/Database/Connection.php(420): Illuminate\\Database\\Connection->getPdoForSelect()
#10 /home/runner/work/blanka/blanka/vendor/laravel/framework/src/Illuminate/Database/Connection.php(827): Illuminate\\Database\\Connection->{closure:Illuminate\\Database\\Connection::select():411}()
#11 /home/runner/work/blanka/blanka/vendor/laravel/framework/src/Illuminate/Database/Connection.php(999): Illuminate\\Database\\Connection->runQueryCallback()
#12 /home/runner/work/blanka/blanka/vendor/laravel/framework/src/Illuminate/Database/Connection.php(978): Illuminate\\Database\\Connection->tryAgainIfCausedByLostConnection()
#13 /home/runner/work/blanka/blanka/vendor/laravel/framework/src/Illuminate/Database/Connection.php(796): Illuminate\\Database\\Connection->handleQueryException()
#14 /home/runner/work/blanka/blanka/vendor/laravel/framework/src/Illuminate/Database/Connection.php(411): Illuminate\\Database\\Connection->run()
#15 /home/runner/work/blanka/blanka/vendor/laravel/framework/src/Illuminate/Database/Query/Builder.php(3386): Illuminate\\Database\\Connection->select()
#16 /home/runner/work/blanka/blanka/vendor/laravel/framework/src/Illuminate/Database/Query/Builder.php(3371): Illuminate\\Database\\Query\\Builder->runSelect()
#17 /home/runner/work/blanka/blanka/vendor/laravel/framework/src/Illuminate/Database/Query/Builder.php(3961): Illuminate\\Database\\Query\\Builder->{closure:Illuminate\\Database\\Query\\Builder::get():3370}()
#18 /home/runner/work/blanka/blanka/vendor/laravel/framework/src/Illuminate/Database/Query/Builder.php(3370): Illuminate\\Database\\Query\\Builder->onceWithColumns()
#19 /home/runner/work/blanka/blanka/vendor/laravel/framework/src/Illuminate/Database/Eloquent/Builder.php(902): Illuminate\\Database\\Query\\Builder->get()
#20 /home/runner/work/blanka/blanka/vendor/laravel/framework/src/Illuminate/Database/Eloquent/Builder.php(884): Illuminate\\Database\\Eloquent\\Builder->getModels()
#21 /home/runner/work/blanka/blanka/vendor/laravel/framework/src/Illuminate/Database/Concerns/BuildsQueries.php(366): Illuminate\\Database\\Eloquent\\Builder->get()
#22 /home/runner/work/blanka/blanka/app/helpers/Helper.php(1102): Illuminate\\Database\\Eloquent\\Builder->first()
#23 /home/runner/work/blanka/blanka/app/helpers/Helper.php(1120): {closure:getAppStorageValueByKey():1100}()
#24 /home/runner/work/blanka/blanka/app/Logging/AxiomBatchHandler.php(30): getAppStorageValueByKey()
#25 /home/runner/work/blanka/blanka/vendor/laravel/framework/src/Illuminate/Container/Container.php(1172): App\\Logging\\AxiomBatchHandler->__construct()
#26 /home/runner/work/blanka/blanka/vendor/laravel/framework/src/Illuminate/Container/Container.php(933): Illuminate\\Container\\Container->build()
#27 /home/runner/work/blanka/blanka/vendor/laravel/framework/src/Illuminate/Foundation/Application.php(1078): Illuminate\\Container\\Container->resolve()
#28 /home/runner/work/blanka/blanka/vendor/laravel/framework/src/Illuminate/Container/Container.php(864): Illuminate\\Foundation\\Application->resolve()
#29 /home/runner/work/blanka/blanka/vendor/laravel/framework/src/Illuminate/Foundation/Application.php(1058): Illuminate\\Container\\Container->make()
#30 /home/runner/work/blanka/blanka/vendor/laravel/framework/src/Illuminate/Log/LogManager.php(420): Illuminate\\Foundation\\Application->make()
#31 /home/runner/work/blanka/blanka/vendor/laravel/framework/src/Illuminate/Log/LogManager.php(232): Illuminate\\Log\\LogManager->createMonologDriver()
#32 /home/runner/work/blanka/blanka/vendor/laravel/framework/src/Illuminate/Log/LogManager.php(138): Illuminate\\Log\\LogManager->resolve()
#33 /home/runner/work/blanka/blanka/vendor/laravel/framework/src/Illuminate/Log/LogManager.php(125): Illuminate\\Log\\LogManager->get()
#34 /home/runner/work/blanka/blanka/vendor/laravel/framework/src/Illuminate/Log/LogManager.php(114): Illuminate\\Log\\LogManager->driver()
#35 /home/runner/work/blanka/blanka/vendor/laravel/framework/src/Illuminate/Log/LogManager.php(278): Illuminate\\Log\\LogManager->channel()
#36 [internal function]: Illuminate\\Log\\LogManager->{closure:Illuminate\\Log\\LogManager::createStackDriver():275}()
#37 /home/runner/work/blanka/blanka/vendor/laravel/framework/src/Illuminate/Collections/Arr.php(820): array_map()
#38 /home/runner/work/blanka/blanka/vendor/laravel/framework/src/Illuminate/Collections/Collection.php(846): Illuminate\\Support\\Arr::map()
#39 /home/runner/work/blanka/blanka/vendor/laravel/framework/src/Illuminate/Collections/Traits/EnumeratesValues.php(441): Illuminate\\Support\\Collection->map()
#40 /home/runner/work/blanka/blanka/vendor/laravel/framework/src/Illuminate/Log/LogManager.php(275): Illuminate\\Support\\Collection->flatMap()
#41 /home/runner/work/blanka/blanka/vendor/laravel/framework/src/Illuminate/Log/LogManager.php(232): Illuminate\\Log\\LogManager->createStackDriver()
#42 /home/runner/work/blanka/blanka/vendor/laravel/framework/src/Illuminate/Log/LogManager.php(138): Illuminate\\Log\\LogManager->resolve()
#43 /home/runner/work/blanka/blanka/vendor/laravel/framework/src/Illuminate/Log/LogManager.php(125): Illuminate\\Log\\LogManager->get()
#44 /home/runner/work/blanka/blanka/vendor/laravel/framework/src/Illuminate/Log/LogManager.php(794): Illuminate\\Log\\LogManager->driver()
#45 /home/runner/work/blanka/blanka/vendor/laravel/framework/src/Illuminate/Support/Facades/Facade.php(363): Illuminate\\Log\\LogManager->__call()
#46 /home/runner/work/blanka/blanka/app/Providers/AppServiceProvider.php(111): Illuminate\\Support\\Facades\\Facade::__callStatic()
#47 /home/runner/work/blanka/blanka/vendor/laravel/framework/src/Illuminate/Container/BoundMethod.php(36): App\\Providers\\AppServiceProvider->boot()
#48 /home/runner/work/blanka/blanka/vendor/laravel/framework/src/Illuminate/Container/Util.php(43): Illuminate\\Container\\BoundMethod::{closure:Illuminate\\Container\\BoundMethod::call():35}()
#49 /home/runner/work/blanka/blanka/vendor/laravel/framework/src/Illuminate/Container/BoundMethod.php(96): Illuminate\\Container\\Util::unwrapIfClosure()
#50 /home/runner/work/blanka/blanka/vendor/laravel/framework/src/Illuminate/Container/BoundMethod.php(35): Illuminate\\Container\\BoundMethod::callBoundMethod()
#51 /home/runner/work/blanka/blanka/vendor/laravel/framework/src/Illuminate/Container/Container.php(799): Illuminate\\Container\\BoundMethod::call()
#52 /home/runner/work/blanka/blanka/vendor/laravel/framework/src/Illuminate/Foundation/Application.php(1151): Illuminate\\Container\\Container->call()
#53 /home/runner/work/blanka/blanka/vendor/laravel/framework/src/Illuminate/Foundation/Application.php(1132): Illuminate\\Foundation\\Application->bootProvider()
#54 [internal function]: Illuminate\\Foundation\\Application->{closure:Illuminate\\Foundation\\Application::boot():1131}()
#55 /home/runner/work/blanka/blanka/vendor/laravel/framework/src/Illuminate/Foundation/Application.php(1131): array_walk()
#56 /home/runner/work/blanka/blanka/vendor/laravel/framework/src/Illuminate/Foundation/Bootstrap/BootProviders.php(17): Illuminate\\Foundation\\Application->boot()
#57 /home/runner/work/blanka/blanka/vendor/laravel/framework/src/Illuminate/Foundation/Application.php(342): Illuminate\\Foundation\\Bootstrap\\BootProviders->bootstrap()
#58 /home/runner/work/blanka/blanka/vendor/laravel/framework/src/Illuminate/Foundation/Console/Kernel.php(494): Illuminate\\Foundation\\Application->bootstrapWith()
#59 /home/runner/work/blanka/blanka/vendor/laravel/framework/src/Illuminate/Foundation/Console/Kernel.php(196): Illuminate\\Foundation\\Console\\Kernel->bootstrap()
#60 /home/runner/work/blanka/blanka/artisan(35): Illuminate\\Foundation\\Console\\Kernel->handle()
#61 {main}
"} 
[2026-02-09 10:51:29] laravel.EMERGENCY: Unable to create configured logger. Using emergency logger. {"exception":"[object] (Illuminate\\Database\\QueryException(code: 2002): SQLSTATE[HY000] [2002] php_network_getaddresses: getaddrinfo for mysql failed: Temporary failure in name resolution (Connection: mysql, Host: mysql, Port: 3306, Database: central_afia, SQL: select `value` from `application_storage` where `key_name` = AXIOM_BATCH_SIZE and `application_storage`.`deleted_at` is null limit 1) at /home/runner/work/blanka/blanka/vendor/laravel/framework/src/Illuminate/Database/Connection.php:838)
[stacktrace]
#0 /home/runner/work/blanka/blanka/vendor/laravel/framework/src/Illuminate/Database/Connection.php(999): Illuminate\\Database\\Connection->runQueryCallback()
#1 /home/runner/work/blanka/blanka/vendor/laravel/framework/src/Illuminate/Database/Connection.php(978): Illuminate\\Database\\Connection->tryAgainIfCausedByLostConnection()
#2 /home/runner/work/blanka/blanka/vendor/laravel/framework/src/Illuminate/Database/Connection.php(796): Illuminate\\Database\\Connection->handleQueryException()
#3 /home/runner/work/blanka/blanka/vendor/laravel/framework/src/Illuminate/Database/Connection.php(411): Illuminate\\Database\\Connection->run()
#4 /home/runner/work/blanka/blanka/vendor/laravel/framework/src/Illuminate/Database/Query/Builder.php(3386): Illuminate\\Database\\Connection->select()
#5 /home/runner/work/blanka/blanka/vendor/laravel/framework/src/Illuminate/Database/Query/Builder.php(3371): Illuminate\\Database\\Query\\Builder->runSelect()
#6 /home/runner/work/blanka/blanka/vendor/laravel/framework/src/Illuminate/Database/Query/Builder.php(3961): Illuminate\\Database\\Query\\Builder->{closure:Illuminate\\Database\\Query\\Builder::get():3370}()
#7 /home/runner/work/blanka/blanka/vendor/laravel/framework/src/Illuminate/Database/Query/Builder.php(3370): Illuminate\\Database\\Query\\Builder->onceWithColumns()
#8 /home/runner/work/blanka/blanka/vendor/laravel/framework/src/Illuminate/Database/Eloquent/Builder.php(902): Illuminate\\Database\\Query\\Builder->get()
#9 /home/runner/work/blanka/blanka/vendor/laravel/framework/src/Illuminate/Database/Eloquent/Builder.php(884): Illuminate\\Database\\Eloquent\\Builder->getModels()
#10 /home/runner/work/blanka/blanka/vendor/laravel/framework/src/Illuminate/Database/Concerns/BuildsQueries.php(366): Illuminate\\Database\\Eloquent\\Builder->get()
#11 /home/runner/work/blanka/blanka/app/helpers/Helper.php(1102): Illuminate\\Database\\Eloquent\\Builder->first()
#12 /home/runner/work/blanka/blanka/app/helpers/Helper.php(1120): {closure:getAppStorageValueByKey():1100}()
#13 /home/runner/work/blanka/blanka/app/Logging/AxiomBatchHandler.php(30): getAppStorageValueByKey()
#14 /home/runner/work/blanka/blanka/vendor/laravel/framework/src/Illuminate/Container/Container.php(1172): App\\Logging\\AxiomBatchHandler->__construct()
#15 /home/runner/work/blanka/blanka/vendor/laravel/framework/src/Illuminate/Container/Container.php(933): Illuminate\\Container\\Container->build()
#16 /home/runner/work/blanka/blanka/vendor/laravel/framework/src/Illuminate/Foundation/Application.php(1078): Illuminate\\Container\\Container->resolve()
#17 /home/runner/work/blanka/blanka/vendor/laravel/framework/src/Illuminate/Container/Container.php(864): Illuminate\\Foundation\\Application->resolve()
#18 /home/runner/work/blanka/blanka/vendor/laravel/framework/src/Illuminate/Foundation/Application.php(1058): Illuminate\\Container\\Container->make()
#19 /home/runner/work/blanka/blanka/vendor/laravel/framework/src/Illuminate/Log/LogManager.php(420): Illuminate\\Foundation\\Application->make()
#20 /home/runner/work/blanka/blanka/vendor/laravel/framework/src/Illuminate/Log/LogManager.php(232): Illuminate\\Log\\LogManager->createMonologDriver()
#21 /home/runner/work/blanka/blanka/vendor/laravel/framework/src/Illuminate/Log/LogManager.php(138): Illuminate\\Log\\LogManager->resolve()
#22 /home/runner/work/blanka/blanka/vendor/laravel/framework/src/Illuminate/Log/LogManager.php(125): Illuminate\\Log\\LogManager->get()
#23 /home/runner/work/blanka/blanka/vendor/laravel/framework/src/Illuminate/Log/LogManager.php(114): Illuminate\\Log\\LogManager->driver()
#24 /home/runner/work/blanka/blanka/vendor/laravel/framework/src/Illuminate/Log/LogManager.php(286): Illuminate\\Log\\LogManager->channel()
#25 [internal function]: Illuminate\\Log\\LogManager->{closure:Illuminate\\Log\\LogManager::createStackDriver():283}()
#26 /home/runner/work/blanka/blanka/vendor/laravel/framework/src/Illuminate/Collections/Arr.php(820): array_map()
#27 /home/runner/work/blanka/blanka/vendor/laravel/framework/src/Illuminate/Collections/Collection.php(846): Illuminate\\Support\\Arr::map()
#28 /home/runner/work/blanka/blanka/vendor/laravel/framework/src/Illuminate/Collections/Traits/EnumeratesValues.php(441): Illuminate\\Support\\Collection->map()
#29 /home/runner/work/blanka/blanka/vendor/laravel/framework/src/Illuminate/Log/LogManager.php(283): Illuminate\\Support\\Collection->flatMap()
#30 /home/runner/work/blanka/blanka/vendor/laravel/framework/src/Illuminate/Log/LogManager.php(232): Illuminate\\Log\\LogManager->createStackDriver()
#31 /home/runner/work/blanka/blanka/vendor/laravel/framework/src/Illuminate/Log/LogManager.php(138): Illuminate\\Log\\LogManager->resolve()
#32 /home/runner/work/blanka/blanka/vendor/laravel/framework/src/Illuminate/Log/LogManager.php(125): Illuminate\\Log\\LogManager->get()
#33 /home/runner/work/blanka/blanka/vendor/laravel/framework/src/Illuminate/Log/LogManager.php(794): Illuminate\\Log\\LogManager->driver()
#34 /home/runner/work/blanka/blanka/vendor/laravel/framework/src/Illuminate/Support/Facades/Facade.php(363): Illuminate\\Log\\LogManager->__call()
#35 /home/runner/work/blanka/blanka/app/Providers/AppServiceProvider.php(111): Illuminate\\Support\\Facades\\Facade::__callStatic()
#36 /home/runner/work/blanka/blanka/vendor/laravel/framework/src/Illuminate/Container/BoundMethod.php(36): App\\Providers\\AppServiceProvider->boot()
#37 /home/runner/work/blanka/blanka/vendor/laravel/framework/src/Illuminate/Container/Util.php(43): Illuminate\\Container\\BoundMethod::{closure:Illuminate\\Container\\BoundMethod::call():35}()
#38 /home/runner/work/blanka/blanka/vendor/laravel/framework/src/Illuminate/Container/BoundMethod.php(96): Illuminate\\Container\\Util::unwrapIfClosure()
#39 /home/runner/work/blanka/blanka/vendor/laravel/framework/src/Illuminate/Container/BoundMethod.php(35): Illuminate\\Container\\BoundMethod::callBoundMethod()
#40 /home/runner/work/blanka/blanka/vendor/laravel/framework/src/Illuminate/Container/Container.php(799): Illuminate\\Container\\BoundMethod::call()
#41 /home/runner/work/blanka/blanka/vendor/laravel/framework/src/Illuminate/Foundation/Application.php(1151): Illuminate\\Container\\Container->call()
#42 /home/runner/work/blanka/blanka/vendor/laravel/framework/src/Illuminate/Foundation/Application.php(1132): Illuminate\\Foundation\\Application->bootProvider()
#43 [internal function]: Illuminate\\Foundation\\Application->{closure:Illuminate\\Foundation\\Application::boot():1131}()
#44 /home/runner/work/blanka/blanka/vendor/laravel/framework/src/Illuminate/Foundation/Application.php(1131): array_walk()
#45 /home/runner/work/blanka/blanka/vendor/laravel/framework/src/Illuminate/Foundation/Bootstrap/BootProviders.php(17): Illuminate\\Foundation\\Application->boot()
#46 /home/runner/work/blanka/blanka/vendor/laravel/framework/src/Illuminate/Foundation/Application.php(342): Illuminate\\Foundation\\Bootstrap\\BootProviders->bootstrap()
#47 /home/runner/work/blanka/blanka/vendor/laravel/framework/src/Illuminate/Foundation/Console/Kernel.php(494): Illuminate\\Foundation\\Application->bootstrapWith()
#48 /home/runner/work/blanka/blanka/vendor/laravel/framework/src/Illuminate/Foundation/Console/Kernel.php(196): Illuminate\\Foundation\\Console\\Kernel->bootstrap()
#49 /home/runner/work/blanka/blanka/artisan(35): Illuminate\\Foundation\\Console\\Kernel->handle()
#50 {main}

[previous exception] [object] (PDOException(code: 2002): SQLSTATE[HY000] [2002] php_network_getaddresses: getaddrinfo for mysql failed: Temporary failure in name resolution at /home/runner/work/blanka/blanka/vendor/laravel/framework/src/Illuminate/Database/Connectors/Connector.php:67)
[stacktrace]
#0 /home/runner/work/blanka/blanka/vendor/laravel/framework/src/Illuminate/Database/Connectors/Connector.php(67): PDO::connect()
#1 /home/runner/work/blanka/blanka/vendor/laravel/framework/src/Illuminate/Database/Connectors/Connector.php(85): Illuminate\\Database\\Connectors\\Connector->createPdoConnection()
#2 /home/runner/work/blanka/blanka/vendor/laravel/framework/src/Illuminate/Database/Connectors/Connector.php(48): Illuminate\\Database\\Connectors\\Connector->tryAgainIfCausedByLostConnection()
#3 /home/runner/work/blanka/blanka/vendor/laravel/framework/src/Illuminate/Database/Connectors/MySqlConnector.php(24): Illuminate\\Database\\Connectors\\Connector->createConnection()
#4 /home/runner/work/blanka/blanka/vendor/laravel/framework/src/Illuminate/Database/Connectors/ConnectionFactory.php(186): Illuminate\\Database\\Connectors\\MySqlConnector->connect()
#5 [internal function]: Illuminate\\Database\\Connectors\\ConnectionFactory->{closure:Illuminate\\Database\\Connectors\\ConnectionFactory::createPdoResolverWithHosts():181}()
#6 /home/runner/work/blanka/blanka/vendor/laravel/framework/src/Illuminate/Database/Connection.php(1257): call_user_func()
#7 /home/runner/work/blanka/blanka/vendor/laravel/framework/src/Illuminate/Database/Connection.php(1295): Illuminate\\Database\\Connection->getPdo()
#8 /home/runner/work/blanka/blanka/vendor/laravel/framework/src/Illuminate/Database/Connection.php(525): Illuminate\\Database\\Connection->getReadPdo()
#9 /home/runner/work/blanka/blanka/vendor/laravel/framework/src/Illuminate/Database/Connection.php(420): Illuminate\\Database\\Connection->getPdoForSelect()
#10 /home/runner/work/blanka/blanka/vendor/laravel/framework/src/Illuminate/Database/Connection.php(827): Illuminate\\Database\\Connection->{closure:Illuminate\\Database\\Connection::select():411}()
#11 /home/runner/work/blanka/blanka/vendor/laravel/framework/src/Illuminate/Database/Connection.php(999): Illuminate\\Database\\Connection->runQueryCallback()
#12 /home/runner/work/blanka/blanka/vendor/laravel/framework/src/Illuminate/Database/Connection.php(978): Illuminate\\Database\\Connection->tryAgainIfCausedByLostConnection()
#13 /home/runner/work/blanka/blanka/vendor/laravel/framework/src/Illuminate/Database/Connection.php(796): Illuminate\\Database\\Connection->handleQueryException()
#14 /home/runner/work/blanka/blanka/vendor/laravel/framework/src/Illuminate/Database/Connection.php(411): Illuminate\\Database\\Connection->run()
#15 /home/runner/work/blanka/blanka/vendor/laravel/framework/src/Illuminate/Database/Query/Builder.php(3386): Illuminate\\Database\\Connection->select()
#16 /home/runner/work/blanka/blanka/vendor/laravel/framework/src/Illuminate/Database/Query/Builder.php(3371): Illuminate\\Database\\Query\\Builder->runSelect()
#17 /home/runner/work/blanka/blanka/vendor/laravel/framework/src/Illuminate/Database/Query/Builder.php(3961): Illuminate\\Database\\Query\\Builder->{closure:Illuminate\\Database\\Query\\Builder::get():3370}()
#18 /home/runner/work/blanka/blanka/vendor/laravel/framework/src/Illuminate/Database/Query/Builder.php(3370): Illuminate\\Database\\Query\\Builder->onceWithColumns()
#19 /home/runner/work/blanka/blanka/vendor/laravel/framework/src/Illuminate/Database/Eloquent/Builder.php(902): Illuminate\\Database\\Query\\Builder->get()
#20 /home/runner/work/blanka/blanka/vendor/laravel/framework/src/Illuminate/Database/Eloquent/Builder.php(884): Illuminate\\Database\\Eloquent\\Builder->getModels()
#21 /home/runner/work/blanka/blanka/vendor/laravel/framework/src/Illuminate/Database/Concerns/BuildsQueries.php(366): Illuminate\\Database\\Eloquent\\Builder->get()
#22 /home/runner/work/blanka/blanka/app/helpers/Helper.php(1102): Illuminate\\Database\\Eloquent\\Builder->first()
#23 /home/runner/work/blanka/blanka/app/helpers/Helper.php(1120): {closure:getAppStorageValueByKey():1100}()
#24 /home/runner/work/blanka/blanka/app/Logging/AxiomBatchHandler.php(30): getAppStorageValueByKey()
#25 /home/runner/work/blanka/blanka/vendor/laravel/framework/src/Illuminate/Container/Container.php(1172): App\\Logging\\AxiomBatchHandler->__construct()
#26 /home/runner/work/blanka/blanka/vendor/laravel/framework/src/Illuminate/Container/Container.php(933): Illuminate\\Container\\Container->build()
#27 /home/runner/work/blanka/blanka/vendor/laravel/framework/src/Illuminate/Foundation/Application.php(1078): Illuminate\\Container\\Container->resolve()
#28 /home/runner/work/blanka/blanka/vendor/laravel/framework/src/Illuminate/Container/Container.php(864): Illuminate\\Foundation\\Application->resolve()
#29 /home/runner/work/blanka/blanka/vendor/laravel/framework/src/Illuminate/Foundation/Application.php(1058): Illuminate\\Container\\Container->make()
#30 /home/runner/work/blanka/blanka/vendor/laravel/framework/src/Illuminate/Log/LogManager.php(420): Illuminate\\Foundation\\Application->make()
#31 /home/runner/work/blanka/blanka/vendor/laravel/framework/src/Illuminate/Log/LogManager.php(232): Illuminate\\Log\\LogManager->createMonologDriver()
#32 /home/runner/work/blanka/blanka/vendor/laravel/framework/src/Illuminate/Log/LogManager.php(138): Illuminate\\Log\\LogManager->resolve()
#33 /home/runner/work/blanka/blanka/vendor/laravel/framework/src/Illuminate/Log/LogManager.php(125): Illuminate\\Log\\LogManager->get()
#34 /home/runner/work/blanka/blanka/vendor/laravel/framework/src/Illuminate/Log/LogManager.php(114): Illuminate\\Log\\LogManager->driver()
#35 /home/runner/work/blanka/blanka/vendor/laravel/framework/src/Illuminate/Log/LogManager.php(286): Illuminate\\Log\\LogManager->channel()
#36 [internal function]: Illuminate\\Log\\LogManager->{closure:Illuminate\\Log\\LogManager::createStackDriver():283}()
#37 /home/runner/work/blanka/blanka/vendor/laravel/framework/src/Illuminate/Collections/Arr.php(820): array_map()
#38 /home/runner/work/blanka/blanka/vendor/laravel/framework/src/Illuminate/Collections/Collection.php(846): Illuminate\\Support\\Arr::map()
#39 /home/runner/work/blanka/blanka/vendor/laravel/framework/src/Illuminate/Collections/Traits/EnumeratesValues.php(441): Illuminate\\Support\\Collection->map()
#40 /home/runner/work/blanka/blanka/vendor/laravel/framework/src/Illuminate/Log/LogManager.php(283): Illuminate\\Support\\Collection->flatMap()
#41 /home/runner/work/blanka/blanka/vendor/laravel/framework/src/Illuminate/Log/LogManager.php(232): Illuminate\\Log\\LogManager->createStackDriver()
#42 /home/runner/work/blanka/blanka/vendor/laravel/framework/src/Illuminate/Log/LogManager.php(138): Illuminate\\Log\\LogManager->resolve()
#43 /home/runner/work/blanka/blanka/vendor/laravel/framework/src/Illuminate/Log/LogManager.php(125): Illuminate\\Log\\LogManager->get()
#44 /home/runner/work/blanka/blanka/vendor/laravel/framework/src/Illuminate/Log/LogManager.php(794): Illuminate\\Log\\LogManager->driver()
#45 /home/runner/work/blanka/blanka/vendor/laravel/framework/src/Illuminate/Support/Facades/Facade.php(363): Illuminate\\Log\\LogManager->__call()
#46 /home/runner/work/blanka/blanka/app/Providers/AppServiceProvider.php(111): Illuminate\\Support\\Facades\\Facade::__callStatic()
#47 /home/runner/work/blanka/blanka/vendor/laravel/framework/src/Illuminate/Container/BoundMethod.php(36): App\\Providers\\AppServiceProvider->boot()
#48 /home/runner/work/blanka/blanka/vendor/laravel/framework/src/Illuminate/Container/Util.php(43): Illuminate\\Container\\BoundMethod::{closure:Illuminate\\Container\\BoundMethod::call():35}()
#49 /home/runner/work/blanka/blanka/vendor/laravel/framework/src/Illuminate/Container/BoundMethod.php(96): Illuminate\\Container\\Util::unwrapIfClosure()
#50 /home/runner/work/blanka/blanka/vendor/laravel/framework/src/Illuminate/Container/BoundMethod.php(35): Illuminate\\Container\\BoundMethod::callBoundMethod()
#51 /home/runner/work/blanka/blanka/vendor/laravel/framework/src/Illuminate/Container/Container.php(799): Illuminate\\Container\\BoundMethod::call()
#52 /home/runner/work/blanka/blanka/vendor/laravel/framework/src/Illuminate/Foundation/Application.php(1151): Illuminate\\Container\\Container->call()
#53 /home/runner/work/blanka/blanka/vendor/laravel/framework/src/Illuminate/Foundation/Application.php(1132): Illuminate\\Foundation\\Application->bootProvider()
#54 [internal function]: Illuminate\\Foundation\\Application->{closure:Illuminate\\Foundation\\Application::boot():1131}()
#55 /home/runner/work/blanka/blanka/vendor/laravel/framework/src/Illuminate/Foundation/Application.php(1131): array_walk()
#56 /home/runner/work/blanka/blanka/vendor/laravel/framework/src/Illuminate/Foundation/Bootstrap/BootProviders.php(17): Illuminate\\Foundation\\Application->boot()
#57 /home/runner/work/blanka/blanka/vendor/laravel/framework/src/Illuminate/Foundation/Application.php(342): Illuminate\\Foundation\\Bootstrap\\BootProviders->bootstrap()
#58 /home/runner/work/blanka/blanka/vendor/laravel/framework/src/Illuminate/Foundation/Console/Kernel.php(494): Illuminate\\Foundation\\Application->bootstrapWith()
#59 /home/runner/work/blanka/blanka/vendor/laravel/framework/src/Illuminate/Foundation/Console/Kernel.php(196): Illuminate\\Foundation\\Console\\Kernel->bootstrap()
#60 /home/runner/work/blanka/blanka/artisan(35): Illuminate\\Foundation\\Console\\Kernel->handle()
#61 {main}

[previous exception] [object] (PDOException(code: 0): PDO::connect(): php_network_getaddresses: getaddrinfo for mysql failed: Temporary failure in name resolution at /home/runner/work/blanka/blanka/vendor/laravel/framework/src/Illuminate/Database/Connectors/Connector.php:67)
[stacktrace]
#0 /home/runner/work/blanka/blanka/vendor/laravel/framework/src/Illuminate/Database/Connectors/Connector.php(67): PDO::connect()
#1 /home/runner/work/blanka/blanka/vendor/laravel/framework/src/Illuminate/Database/Connectors/Connector.php(85): Illuminate\\Database\\Connectors\\Connector->createPdoConnection()
#2 /home/runner/work/blanka/blanka/vendor/laravel/framework/src/Illuminate/Database/Connectors/Connector.php(48): Illuminate\\Database\\Connectors\\Connector->tryAgainIfCausedByLostConnection()
#3 /home/runner/work/blanka/blanka/vendor/laravel/framework/src/Illuminate/Database/Connectors/MySqlConnector.php(24): Illuminate\\Database\\Connectors\\Connector->createConnection()
#4 /home/runner/work/blanka/blanka/vendor/laravel/framework/src/Illuminate/Database/Connectors/ConnectionFactory.php(186): Illuminate\\Database\\Connectors\\MySqlConnector->connect()
#5 [internal function]: Illuminate\\Database\\Connectors\\ConnectionFactory->{closure:Illuminate\\Database\\Connectors\\ConnectionFactory::createPdoResolverWithHosts():181}()
#6 /home/runner/work/blanka/blanka/vendor/laravel/framework/src/Illuminate/Database/Connection.php(1257): call_user_func()
#7 /home/runner/work/blanka/blanka/vendor/laravel/framework/src/Illuminate/Database/Connection.php(1295): Illuminate\\Database\\Connection->getPdo()
#8 /home/runner/work/blanka/blanka/vendor/laravel/framework/src/Illuminate/Database/Connection.php(525): Illuminate\\Database\\Connection->getReadPdo()
#9 /home/runner/work/blanka/blanka/vendor/laravel/framework/src/Illuminate/Database/Connection.php(420): Illuminate\\Database\\Connection->getPdoForSelect()
#10 /home/runner/work/blanka/blanka/vendor/laravel/framework/src/Illuminate/Database/Connection.php(827): Illuminate\\Database\\Connection->{closure:Illuminate\\Database\\Connection::select():411}()
#11 /home/runner/work/blanka/blanka/vendor/laravel/framework/src/Illuminate/Database/Connection.php(999): Illuminate\\Database\\Connection->runQueryCallback()
#12 /home/runner/work/blanka/blanka/vendor/laravel/framework/src/Illuminate/Database/Connection.php(978): Illuminate\\Database\\Connection->tryAgainIfCausedByLostConnection()
#13 /home/runner/work/blanka/blanka/vendor/laravel/framework/src/Illuminate/Database/Connection.php(796): Illuminate\\Database\\Connection->handleQueryException()
#14 /home/runner/work/blanka/blanka/vendor/laravel/framework/src/Illuminate/Database/Connection.php(411): Illuminate\\Database\\Connection->run()
#15 /home/runner/work/blanka/blanka/vendor/laravel/framework/src/Illuminate/Database/Query/Builder.php(3386): Illuminate\\Database\\Connection->select()
#16 /home/runner/work/blanka/blanka/vendor/laravel/framework/src/Illuminate/Database/Query/Builder.php(3371): Illuminate\\Database\\Query\\Builder->runSelect()
#17 /home/runner/work/blanka/blanka/vendor/laravel/framework/src/Illuminate/Database/Query/Builder.php(3961): Illuminate\\Database\\Query\\Builder->{closure:Illuminate\\Database\\Query\\Builder::get():3370}()
#18 /home/runner/work/blanka/blanka/vendor/laravel/framework/src/Illuminate/Database/Query/Builder.php(3370): Illuminate\\Database\\Query\\Builder->onceWithColumns()
#19 /home/runner/work/blanka/blanka/vendor/laravel/framework/src/Illuminate/Database/Eloquent/Builder.php(902): Illuminate\\Database\\Query\\Builder->get()
#20 /home/runner/work/blanka/blanka/vendor/laravel/framework/src/Illuminate/Database/Eloquent/Builder.php(884): Illuminate\\Database\\Eloquent\\Builder->getModels()
#21 /home/runner/work/blanka/blanka/vendor/laravel/framework/src/Illuminate/Database/Concerns/BuildsQueries.php(366): Illuminate\\Database\\Eloquent\\Builder->get()
#22 /home/runner/work/blanka/blanka/app/helpers/Helper.php(1102): Illuminate\\Database\\Eloquent\\Builder->first()
#23 /home/runner/work/blanka/blanka/app/helpers/Helper.php(1120): {closure:getAppStorageValueByKey():1100}()
#24 /home/runner/work/blanka/blanka/app/Logging/AxiomBatchHandler.php(30): getAppStorageValueByKey()
#25 /home/runner/work/blanka/blanka/vendor/laravel/framework/src/Illuminate/Container/Container.php(1172): App\\Logging\\AxiomBatchHandler->__construct()
#26 /home/runner/work/blanka/blanka/vendor/laravel/framework/src/Illuminate/Container/Container.php(933): Illuminate\\Container\\Container->build()
#27 /home/runner/work/blanka/blanka/vendor/laravel/framework/src/Illuminate/Foundation/Application.php(1078): Illuminate\\Container\\Container->resolve()
#28 /home/runner/work/blanka/blanka/vendor/laravel/framework/src/Illuminate/Container/Container.php(864): Illuminate\\Foundation\\Application->resolve()
#29 /home/runner/work/blanka/blanka/vendor/laravel/framework/src/Illuminate/Foundation/Application.php(1058): Illuminate\\Container\\Container->make()
#30 /home/runner/work/blanka/blanka/vendor/laravel/framework/src/Illuminate/Log/LogManager.php(420): Illuminate\\Foundation\\Application->make()
#31 /home/runner/work/blanka/blanka/vendor/laravel/framework/src/Illuminate/Log/LogManager.php(232): Illuminate\\Log\\LogManager->createMonologDriver()
#32 /home/runner/work/blanka/blanka/vendor/laravel/framework/src/Illuminate/Log/LogManager.php(138): Illuminate\\Log\\LogManager->resolve()
#33 /home/runner/work/blanka/blanka/vendor/laravel/framework/src/Illuminate/Log/LogManager.php(125): Illuminate\\Log\\LogManager->get()
#34 /home/runner/work/blanka/blanka/vendor/laravel/framework/src/Illuminate/Log/LogManager.php(114): Illuminate\\Log\\LogManager->driver()
#35 /home/runner/work/blanka/blanka/vendor/laravel/framework/src/Illuminate/Log/LogManager.php(286): Illuminate\\Log\\LogManager->channel()
#36 [internal function]: Illuminate\\Log\\LogManager->{closure:Illuminate\\Log\\LogManager::createStackDriver():283}()
#37 /home/runner/work/blanka/blanka/vendor/laravel/framework/src/Illuminate/Collections/Arr.php(820): array_map()
#38 /home/runner/work/blanka/blanka/vendor/laravel/framework/src/Illuminate/Collections/Collection.php(846): Illuminate\\Support\\Arr::map()
#39 /home/runner/work/blanka/blanka/vendor/laravel/framework/src/Illuminate/Collections/Traits/EnumeratesValues.php(441): Illuminate\\Support\\Collection->map()
#40 /home/runner/work/blanka/blanka/vendor/laravel/framework/src/Illuminate/Log/LogManager.php(283): Illuminate\\Support\\Collection->flatMap()
#41 /home/runner/work/blanka/blanka/vendor/laravel/framework/src/Illuminate/Log/LogManager.php(232): Illuminate\\Log\\LogManager->createStackDriver()
#42 /home/runner/work/blanka/blanka/vendor/laravel/framework/src/Illuminate/Log/LogManager.php(138): Illuminate\\Log\\LogManager->resolve()
#43 /home/runner/work/blanka/blanka/vendor/laravel/framework/src/Illuminate/Log/LogManager.php(125): Illuminate\\Log\\LogManager->get()
#44 /home/runner/work/blanka/blanka/vendor/laravel/framework/src/Illuminate/Log/LogManager.php(794): Illuminate\\Log\\LogManager->driver()
#45 /home/runner/work/blanka/blanka/vendor/laravel/framework/src/Illuminate/Support/Facades/Facade.php(363): Illuminate\\Log\\LogManager->__call()
#46 /home/runner/work/blanka/blanka/app/Providers/AppServiceProvider.php(111): Illuminate\\Support\\Facades\\Facade::__callStatic()
#47 /home/runner/work/blanka/blanka/vendor/laravel/framework/src/Illuminate/Container/BoundMethod.php(36): App\\Providers\\AppServiceProvider->boot()
#48 /home/runner/work/blanka/blanka/vendor/laravel/framework/src/Illuminate/Container/Util.php(43): Illuminate\\Container\\BoundMethod::{closure:Illuminate\\Container\\BoundMethod::call():35}()
#49 /home/runner/work/blanka/blanka/vendor/laravel/framework/src/Illuminate/Container/BoundMethod.php(96): Illuminate\\Container\\Util::unwrapIfClosure()
#50 /home/runner/work/blanka/blanka/vendor/laravel/framework/src/Illuminate/Container/BoundMethod.php(35): Illuminate\\Container\\BoundMethod::callBoundMethod()
#51 /home/runner/work/blanka/blanka/vendor/laravel/framework/src/Illuminate/Container/Container.php(799): Illuminate\\Container\\BoundMethod::call()
#52 /home/runner/work/blanka/blanka/vendor/laravel/framework/src/Illuminate/Foundation/Application.php(1151): Illuminate\\Container\\Container->call()
#53 /home/runner/work/blanka/blanka/vendor/laravel/framework/src/Illuminate/Foundation/Application.php(1132): Illuminate\\Foundation\\Application->bootProvider()
#54 [internal function]: Illuminate\\Foundation\\Application->{closure:Illuminate\\Foundation\\Application::boot():1131}()
#55 /home/runner/work/blanka/blanka/vendor/laravel/framework/src/Illuminate/Foundation/Application.php(1131): array_walk()
#56 /home/runner/work/blanka/blanka/vendor/laravel/framework/src/Illuminate/Foundation/Bootstrap/BootProviders.php(17): Illuminate\\Foundation\\Application->boot()
#57 /home/runner/work/blanka/blanka/vendor/laravel/framework/src/Illuminate/Foundation/Application.php(342): Illuminate\\Foundation\\Bootstrap\\BootProviders->bootstrap()
#58 /home/runner/work/blanka/blanka/vendor/laravel/framework/src/Illuminate/Foundation/Console/Kernel.php(494): Illuminate\\Foundation\\Application->bootstrapWith()
#59 /home/runner/work/blanka/blanka/vendor/laravel/framework/src/Illuminate/Foundation/Console/Kernel.php(196): Illuminate\\Foundation\\Console\\Kernel->bootstrap()
#60 /home/runner/work/blanka/blanka/artisan(35): Illuminate\\Foundation\\Console\\Kernel->handle()
#61 {main}
"} 
[2026-02-09 10:51:31] testing.INFO: Processing Health Questionnaire sync job. {"ref_id":"LIF-test-quote-uuid-123"} 
[2026-02-09 10:51:31] testing.INFO: Processing Health Questionnaire sync job. {"ref_id":"LIF-test-quote-uuid-123"} 
[2026-02-09 10:51:31] testing.INFO: Health Questionnaire sync completed successfully. {"ref_id":"LIF-test-quote-uuid-123"} 
[2026-02-09 10:51:31] testing.INFO: Health Questionnaire sync completed successfully. {"ref_id":"LIF-test-quote-uuid-123","extra":"{\"quote_uuid\":\"test-quote-uuid-123\"}"} 
[2026-02-09 10:51:31] testing.INFO: Processing Health Questionnaire sync job. {"ref_id":"LIF-test-quote-uuid-123"} 
[2026-02-09 10:51:31] testing.INFO: Processing Health Questionnaire sync job. {"ref_id":"LIF-test-quote-uuid-123"} 
[2026-02-09 10:51:31] testing.WARNING: Health Questionnaire sync job failed. {"ref_id":"LIF-test-quote-uuid-123"} 
[2026-02-09 10:51:31] testing.WARNING: Health Questionnaire sync job failed. {"ref_id":"LIF-test-quote-uuid-123","extra":"{\"error\":\"Health questionnaire sync failed: Sync failed\",\"error_type\":\"sync_failed\",\"trace\":\"#0 \\/home\\/runner\\/work\\/blanka\\/blanka\\/tests\\/Unit\\/Jobs\\/LifeSyncHealthQuestionnaireJobTest.php(104): App\\\\Jobs\\\\LifeSyncHealthQuestionnaireJob->handle()\\n#1 \\/home\\/runner\\/work\\/blanka\\/blanka\\/vendor\\/phpunit\\/phpunit\\/src\\/Framework\\/TestCase.php(1656): Tests\\\\Unit\\\\Jobs\\\\LifeSyncHealthQuestionnaireJobTest->test_handle_with_error_response()\\n#2 \\/home\\/runner\\/work\\/blanka\\/blanka\\/vendor\\/phpunit\\/phpunit\\/src\\/Framework\\/TestCase.php(514): PHPUnit\\\\Framework\\\\TestCase->runTest()\\n#3 \\/home\\/runner\\/work\\/blanka\\/blanka\\/vendor\\/phpunit\\/phpunit\\/src\\/Framework\\/TestRunner\\/TestRunner.php(87): PHPUnit\\\\Framework\\\\TestCase->runBare()\\n#4 \\/home\\/runner\\/work\\/blanka\\/blanka\\/vendor\\/phpunit\\/phpunit\\/src\\/Framework\\/TestCase.php(361): PHPUnit\\\\Framework\\\\TestRunner->run()\\n#5 \\/home\\/runner\\/work\\/blanka\\/blanka\\/vendor\\/phpunit\\/phpunit\\/src\\/Framework\\/TestSuite.php(369): PHPUnit\\\\Framework\\\\TestCase->run()\\n#6 \\/home\\/runner\\/work\\/blanka\\/blanka\\/vendor\\/phpunit\\/phpunit\\/src\\/Framework\\/TestSuite.php(369): PHPUnit\\\\Framework\\\\TestSuite->run()\\n#7 \\/home\\/runner\\/work\\/blanka\\/blanka\\/vendor\\/phpunit\\/phpunit\\/src\\/Framework\\/TestSuite.php(369): PHPUnit\\\\Framework\\\\TestSuite->run()\\n#8 \\/home\\/runner\\/work\\/blanka\\/blanka\\/vendor\\/phpunit\\/phpunit\\/src\\/TextUI\\/TestRunner.php(64): PHPUnit\\\\Framework\\\\TestSuite->run()\\n#9 \\/home\\/runner\\/work\\/blanka\\/blanka\\/vendor\\/phpunit\\/phpunit\\/src\\/TextUI\\/Application.php(211): PHPUnit\\\\TextUI\\\\TestRunner->run()\\n#10 \\/home\\/runner\\/work\\/blanka\\/blanka\\/vendor\\/pestphp\\/pest\\/src\\/Kernel.php(103): PHPUnit\\\\TextUI\\\\Application->run()\\n#11 \\/home\\/runner\\/work\\/blanka\\/blanka\\/vendor\\/pestphp\\/pest\\/bin\\/pest(184): Pest\\\\Kernel->handle()\\n#12 \\/home\\/runner\\/work\\/blanka\\/blanka\\/vendor\\/pestphp\\/pest\\/bin\\/pest(192): {closure:\\/home\\/runner\\/work\\/blanka\\/blanka\\/vendor\\/pestphp\\/pest\\/bin\\/pest:18}()\\n#13 \\/home\\/runner\\/work\\/blanka\\/blanka\\/vendor\\/bin\\/pest(119): include('...')\\n#14 {main}\",\"context\":{\"quote_uuid\":\"test-quote-uuid-123\",\"api_response\":{\"success\":false,\"message\":\"Sync failed\",\"data\":[]}}}"} 
[2026-02-09 10:51:31] testing.INFO: Processing Health Questionnaire sync job. {"ref_id":"LIF-test-quote-uuid-123"} 
[2026-02-09 10:51:31] testing.INFO: Processing Health Questionnaire sync job. {"ref_id":"LIF-test-quote-uuid-123"} 
[2026-02-09 10:51:31] testing.WARNING: Health Questionnaire sync job failed. {"ref_id":"LIF-test-quote-uuid-123"} 
[2026-02-09 10:51:31] testing.WARNING: Health Questionnaire sync job failed. {"ref_id":"LIF-test-quote-uuid-123","extra":"{\"error\":\"API Error\",\"trace\":\"#0 \\/home\\/runner\\/work\\/blanka\\/blanka\\/vendor\\/phpunit\\/phpunit\\/src\\/Framework\\/TestCase.php(1656): Tests\\\\Unit\\\\Jobs\\\\LifeSyncHealthQuestionnaireJobTest->test_handle_with_exception()\\n#1 \\/home\\/runner\\/work\\/blanka\\/blanka\\/vendor\\/phpunit\\/phpunit\\/src\\/Framework\\/TestCase.php(514): PHPUnit\\\\Framework\\\\TestCase->runTest()\\n#2 \\/home\\/runner\\/work\\/blanka\\/blanka\\/vendor\\/phpunit\\/phpunit\\/src\\/Framework\\/TestRunner\\/TestRunner.php(87): PHPUnit\\\\Framework\\\\TestCase->runBare()\\n#3 \\/home\\/runner\\/work\\/blanka\\/blanka\\/vendor\\/phpunit\\/phpunit\\/src\\/Framework\\/TestCase.php(361): PHPUnit\\\\Framework\\\\TestRunner->run()\\n#4 \\/home\\/runner\\/work\\/blanka\\/blanka\\/vendor\\/phpunit\\/phpunit\\/src\\/Framework\\/TestSuite.php(369): PHPUnit\\\\Framework\\\\TestCase->run()\\n#5 \\/home\\/runner\\/work\\/blanka\\/blanka\\/vendor\\/phpunit\\/phpunit\\/src\\/Framework\\/TestSuite.php(369): PHPUnit\\\\Framework\\\\TestSuite->run()\\n#6 \\/home\\/runner\\/work\\/blanka\\/blanka\\/vendor\\/phpunit\\/phpunit\\/src\\/Framework\\/TestSuite.php(369): PHPUnit\\\\Framework\\\\TestSuite->run()\\n#7 \\/home\\/runner\\/work\\/blanka\\/blanka\\/vendor\\/phpunit\\/phpunit\\/src\\/TextUI\\/TestRunner.php(64): PHPUnit\\\\Framework\\\\TestSuite->run()\\n#8 \\/home\\/runner\\/work\\/blanka\\/blanka\\/vendor\\/phpunit\\/phpunit\\/src\\/TextUI\\/Application.php(211): PHPUnit\\\\TextUI\\\\TestRunner->run()\\n#9 \\/home\\/runner\\/work\\/blanka\\/blanka\\/vendor\\/pestphp\\/pest\\/src\\/Kernel.php(103): PHPUnit\\\\TextUI\\\\Application->run()\\n#10 \\/home\\/runner\\/work\\/blanka\\/blanka\\/vendor\\/pestphp\\/pest\\/bin\\/pest(184): Pest\\\\Kernel->handle()\\n#11 \\/home\\/runner\\/work\\/blanka\\/blanka\\/vendor\\/pestphp\\/pest\\/bin\\/pest(192): {closure:\\/home\\/runner\\/work\\/blanka\\/blanka\\/vendor\\/pestphp\\/pest\\/bin\\/pest:18}()\\n#12 \\/home\\/runner\\/work\\/blanka\\/blanka\\/vendor\\/bin\\/pest(119): include('...')\\n#13 {main}\",\"quote_uuid\":\"test-quote-uuid-123\"}"} 
[2026-02-09 10:51:31] testing.INFO: Processing Health Questionnaire sync job. {"ref_id":"LIF-test-quote-uuid-123"} 
[2026-02-09 10:51:31] testing.INFO: Processing Health Questionnaire sync job. {"ref_id":"LIF-test-quote-uuid-123"} 
[2026-02-09 10:51:31] testing.INFO: Health Questionnaire sync completed successfully. {"ref_id":"LIF-test-quote-uuid-123"} 
[2026-02-09 10:51:31] testing.INFO: Health Questionnaire sync completed successfully. {"ref_id":"LIF-test-quote-uuid-123","extra":"{\"quote_uuid\":\"test-quote-uuid-123\"}"} 
[2026-02-09 10:51:31] testing.WARNING: LifeSyncHealthQuestionnaireJob skipped - MetLife integration is disabled {"trace_id":"7bc23fea-1e89-4a1f-a003-c856a4e4d050","is_console_command":true} 
[2026-02-09 10:51:31] testing.WARNING: LifeSyncHealthQuestionnaireJob skipped - MetLife integration is disabled {"trace_id":"7bc23fea-1e89-4a1f-a003-c856a4e4d050","is_console_command":true} 
[2026-02-09 10:51:31] testing.INFO: TriggerConversionApis - Processing conversion APIs for PolicyBooked quote {"ref_id":"test-quote-uuid-123","feature":"conversion-api","quoteTypeId":1,"eventType":"Purchase"} {"feature":"conversion-api"}
[2026-02-09 10:51:31] testing.INFO: TriggerConversionApis - Processing conversion APIs for PolicyBooked quote {"ref_id":"test-quote-uuid-123","feature":"conversion-api","quoteTypeId":1,"eventType":"Purchase"} {"feature":"conversion-api"}
[2026-02-09 10:51:31] testing.INFO: TriggerConversionApis - Conversion APIs processing completed {"ref_id":"test-quote-uuid-123","feature":"conversion-api","quoteTypeId":1,"eventType":"Purchase","facebookSuccess":true,"googleSuccess":true} {"feature":"conversion-api"}
[2026-02-09 10:51:31] testing.INFO: TriggerConversionApis - Conversion APIs processing completed {"ref_id":"test-quote-uuid-123","feature":"conversion-api","quoteTypeId":1,"eventType":"Purchase","facebookSuccess":true,"googleSuccess":true} {"feature":"conversion-api"}
[2026-02-09 10:51:31] testing.INFO: TriggerConversionApis - Processing conversion APIs for PolicyBooked quote {"ref_id":"test-quote-uuid-custom","feature":"conversion-api","quoteTypeId":5,"eventType":"CustomEvent"} {"feature":"conversion-api"}
[2026-02-09 10:51:31] testing.INFO: TriggerConversionApis - Processing conversion APIs for PolicyBooked quote {"ref_id":"test-quote-uuid-custom","feature":"conversion-api","quoteTypeId":5,"eventType":"CustomEvent"} {"feature":"conversion-api"}
[2026-02-09 10:51:31] testing.INFO: TriggerConversionApis - Conversion APIs processing completed {"ref_id":"test-quote-uuid-custom","feature":"conversion-api","quoteTypeId":5,"eventType":"CustomEvent","facebookSuccess":true,"googleSuccess":true} {"feature":"conversion-api"}
[2026-02-09 10:51:31] testing.INFO: TriggerConversionApis - Conversion APIs processing completed {"ref_id":"test-quote-uuid-custom","feature":"conversion-api","quoteTypeId":5,"eventType":"CustomEvent","facebookSuccess":true,"googleSuccess":true} {"feature":"conversion-api"}
[2026-02-09 10:51:31] testing.INFO: TriggerConversionApis - Processing conversion APIs for PolicyBooked quote {"ref_id":"test-quote-uuid-partial","feature":"conversion-api","quoteTypeId":1,"eventType":"Purchase"} {"feature":"conversion-api"}
[2026-02-09 10:51:31] testing.INFO: TriggerConversionApis - Processing conversion APIs for PolicyBooked quote {"ref_id":"test-quote-uuid-partial","feature":"conversion-api","quoteTypeId":1,"eventType":"Purchase"} {"feature":"conversion-api"}
[2026-02-09 10:51:31] testing.INFO: TriggerConversionApis - Conversion APIs processing completed {"ref_id":"test-quote-uuid-partial","feature":"conversion-api","quoteTypeId":1,"eventType":"Purchase","facebookSuccess":false,"googleSuccess":true} {"feature":"conversion-api"}
[2026-02-09 10:51:31] testing.INFO: TriggerConversionApis - Conversion APIs processing completed {"ref_id":"test-quote-uuid-partial","feature":"conversion-api","quoteTypeId":1,"eventType":"Purchase","facebookSuccess":false,"googleSuccess":true} {"feature":"conversion-api"}
[2026-02-09 10:51:31] testing.INFO: TriggerConversionApis - Processing conversion APIs for PolicyBooked quote {"ref_id":"NREFC7RS","feature":"conversion-api","quoteTypeId":19,"eventType":"Purchase"} {"feature":"conversion-api"}
[2026-02-09 10:51:31] testing.INFO: TriggerConversionApis - Processing conversion APIs for PolicyBooked quote {"ref_id":"NREFC7RS","feature":"conversion-api","quoteTypeId":19,"eventType":"Purchase"} {"feature":"conversion-api"}
[2026-02-09 10:51:31] testing.INFO: TriggerConversionApis - Conversion APIs processing completed {"ref_id":"NREFC7RS","feature":"conversion-api","quoteTypeId":19,"eventType":"Purchase","facebookSuccess":true,"googleSuccess":true} {"feature":"conversion-api"}
[2026-02-09 10:51:31] testing.INFO: TriggerConversionApis - Conversion APIs processing completed {"ref_id":"NREFC7RS","feature":"conversion-api","quoteTypeId":19,"eventType":"Purchase","facebookSuccess":true,"googleSuccess":true} {"feature":"conversion-api"}
[2026-02-09 10:51:31] testing.INFO: TriggerConversionApis - Processing conversion APIs for PolicyBooked quote {"ref_id":"6UTE2JXU","feature":"conversion-api","quoteTypeId":1,"eventType":"Purchase"} {"feature":"conversion-api"}
[2026-02-09 10:51:31] testing.INFO: TriggerConversionApis - Processing conversion APIs for PolicyBooked quote {"ref_id":"6UTE2JXU","feature":"conversion-api","quoteTypeId":1,"eventType":"Purchase"} {"feature":"conversion-api"}
[2026-02-09 10:51:31] testing.INFO: TriggerConversionApis - Conversion APIs processing completed {"ref_id":"6UTE2JXU","feature":"conversion-api","quoteTypeId":1,"eventType":"Purchase","facebookSuccess":true,"googleSuccess":true} {"feature":"conversion-api"}
[2026-02-09 10:51:31] testing.INFO: TriggerConversionApis - Conversion APIs processing completed {"ref_id":"6UTE2JXU","feature":"conversion-api","quoteTypeId":1,"eventType":"Purchase","facebookSuccess":true,"googleSuccess":true} {"feature":"conversion-api"}
[2026-02-09 10:51:31] testing.INFO: TriggerConversionApis - Processing conversion APIs for PolicyBooked quote {"ref_id":"TEST123","feature":"conversion-api","quoteTypeId":5,"eventType":"Purchase"} {"feature":"conversion-api"}
[2026-02-09 10:51:31] testing.INFO: TriggerConversionApis - Processing conversion APIs for PolicyBooked quote {"ref_id":"TEST123","feature":"conversion-api","quoteTypeId":5,"eventType":"Purchase"} {"feature":"conversion-api"}
[2026-02-09 10:51:31] testing.INFO: TriggerConversionApis - Conversion APIs processing completed {"ref_id":"TEST123","feature":"conversion-api","quoteTypeId":5,"eventType":"Purchase","facebookSuccess":true,"googleSuccess":true} {"feature":"conversion-api"}
[2026-02-09 10:51:31] testing.INFO: TriggerConversionApis - Conversion APIs processing completed {"ref_id":"TEST123","feature":"conversion-api","quoteTypeId":5,"eventType":"Purchase","facebookSuccess":true,"googleSuccess":true} {"feature":"conversion-api"}
[2026-02-09 10:51:31] testing.INFO: TriggerConversionApis - Processing conversion APIs for PolicyBooked quote {"ref_id":"XYZ789","feature":"conversion-api","quoteTypeId":25,"eventType":"Purchase"} {"feature":"conversion-api"}
[2026-02-09 10:51:31] testing.INFO: TriggerConversionApis - Processing conversion APIs for PolicyBooked quote {"ref_id":"XYZ789","feature":"conversion-api","quoteTypeId":25,"eventType":"Purchase"} {"feature":"conversion-api"}
[2026-02-09 10:51:31] testing.INFO: TriggerConversionApis - Conversion APIs processing completed {"ref_id":"XYZ789","feature":"conversion-api","quoteTypeId":25,"eventType":"Purchase","facebookSuccess":true,"googleSuccess":true} {"feature":"conversion-api"}
[2026-02-09 10:51:31] testing.INFO: TriggerConversionApis - Conversion APIs processing completed {"ref_id":"XYZ789","feature":"conversion-api","quoteTypeId":25,"eventType":"Purchase","facebookSuccess":true,"googleSuccess":true} {"feature":"conversion-api"}
[2026-02-09 10:51:31] testing.INFO: TriggerConversionApis - Processing conversion APIs for PolicyBooked quote {"ref_id":"NREFC7RS","feature":"conversion-api","quoteTypeId":19,"eventType":"Purchase"} {"feature":"conversion-api"}
[2026-02-09 10:51:31] testing.INFO: TriggerConversionApis - Processing conversion APIs for PolicyBooked quote {"ref_id":"NREFC7RS","feature":"conversion-api","quoteTypeId":19,"eventType":"Purchase"} {"feature":"conversion-api"}
[2026-02-09 10:51:31] testing.INFO: TriggerConversionApis - Conversion APIs processing completed {"ref_id":"NREFC7RS","feature":"conversion-api","quoteTypeId":19,"eventType":"Purchase","facebookSuccess":true,"googleSuccess":true} {"feature":"conversion-api"}
[2026-02-09 10:51:31] testing.INFO: TriggerConversionApis - Conversion APIs processing completed {"ref_id":"NREFC7RS","feature":"conversion-api","quoteTypeId":19,"eventType":"Purchase","facebookSuccess":true,"googleSuccess":true} {"feature":"conversion-api"}
[2026-02-09 10:51:34] testing.INFO: ConversionApiService - Calling facebook conversion API {"trace_id":"88d33522-d563-4db3-b78b-def8dda888d9","is_console_command":true,"eventType":"Purchase","platform":"facebook","quoteTypeId":1,"endpoint":"/api/v1-trigger-facebook-event-conversion","payload":{"quoteUID":"test-uuid-123","quoteTypeId":1,"eventType":"Purchase"}} 
[2026-02-09 10:51:34] testing.INFO: ConversionApiService - Calling facebook conversion API {"trace_id":"88d33522-d563-4db3-b78b-def8dda888d9","is_console_command":true,"eventType":"Purchase","platform":"facebook","quoteTypeId":1,"endpoint":"/api/v1-trigger-facebook-event-conversion","payload":{"quoteUID":"test-uuid-123","quoteTypeId":1,"eventType":"Purchase"}} 
[2026-02-09 10:51:34] testing.INFO: ConversionApiService - facebook conversion API call successful {"trace_id":"88d33522-d563-4db3-b78b-def8dda888d9","is_console_command":true,"eventType":"Purchase","platform":"facebook","quoteTypeId":1,"endpoint":"/api/v1-trigger-facebook-event-conversion","response":{"stdClass":{"success":true}}} 
[2026-02-09 10:51:34] testing.INFO: ConversionApiService - facebook conversion API call successful {"trace_id":"88d33522-d563-4db3-b78b-def8dda888d9","is_console_command":true,"eventType":"Purchase","platform":"facebook","quoteTypeId":1,"endpoint":"/api/v1-trigger-facebook-event-conversion","response":{"stdClass":{"success":true}}} 
[2026-02-09 10:51:34] testing.INFO: ConversionApiService - Calling google conversion API {"trace_id":"30f7a68d-29bf-4223-9395-b9a283adc9f6","is_console_command":true,"eventType":"Purchase","platform":"google","quoteTypeId":8,"endpoint":"/api/v1-trigger-google-event-conversion","payload":{"quoteUID":"test-uuid-456","quoteTypeId":8,"eventType":"Purchase"}} 
[2026-02-09 10:51:34] testing.INFO: ConversionApiService - Calling google conversion API {"trace_id":"30f7a68d-29bf-4223-9395-b9a283adc9f6","is_console_command":true,"eventType":"Purchase","platform":"google","quoteTypeId":8,"endpoint":"/api/v1-trigger-google-event-conversion","payload":{"quoteUID":"test-uuid-456","quoteTypeId":8,"eventType":"Purchase"}} 
[2026-02-09 10:51:34] testing.INFO: ConversionApiService - google conversion API call successful {"trace_id":"30f7a68d-29bf-4223-9395-b9a283adc9f6","is_console_command":true,"eventType":"Purchase","platform":"google","quoteTypeId":8,"endpoint":"/api/v1-trigger-google-event-conversion","response":{"stdClass":{"success":true}}} 
[2026-02-09 10:51:34] testing.INFO: ConversionApiService - google conversion API call successful {"trace_id":"30f7a68d-29bf-4223-9395-b9a283adc9f6","is_console_command":true,"eventType":"Purchase","platform":"google","quoteTypeId":8,"endpoint":"/api/v1-trigger-google-event-conversion","response":{"stdClass":{"success":true}}} 
[2026-02-09 10:51:34] testing.INFO: ConversionApiService - Calling facebook conversion API {"trace_id":"0fe1fcd5-3e8b-4341-acf9-93b3c80221cd","is_console_command":true,"eventType":"CustomEvent","platform":"facebook","quoteTypeId":3,"endpoint":"/api/v1-trigger-facebook-event-conversion","payload":{"quoteUID":"test-uuid-789","quoteTypeId":3,"eventType":"CustomEvent"}} 
[2026-02-09 10:51:34] testing.INFO: ConversionApiService - Calling facebook conversion API {"trace_id":"0fe1fcd5-3e8b-4341-acf9-93b3c80221cd","is_console_command":true,"eventType":"CustomEvent","platform":"facebook","quoteTypeId":3,"endpoint":"/api/v1-trigger-facebook-event-conversion","payload":{"quoteUID":"test-uuid-789","quoteTypeId":3,"eventType":"CustomEvent"}} 
[2026-02-09 10:51:34] testing.INFO: ConversionApiService - facebook conversion API call successful {"trace_id":"0fe1fcd5-3e8b-4341-acf9-93b3c80221cd","is_console_command":true,"eventType":"CustomEvent","platform":"facebook","quoteTypeId":3,"endpoint":"/api/v1-trigger-facebook-event-conversion","response":{"stdClass":{"success":true}}} 
[2026-02-09 10:51:34] testing.INFO: ConversionApiService - facebook conversion API call successful {"trace_id":"0fe1fcd5-3e8b-4341-acf9-93b3c80221cd","is_console_command":true,"eventType":"CustomEvent","platform":"facebook","quoteTypeId":3,"endpoint":"/api/v1-trigger-facebook-event-conversion","response":{"stdClass":{"success":true}}} 
[2026-02-09 10:51:34] testing.INFO: ConversionApiService - Calling facebook conversion API {"trace_id":"ccf1f405-7f2c-4914-b293-2ec9e7cef90a","is_console_command":true,"eventType":"Purchase","platform":"facebook","quoteTypeId":1,"endpoint":"/api/v1-trigger-facebook-event-conversion","payload":{"quoteUID":"test-uuid-error","quoteTypeId":1,"eventType":"Purchase"}} 
[2026-02-09 10:51:34] testing.INFO: ConversionApiService - Calling facebook conversion API {"trace_id":"ccf1f405-7f2c-4914-b293-2ec9e7cef90a","is_console_command":true,"eventType":"Purchase","platform":"facebook","quoteTypeId":1,"endpoint":"/api/v1-trigger-facebook-event-conversion","payload":{"quoteUID":"test-uuid-error","quoteTypeId":1,"eventType":"Purchase"}} 
[2026-02-09 10:51:34] testing.ERROR: ConversionApiService - facebook conversion API call exception {"trace_id":"ccf1f405-7f2c-4914-b293-2ec9e7cef90a","is_console_command":true,"eventType":"Purchase","platform":"facebook","quoteTypeId":1,"endpoint":"/api/v1-trigger-facebook-event-conversion","error":"API Error","exception":{"message":"API Error","trace":"#0 /home/runner/work/blanka/blanka/vendor/phpunit/phpunit/src/Framework/TestCase.php(1656): Tests\\Unit\\Services\\ConversionApiServiceTest->test_trigger_facebook_conversion_handles_exception()
#1 /home/runner/work/blanka/blanka/vendor/phpunit/phpunit/src/Framework/TestCase.php(514): PHPUnit\\Framework\\TestCase->runTest()
#2 /home/runner/work/blanka/blanka/vendor/phpunit/phpunit/src/Framework/TestRunner/TestRunner.php(87): PHPUnit\\Framework\\TestCase->runBare()
#3 /home/runner/work/blanka/blanka/vendor/phpunit/phpunit/src/Framework/TestCase.php(361): PHPUnit\\Framework\\TestRunner->run()
#4 /home/runner/work/blanka/blanka/vendor/phpunit/phpunit/src/Framework/TestSuite.php(369): PHPUnit\\Framework\\TestCase->run()
#5 /home/runner/work/blanka/blanka/vendor/phpunit/phpunit/src/Framework/TestSuite.php(369): PHPUnit\\Framework\\TestSuite->run()
#6 /home/runner/work/blanka/blanka/vendor/phpunit/phpunit/src/Framework/TestSuite.php(369): PHPUnit\\Framework\\TestSuite->run()
#7 /home/runner/work/blanka/blanka/vendor/phpunit/phpunit/src/TextUI/TestRunner.php(64): PHPUnit\\Framework\\TestSuite->run()
#8 /home/runner/work/blanka/blanka/vendor/phpunit/phpunit/src/TextUI/Application.php(211): PHPUnit\\TextUI\\TestRunner->run()
#9 /home/runner/work/blanka/blanka/vendor/pestphp/pest/src/Kernel.php(103): PHPUnit\\TextUI\\Application->run()
#10 /home/runner/work/blanka/blanka/vendor/pestphp/pest/bin/pest(184): Pest\\Kernel->handle()
#11 /home/runner/work/blanka/blanka/vendor/pestphp/pest/bin/pest(192): {closure:/home/runner/work/blanka/blanka/vendor/pestphp/pest/bin/pest:18}()
#12 /home/runner/work/blanka/blanka/vendor/bin/pest(119): include('...')
#13 {main}","code":0}} 
[2026-02-09 10:51:34] testing.ERROR: ConversionApiService - facebook conversion API call exception {"trace_id":"ccf1f405-7f2c-4914-b293-2ec9e7cef90a","is_console_command":true,"eventType":"Purchase","platform":"facebook","quoteTypeId":1,"endpoint":"/api/v1-trigger-facebook-event-conversion","error":"API Error","exception":{"message":"API Error","trace":"#0 /home/runner/work/blanka/blanka/vendor/phpunit/phpunit/src/Framework/TestCase.php(1656): Tests\\Unit\\Services\\ConversionApiServiceTest->test_trigger_facebook_conversion_handles_exception()
#1 /home/runner/work/blanka/blanka/vendor/phpunit/phpunit/src/Framework/TestCase.php(514): PHPUnit\\Framework\\TestCase->runTest()
#2 /home/runner/work/blanka/blanka/vendor/phpunit/phpunit/src/Framework/TestRunner/TestRunner.php(87): PHPUnit\\Framework\\TestCase->runBare()
#3 /home/runner/work/blanka/blanka/vendor/phpunit/phpunit/src/Framework/TestCase.php(361): PHPUnit\\Framework\\TestRunner->run()
#4 /home/runner/work/blanka/blanka/vendor/phpunit/phpunit/src/Framework/TestSuite.php(369): PHPUnit\\Framework\\TestCase->run()
#5 /home/runner/work/blanka/blanka/vendor/phpunit/phpunit/src/Framework/TestSuite.php(369): PHPUnit\\Framework\\TestSuite->run()
#6 /home/runner/work/blanka/blanka/vendor/phpunit/phpunit/src/Framework/TestSuite.php(369): PHPUnit\\Framework\\TestSuite->run()
#7 /home/runner/work/blanka/blanka/vendor/phpunit/phpunit/src/TextUI/TestRunner.php(64): PHPUnit\\Framework\\TestSuite->run()
#8 /home/runner/work/blanka/blanka/vendor/phpunit/phpunit/src/TextUI/Application.php(211): PHPUnit\\TextUI\\TestRunner->run()
#9 /home/runner/work/blanka/blanka/vendor/pestphp/pest/src/Kernel.php(103): PHPUnit\\TextUI\\Application->run()
#10 /home/runner/work/blanka/blanka/vendor/pestphp/pest/bin/pest(184): Pest\\Kernel->handle()
#11 /home/runner/work/blanka/blanka/vendor/pestphp/pest/bin/pest(192): {closure:/home/runner/work/blanka/blanka/vendor/pestphp/pest/bin/pest:18}()
#12 /home/runner/work/blanka/blanka/vendor/bin/pest(119): include('...')
#13 {main}","code":0}} 
[2026-02-09 10:51:34] testing.INFO: ConversionApiService - Calling google conversion API {"trace_id":"bd327bb2-6bad-4eb1-a46f-c91a165c297b","is_console_command":true,"eventType":"Purchase","platform":"google","quoteTypeId":1,"endpoint":"/api/v1-trigger-google-event-conversion","payload":{"quoteUID":"test-uuid-error","quoteTypeId":1,"eventType":"Purchase"}} 
[2026-02-09 10:51:34] testing.INFO: ConversionApiService - Calling google conversion API {"trace_id":"bd327bb2-6bad-4eb1-a46f-c91a165c297b","is_console_command":true,"eventType":"Purchase","platform":"google","quoteTypeId":1,"endpoint":"/api/v1-trigger-google-event-conversion","payload":{"quoteUID":"test-uuid-error","quoteTypeId":1,"eventType":"Purchase"}} 
[2026-02-09 10:51:34] testing.ERROR: ConversionApiService - google conversion API call exception {"trace_id":"bd327bb2-6bad-4eb1-a46f-c91a165c297b","is_console_command":true,"eventType":"Purchase","platform":"google","quoteTypeId":1,"endpoint":"/api/v1-trigger-google-event-conversion","error":"API Error","exception":{"message":"API Error","trace":"#0 /home/runner/work/blanka/blanka/vendor/phpunit/phpunit/src/Framework/TestCase.php(1656): Tests\\Unit\\Services\\ConversionApiServiceTest->test_trigger_google_conversion_handles_exception()
#1 /home/runner/work/blanka/blanka/vendor/phpunit/phpunit/src/Framework/TestCase.php(514): PHPUnit\\Framework\\TestCase->runTest()
#2 /home/runner/work/blanka/blanka/vendor/phpunit/phpunit/src/Framework/TestRunner/TestRunner.php(87): PHPUnit\\Framework\\TestCase->runBare()
#3 /home/runner/work/blanka/blanka/vendor/phpunit/phpunit/src/Framework/TestCase.php(361): PHPUnit\\Framework\\TestRunner->run()
#4 /home/runner/work/blanka/blanka/vendor/phpunit/phpunit/src/Framework/TestSuite.php(369): PHPUnit\\Framework\\TestCase->run()
#5 /home/runner/work/blanka/blanka/vendor/phpunit/phpunit/src/Framework/TestSuite.php(369): PHPUnit\\Framework\\TestSuite->run()
#6 /home/runner/work/blanka/blanka/vendor/phpunit/phpunit/src/Framework/TestSuite.php(369): PHPUnit\\Framework\\TestSuite->run()
#7 /home/runner/work/blanka/blanka/vendor/phpunit/phpunit/src/TextUI/TestRunner.php(64): PHPUnit\\Framework\\TestSuite->run()
#8 /home/runner/work/blanka/blanka/vendor/phpunit/phpunit/src/TextUI/Application.php(211): PHPUnit\\TextUI\\TestRunner->run()
#9 /home/runner/work/blanka/blanka/vendor/pestphp/pest/src/Kernel.php(103): PHPUnit\\TextUI\\Application->run()
#10 /home/runner/work/blanka/blanka/vendor/pestphp/pest/bin/pest(184): Pest\\Kernel->handle()
#11 /home/runner/work/blanka/blanka/vendor/pestphp/pest/bin/pest(192): {closure:/home/runner/work/blanka/blanka/vendor/pestphp/pest/bin/pest:18}()
#12 /home/runner/work/blanka/blanka/vendor/bin/pest(119): include('...')
#13 {main}","code":0}} 
[2026-02-09 10:51:34] testing.ERROR: ConversionApiService - google conversion API call exception {"trace_id":"bd327bb2-6bad-4eb1-a46f-c91a165c297b","is_console_command":true,"eventType":"Purchase","platform":"google","quoteTypeId":1,"endpoint":"/api/v1-trigger-google-event-conversion","error":"API Error","exception":{"message":"API Error","trace":"#0 /home/runner/work/blanka/blanka/vendor/phpunit/phpunit/src/Framework/TestCase.php(1656): Tests\\Unit\\Services\\ConversionApiServiceTest->test_trigger_google_conversion_handles_exception()
#1 /home/runner/work/blanka/blanka/vendor/phpunit/phpunit/src/Framework/TestCase.php(514): PHPUnit\\Framework\\TestCase->runTest()
#2 /home/runner/work/blanka/blanka/vendor/phpunit/phpunit/src/Framework/TestRunner/TestRunner.php(87): PHPUnit\\Framework\\TestCase->runBare()
#3 /home/runner/work/blanka/blanka/vendor/phpunit/phpunit/src/Framework/TestCase.php(361): PHPUnit\\Framework\\TestRunner->run()
#4 /home/runner/work/blanka/blanka/vendor/phpunit/phpunit/src/Framework/TestSuite.php(369): PHPUnit\\Framework\\TestCase->run()
#5 /home/runner/work/blanka/blanka/vendor/phpunit/phpunit/src/Framework/TestSuite.php(369): PHPUnit\\Framework\\TestSuite->run()
#6 /home/runner/work/blanka/blanka/vendor/phpunit/phpunit/src/Framework/TestSuite.php(369): PHPUnit\\Framework\\TestSuite->run()
#7 /home/runner/work/blanka/blanka/vendor/phpunit/phpunit/src/TextUI/TestRunner.php(64): PHPUnit\\Framework\\TestSuite->run()
#8 /home/runner/work/blanka/blanka/vendor/phpunit/phpunit/src/TextUI/Application.php(211): PHPUnit\\TextUI\\TestRunner->run()
#9 /home/runner/work/blanka/blanka/vendor/pestphp/pest/src/Kernel.php(103): PHPUnit\\TextUI\\Application->run()
#10 /home/runner/work/blanka/blanka/vendor/pestphp/pest/bin/pest(184): Pest\\Kernel->handle()
#11 /home/runner/work/blanka/blanka/vendor/pestphp/pest/bin/pest(192): {closure:/home/runner/work/blanka/blanka/vendor/pestphp/pest/bin/pest:18}()
#12 /home/runner/work/blanka/blanka/vendor/bin/pest(119): include('...')
#13 {main}","code":0}} 
[2026-02-09 10:51:34] testing.INFO: ConversionApiService - Calling facebook conversion API {"trace_id":"c8e1b271-be12-49b7-b585-9810901da085","is_console_command":true,"eventType":"Purchase","platform":"facebook","quoteTypeId":1,"endpoint":"/api/v1-trigger-facebook-event-conversion","payload":{"quoteUID":"test-uuid-1","quoteTypeId":1,"eventType":"Purchase"}} 
[2026-02-09 10:51:34] testing.INFO: ConversionApiService - Calling facebook conversion API {"trace_id":"c8e1b271-be12-49b7-b585-9810901da085","is_console_command":true,"eventType":"Purchase","platform":"facebook","quoteTypeId":1,"endpoint":"/api/v1-trigger-facebook-event-conversion","payload":{"quoteUID":"test-uuid-1","quoteTypeId":1,"eventType":"Purchase"}} 
[2026-02-09 10:51:34] testing.INFO: ConversionApiService - facebook conversion API call successful {"trace_id":"c8e1b271-be12-49b7-b585-9810901da085","is_console_command":true,"eventType":"Purchase","platform":"facebook","quoteTypeId":1,"endpoint":"/api/v1-trigger-facebook-event-conversion","response":{"stdClass":{"success":true}}} 
[2026-02-09 10:51:34] testing.INFO: ConversionApiService - facebook conversion API call successful {"trace_id":"c8e1b271-be12-49b7-b585-9810901da085","is_console_command":true,"eventType":"Purchase","platform":"facebook","quoteTypeId":1,"endpoint":"/api/v1-trigger-facebook-event-conversion","response":{"stdClass":{"success":true}}} 
[2026-02-09 10:51:34] testing.INFO: ConversionApiService - Calling facebook conversion API {"eventType":"Purchase","platform":"facebook","quoteTypeId":8,"endpoint":"/api/v1-trigger-facebook-event-conversion","payload":{"quoteUID":"test-uuid-8","quoteTypeId":8,"eventType":"Purchase"}} 
[2026-02-09 10:51:34] testing.INFO: ConversionApiService - Calling facebook conversion API {"eventType":"Purchase","platform":"facebook","quoteTypeId":8,"endpoint":"/api/v1-trigger-facebook-event-conversion","payload":{"quoteUID":"test-uuid-8","quoteTypeId":8,"eventType":"Purchase"}} 
[2026-02-09 10:51:34] testing.INFO: ConversionApiService - facebook conversion API call successful {"eventType":"Purchase","platform":"facebook","quoteTypeId":8,"endpoint":"/api/v1-trigger-facebook-event-conversion","response":{"stdClass":{"success":true}}} 
[2026-02-09 10:51:34] testing.INFO: ConversionApiService - facebook conversion API call successful {"eventType":"Purchase","platform":"facebook","quoteTypeId":8,"endpoint":"/api/v1-trigger-facebook-event-conversion","response":{"stdClass":{"success":true}}} 
[2026-02-09 10:51:34] testing.INFO: ConversionApiService - Calling facebook conversion API {"eventType":"Purchase","platform":"facebook","quoteTypeId":3,"endpoint":"/api/v1-trigger-facebook-event-conversion","payload":{"quoteUID":"test-uuid-3","quoteTypeId":3,"eventType":"Purchase"}} 
[2026-02-09 10:51:34] testing.INFO: ConversionApiService - Calling facebook conversion API {"eventType":"Purchase","platform":"facebook","quoteTypeId":3,"endpoint":"/api/v1-trigger-facebook-event-conversion","payload":{"quoteUID":"test-uuid-3","quoteTypeId":3,"eventType":"Purchase"}} 
[2026-02-09 10:51:34] testing.INFO: ConversionApiService - facebook conversion API call successful {"eventType":"Purchase","platform":"facebook","quoteTypeId":3,"endpoint":"/api/v1-trigger-facebook-event-conversion","response":{"stdClass":{"success":true}}} 
[2026-02-09 10:51:34] testing.INFO: ConversionApiService - facebook conversion API call successful {"eventType":"Purchase","platform":"facebook","quoteTypeId":3,"endpoint":"/api/v1-trigger-facebook-event-conversion","response":{"stdClass":{"success":true}}} 
[2026-02-09 10:51:34] testing.INFO: ConversionApiService - Calling facebook conversion API {"eventType":"Purchase","platform":"facebook","quoteTypeId":5,"endpoint":"/api/v1-trigger-facebook-event-conversion","payload":{"quoteUID":"test-uuid-5","quoteTypeId":5,"eventType":"Purchase"}} 
[2026-02-09 10:51:34] testing.INFO: ConversionApiService - Calling facebook conversion API {"eventType":"Purchase","platform":"facebook","quoteTypeId":5,"endpoint":"/api/v1-trigger-facebook-event-conversion","payload":{"quoteUID":"test-uuid-5","quoteTypeId":5,"eventType":"Purchase"}} 
[2026-02-09 10:51:34] testing.INFO: ConversionApiService - facebook conversion API call successful {"eventType":"Purchase","platform":"facebook","quoteTypeId":5,"endpoint":"/api/v1-trigger-facebook-event-conversion","response":{"stdClass":{"success":true}}} 
[2026-02-09 10:51:34] testing.INFO: ConversionApiService - facebook conversion API call successful {"eventType":"Purchase","platform":"facebook","quoteTypeId":5,"endpoint":"/api/v1-trigger-facebook-event-conversion","response":{"stdClass":{"success":true}}} 
[2026-02-09 10:51:34] testing.INFO: ConversionApiService - Calling facebook conversion API {"trace_id":"aae8dc7b-534f-48c5-bc47-df80b3daaf22","is_console_command":true,"eventType":"Purchase","platform":"facebook","quoteTypeId":19,"endpoint":"/api/v1-trigger-facebook-event-conversion","payload":{"quoteUID":"NREFC7RS","quoteTypeId":19,"eventType":"Purchase"}} 
[2026-02-09 10:51:34] testing.INFO: ConversionApiService - Calling facebook conversion API {"trace_id":"aae8dc7b-534f-48c5-bc47-df80b3daaf22","is_console_command":true,"eventType":"Purchase","platform":"facebook","quoteTypeId":19,"endpoint":"/api/v1-trigger-facebook-event-conversion","payload":{"quoteUID":"NREFC7RS","quoteTypeId":19,"eventType":"Purchase"}} 
[2026-02-09 10:51:34] testing.INFO: ConversionApiService - facebook conversion API call successful {"trace_id":"aae8dc7b-534f-48c5-bc47-df80b3daaf22","is_console_command":true,"eventType":"Purchase","platform":"facebook","quoteTypeId":19,"endpoint":"/api/v1-trigger-facebook-event-conversion","response":{"stdClass":{"success":true}}} 
[2026-02-09 10:51:34] testing.INFO: ConversionApiService - facebook conversion API call successful {"trace_id":"aae8dc7b-534f-48c5-bc47-df80b3daaf22","is_console_command":true,"eventType":"Purchase","platform":"facebook","quoteTypeId":19,"endpoint":"/api/v1-trigger-facebook-event-conversion","response":{"stdClass":{"success":true}}} 
[2026-02-09 10:51:34] testing.INFO: ConversionApiService - Calling google conversion API {"trace_id":"961f111f-37fd-4b48-ad6a-5e398c1c52fb","is_console_command":true,"eventType":"Purchase","platform":"google","quoteTypeId":1,"endpoint":"/api/v1-trigger-google-event-conversion","payload":{"quoteUID":"6UTE2JXU","quoteTypeId":1,"eventType":"Purchase"}} 
[2026-02-09 10:51:34] testing.INFO: ConversionApiService - Calling google conversion API {"trace_id":"961f111f-37fd-4b48-ad6a-5e398c1c52fb","is_console_command":true,"eventType":"Purchase","platform":"google","quoteTypeId":1,"endpoint":"/api/v1-trigger-google-event-conversion","payload":{"quoteUID":"6UTE2JXU","quoteTypeId":1,"eventType":"Purchase"}} 
[2026-02-09 10:51:34] testing.INFO: ConversionApiService - google conversion API call successful {"trace_id":"961f111f-37fd-4b48-ad6a-5e398c1c52fb","is_console_command":true,"eventType":"Purchase","platform":"google","quoteTypeId":1,"endpoint":"/api/v1-trigger-google-event-conversion","response":{"stdClass":{"success":true}}} 
[2026-02-09 10:51:34] testing.INFO: ConversionApiService - google conversion API call successful {"trace_id":"961f111f-37fd-4b48-ad6a-5e398c1c52fb","is_console_command":true,"eventType":"Purchase","platform":"google","quoteTypeId":1,"endpoint":"/api/v1-trigger-google-event-conversion","response":{"stdClass":{"success":true}}} 
[2026-02-09 10:51:34] testing.INFO: ConversionApiService - Calling facebook conversion API {"trace_id":"f8b938ff-9dd7-4b5f-b610-5b065867c856","is_console_command":true,"eventType":"Purchase","platform":"facebook","quoteTypeId":19,"endpoint":"/api/v1-trigger-facebook-event-conversion","payload":{"quoteUID":"NREFC7RS","quoteTypeId":19,"eventType":"Purchase"}} 
[2026-02-09 10:51:34] testing.INFO: ConversionApiService - Calling facebook conversion API {"trace_id":"f8b938ff-9dd7-4b5f-b610-5b065867c856","is_console_command":true,"eventType":"Purchase","platform":"facebook","quoteTypeId":19,"endpoint":"/api/v1-trigger-facebook-event-conversion","payload":{"quoteUID":"NREFC7RS","quoteTypeId":19,"eventType":"Purchase"}} 
[2026-02-09 10:51:34] testing.INFO: ConversionApiService - facebook conversion API call successful {"trace_id":"f8b938ff-9dd7-4b5f-b610-5b065867c856","is_console_command":true,"eventType":"Purchase","platform":"facebook","quoteTypeId":19,"endpoint":"/api/v1-trigger-facebook-event-conversion","response":{"stdClass":{"success":true}}} 
[2026-02-09 10:51:34] testing.INFO: ConversionApiService - facebook conversion API call successful {"trace_id":"f8b938ff-9dd7-4b5f-b610-5b065867c856","is_console_command":true,"eventType":"Purchase","platform":"facebook","quoteTypeId":19,"endpoint":"/api/v1-trigger-facebook-event-conversion","response":{"stdClass":{"success":true}}} 
[2026-02-09 10:51:34] testing.INFO: ConversionApiService - Calling facebook conversion API {"eventType":"Purchase","platform":"facebook","quoteTypeId":1,"endpoint":"/api/v1-trigger-facebook-event-conversion","payload":{"quoteUID":"6UTE2JXU","quoteTypeId":1,"eventType":"Purchase"}} 
[2026-02-09 10:51:34] testing.INFO: ConversionApiService - Calling facebook conversion API {"eventType":"Purchase","platform":"facebook","quoteTypeId":1,"endpoint":"/api/v1-trigger-facebook-event-conversion","payload":{"quoteUID":"6UTE2JXU","quoteTypeId":1,"eventType":"Purchase"}} 
[2026-02-09 10:51:34] testing.INFO: ConversionApiService - facebook conversion API call successful {"eventType":"Purchase","platform":"facebook","quoteTypeId":1,"endpoint":"/api/v1-trigger-facebook-event-conversion","response":{"stdClass":{"success":true}}} 
[2026-02-09 10:51:34] testing.INFO: ConversionApiService - facebook conversion API call successful {"eventType":"Purchase","platform":"facebook","quoteTypeId":1,"endpoint":"/api/v1-trigger-facebook-event-conversion","response":{"stdClass":{"success":true}}} 
[2026-02-09 10:51:34] testing.INFO: ConversionApiService - Calling facebook conversion API {"eventType":"Purchase","platform":"facebook","quoteTypeId":5,"endpoint":"/api/v1-trigger-facebook-event-conversion","payload":{"quoteUID":"TEST123","quoteTypeId":5,"eventType":"Purchase"}} 
[2026-02-09 10:51:34] testing.INFO: ConversionApiService - Calling facebook conversion API {"eventType":"Purchase","platform":"facebook","quoteTypeId":5,"endpoint":"/api/v1-trigger-facebook-event-conversion","payload":{"quoteUID":"TEST123","quoteTypeId":5,"eventType":"Purchase"}} 
[2026-02-09 10:51:34] testing.INFO: ConversionApiService - facebook conversion API call successful {"eventType":"Purchase","platform":"facebook","quoteTypeId":5,"endpoint":"/api/v1-trigger-facebook-event-conversion","response":{"stdClass":{"success":true}}} 
[2026-02-09 10:51:34] testing.INFO: ConversionApiService - facebook conversion API call successful {"eventType":"Purchase","platform":"facebook","quoteTypeId":5,"endpoint":"/api/v1-trigger-facebook-event-conversion","response":{"stdClass":{"success":true}}} 
[2026-02-09 10:51:34] testing.INFO: ConversionApiService - Calling facebook conversion API {"eventType":"Purchase","platform":"facebook","quoteTypeId":10,"endpoint":"/api/v1-trigger-facebook-event-conversion","payload":{"quoteUID":"ABCD1234","quoteTypeId":10,"eventType":"Purchase"}} 
[2026-02-09 10:51:34] testing.INFO: ConversionApiService - Calling facebook conversion API {"eventType":"Purchase","platform":"facebook","quoteTypeId":10,"endpoint":"/api/v1-trigger-facebook-event-conversion","payload":{"quoteUID":"ABCD1234","quoteTypeId":10,"eventType":"Purchase"}} 
[2026-02-09 10:51:34] testing.INFO: ConversionApiService - facebook conversion API call successful {"eventType":"Purchase","platform":"facebook","quoteTypeId":10,"endpoint":"/api/v1-trigger-facebook-event-conversion","response":{"stdClass":{"success":true}}} 
[2026-02-09 10:51:34] testing.INFO: ConversionApiService - facebook conversion API call successful {"eventType":"Purchase","platform":"facebook","quoteTypeId":10,"endpoint":"/api/v1-trigger-facebook-event-conversion","response":{"stdClass":{"success":true}}} 
[2026-02-09 10:51:34] testing.INFO: ConversionApiService - Calling facebook conversion API {"eventType":"Purchase","platform":"facebook","quoteTypeId":25,"endpoint":"/api/v1-trigger-facebook-event-conversion","payload":{"quoteUID":"XYZ789","quoteTypeId":25,"eventType":"Purchase"}} 
[2026-02-09 10:51:34] testing.INFO: ConversionApiService - Calling facebook conversion API {"eventType":"Purchase","platform":"facebook","quoteTypeId":25,"endpoint":"/api/v1-trigger-facebook-event-conversion","payload":{"quoteUID":"XYZ789","quoteTypeId":25,"eventType":"Purchase"}} 
[2026-02-09 10:51:34] testing.INFO: ConversionApiService - facebook conversion API call successful {"eventType":"Purchase","platform":"facebook","quoteTypeId":25,"endpoint":"/api/v1-trigger-facebook-event-conversion","response":{"stdClass":{"success":true}}} 
[2026-02-09 10:51:34] testing.INFO: ConversionApiService - facebook conversion API call successful {"eventType":"Purchase","platform":"facebook","quoteTypeId":25,"endpoint":"/api/v1-trigger-facebook-event-conversion","response":{"stdClass":{"success":true}}} 
[2026-02-09 10:51:34] testing.INFO: ConversionApiService - Calling facebook conversion API {"trace_id":"e964e837-ee70-418b-87d6-7a3d47f98f0b","is_console_command":true,"eventType":"Purchase","platform":"facebook","quoteTypeId":15,"endpoint":"/api/v1-trigger-facebook-event-conversion","payload":{"quoteUID":"TEST-UUID-123","quoteTypeId":15,"eventType":"Purchase"}} 
[2026-02-09 10:51:34] testing.INFO: ConversionApiService - Calling facebook conversion API {"trace_id":"e964e837-ee70-418b-87d6-7a3d47f98f0b","is_console_command":true,"eventType":"Purchase","platform":"facebook","quoteTypeId":15,"endpoint":"/api/v1-trigger-facebook-event-conversion","payload":{"quoteUID":"TEST-UUID-123","quoteTypeId":15,"eventType":"Purchase"}} 
[2026-02-09 10:51:34] testing.INFO: ConversionApiService - facebook conversion API call successful {"trace_id":"e964e837-ee70-418b-87d6-7a3d47f98f0b","is_console_command":true,"eventType":"Purchase","platform":"facebook","quoteTypeId":15,"endpoint":"/api/v1-trigger-facebook-event-conversion","response":{"stdClass":{"success":true}}} 
[2026-02-09 10:51:34] testing.INFO: ConversionApiService - facebook conversion API call successful {"trace_id":"e964e837-ee70-418b-87d6-7a3d47f98f0b","is_console_command":true,"eventType":"Purchase","platform":"facebook","quoteTypeId":15,"endpoint":"/api/v1-trigger-facebook-event-conversion","response":{"stdClass":{"success":true}}} 
[2026-02-09 10:51:34] testing.INFO: ConversionApiService - Calling google conversion API {"eventType":"Purchase","platform":"google","quoteTypeId":15,"endpoint":"/api/v1-trigger-google-event-conversion","payload":{"quoteUID":"TEST-UUID-123","quoteTypeId":15,"eventType":"Purchase"}} 
[2026-02-09 10:51:34] testing.INFO: ConversionApiService - Calling google conversion API {"eventType":"Purchase","platform":"google","quoteTypeId":15,"endpoint":"/api/v1-trigger-google-event-conversion","payload":{"quoteUID":"TEST-UUID-123","quoteTypeId":15,"eventType":"Purchase"}} 
[2026-02-09 10:51:34] testing.INFO: ConversionApiService - google conversion API call successful {"eventType":"Purchase","platform":"google","quoteTypeId":15,"endpoint":"/api/v1-trigger-google-event-conversion","response":{"stdClass":{"success":true}}} 
[2026-02-09 10:51:34] testing.INFO: ConversionApiService - google conversion API call successful {"eventType":"Purchase","platform":"google","quoteTypeId":15,"endpoint":"/api/v1-trigger-google-event-conversion","response":{"stdClass":{"success":true}}} 
[2026-02-09 10:51:36] testing.WARNING: MetLife Auth: Integration disabled {"trace_id":"01704e36-2d01-4516-beba-7c660e5acbb3","is_console_command":true} 
[2026-02-09 10:51:36] testing.WARNING: MetLife Auth: Integration disabled {"trace_id":"01704e36-2d01-4516-beba-7c660e5acbb3","is_console_command":true} 
[2026-02-09 10:51:36] testing.WARNING: MetLife Auth: Unable to establish valid session {"trace_id":"01704e36-2d01-4516-beba-7c660e5acbb3","is_console_command":true} 
[2026-02-09 10:51:36] testing.WARNING: MetLife Auth: Unable to establish valid session {"trace_id":"01704e36-2d01-4516-beba-7c660e5acbb3","is_console_command":true} 
[2026-02-09 10:51:36] testing.WARNING: MetLife upload failed {"trace_id":"01704e36-2d01-4516-beba-7c660e5acbb3","is_console_command":true} 
[2026-02-09 10:51:36] testing.WARNING: MetLife upload failed {"trace_id":"01704e36-2d01-4516-beba-7c660e5acbb3","is_console_command":true,"extra":"{\"policy_number\":\"POL123\",\"quote_uuid\":\"QUOTE456\",\"error\":\"Upload failed\"}"} 
[2026-02-09 10:51:36] testing.WARNING: MetLife Auth: Integration disabled {"trace_id":"b2b2e634-e07d-454e-a38f-e11c2dc543c8","is_console_command":true} 
[2026-02-09 10:51:36] testing.WARNING: MetLife Auth: Integration disabled {"trace_id":"b2b2e634-e07d-454e-a38f-e11c2dc543c8","is_console_command":true} 
[2026-02-09 10:51:36] testing.WARNING: MetLife Auth: Unable to establish valid session {"trace_id":"b2b2e634-e07d-454e-a38f-e11c2dc543c8","is_console_command":true} 
[2026-02-09 10:51:36] testing.WARNING: MetLife Auth: Unable to establish valid session {"trace_id":"b2b2e634-e07d-454e-a38f-e11c2dc543c8","is_console_command":true} 
[2026-02-09 10:51:36] testing.WARNING: MetLife upload failed {"trace_id":"b2b2e634-e07d-454e-a38f-e11c2dc543c8","is_console_command":true} 
[2026-02-09 10:51:36] testing.WARNING: MetLife upload failed {"trace_id":"b2b2e634-e07d-454e-a38f-e11c2dc543c8","is_console_command":true,"extra":"{\"policy_number\":\"   \",\"quote_uuid\":null,\"error\":\"Upload failed\"}"} 
[2026-02-09 10:51:36] testing.WARNING: MetLife Auth: Integration disabled {"trace_id":"be9f6d55-a5a5-4355-97e9-6a4532eedf2d","is_console_command":true} 
[2026-02-09 10:51:36] testing.WARNING: MetLife Auth: Integration disabled {"trace_id":"be9f6d55-a5a5-4355-97e9-6a4532eedf2d","is_console_command":true} 
[2026-02-09 10:51:36] testing.WARNING: MetLife Auth: Unable to establish valid session {"trace_id":"be9f6d55-a5a5-4355-97e9-6a4532eedf2d","is_console_command":true} 
[2026-02-09 10:51:36] testing.WARNING: MetLife Auth: Unable to establish valid session {"trace_id":"be9f6d55-a5a5-4355-97e9-6a4532eedf2d","is_console_command":true} 
[2026-02-09 10:51:36] testing.WARNING: MetLife upload failed {"trace_id":"be9f6d55-a5a5-4355-97e9-6a4532eedf2d","is_console_command":true} 
[2026-02-09 10:51:36] testing.WARNING: MetLife upload failed {"trace_id":"be9f6d55-a5a5-4355-97e9-6a4532eedf2d","is_console_command":true,"extra":"{\"policy_number\":\"POL123\",\"quote_uuid\":null,\"error\":\"Upload failed\"}"} 
[2026-02-09 10:51:36] testing.WARNING: MetLife Auth: Integration disabled {"trace_id":"f77a55f8-8db7-4615-a038-112fa712f5ca","is_console_command":true} 
[2026-02-09 10:51:36] testing.WARNING: MetLife Auth: Integration disabled {"trace_id":"f77a55f8-8db7-4615-a038-112fa712f5ca","is_console_command":true} 
[2026-02-09 10:51:36] testing.WARNING: MetLife Auth: Unable to establish valid session {"trace_id":"f77a55f8-8db7-4615-a038-112fa712f5ca","is_console_command":true} 
[2026-02-09 10:51:36] testing.WARNING: MetLife Auth: Unable to establish valid session {"trace_id":"f77a55f8-8db7-4615-a038-112fa712f5ca","is_console_command":true} 
[2026-02-09 10:51:36] testing.WARNING: MetLife upload failed {"trace_id":"f77a55f8-8db7-4615-a038-112fa712f5ca","is_console_command":true} 
[2026-02-09 10:51:36] testing.WARNING: MetLife upload failed {"trace_id":"f77a55f8-8db7-4615-a038-112fa712f5ca","is_console_command":true,"extra":"{\"policy_number\":\"POL123\",\"quote_uuid\":null,\"error\":\"Upload failed\"}"} 
[2026-02-09 10:51:36] testing.WARNING: MetLife Auth: Integration disabled {"trace_id":"23d7f860-e0ab-4d87-bdfb-e5e1c6b3abf1","is_console_command":true} 
[2026-02-09 10:51:36] testing.WARNING: MetLife Auth: Integration disabled {"trace_id":"23d7f860-e0ab-4d87-bdfb-e5e1c6b3abf1","is_console_command":true} 
[2026-02-09 10:51:36] testing.WARNING: MetLife Auth: Unable to establish valid session {"trace_id":"23d7f860-e0ab-4d87-bdfb-e5e1c6b3abf1","is_console_command":true} 
[2026-02-09 10:51:36] testing.WARNING: MetLife Auth: Unable to establish valid session {"trace_id":"23d7f860-e0ab-4d87-bdfb-e5e1c6b3abf1","is_console_command":true} 
[2026-02-09 10:51:36] testing.WARNING: MetLife upload failed {"trace_id":"23d7f860-e0ab-4d87-bdfb-e5e1c6b3abf1","is_console_command":true} 
[2026-02-09 10:51:36] testing.WARNING: MetLife upload failed {"trace_id":"23d7f860-e0ab-4d87-bdfb-e5e1c6b3abf1","is_console_command":true,"extra":"{\"policy_number\":\"POL123\",\"quote_uuid\":null,\"error\":\"Upload failed\"}"} 
[2026-02-09 10:51:36] testing.WARNING: MetLife Auth: Integration disabled {"trace_id":"b787411a-4ee2-4ad7-9a3e-aa22e91fcee2","is_console_command":true} 
[2026-02-09 10:51:36] testing.WARNING: MetLife Auth: Integration disabled {"trace_id":"b787411a-4ee2-4ad7-9a3e-aa22e91fcee2","is_console_command":true} 
[2026-02-09 10:51:36] testing.WARNING: MetLife Auth: Unable to establish valid session {"trace_id":"b787411a-4ee2-4ad7-9a3e-aa22e91fcee2","is_console_command":true} 
[2026-02-09 10:51:36] testing.WARNING: MetLife Auth: Unable to establish valid session {"trace_id":"b787411a-4ee2-4ad7-9a3e-aa22e91fcee2","is_console_command":true} 
[2026-02-09 10:51:36] testing.WARNING: MetLife upload failed {"trace_id":"b787411a-4ee2-4ad7-9a3e-aa22e91fcee2","is_console_command":true} 
[2026-02-09 10:51:36] testing.WARNING: MetLife upload failed {"trace_id":"b787411a-4ee2-4ad7-9a3e-aa22e91fcee2","is_console_command":true,"extra":"{\"policy_number\":\"POL123\",\"quote_uuid\":null,\"error\":\"Upload failed\"}"} 
[2026-02-09 10:51:36] testing.WARNING: MetLife Auth: Integration disabled {"trace_id":"b787411a-4ee2-4ad7-9a3e-aa22e91fcee2","is_console_command":true} 
[2026-02-09 10:51:36] testing.WARNING: MetLife Auth: Integration disabled {"trace_id":"b787411a-4ee2-4ad7-9a3e-aa22e91fcee2","is_console_command":true} 
[2026-02-09 10:51:36] testing.WARNING: MetLife Auth: Unable to establish valid session {"trace_id":"b787411a-4ee2-4ad7-9a3e-aa22e91fcee2","is_console_command":true} 
[2026-02-09 10:51:36] testing.WARNING: MetLife Auth: Unable to establish valid session {"trace_id":"b787411a-4ee2-4ad7-9a3e-aa22e91fcee2","is_console_command":true} 
[2026-02-09 10:51:36] testing.WARNING: MetLife upload failed {"trace_id":"b787411a-4ee2-4ad7-9a3e-aa22e91fcee2","is_console_command":true} 
[2026-02-09 10:51:36] testing.WARNING: MetLife upload failed {"trace_id":"b787411a-4ee2-4ad7-9a3e-aa22e91fcee2","is_console_command":true,"extra":"{\"policy_number\":\"POL123\",\"quote_uuid\":null,\"error\":\"Upload failed\"}"} 
[2026-02-09 10:51:36] testing.WARNING: MetLife Auth: Integration disabled {"trace_id":"b787411a-4ee2-4ad7-9a3e-aa22e91fcee2","is_console_command":true} 
[2026-02-09 10:51:36] testing.WARNING: MetLife Auth: Integration disabled {"trace_id":"b787411a-4ee2-4ad7-9a3e-aa22e91fcee2","is_console_command":true} 
[2026-02-09 10:51:36] testing.WARNING: MetLife Auth: Unable to establish valid session {"trace_id":"b787411a-4ee2-4ad7-9a3e-aa22e91fcee2","is_console_command":true} 
[2026-02-09 10:51:36] testing.WARNING: MetLife Auth: Unable to establish valid session {"trace_id":"b787411a-4ee2-4ad7-9a3e-aa22e91fcee2","is_console_command":true} 
[2026-02-09 10:51:36] testing.WARNING: MetLife upload failed {"trace_id":"b787411a-4ee2-4ad7-9a3e-aa22e91fcee2","is_console_command":true} 
[2026-02-09 10:51:36] testing.WARNING: MetLife upload failed {"trace_id":"b787411a-4ee2-4ad7-9a3e-aa22e91fcee2","is_console_command":true,"extra":"{\"policy_number\":\"POL123\",\"quote_uuid\":null,\"error\":\"Upload failed\"}"} 
[2026-02-09 10:51:36] testing.WARNING: MetLife Auth: Integration disabled {"trace_id":"b787411a-4ee2-4ad7-9a3e-aa22e91fcee2","is_console_command":true} 
[2026-02-09 10:51:36] testing.WARNING: MetLife Auth: Integration disabled {"trace_id":"b787411a-4ee2-4ad7-9a3e-aa22e91fcee2","is_console_command":true} 
[2026-02-09 10:51:36] testing.WARNING: MetLife Auth: Unable to establish valid session {"trace_id":"b787411a-4ee2-4ad7-9a3e-aa22e91fcee2","is_console_command":true} 
[2026-02-09 10:51:36] testing.WARNING: MetLife Auth: Unable to establish valid session {"trace_id":"b787411a-4ee2-4ad7-9a3e-aa22e91fcee2","is_console_command":true} 
[2026-02-09 10:51:36] testing.WARNING: MetLife upload failed {"trace_id":"b787411a-4ee2-4ad7-9a3e-aa22e91fcee2","is_console_command":true} 
[2026-02-09 10:51:36] testing.WARNING: MetLife upload failed {"trace_id":"b787411a-4ee2-4ad7-9a3e-aa22e91fcee2","is_console_command":true,"extra":"{\"policy_number\":\"POL123\",\"quote_uuid\":null,\"error\":\"Upload failed\"}"} 
[2026-02-09 10:51:36] testing.WARNING: MetLife Auth: Integration disabled {"trace_id":"b787411a-4ee2-4ad7-9a3e-aa22e91fcee2","is_console_command":true} 
[2026-02-09 10:51:36] testing.WARNING: MetLife Auth: Integration disabled {"trace_id":"b787411a-4ee2-4ad7-9a3e-aa22e91fcee2","is_console_command":true} 
[2026-02-09 10:51:36] testing.WARNING: MetLife Auth: Unable to establish valid session {"trace_id":"b787411a-4ee2-4ad7-9a3e-aa22e91fcee2","is_console_command":true} 
[2026-02-09 10:51:36] testing.WARNING: MetLife Auth: Unable to establish valid session {"trace_id":"b787411a-4ee2-4ad7-9a3e-aa22e91fcee2","is_console_command":true} 
[2026-02-09 10:51:36] testing.WARNING: MetLife upload failed {"trace_id":"b787411a-4ee2-4ad7-9a3e-aa22e91fcee2","is_console_command":true} 
[2026-02-09 10:51:36] testing.WARNING: MetLife upload failed {"trace_id":"b787411a-4ee2-4ad7-9a3e-aa22e91fcee2","is_console_command":true,"extra":"{\"policy_number\":\"POL123\",\"quote_uuid\":null,\"error\":\"Upload failed\"}"} 
[2026-02-09 10:51:36] testing.WARNING: MetLife Auth: Integration disabled {"trace_id":"53e2d169-6678-4284-8180-418ea07f0eab","is_console_command":true} 
[2026-02-09 10:51:36] testing.WARNING: MetLife Auth: Integration disabled {"trace_id":"53e2d169-6678-4284-8180-418ea07f0eab","is_console_command":true} 
[2026-02-09 10:51:36] testing.WARNING: MetLife Auth: Unable to establish valid session {"trace_id":"53e2d169-6678-4284-8180-418ea07f0eab","is_console_command":true} 
[2026-02-09 10:51:36] testing.WARNING: MetLife Auth: Unable to establish valid session {"trace_id":"53e2d169-6678-4284-8180-418ea07f0eab","is_console_command":true} 
[2026-02-09 10:51:36] testing.WARNING: MetLife upload failed {"trace_id":"53e2d169-6678-4284-8180-418ea07f0eab","is_console_command":true} 
[2026-02-09 10:51:36] testing.WARNING: MetLife upload failed {"trace_id":"53e2d169-6678-4284-8180-418ea07f0eab","is_console_command":true,"extra":"{\"policy_number\":\"POL-123\",\"quote_uuid\":null,\"error\":\"Upload failed\"}"} 
[2026-02-09 10:51:36] testing.WARNING: MetLife Auth: Integration disabled {"trace_id":"53e2d169-6678-4284-8180-418ea07f0eab","is_console_command":true} 
[2026-02-09 10:51:36] testing.WARNING: MetLife Auth: Integration disabled {"trace_id":"53e2d169-6678-4284-8180-418ea07f0eab","is_console_command":true} 
[2026-02-09 10:51:36] testing.WARNING: MetLife Auth: Unable to establish valid session {"trace_id":"53e2d169-6678-4284-8180-418ea07f0eab","is_console_command":true} 
[2026-02-09 10:51:36] testing.WARNING: MetLife Auth: Unable to establish valid session {"trace_id":"53e2d169-6678-4284-8180-418ea07f0eab","is_console_command":true} 
[2026-02-09 10:51:36] testing.WARNING: MetLife upload failed {"trace_id":"53e2d169-6678-4284-8180-418ea07f0eab","is_console_command":true} 
[2026-02-09 10:51:36] testing.WARNING: MetLife upload failed {"trace_id":"53e2d169-6678-4284-8180-418ea07f0eab","is_console_command":true,"extra":"{\"policy_number\":\"POL_123\",\"quote_uuid\":null,\"error\":\"Upload failed\"}"} 
[2026-02-09 10:51:36] testing.WARNING: MetLife Auth: Integration disabled {"trace_id":"53e2d169-6678-4284-8180-418ea07f0eab","is_console_command":true} 
[2026-02-09 10:51:36] testing.WARNING: MetLife Auth: Integration disabled {"trace_id":"53e2d169-6678-4284-8180-418ea07f0eab","is_console_command":true} 
[2026-02-09 10:51:36] testing.WARNING: MetLife Auth: Unable to establish valid session {"trace_id":"53e2d169-6678-4284-8180-418ea07f0eab","is_console_command":true} 
[2026-02-09 10:51:36] testing.WARNING: MetLife Auth: Unable to establish valid session {"trace_id":"53e2d169-6678-4284-8180-418ea07f0eab","is_console_command":true} 
[2026-02-09 10:51:36] testing.WARNING: MetLife upload failed {"trace_id":"53e2d169-6678-4284-8180-418ea07f0eab","is_console_command":true} 
[2026-02-09 10:51:36] testing.WARNING: MetLife upload failed {"trace_id":"53e2d169-6678-4284-8180-418ea07f0eab","is_console_command":true,"extra":"{\"policy_number\":\"POL.123\",\"quote_uuid\":null,\"error\":\"Upload failed\"}"} 
[2026-02-09 10:51:36] testing.WARNING: MetLife Auth: Integration disabled {"trace_id":"53e2d169-6678-4284-8180-418ea07f0eab","is_console_command":true} 
[2026-02-09 10:51:36] testing.WARNING: MetLife Auth: Integration disabled {"trace_id":"53e2d169-6678-4284-8180-418ea07f0eab","is_console_command":true} 
[2026-02-09 10:51:36] testing.WARNING: MetLife Auth: Unable to establish valid session {"trace_id":"53e2d169-6678-4284-8180-418ea07f0eab","is_console_command":true} 
[2026-02-09 10:51:36] testing.WARNING: MetLife Auth: Unable to establish valid session {"trace_id":"53e2d169-6678-4284-8180-418ea07f0eab","is_console_command":true} 
[2026-02-09 10:51:36] testing.WARNING: MetLife upload failed {"trace_id":"53e2d169-6678-4284-8180-418ea07f0eab","is_console_command":true} 
[2026-02-09 10:51:36] testing.WARNING: MetLife upload failed {"trace_id":"53e2d169-6678-4284-8180-418ea07f0eab","is_console_command":true,"extra":"{\"policy_number\":\"POL 123\",\"quote_uuid\":null,\"error\":\"Upload failed\"}"} 
[2026-02-09 10:51:36] testing.WARNING: MetLife Auth: Integration disabled {"trace_id":"53e2d169-6678-4284-8180-418ea07f0eab","is_console_command":true} 
[2026-02-09 10:51:36] testing.WARNING: MetLife Auth: Integration disabled {"trace_id":"53e2d169-6678-4284-8180-418ea07f0eab","is_console_command":true} 
[2026-02-09 10:51:36] testing.WARNING: MetLife Auth: Unable to establish valid session {"trace_id":"53e2d169-6678-4284-8180-418ea07f0eab","is_console_command":true} 
[2026-02-09 10:51:36] testing.WARNING: MetLife Auth: Unable to establish valid session {"trace_id":"53e2d169-6678-4284-8180-418ea07f0eab","is_console_command":true} 
[2026-02-09 10:51:36] testing.WARNING: MetLife upload failed {"trace_id":"53e2d169-6678-4284-8180-418ea07f0eab","is_console_command":true} 
[2026-02-09 10:51:36] testing.WARNING: MetLife upload failed {"trace_id":"53e2d169-6678-4284-8180-418ea07f0eab","is_console_command":true,"extra":"{\"policy_number\":\"POL123-ABC\",\"quote_uuid\":null,\"error\":\"Upload failed\"}"} 
[2026-02-09 10:51:36] testing.WARNING: MetLife Auth: Integration disabled {"trace_id":"3e7f05a0-791f-4df2-814e-ca02686ed120","is_console_command":true} 
[2026-02-09 10:51:36] testing.WARNING: MetLife Auth: Integration disabled {"trace_id":"3e7f05a0-791f-4df2-814e-ca02686ed120","is_console_command":true} 
[2026-02-09 10:51:36] testing.WARNING: MetLife Auth: Unable to establish valid session {"trace_id":"3e7f05a0-791f-4df2-814e-ca02686ed120","is_console_command":true} 
[2026-02-09 10:51:36] testing.WARNING: MetLife Auth: Unable to establish valid session {"trace_id":"3e7f05a0-791f-4df2-814e-ca02686ed120","is_console_command":true} 
[2026-02-09 10:51:36] testing.WARNING: MetLife upload failed {"trace_id":"3e7f05a0-791f-4df2-814e-ca02686ed120","is_console_command":true} 
[2026-02-09 10:51:36] testing.WARNING: MetLife upload failed {"trace_id":"3e7f05a0-791f-4df2-814e-ca02686ed120","is_console_command":true,"extra":"{\"policy_number\":\"POL123\",\"quote_uuid\":null,\"error\":\"Upload failed\"}"} 
[2026-02-09 10:51:37] testing.WARNING: MetLife request failed {"trace_id":"2022c83e-5b7e-4c7a-bf34-87a33a76a720","is_console_command":true} 
[2026-02-09 10:51:37] testing.WARNING: MetLife request failed {"trace_id":"2022c83e-5b7e-4c7a-bf34-87a33a76a720","is_console_command":true,"extra":"{\"endpoint\":\"\\/test\",\"error\":\"Unsupported HTTP method: PUT\"}"} 
[2026-02-09 10:51:37] testing.WARNING: MetLife HTTP request failed {"trace_id":"4d1d5bff-9e08-40e0-97c6-2bd0c4e0cbca","is_console_command":true} 
[2026-02-09 10:51:37] testing.WARNING: MetLife HTTP request failed {"trace_id":"4d1d5bff-9e08-40e0-97c6-2bd0c4e0cbca","is_console_command":true,"extra":"{\"endpoint\":\"\\/test\",\"status_code\":404,\"error\":\"{\\\"error\\\":\\\"Not found\\\"}\"}"} 
[2026-02-09 10:51:37] testing.WARNING: MetLife request failed {"trace_id":"3b372d6a-8e78-4107-9413-9b6e830a150c","is_console_command":true} 
[2026-02-09 10:51:37] testing.WARNING: MetLife request failed {"trace_id":"3b372d6a-8e78-4107-9413-9b6e830a150c","is_console_command":true,"extra":"{\"endpoint\":\"\\/test\",\"error\":\"Network error\"}"} 
[2026-02-09 10:51:37] testing.WARNING: MetLife upload failed {"trace_id":"e6400de5-e9f4-4c2d-a295-981783976316","is_console_command":true} 
[2026-02-09 10:51:37] testing.WARNING: MetLife upload failed {"trace_id":"e6400de5-e9f4-4c2d-a295-981783976316","is_console_command":true,"extra":"{\"policy_number\":\"POL999\",\"quote_uuid\":null,\"error\":\"Upload failed\"}"} 
[2026-02-09 10:51:37] testing.WARNING: MetLife HTTP request failed {"trace_id":"55f1690d-9eef-49c4-8da1-9f63b2bb18e9","is_console_command":true} 
[2026-02-09 10:51:37] testing.WARNING: MetLife HTTP request failed {"trace_id":"55f1690d-9eef-49c4-8da1-9f63b2bb18e9","is_console_command":true,"extra":"{\"endpoint\":\"\\/test\\/endpoint\",\"status_code\":404,\"error\":\"{\\\"error\\\":\\\"Not found\\\"}\"}"} 
[2026-02-09 10:51:37] testing.WARNING: MetLife exception occurred {"trace_id":"4acc3cb8-67b4-4919-8b77-6c0d063edde5","is_console_command":true} 
[2026-02-09 10:51:37] testing.WARNING: MetLife exception occurred {"trace_id":"4acc3cb8-67b4-4919-8b77-6c0d063edde5","is_console_command":true,"extra":"{\"error\":\"Test error message\",\"file\":\"MetLifeResponseServiceTest.php\",\"line\":112}"} 
[2026-02-09 10:51:37] testing.WARNING: MetLife API - Test action failed {"trace_id":"ecd1b96a-bbdb-4aaa-9db2-91cb2ce955fb","is_console_command":true} 
[2026-02-09 10:51:37] testing.WARNING: MetLife API - Test action failed {"trace_id":"ecd1b96a-bbdb-4aaa-9db2-91cb2ce955fb","is_console_command":true,"extra":"{\"error\":\"Test error message\"}"} 
[2026-02-09 10:51:38] testing.WARNING: MetLife API - Test action failed {"trace_id":"b703241c-0e1f-4786-8f5f-b032cd8ea217","is_console_command":true} 
[2026-02-09 10:51:38] testing.WARNING: MetLife API - Test action failed {"trace_id":"b703241c-0e1f-4786-8f5f-b032cd8ea217","is_console_command":true,"extra":"{\"error\":\"Test error message\"}"} 
[2026-02-09 10:51:38] testing.WARNING: MetLife API - Test action failed {"trace_id":"4e587521-f6fa-49db-83db-9bbcb2ca99a5","is_console_command":true} 
[2026-02-09 10:51:38] testing.WARNING: MetLife API - Test action failed {"trace_id":"4e587521-f6fa-49db-83db-9bbcb2ca99a5","is_console_command":true,"extra":"{\"error\":\"Invalid argument\"}"} 
[2026-02-09 10:51:38] testing.WARNING: MetLife API -  failed {"trace_id":"1df6fc23-4b27-48c0-92b4-78a57a2cefe4","is_console_command":true} 
[2026-02-09 10:51:38] testing.WARNING: MetLife API -  failed {"trace_id":"1df6fc23-4b27-48c0-92b4-78a57a2cefe4","is_console_command":true,"extra":"{\"error\":\"Test error\"}"} 
[2026-02-09 10:51:38] testing.WARNING: MetLife API - Test@Action#123 failed {"trace_id":"89a10344-87cd-434d-ac7c-23ba36d068c6","is_console_command":true} 
[2026-02-09 10:51:38] testing.WARNING: MetLife API - Test@Action#123 failed {"trace_id":"89a10344-87cd-434d-ac7c-23ba36d068c6","is_console_command":true,"extra":"{\"error\":\"Test error\"}"} 
[2026-02-09 10:51:39] testing.ERROR: Failed to format date {"trace_id":"e976462d-d088-472e-9870-f13da704cdef","is_console_command":true,"exception":{"message":"Could not parse 'invalid-date': Failed to parse time string (invalid-date) at position 0 (i): The timezone could not be found in the database","trace":"#0 /home/runner/work/blanka/blanka/vendor/nesbot/carbon/src/Carbon/Traits/Creator.php(214): Carbon\\Carbon::rawParse()
#1 /home/runner/work/blanka/blanka/app/Services/OCR/OcrUtils.php(58): Carbon\\Carbon::parse()
#2 /home/runner/work/blanka/blanka/app/Services/OCR/EmiratesId/DriverEmiratesIdExtractor.php(45): App\\Services\\OCR\\EmiratesId\\DriverEmiratesIdExtractor->formatDate()
#3 /home/runner/work/blanka/blanka/tests/Unit/Services/OCR/EmiratesId/DriverEmiratesIdExtractorTest.php(131): App\\Services\\OCR\\EmiratesId\\DriverEmiratesIdExtractor->extractDriverEmiratesIdData()
#4 /home/runner/work/blanka/blanka/vendor/pestphp/pest/src/Factories/TestCaseMethodFactory.php(168): P\\Tests\\Unit\\Services\\OCR\\EmiratesId\\DriverEmiratesIdExtractorTest->{closure:{closure:/home/runner/work/blanka/blanka/tests/Unit/Services/OCR/EmiratesId/DriverEmiratesIdExtractorTest.php:7}:125}()
#5 [internal function]: P\\Tests\\Unit\\Services\\OCR\\EmiratesId\\DriverEmiratesIdExtractorTest->{closure:Pest\\Factories\\TestCaseMethodFactory::getClosure():158}()
#6 /home/runner/work/blanka/blanka/vendor/pestphp/pest/src/Concerns/Testable.php(419): call_user_func_array()
#7 /home/runner/work/blanka/blanka/vendor/pestphp/pest/src/Support/ExceptionTrace.php(26): P\\Tests\\Unit\\Services\\OCR\\EmiratesId\\DriverEmiratesIdExtractorTest->{closure:Pest\\Concerns\\Testable::__callClosure():419}()
#8 /home/runner/work/blanka/blanka/vendor/pestphp/pest/src/Concerns/Testable.php(419): Pest\\Support\\ExceptionTrace::ensure()
#9 /home/runner/work/blanka/blanka/vendor/pestphp/pest/src/Concerns/Testable.php(321): P\\Tests\\Unit\\Services\\OCR\\EmiratesId\\DriverEmiratesIdExtractorTest->__callClosure()
#10 /home/runner/work/blanka/blanka/vendor/pestphp/pest/src/Factories/TestCaseFactory.php(169) : eval()'d code(71): P\\Tests\\Unit\\Services\\OCR\\EmiratesId\\DriverEmiratesIdExtractorTest->__runTest()
#11 /home/runner/work/blanka/blanka/vendor/phpunit/phpunit/src/Framework/TestCase.php(1656): P\\Tests\\Unit\\Services\\OCR\\EmiratesId\\DriverEmiratesIdExtractorTest->__pest_evaluable__DriverEmiratesIdExtractor__→_handles_malformed_date_gracefully()
#12 /home/runner/work/blanka/blanka/vendor/phpunit/phpunit/src/Framework/TestCase.php(514): PHPUnit\\Framework\\TestCase->runTest()
#13 /home/runner/work/blanka/blanka/vendor/phpunit/phpunit/src/Framework/TestRunner/TestRunner.php(87): PHPUnit\\Framework\\TestCase->runBare()
#14 /home/runner/work/blanka/blanka/vendor/phpunit/phpunit/src/Framework/TestCase.php(361): PHPUnit\\Framework\\TestRunner->run()
#15 /home/runner/work/blanka/blanka/vendor/phpunit/phpunit/src/Framework/TestSuite.php(369): PHPUnit\\Framework\\TestCase->run()
#16 /home/runner/work/blanka/blanka/vendor/phpunit/phpunit/src/Framework/TestSuite.php(369): PHPUnit\\Framework\\TestSuite->run()
#17 /home/runner/work/blanka/blanka/vendor/phpunit/phpunit/src/Framework/TestSuite.php(369): PHPUnit\\Framework\\TestSuite->run()
#18 /home/runner/work/blanka/blanka/vendor/phpunit/phpunit/src/TextUI/TestRunner.php(64): PHPUnit\\Framework\\TestSuite->run()
#19 /home/runner/work/blanka/blanka/vendor/phpunit/phpunit/src/TextUI/Application.php(211): PHPUnit\\TextUI\\TestRunner->run()
#20 /home/runner/work/blanka/blanka/vendor/pestphp/pest/src/Kernel.php(103): PHPUnit\\TextUI\\Application->run()
#21 /home/runner/work/blanka/blanka/vendor/pestphp/pest/bin/pest(184): Pest\\Kernel->handle()
#22 /home/runner/work/blanka/blanka/vendor/pestphp/pest/bin/pest(192): {closure:/home/runner/work/blanka/blanka/vendor/pestphp/pest/bin/pest:18}()
#23 /home/runner/work/blanka/blanka/vendor/bin/pest(119): include('...')
#24 {main}","code":0}} 
[2026-02-09 10:51:39] testing.ERROR: Failed to format date {"trace_id":"e976462d-d088-472e-9870-f13da704cdef","is_console_command":true,"exception":{"message":"Could not parse 'invalid-date': Failed to parse time string (invalid-date) at position 0 (i): The timezone could not be found in the database","trace":"#0 /home/runner/work/blanka/blanka/vendor/nesbot/carbon/src/Carbon/Traits/Creator.php(214): Carbon\\Carbon::rawParse()
#1 /home/runner/work/blanka/blanka/app/Services/OCR/OcrUtils.php(58): Carbon\\Carbon::parse()
#2 /home/runner/work/blanka/blanka/app/Services/OCR/EmiratesId/DriverEmiratesIdExtractor.php(45): App\\Services\\OCR\\EmiratesId\\DriverEmiratesIdExtractor->formatDate()
#3 /home/runner/work/blanka/blanka/tests/Unit/Services/OCR/EmiratesId/DriverEmiratesIdExtractorTest.php(131): App\\Services\\OCR\\EmiratesId\\DriverEmiratesIdExtractor->extractDriverEmiratesIdData()
#4 /home/runner/work/blanka/blanka/vendor/pestphp/pest/src/Factories/TestCaseMethodFactory.php(168): P\\Tests\\Unit\\Services\\OCR\\EmiratesId\\DriverEmiratesIdExtractorTest->{closure:{closure:/home/runner/work/blanka/blanka/tests/Unit/Services/OCR/EmiratesId/DriverEmiratesIdExtractorTest.php:7}:125}()
#5 [internal function]: P\\Tests\\Unit\\Services\\OCR\\EmiratesId\\DriverEmiratesIdExtractorTest->{closure:Pest\\Factories\\TestCaseMethodFactory::getClosure():158}()
#6 /home/runner/work/blanka/blanka/vendor/pestphp/pest/src/Concerns/Testable.php(419): call_user_func_array()
#7 /home/runner/work/blanka/blanka/vendor/pestphp/pest/src/Support/ExceptionTrace.php(26): P\\Tests\\Unit\\Services\\OCR\\EmiratesId\\DriverEmiratesIdExtractorTest->{closure:Pest\\Concerns\\Testable::__callClosure():419}()
#8 /home/runner/work/blanka/blanka/vendor/pestphp/pest/src/Concerns/Testable.php(419): Pest\\Support\\ExceptionTrace::ensure()
#9 /home/runner/work/blanka/blanka/vendor/pestphp/pest/src/Concerns/Testable.php(321): P\\Tests\\Unit\\Services\\OCR\\EmiratesId\\DriverEmiratesIdExtractorTest->__callClosure()
#10 /home/runner/work/blanka/blanka/vendor/pestphp/pest/src/Factories/TestCaseFactory.php(169) : eval()'d code(71): P\\Tests\\Unit\\Services\\OCR\\EmiratesId\\DriverEmiratesIdExtractorTest->__runTest()
#11 /home/runner/work/blanka/blanka/vendor/phpunit/phpunit/src/Framework/TestCase.php(1656): P\\Tests\\Unit\\Services\\OCR\\EmiratesId\\DriverEmiratesIdExtractorTest->__pest_evaluable__DriverEmiratesIdExtractor__→_handles_malformed_date_gracefully()
#12 /home/runner/work/blanka/blanka/vendor/phpunit/phpunit/src/Framework/TestCase.php(514): PHPUnit\\Framework\\TestCase->runTest()
#13 /home/runner/work/blanka/blanka/vendor/phpunit/phpunit/src/Framework/TestRunner/TestRunner.php(87): PHPUnit\\Framework\\TestCase->runBare()
#14 /home/runner/work/blanka/blanka/vendor/phpunit/phpunit/src/Framework/TestCase.php(361): PHPUnit\\Framework\\TestRunner->run()
#15 /home/runner/work/blanka/blanka/vendor/phpunit/phpunit/src/Framework/TestSuite.php(369): PHPUnit\\Framework\\TestCase->run()
#16 /home/runner/work/blanka/blanka/vendor/phpunit/phpunit/src/Framework/TestSuite.php(369): PHPUnit\\Framework\\TestSuite->run()
#17 /home/runner/work/blanka/blanka/vendor/phpunit/phpunit/src/Framework/TestSuite.php(369): PHPUnit\\Framework\\TestSuite->run()
#18 /home/runner/work/blanka/blanka/vendor/phpunit/phpunit/src/TextUI/TestRunner.php(64): PHPUnit\\Framework\\TestSuite->run()
#19 /home/runner/work/blanka/blanka/vendor/phpunit/phpunit/src/TextUI/Application.php(211): PHPUnit\\TextUI\\TestRunner->run()
#20 /home/runner/work/blanka/blanka/vendor/pestphp/pest/src/Kernel.php(103): PHPUnit\\TextUI\\Application->run()
#21 /home/runner/work/blanka/blanka/vendor/pestphp/pest/bin/pest(184): Pest\\Kernel->handle()
#22 /home/runner/work/blanka/blanka/vendor/pestphp/pest/bin/pest(192): {closure:/home/runner/work/blanka/blanka/vendor/pestphp/pest/bin/pest:18}()
#23 /home/runner/work/blanka/blanka/vendor/bin/pest(119): include('...')
#24 {main}","code":0}} 
[2026-02-09 10:51:39] testing.INFO: isGenesisLead - isGigPlan: true {"trace_id":"53a4fb8f-0223-45f8-9511-db58edded2d3","is_console_command":true} 
[2026-02-09 10:51:39] testing.INFO: isGenesisLead - isGigPlan: true {"trace_id":"53a4fb8f-0223-45f8-9511-db58edded2d3","is_console_command":true} 
[2026-02-09 10:51:39] testing.INFO: fn: isGenesisLead - status: 1 {"trace_id":"53a4fb8f-0223-45f8-9511-db58edded2d3","is_console_command":true} 
[2026-02-09 10:51:39] testing.INFO: fn: isGenesisLead - status: 1 {"trace_id":"53a4fb8f-0223-45f8-9511-db58edded2d3","is_console_command":true} 
[2026-02-09 10:51:39] testing.INFO: isGenesisLead - isGigPlan: false {"trace_id":"84328e4a-0c44-4e32-abdb-bf63ecc6a110","is_console_command":true} 
[2026-02-09 10:51:39] testing.INFO: isGenesisLead - isGigPlan: false {"trace_id":"84328e4a-0c44-4e32-abdb-bf63ecc6a110","is_console_command":true} 
[2026-02-09 10:51:39] testing.INFO: fn: isGenesisLead - status:  {"trace_id":"84328e4a-0c44-4e32-abdb-bf63ecc6a110","is_console_command":true} 
[2026-02-09 10:51:39] testing.INFO: fn: isGenesisLead - status:  {"trace_id":"84328e4a-0c44-4e32-abdb-bf63ecc6a110","is_console_command":true} 
[2026-02-09 10:51:39] testing.INFO: fn: isGenesisLead - status:  {"trace_id":"8b40232c-2c8e-46e2-ba59-8fa7dfe8f6be","is_console_command":true} 
[2026-02-09 10:51:39] testing.INFO: fn: isGenesisLead - status:  {"trace_id":"8b40232c-2c8e-46e2-ba59-8fa7dfe8f6be","is_console_command":true} 
[2026-02-09 10:51:39] testing.INFO: isGenesisLead - isGigPlan: true {"trace_id":"5eb8a0c3-9bf3-43fc-8dd0-dce12cfe1b53","is_console_command":true} 
[2026-02-09 10:51:39] testing.INFO: isGenesisLead - isGigPlan: true {"trace_id":"5eb8a0c3-9bf3-43fc-8dd0-dce12cfe1b53","is_console_command":true} 
[2026-02-09 10:51:39] testing.INFO: fn: isGenesisLead - status: 1 {"trace_id":"5eb8a0c3-9bf3-43fc-8dd0-dce12cfe1b53","is_console_command":true} 
[2026-02-09 10:51:39] testing.INFO: fn: isGenesisLead - status: 1 {"trace_id":"5eb8a0c3-9bf3-43fc-8dd0-dce12cfe1b53","is_console_command":true} 
[2026-02-09 10:51:44] testing.INFO: Payment:Observer - Starting VAT calculation for payment code: TEST-QUOTE-698984006c935 {"trace_id":"cf9ab057-9bba-4f26-894c-742f0ddfb931","is_console_command":true} 
[2026-02-09 10:51:44] testing.INFO: Payment:Observer - Starting VAT calculation for payment code: TEST-QUOTE-698984006c935 {"trace_id":"cf9ab057-9bba-4f26-894c-742f0ddfb931","is_console_command":true,"extra":"{\"total_price\":1000}"} 
[2026-02-09 10:51:44] testing.INFO: Payment:Observer - Personal quote detected for payment code: TEST-QUOTE-698984006c935 {"trace_id":"cf9ab057-9bba-4f26-894c-742f0ddfb931","is_console_command":true} 
[2026-02-09 10:51:44] testing.INFO: Payment:Observer - Personal quote detected for payment code: TEST-QUOTE-698984006c935 {"trace_id":"cf9ab057-9bba-4f26-894c-742f0ddfb931","is_console_command":true} 
[2026-02-09 10:51:44] testing.INFO: SplitPaymentService - No VAT value found in application storage payment code: TEST-QUOTE-698984006c935 {"trace_id":"cf9ab057-9bba-4f26-894c-742f0ddfb931","is_console_command":true} 
[2026-02-09 10:51:44] testing.INFO: SplitPaymentService - No VAT value found in application storage payment code: TEST-QUOTE-698984006c935 {"trace_id":"cf9ab057-9bba-4f26-894c-742f0ddfb931","is_console_command":true,"extra":"{\"masterTotalPrice\":1000}"} 
[2026-02-09 10:51:44] testing.INFO: Payment:Observer - VAT calculation completed for payment code: TEST-QUOTE-698984006c935 {"trace_id":"cf9ab057-9bba-4f26-894c-742f0ddfb931","is_console_command":true} 
[2026-02-09 10:51:44] testing.INFO: Payment:Observer - VAT calculation completed for payment code: TEST-QUOTE-698984006c935 {"trace_id":"cf9ab057-9bba-4f26-894c-742f0ddfb931","is_console_command":true,"extra":"{\"price_without_vat\":1000,\"vat\":0,\"total_price\":1000,\"model_type\":\"Car\",\"quote_id\":1,\"send_update_log_id\":null}"} 
[2026-02-09 10:51:44] testing.INFO: Payment:Observer complete - update VAT and Price  for payment code: TEST-QUOTE-698984006c935 {"trace_id":"cf9ab057-9bba-4f26-894c-742f0ddfb931","is_console_command":true} 
[2026-02-09 10:51:44] testing.INFO: Payment:Observer complete - update VAT and Price  for payment code: TEST-QUOTE-698984006c935 {"trace_id":"cf9ab057-9bba-4f26-894c-742f0ddfb931","is_console_command":true} 
[2026-02-09 10:51:44] testing.INFO: Payment Status Update - Starting {"trace_id":"cf9ab057-9bba-4f26-894c-742f0ddfb931","is_console_command":true} 
[2026-02-09 10:51:44] testing.INFO: Payment Status Update - Starting {"trace_id":"cf9ab057-9bba-4f26-894c-742f0ddfb931","is_console_command":true,"extra":"{\"quote_type\":\"Life\",\"quote_id\":\"55d5650a-930e-46e9-a006-a45f55819d1b\"}"} 
[2026-02-09 10:51:44] testing.INFO: Payment Status Update - Quote found and validated {"trace_id":"cf9ab057-9bba-4f26-894c-742f0ddfb931","is_console_command":true} 
[2026-02-09 10:51:44] testing.INFO: Payment Status Update - Quote found and validated {"trace_id":"cf9ab057-9bba-4f26-894c-742f0ddfb931","is_console_command":true,"extra":"{\"quote_type\":\"Life\",\"quote_id\":\"55d5650a-930e-46e9-a006-a45f55819d1b\",\"quote_uuid\":\"55d5650a-930e-46e9-a006-a45f55819d1b\",\"advisor_id\":2}"} 
[2026-02-09 10:51:44] testing.INFO: Payment Status Update - Triggering PaymentNotifications event {"trace_id":"cf9ab057-9bba-4f26-894c-742f0ddfb931","is_console_command":true} 
[2026-02-09 10:51:44] testing.INFO: Payment Status Update - Triggering PaymentNotifications event {"trace_id":"cf9ab057-9bba-4f26-894c-742f0ddfb931","is_console_command":true,"extra":"{\"quote_uuid\":\"55d5650a-930e-46e9-a006-a45f55819d1b\",\"url\":\"\\/personal-quotes\\/life\\/55d5650a-930e-46e9-a006-a45f55819d1b\",\"quote_type_code\":\"LIF\"}"} 
[2026-02-09 10:51:44] testing.INFO: Payment Status Update - Completed successfully {"trace_id":"cf9ab057-9bba-4f26-894c-742f0ddfb931","is_console_command":true} 
[2026-02-09 10:51:44] testing.INFO: Payment Status Update - Completed successfully {"trace_id":"cf9ab057-9bba-4f26-894c-742f0ddfb931","is_console_command":true,"extra":"{\"quote_uuid\":\"55d5650a-930e-46e9-a006-a45f55819d1b\"}"} 
[2026-02-09 10:51:44] testing.INFO: Payment:Observer - Starting VAT calculation for payment code: TEST-QUOTE-698984009184f {"trace_id":"c42ab172-83f7-4e69-b85d-08d3c4e19a67","is_console_command":true} 
[2026-02-09 10:51:44] testing.INFO: Payment:Observer - Starting VAT calculation for payment code: TEST-QUOTE-698984009184f {"trace_id":"c42ab172-83f7-4e69-b85d-08d3c4e19a67","is_console_command":true,"extra":"{\"total_price\":1000}"} 
[2026-02-09 10:51:44] testing.INFO: Payment:Observer - Personal quote detected for payment code: TEST-QUOTE-698984009184f {"trace_id":"c42ab172-83f7-4e69-b85d-08d3c4e19a67","is_console_command":true} 
[2026-02-09 10:51:44] testing.INFO: Payment:Observer - Personal quote detected for payment code: TEST-QUOTE-698984009184f {"trace_id":"c42ab172-83f7-4e69-b85d-08d3c4e19a67","is_console_command":true} 
[2026-02-09 10:51:44] testing.INFO: SplitPaymentService - No VAT value found in application storage payment code: TEST-QUOTE-698984009184f {"trace_id":"c42ab172-83f7-4e69-b85d-08d3c4e19a67","is_console_command":true} 
[2026-02-09 10:51:44] testing.INFO: SplitPaymentService - No VAT value found in application storage payment code: TEST-QUOTE-698984009184f {"trace_id":"c42ab172-83f7-4e69-b85d-08d3c4e19a67","is_console_command":true,"extra":"{\"masterTotalPrice\":1000}"} 
[2026-02-09 10:51:44] testing.INFO: Payment:Observer - VAT calculation completed for payment code: TEST-QUOTE-698984009184f {"trace_id":"c42ab172-83f7-4e69-b85d-08d3c4e19a67","is_console_command":true} 
[2026-02-09 10:51:44] testing.INFO: Payment:Observer - VAT calculation completed for payment code: TEST-QUOTE-698984009184f {"trace_id":"c42ab172-83f7-4e69-b85d-08d3c4e19a67","is_console_command":true,"extra":"{\"price_without_vat\":1000,\"vat\":0,\"total_price\":1000,\"model_type\":\"Car\",\"quote_id\":1,\"send_update_log_id\":null}"} 
[2026-02-09 10:51:44] testing.INFO: Payment:Observer complete - update VAT and Price  for payment code: TEST-QUOTE-698984009184f {"trace_id":"c42ab172-83f7-4e69-b85d-08d3c4e19a67","is_console_command":true} 
[2026-02-09 10:51:44] testing.INFO: Payment:Observer complete - update VAT and Price  for payment code: TEST-QUOTE-698984009184f {"trace_id":"c42ab172-83f7-4e69-b85d-08d3c4e19a67","is_console_command":true} 
[2026-02-09 10:51:44] testing.INFO: Payment Status Update - Starting {"trace_id":"c42ab172-83f7-4e69-b85d-08d3c4e19a67","is_console_command":true} 
[2026-02-09 10:51:44] testing.INFO: Payment Status Update - Starting {"trace_id":"c42ab172-83f7-4e69-b85d-08d3c4e19a67","is_console_command":true,"extra":"{\"quote_type\":\"Life\",\"quote_id\":\"fd060465-654e-42ce-944d-3a6f6c19a8a8\"}"} 
[2026-02-09 10:51:44] testing.INFO: Payment Status Update - Quote found and validated {"trace_id":"c42ab172-83f7-4e69-b85d-08d3c4e19a67","is_console_command":true} 
[2026-02-09 10:51:44] testing.INFO: Payment Status Update - Quote found and validated {"trace_id":"c42ab172-83f7-4e69-b85d-08d3c4e19a67","is_console_command":true,"extra":"{\"quote_type\":\"Life\",\"quote_id\":\"fd060465-654e-42ce-944d-3a6f6c19a8a8\",\"quote_uuid\":\"fd060465-654e-42ce-944d-3a6f6c19a8a8\",\"advisor_id\":2}"} 
[2026-02-09 10:51:44] testing.INFO: Payment Status Update - Triggering PaymentNotifications event {"trace_id":"c42ab172-83f7-4e69-b85d-08d3c4e19a67","is_console_command":true} 
[2026-02-09 10:51:44] testing.INFO: Payment Status Update - Triggering PaymentNotifications event {"trace_id":"c42ab172-83f7-4e69-b85d-08d3c4e19a67","is_console_command":true,"extra":"{\"quote_uuid\":\"fd060465-654e-42ce-944d-3a6f6c19a8a8\",\"url\":\"\\/personal-quotes\\/life\\/fd060465-654e-42ce-944d-3a6f6c19a8a8\",\"quote_type_code\":\"LIF\"}"} 
[2026-02-09 10:51:44] testing.INFO: Payment Status Update - Completed successfully {"trace_id":"c42ab172-83f7-4e69-b85d-08d3c4e19a67","is_console_command":true} 
[2026-02-09 10:51:44] testing.INFO: Payment Status Update - Completed successfully {"trace_id":"c42ab172-83f7-4e69-b85d-08d3c4e19a67","is_console_command":true,"extra":"{\"quote_uuid\":\"fd060465-654e-42ce-944d-3a6f6c19a8a8\"}"} 
[2026-02-09 10:51:44] testing.INFO: Payment:Observer - Starting VAT calculation for payment code: CAR-QUOTE-69898400b6c92 {"trace_id":"c64a9c67-c6ec-4ebe-b077-238fe9390125","is_console_command":true} 
[2026-02-09 10:51:44] testing.INFO: Payment:Observer - Starting VAT calculation for payment code: CAR-QUOTE-69898400b6c92 {"trace_id":"c64a9c67-c6ec-4ebe-b077-238fe9390125","is_console_command":true,"extra":"{\"total_price\":1000}"} 
[2026-02-09 10:51:44] testing.INFO: Payment:Observer - Other quote type detected for payment code: CAR-QUOTE-69898400b6c92 {"trace_id":"c64a9c67-c6ec-4ebe-b077-238fe9390125","is_console_command":true} 
[2026-02-09 10:51:44] testing.INFO: Payment:Observer - Other quote type detected for payment code: CAR-QUOTE-69898400b6c92 {"trace_id":"c64a9c67-c6ec-4ebe-b077-238fe9390125","is_console_command":true} 
[2026-02-09 10:51:44] testing.INFO: SplitPaymentService - No VAT value found in application storage payment code: CAR-QUOTE-69898400b6c92 {"trace_id":"c64a9c67-c6ec-4ebe-b077-238fe9390125","is_console_command":true} 
[2026-02-09 10:51:44] testing.INFO: SplitPaymentService - No VAT value found in application storage payment code: CAR-QUOTE-69898400b6c92 {"trace_id":"c64a9c67-c6ec-4ebe-b077-238fe9390125","is_console_command":true,"extra":"{\"masterTotalPrice\":1000}"} 
[2026-02-09 10:51:44] testing.INFO: Payment:Observer - VAT calculation completed for payment code: CAR-QUOTE-69898400b6c92 {"trace_id":"c64a9c67-c6ec-4ebe-b077-238fe9390125","is_console_command":true} 
[2026-02-09 10:51:44] testing.INFO: Payment:Observer - VAT calculation completed for payment code: CAR-QUOTE-69898400b6c92 {"trace_id":"c64a9c67-c6ec-4ebe-b077-238fe9390125","is_console_command":true,"extra":"{\"price_without_vat\":1000,\"vat\":0,\"total_price\":1000,\"model_type\":\"Car\",\"quote_id\":1,\"send_update_log_id\":null}"} 
[2026-02-09 10:51:44] testing.INFO: Payment:Observer complete - update VAT and Price  for payment code: CAR-QUOTE-69898400b6c92 {"trace_id":"c64a9c67-c6ec-4ebe-b077-238fe9390125","is_console_command":true} 
[2026-02-09 10:51:44] testing.INFO: Payment:Observer complete - update VAT and Price  for payment code: CAR-QUOTE-69898400b6c92 {"trace_id":"c64a9c67-c6ec-4ebe-b077-238fe9390125","is_console_command":true} 
[2026-02-09 10:51:44] testing.INFO: Payment Status Update - Starting {"trace_id":"c64a9c67-c6ec-4ebe-b077-238fe9390125","is_console_command":true} 
[2026-02-09 10:51:44] testing.INFO: Payment Status Update - Starting {"trace_id":"c64a9c67-c6ec-4ebe-b077-238fe9390125","is_console_command":true,"extra":"{\"quote_type\":\"Car\",\"quote_id\":\"2fcbba01-4647-4a76-a506-d84e9dce4fe9\"}"} 
[2026-02-09 10:51:44] testing.INFO: Payment Status Update - Quote found and validated {"trace_id":"c64a9c67-c6ec-4ebe-b077-238fe9390125","is_console_command":true} 
[2026-02-09 10:51:44] testing.INFO: Payment Status Update - Quote found and validated {"trace_id":"c64a9c67-c6ec-4ebe-b077-238fe9390125","is_console_command":true,"extra":"{\"quote_type\":\"Car\",\"quote_id\":\"2fcbba01-4647-4a76-a506-d84e9dce4fe9\",\"quote_uuid\":\"2fcbba01-4647-4a76-a506-d84e9dce4fe9\",\"advisor_id\":2}"} 
[2026-02-09 10:51:44] testing.INFO: Payment Status Update - Triggering PaymentNotifications event {"trace_id":"c64a9c67-c6ec-4ebe-b077-238fe9390125","is_console_command":true} 
[2026-02-09 10:51:44] testing.INFO: Payment Status Update - Triggering PaymentNotifications event {"trace_id":"c64a9c67-c6ec-4ebe-b077-238fe9390125","is_console_command":true,"extra":"{\"quote_uuid\":\"2fcbba01-4647-4a76-a506-d84e9dce4fe9\",\"url\":\"http:\\/\\/localhost\\/quotes\\/car\\/2fcbba01-4647-4a76-a506-d84e9dce4fe9\",\"quote_type_code\":\"CAR\"}"} 
[2026-02-09 10:51:44] testing.INFO: Payment Status Update - Completed successfully {"trace_id":"c64a9c67-c6ec-4ebe-b077-238fe9390125","is_console_command":true} 
[2026-02-09 10:51:44] testing.INFO: Payment Status Update - Completed successfully {"trace_id":"c64a9c67-c6ec-4ebe-b077-238fe9390125","is_console_command":true,"extra":"{\"quote_uuid\":\"2fcbba01-4647-4a76-a506-d84e9dce4fe9\"}"} 
[2026-02-09 10:51:44] testing.INFO: Payment:Observer - Starting VAT calculation for payment code: TEST-QUOTE-0-69898400de522 {"trace_id":"7295a801-7440-4d66-8969-09651588b230","is_console_command":true} 
[2026-02-09 10:51:44] testing.INFO: Payment:Observer - Starting VAT calculation for payment code: TEST-QUOTE-0-69898400de522 {"trace_id":"7295a801-7440-4d66-8969-09651588b230","is_console_command":true,"extra":"{\"total_price\":1000}"} 
[2026-02-09 10:51:44] testing.INFO: Payment:Observer - Personal quote detected for payment code: TEST-QUOTE-0-69898400de522 {"trace_id":"7295a801-7440-4d66-8969-09651588b230","is_console_command":true} 
[2026-02-09 10:51:44] testing.INFO: Payment:Observer - Personal quote detected for payment code: TEST-QUOTE-0-69898400de522 {"trace_id":"7295a801-7440-4d66-8969-09651588b230","is_console_command":true} 
[2026-02-09 10:51:44] testing.INFO: SplitPaymentService - No VAT value found in application storage payment code: TEST-QUOTE-0-69898400de522 {"trace_id":"7295a801-7440-4d66-8969-09651588b230","is_console_command":true} 
[2026-02-09 10:51:44] testing.INFO: SplitPaymentService - No VAT value found in application storage payment code: TEST-QUOTE-0-69898400de522 {"trace_id":"7295a801-7440-4d66-8969-09651588b230","is_console_command":true,"extra":"{\"masterTotalPrice\":1000}"} 
[2026-02-09 10:51:44] testing.INFO: Payment:Observer - VAT calculation completed for payment code: TEST-QUOTE-0-69898400de522 {"trace_id":"7295a801-7440-4d66-8969-09651588b230","is_console_command":true} 
[2026-02-09 10:51:44] testing.INFO: Payment:Observer - VAT calculation completed for payment code: TEST-QUOTE-0-69898400de522 {"trace_id":"7295a801-7440-4d66-8969-09651588b230","is_console_command":true,"extra":"{\"price_without_vat\":1000,\"vat\":0,\"total_price\":1000,\"model_type\":\"Car\",\"quote_id\":2,\"send_update_log_id\":null}"} 
[2026-02-09 10:51:44] testing.INFO: Payment:Observer complete - update VAT and Price  for payment code: TEST-QUOTE-0-69898400de522 {"trace_id":"7295a801-7440-4d66-8969-09651588b230","is_console_command":true} 
[2026-02-09 10:51:44] testing.INFO: Payment:Observer complete - update VAT and Price  for payment code: TEST-QUOTE-0-69898400de522 {"trace_id":"7295a801-7440-4d66-8969-09651588b230","is_console_command":true} 
[2026-02-09 10:51:44] testing.INFO: Payment:Observer - Starting VAT calculation for payment code: TEST-QUOTE-1-69898400df76c {"trace_id":"7295a801-7440-4d66-8969-09651588b230","is_console_command":true} 
[2026-02-09 10:51:44] testing.INFO: Payment:Observer - Starting VAT calculation for payment code: TEST-QUOTE-1-69898400df76c {"trace_id":"7295a801-7440-4d66-8969-09651588b230","is_console_command":true,"extra":"{\"total_price\":1000}"} 
[2026-02-09 10:51:44] testing.INFO: Payment:Observer - Personal quote detected for payment code: TEST-QUOTE-1-69898400df76c {"trace_id":"7295a801-7440-4d66-8969-09651588b230","is_console_command":true} 
[2026-02-09 10:51:44] testing.INFO: Payment:Observer - Personal quote detected for payment code: TEST-QUOTE-1-69898400df76c {"trace_id":"7295a801-7440-4d66-8969-09651588b230","is_console_command":true} 
[2026-02-09 10:51:44] testing.INFO: SplitPaymentService - No VAT value found in application storage payment code: TEST-QUOTE-1-69898400df76c {"trace_id":"7295a801-7440-4d66-8969-09651588b230","is_console_command":true} 
[2026-02-09 10:51:44] testing.INFO: SplitPaymentService - No VAT value found in application storage payment code: TEST-QUOTE-1-69898400df76c {"trace_id":"7295a801-7440-4d66-8969-09651588b230","is_console_command":true,"extra":"{\"masterTotalPrice\":1000}"} 
[2026-02-09 10:51:44] testing.INFO: Payment:Observer - VAT calculation completed for payment code: TEST-QUOTE-1-69898400df76c {"trace_id":"7295a801-7440-4d66-8969-09651588b230","is_console_command":true} 
[2026-02-09 10:51:44] testing.INFO: Payment:Observer - VAT calculation completed for payment code: TEST-QUOTE-1-69898400df76c {"trace_id":"7295a801-7440-4d66-8969-09651588b230","is_console_command":true,"extra":"{\"price_without_vat\":1000,\"vat\":0,\"total_price\":1000,\"model_type\":\"Car\",\"quote_id\":3,\"send_update_log_id\":null}"} 
[2026-02-09 10:51:44] testing.INFO: Payment:Observer complete - update VAT and Price  for payment code: TEST-QUOTE-1-69898400df76c {"trace_id":"7295a801-7440-4d66-8969-09651588b230","is_console_command":true} 
[2026-02-09 10:51:44] testing.INFO: Payment:Observer complete - update VAT and Price  for payment code: TEST-QUOTE-1-69898400df76c {"trace_id":"7295a801-7440-4d66-8969-09651588b230","is_console_command":true} 
[2026-02-09 10:51:44] testing.INFO: Payment:Observer - Starting VAT calculation for payment code: TEST-QUOTE-2-69898400e0942 {"trace_id":"7295a801-7440-4d66-8969-09651588b230","is_console_command":true} 
[2026-02-09 10:51:44] testing.INFO: Payment:Observer - Starting VAT calculation for payment code: TEST-QUOTE-2-69898400e0942 {"trace_id":"7295a801-7440-4d66-8969-09651588b230","is_console_command":true,"extra":"{\"total_price\":1000}"} 
[2026-02-09 10:51:44] testing.INFO: Payment:Observer - Personal quote detected for payment code: TEST-QUOTE-2-69898400e0942 {"trace_id":"7295a801-7440-4d66-8969-09651588b230","is_console_command":true} 
[2026-02-09 10:51:44] testing.INFO: Payment:Observer - Personal quote detected for payment code: TEST-QUOTE-2-69898400e0942 {"trace_id":"7295a801-7440-4d66-8969-09651588b230","is_console_command":true} 
[2026-02-09 10:51:44] testing.INFO: SplitPaymentService - No VAT value found in application storage payment code: TEST-QUOTE-2-69898400e0942 {"trace_id":"7295a801-7440-4d66-8969-09651588b230","is_console_command":true} 
[2026-02-09 10:51:44] testing.INFO: SplitPaymentService - No VAT value found in application storage payment code: TEST-QUOTE-2-69898400e0942 {"trace_id":"7295a801-7440-4d66-8969-09651588b230","is_console_command":true,"extra":"{\"masterTotalPrice\":1000}"} 
[2026-02-09 10:51:44] testing.INFO: Payment:Observer - VAT calculation completed for payment code: TEST-QUOTE-2-69898400e0942 {"trace_id":"7295a801-7440-4d66-8969-09651588b230","is_console_command":true} 
[2026-02-09 10:51:44] testing.INFO: Payment:Observer - VAT calculation completed for payment code: TEST-QUOTE-2-69898400e0942 {"trace_id":"7295a801-7440-4d66-8969-09651588b230","is_console_command":true,"extra":"{\"price_without_vat\":1000,\"vat\":0,\"total_price\":1000,\"model_type\":\"Car\",\"quote_id\":4,\"send_update_log_id\":null}"} 
[2026-02-09 10:51:44] testing.INFO: Payment:Observer complete - update VAT and Price  for payment code: TEST-QUOTE-2-69898400e0942 {"trace_id":"7295a801-7440-4d66-8969-09651588b230","is_console_command":true} 
[2026-02-09 10:51:44] testing.INFO: Payment:Observer complete - update VAT and Price  for payment code: TEST-QUOTE-2-69898400e0942 {"trace_id":"7295a801-7440-4d66-8969-09651588b230","is_console_command":true} 
[2026-02-09 10:51:44] testing.INFO: Payment:Observer - Starting VAT calculation for payment code: TEST-QUOTE-2-69898400e1ad3 {"trace_id":"7295a801-7440-4d66-8969-09651588b230","is_console_command":true} 
[2026-02-09 10:51:44] testing.INFO: Payment:Observer - Starting VAT calculation for payment code: TEST-QUOTE-2-69898400e1ad3 {"trace_id":"7295a801-7440-4d66-8969-09651588b230","is_console_command":true,"extra":"{\"total_price\":1000}"} 
[2026-02-09 10:51:44] testing.INFO: Payment:Observer - Personal quote detected for payment code: TEST-QUOTE-2-69898400e1ad3 {"trace_id":"7295a801-7440-4d66-8969-09651588b230","is_console_command":true} 
[2026-02-09 10:51:44] testing.INFO: Payment:Observer - Personal quote detected for payment code: TEST-QUOTE-2-69898400e1ad3 {"trace_id":"7295a801-7440-4d66-8969-09651588b230","is_console_command":true} 
[2026-02-09 10:51:44] testing.INFO: SplitPaymentService - No VAT value found in application storage payment code: TEST-QUOTE-2-69898400e1ad3 {"trace_id":"7295a801-7440-4d66-8969-09651588b230","is_console_command":true} 
[2026-02-09 10:51:44] testing.INFO: SplitPaymentService - No VAT value found in application storage payment code: TEST-QUOTE-2-69898400e1ad3 {"trace_id":"7295a801-7440-4d66-8969-09651588b230","is_console_command":true,"extra":"{\"masterTotalPrice\":1000}"} 
[2026-02-09 10:51:44] testing.INFO: Payment:Observer - VAT calculation completed for payment code: TEST-QUOTE-2-69898400e1ad3 {"trace_id":"7295a801-7440-4d66-8969-09651588b230","is_console_command":true} 
[2026-02-09 10:51:44] testing.INFO: Payment:Observer - VAT calculation completed for payment code: TEST-QUOTE-2-69898400e1ad3 {"trace_id":"7295a801-7440-4d66-8969-09651588b230","is_console_command":true,"extra":"{\"price_without_vat\":1000,\"vat\":0,\"total_price\":1000,\"model_type\":\"Car\",\"quote_id\":5,\"send_update_log_id\":null}"} 
[2026-02-09 10:51:44] testing.INFO: Payment:Observer complete - update VAT and Price  for payment code: TEST-QUOTE-2-69898400e1ad3 {"trace_id":"7295a801-7440-4d66-8969-09651588b230","is_console_command":true} 
[2026-02-09 10:51:44] testing.INFO: Payment:Observer complete - update VAT and Price  for payment code: TEST-QUOTE-2-69898400e1ad3 {"trace_id":"7295a801-7440-4d66-8969-09651588b230","is_console_command":true} 
[2026-02-09 10:51:45] testing.INFO: Payment:Observer - Starting VAT calculation for payment code: TEST-QUOTE-6989840112275 {"trace_id":"0075f048-9041-4aa2-9e3f-cca1e2a1f625","is_console_command":true} 
[2026-02-09 10:51:45] testing.INFO: Payment:Observer - Starting VAT calculation for payment code: TEST-QUOTE-6989840112275 {"trace_id":"0075f048-9041-4aa2-9e3f-cca1e2a1f625","is_console_command":true,"extra":"{\"total_price\":1000}"} 
[2026-02-09 10:51:45] testing.INFO: Payment:Observer - Personal quote detected for payment code: TEST-QUOTE-6989840112275 {"trace_id":"0075f048-9041-4aa2-9e3f-cca1e2a1f625","is_console_command":true} 
[2026-02-09 10:51:45] testing.INFO: Payment:Observer - Personal quote detected for payment code: TEST-QUOTE-6989840112275 {"trace_id":"0075f048-9041-4aa2-9e3f-cca1e2a1f625","is_console_command":true} 
[2026-02-09 10:51:45] testing.INFO: SplitPaymentService - No VAT value found in application storage payment code: TEST-QUOTE-6989840112275 {"trace_id":"0075f048-9041-4aa2-9e3f-cca1e2a1f625","is_console_command":true} 
[2026-02-09 10:51:45] testing.INFO: SplitPaymentService - No VAT value found in application storage payment code: TEST-QUOTE-6989840112275 {"trace_id":"0075f048-9041-4aa2-9e3f-cca1e2a1f625","is_console_command":true,"extra":"{\"masterTotalPrice\":1000}"} 
[2026-02-09 10:51:45] testing.INFO: Payment:Observer - VAT calculation completed for payment code: TEST-QUOTE-6989840112275 {"trace_id":"0075f048-9041-4aa2-9e3f-cca1e2a1f625","is_console_command":true} 
[2026-02-09 10:51:45] testing.INFO: Payment:Observer - VAT calculation completed for payment code: TEST-QUOTE-6989840112275 {"trace_id":"0075f048-9041-4aa2-9e3f-cca1e2a1f625","is_console_command":true,"extra":"{\"price_without_vat\":1000,\"vat\":0,\"total_price\":1000,\"model_type\":\"Car\",\"quote_id\":1,\"send_update_log_id\":null}"} 
[2026-02-09 10:51:45] testing.INFO: Payment:Observer complete - update VAT and Price  for payment code: TEST-QUOTE-6989840112275 {"trace_id":"0075f048-9041-4aa2-9e3f-cca1e2a1f625","is_console_command":true} 
[2026-02-09 10:51:45] testing.INFO: Payment:Observer complete - update VAT and Price  for payment code: TEST-QUOTE-6989840112275 {"trace_id":"0075f048-9041-4aa2-9e3f-cca1e2a1f625","is_console_command":true} 
[2026-02-09 10:51:45] testing.INFO: Payment:Observer - Starting VAT calculation for payment code: TEST-QUOTE-6989840112275-2 {"trace_id":"0075f048-9041-4aa2-9e3f-cca1e2a1f625","is_console_command":true} 
[2026-02-09 10:51:45] testing.INFO: Payment:Observer - Starting VAT calculation for payment code: TEST-QUOTE-6989840112275-2 {"trace_id":"0075f048-9041-4aa2-9e3f-cca1e2a1f625","is_console_command":true,"extra":"{\"total_price\":1000}"} 
[2026-02-09 10:51:45] testing.INFO: Payment:Observer - Personal quote detected for payment code: TEST-QUOTE-6989840112275-2 {"trace_id":"0075f048-9041-4aa2-9e3f-cca1e2a1f625","is_console_command":true} 
[2026-02-09 10:51:45] testing.INFO: Payment:Observer - Personal quote detected for payment code: TEST-QUOTE-6989840112275-2 {"trace_id":"0075f048-9041-4aa2-9e3f-cca1e2a1f625","is_console_command":true} 
[2026-02-09 10:51:45] testing.INFO: SplitPaymentService - No VAT value found in application storage payment code: TEST-QUOTE-6989840112275-2 {"trace_id":"0075f048-9041-4aa2-9e3f-cca1e2a1f625","is_console_command":true} 
[2026-02-09 10:51:45] testing.INFO: SplitPaymentService - No VAT value found in application storage payment code: TEST-QUOTE-6989840112275-2 {"trace_id":"0075f048-9041-4aa2-9e3f-cca1e2a1f625","is_console_command":true,"extra":"{\"masterTotalPrice\":1000}"} 
[2026-02-09 10:51:45] testing.INFO: Payment:Observer - VAT calculation completed for payment code: TEST-QUOTE-6989840112275-2 {"trace_id":"0075f048-9041-4aa2-9e3f-cca1e2a1f625","is_console_command":true} 
[2026-02-09 10:51:45] testing.INFO: Payment:Observer - VAT calculation completed for payment code: TEST-QUOTE-6989840112275-2 {"trace_id":"0075f048-9041-4aa2-9e3f-cca1e2a1f625","is_console_command":true,"extra":"{\"price_without_vat\":1000,\"vat\":0,\"total_price\":1000,\"model_type\":\"Car\",\"quote_id\":1,\"send_update_log_id\":null}"} 
[2026-02-09 10:51:45] testing.INFO: Payment:Observer complete - update VAT and Price  for payment code: TEST-QUOTE-6989840112275-2 {"trace_id":"0075f048-9041-4aa2-9e3f-cca1e2a1f625","is_console_command":true} 
[2026-02-09 10:51:45] testing.INFO: Payment:Observer complete - update VAT and Price  for payment code: TEST-QUOTE-6989840112275-2 {"trace_id":"0075f048-9041-4aa2-9e3f-cca1e2a1f625","is_console_command":true} 
[2026-02-09 10:51:45] testing.INFO: Payment:Observer - Starting VAT calculation for payment code: TEST-QUOTE-6989840112275-3 {"trace_id":"0075f048-9041-4aa2-9e3f-cca1e2a1f625","is_console_command":true} 
[2026-02-09 10:51:45] testing.INFO: Payment:Observer - Starting VAT calculation for payment code: TEST-QUOTE-6989840112275-3 {"trace_id":"0075f048-9041-4aa2-9e3f-cca1e2a1f625","is_console_command":true,"extra":"{\"total_price\":1000}"} 
[2026-02-09 10:51:45] testing.INFO: Payment:Observer - Personal quote detected for payment code: TEST-QUOTE-6989840112275-3 {"trace_id":"0075f048-9041-4aa2-9e3f-cca1e2a1f625","is_console_command":true} 
[2026-02-09 10:51:45] testing.INFO: Payment:Observer - Personal quote detected for payment code: TEST-QUOTE-6989840112275-3 {"trace_id":"0075f048-9041-4aa2-9e3f-cca1e2a1f625","is_console_command":true} 
[2026-02-09 10:51:45] testing.INFO: SplitPaymentService - No VAT value found in application storage payment code: TEST-QUOTE-6989840112275-3 {"trace_id":"0075f048-9041-4aa2-9e3f-cca1e2a1f625","is_console_command":true} 
[2026-02-09 10:51:45] testing.INFO: SplitPaymentService - No VAT value found in application storage payment code: TEST-QUOTE-6989840112275-3 {"trace_id":"0075f048-9041-4aa2-9e3f-cca1e2a1f625","is_console_command":true,"extra":"{\"masterTotalPrice\":1000}"} 
[2026-02-09 10:51:45] testing.INFO: Payment:Observer - VAT calculation completed for payment code: TEST-QUOTE-6989840112275-3 {"trace_id":"0075f048-9041-4aa2-9e3f-cca1e2a1f625","is_console_command":true} 
[2026-02-09 10:51:45] testing.INFO: Payment:Observer - VAT calculation completed for payment code: TEST-QUOTE-6989840112275-3 {"trace_id":"0075f048-9041-4aa2-9e3f-cca1e2a1f625","is_console_command":true,"extra":"{\"price_without_vat\":1000,\"vat\":0,\"total_price\":1000,\"model_type\":\"Car\",\"quote_id\":1,\"send_update_log_id\":null}"} 
[2026-02-09 10:51:45] testing.INFO: Payment:Observer complete - update VAT and Price  for payment code: TEST-QUOTE-6989840112275-3 {"trace_id":"0075f048-9041-4aa2-9e3f-cca1e2a1f625","is_console_command":true} 
[2026-02-09 10:51:45] testing.INFO: Payment:Observer complete - update VAT and Price  for payment code: TEST-QUOTE-6989840112275-3 {"trace_id":"0075f048-9041-4aa2-9e3f-cca1e2a1f625","is_console_command":true} 
[2026-02-09 10:51:45] testing.INFO: User with ID: 1 and email : admin@example.com logged in. {"trace_id":"9f04ce92-4e29-457d-ae42-4de963edf2e1","is_console_command":true} 
[2026-02-09 10:51:45] testing.INFO: User with ID: 1 and email : admin@example.com logged in. {"trace_id":"9f04ce92-4e29-457d-ae42-4de963edf2e1","is_console_command":true} 
[2026-02-09 10:51:45] testing.INFO: Sending AIGWorkflow for lead: test-car-quote-uuid-698984013a2c3 | Time: 2026-02-09 10:51:45 {"trace_id":"9f04ce92-4e29-457d-ae42-4de963edf2e1","is_console_command":true} 
[2026-02-09 10:51:45] testing.INFO: Sending AIGWorkflow for lead: test-car-quote-uuid-698984013a2c3 | Time: 2026-02-09 10:51:45 {"trace_id":"9f04ce92-4e29-457d-ae42-4de963edf2e1","is_console_command":true} 
[2026-02-09 10:51:45] testing.INFO: Bird Webhook Request initiated {"trace_id":"9f04ce92-4e29-457d-ae42-4de963edf2e1","is_console_command":true} 
[2026-02-09 10:51:45] testing.INFO: Bird Webhook Request initiated {"trace_id":"9f04ce92-4e29-457d-ae42-4de963edf2e1","is_console_command":true,"extra":"{\"Ref-ID\":\"test-car-quote-uuid-698984013a2c3\",\"URL\":\"https:\\/\\/example.test\\/bird\\/workflow\",\"Method\":\"post\"}"} 
[2026-02-09 10:51:45] testing.INFO: Bird Webhook Response: Ref-ID: test-car-quote-uuid-698984013a2c3 | Status: 200 | Time: 2026-02-09 10:51:45 {"trace_id":"9f04ce92-4e29-457d-ae42-4de963edf2e1","is_console_command":true} 
[2026-02-09 10:51:45] testing.INFO: Bird Webhook Response: Ref-ID: test-car-quote-uuid-698984013a2c3 | Status: 200 | Time: 2026-02-09 10:51:45 {"trace_id":"9f04ce92-4e29-457d-ae42-4de963edf2e1","is_console_command":true} 
[2026-02-09 10:51:45] testing.INFO: Bird Webhook Response: Ref-ID: test-car-quote-uuid-698984013a2c3 | Headers: {"Run-Id":["test-run-id"],"Content-Type":["application\/json"]} {"trace_id":"9f04ce92-4e29-457d-ae42-4de963edf2e1","is_console_command":true} 
[2026-02-09 10:51:45] testing.INFO: Bird Webhook Response: Ref-ID: test-car-quote-uuid-698984013a2c3 | Headers: {"Run-Id":["test-run-id"],"Content-Type":["application\/json"]} {"trace_id":"9f04ce92-4e29-457d-ae42-4de963edf2e1","is_console_command":true} 
[2026-02-09 10:51:45] testing.INFO: AIGWorkflow event triggered for lead Ref-ID: test-car-quote-uuid-698984013a2c3 | Time: 2026-02-09 10:51:45 {"trace_id":"9f04ce92-4e29-457d-ae42-4de963edf2e1","is_console_command":true} 
[2026-02-09 10:51:45] testing.INFO: AIGWorkflow event triggered for lead Ref-ID: test-car-quote-uuid-698984013a2c3 | Time: 2026-02-09 10:51:45 {"trace_id":"9f04ce92-4e29-457d-ae42-4de963edf2e1","is_console_command":true} 
[2026-02-09 10:51:45] testing.INFO: AIGWorkflow response: 200 | Ref-ID: test-car-quote-uuid-698984013a2c3 | Time: 2026-02-09 10:51:45 {"trace_id":"9f04ce92-4e29-457d-ae42-4de963edf2e1","is_console_command":true} 
[2026-02-09 10:51:45] testing.INFO: AIGWorkflow response: 200 | Ref-ID: test-car-quote-uuid-698984013a2c3 | Time: 2026-02-09 10:51:45 {"trace_id":"9f04ce92-4e29-457d-ae42-4de963edf2e1","is_console_command":true} 
[2026-02-09 10:51:45] testing.INFO: AIGWorkflow lead ref-id: test-car-quote-uuid-698984013a2c3 | Quote StatusID:  | Time: 2026-02-09 10:51:45 {"trace_id":"9f04ce92-4e29-457d-ae42-4de963edf2e1","is_console_command":true} 
[2026-02-09 10:51:45] testing.INFO: AIGWorkflow lead ref-id: test-car-quote-uuid-698984013a2c3 | Quote StatusID:  | Time: 2026-02-09 10:51:45 {"trace_id":"9f04ce92-4e29-457d-ae42-4de963edf2e1","is_console_command":true} 
[2026-02-09 10:51:45] testing.INFO: App\Services\EmailServices\CarEmailService - createQuoteFlowDetails  run id created for lead : Ref-ID: test-car-quote-uuid-698984013a2c3 |Time: 2026-02-09 10:51:45 {"trace_id":"9f04ce92-4e29-457d-ae42-4de963edf2e1","is_console_command":true} 
[2026-02-09 10:51:45] testing.INFO: App\Services\EmailServices\CarEmailService - createQuoteFlowDetails  run id created for lead : Ref-ID: test-car-quote-uuid-698984013a2c3 |Time: 2026-02-09 10:51:45 {"trace_id":"9f04ce92-4e29-457d-ae42-4de963edf2e1","is_console_command":true} 
[2026-02-09 10:51:45] testing.INFO: User with ID: 1 and email : admin@example.com logged in. {"trace_id":"f3fc1fdc-2461-4f55-ad18-36e94d2b1a83","is_console_command":true} 
[2026-02-09 10:51:45] testing.INFO: User with ID: 1 and email : admin@example.com logged in. {"trace_id":"f3fc1fdc-2461-4f55-ad18-36e94d2b1a83","is_console_command":true} 
[2026-02-09 10:51:45] testing.INFO: Sending AIGWorkflow for lead: test-car-quote-uuid-698984015fb91 | Time: 2026-02-09 10:51:45 {"trace_id":"f3fc1fdc-2461-4f55-ad18-36e94d2b1a83","is_console_command":true} 
[2026-02-09 10:51:45] testing.INFO: Sending AIGWorkflow for lead: test-car-quote-uuid-698984015fb91 | Time: 2026-02-09 10:51:45 {"trace_id":"f3fc1fdc-2461-4f55-ad18-36e94d2b1a83","is_console_command":true} 
[2026-02-09 10:51:45] testing.INFO: AIGWorkflow already executed: 2026-02-09 10:51:45 for lead Ref-ID: test-car-quote-uuid-698984015fb91 | Time: 2026-02-09 10:51:45 {"trace_id":"f3fc1fdc-2461-4f55-ad18-36e94d2b1a83","is_console_command":true} 
[2026-02-09 10:51:45] testing.INFO: AIGWorkflow already executed: 2026-02-09 10:51:45 for lead Ref-ID: test-car-quote-uuid-698984015fb91 | Time: 2026-02-09 10:51:45 {"trace_id":"f3fc1fdc-2461-4f55-ad18-36e94d2b1a83","is_console_command":true} 
[2026-02-09 10:51:45] testing.INFO: User with ID: 1 and email : admin@example.com logged in. {"trace_id":"4e135dc2-d4fa-488c-97f8-6d5d192f9866","is_console_command":true} 
[2026-02-09 10:51:45] testing.INFO: User with ID: 1 and email : admin@example.com logged in. {"trace_id":"4e135dc2-d4fa-488c-97f8-6d5d192f9866","is_console_command":true} 
[2026-02-09 10:51:45] testing.INFO: Sending AIGWorkflow for lead: test-car-quote-uuid-69898401843d7 | Time: 2026-02-09 10:51:45 {"trace_id":"4e135dc2-d4fa-488c-97f8-6d5d192f9866","is_console_command":true} 
[2026-02-09 10:51:45] testing.INFO: Sending AIGWorkflow for lead: test-car-quote-uuid-69898401843d7 | Time: 2026-02-09 10:51:45 {"trace_id":"4e135dc2-d4fa-488c-97f8-6d5d192f9866","is_console_command":true} 
[2026-02-09 10:51:45] testing.INFO: AIGWorkflow key not found for lead: Ref-ID: test-car-quote-uuid-69898401843d7 | Time: 2026-02-09 10:51:45 {"trace_id":"4e135dc2-d4fa-488c-97f8-6d5d192f9866","is_console_command":true} 
[2026-02-09 10:51:45] testing.INFO: AIGWorkflow key not found for lead: Ref-ID: test-car-quote-uuid-69898401843d7 | Time: 2026-02-09 10:51:45 {"trace_id":"4e135dc2-d4fa-488c-97f8-6d5d192f9866","is_console_command":true} 
[2026-02-09 10:51:45] testing.INFO: fn:updatePersonalQuote - Code : a0d70eb3-6244-3586-9a43-de63fd55dad1 {"trace_id":"f26eb3f6-4eee-489a-b6ea-577275ffa2de","is_console_command":true} 
[2026-02-09 10:51:45] testing.INFO: fn:updatePersonalQuote - Code : a0d70eb3-6244-3586-9a43-de63fd55dad1 {"trace_id":"f26eb3f6-4eee-489a-b6ea-577275ffa2de","is_console_command":true} 
[2026-02-09 10:51:45] testing.ERROR: CarQuoteObserver - update personal quote failed {"trace_id":"f26eb3f6-4eee-489a-b6ea-577275ffa2de","is_console_command":true,"error":"SQLSTATE[HY000]: General error: 1 no such table: personal_quote_details (Connection: sqlite, Database: :memory:, SQL: select * from \"personal_quote_details\" where (\"personal_quote_id\" = 1) limit 1)","uuid":"a0d70eb3-6244-3586-9a43-de63fd55dad1"} 
[2026-02-09 10:51:45] testing.ERROR: CarQuoteObserver - update personal quote failed {"trace_id":"f26eb3f6-4eee-489a-b6ea-577275ffa2de","is_console_command":true,"error":"SQLSTATE[HY000]: General error: 1 no such table: personal_quote_details (Connection: sqlite, Database: :memory:, SQL: select * from \"personal_quote_details\" where (\"personal_quote_id\" = 1) limit 1)","uuid":"a0d70eb3-6244-3586-9a43-de63fd55dad1"} 
[2026-02-09 10:51:45] testing.ERROR: CarQuoteObserver - save branch data failed {"trace_id":"f26eb3f6-4eee-489a-b6ea-577275ffa2de","is_console_command":true,"exception":{"message":"SQLSTATE[HY000]: General error: 1 no such column: branch_id (Connection: sqlite, Database: :memory:, SQL: update \"car_quote_request\" set \"quote_status_id\" = 71, \"quote_status_date\" = 2026-02-09 10:51:45, \"branch_id\" = 1, \"updated_at\" = 2026-02-09 10:51:45 where \"id\" = 1)","trace":"#0 /home/runner/work/blanka/blanka/vendor/laravel/framework/src/Illuminate/Database/Connection.php(794): Illuminate\\Database\\Connection->runQueryCallback()
#1 /home/runner/work/blanka/blanka/vendor/laravel/framework/src/Illuminate/Database/Connection.php(597): Illuminate\\Database\\Connection->run()
#2 /home/runner/work/blanka/blanka/vendor/laravel/framework/src/Illuminate/Database/Connection.php(549): Illuminate\\Database\\Connection->affectingStatement()
#3 /home/runner/work/blanka/blanka/vendor/staudenmeir/laravel-cte/src/Query/Traits/BuildsExpressionQueries.php(264): Illuminate\\Database\\Connection->update()
#4 /home/runner/work/blanka/blanka/vendor/laravel/framework/src/Illuminate/Database/Eloquent/Builder.php(1266): Staudenmeir\\LaravelCte\\Query\\Builder->update()
#5 /home/runner/work/blanka/blanka/vendor/laravel/framework/src/Illuminate/Database/Eloquent/Model.php(1316): Illuminate\\Database\\Eloquent\\Builder->update()
#6 /home/runner/work/blanka/blanka/vendor/laravel/framework/src/Illuminate/Database/Eloquent/Model.php(1233): Illuminate\\Database\\Eloquent\\Model->performUpdate()
#7 /home/runner/work/blanka/blanka/vendor/laravel/framework/src/Illuminate/Database/Eloquent/Model.php(1090): Illuminate\\Database\\Eloquent\\Model->save()
#8 /home/runner/work/blanka/blanka/app/Observers/CarQuoteObserver.php(138): Illuminate\\Database\\Eloquent\\Model->update()
#9 /home/runner/work/blanka/blanka/vendor/laravel/framework/src/Illuminate/Database/Eloquent/Concerns/HasEvents.php(454): App\\Observers\\CarQuoteObserver->{closure:App\\Observers\\CarQuoteObserver::updated():127}()
#10 /home/runner/work/blanka/blanka/app/Observers/CarQuoteObserver.php(127): Illuminate\\Database\\Eloquent\\Model::withoutEvents()
#11 /home/runner/work/blanka/blanka/vendor/laravel/framework/src/Illuminate/Events/Dispatcher.php(508): App\\Observers\\CarQuoteObserver->updated()
#12 /home/runner/work/blanka/blanka/vendor/laravel/framework/src/Illuminate/Events/Dispatcher.php(315): Illuminate\\Events\\Dispatcher->{closure:Illuminate\\Events\\Dispatcher::createClassListener():501}()
#13 /home/runner/work/blanka/blanka/vendor/laravel/framework/src/Illuminate/Events/Dispatcher.php(295): Illuminate\\Events\\Dispatcher->invokeListeners()
#14 /home/runner/work/blanka/blanka/vendor/laravel/framework/src/Illuminate/Support/Testing/Fakes/EventFake.php(329): Illuminate\\Events\\Dispatcher->dispatch()
#15 /home/runner/work/blanka/blanka/vendor/laravel/framework/src/Illuminate/Database/Eloquent/Concerns/HasEvents.php(224): Illuminate\\Support\\Testing\\Fakes\\EventFake->dispatch()
#16 /home/runner/work/blanka/blanka/vendor/laravel/framework/src/Illuminate/Database/Eloquent/Model.php(1320): Illuminate\\Database\\Eloquent\\Model->fireModelEvent()
#17 /home/runner/work/blanka/blanka/vendor/laravel/framework/src/Illuminate/Database/Eloquent/Model.php(1233): Illuminate\\Database\\Eloquent\\Model->performUpdate()
#18 /home/runner/work/blanka/blanka/vendor/laravel/framework/src/Illuminate/Database/Eloquent/Model.php(1090): Illuminate\\Database\\Eloquent\\Model->save()
#19 /home/runner/work/blanka/blanka/tests/Feature/ConversionApiTest.php(57): Illuminate\\Database\\Eloquent\\Model->update()
#20 /home/runner/work/blanka/blanka/vendor/pestphp/pest/src/Factories/TestCaseMethodFactory.php(168): P\\Tests\\Feature\\ConversionApiTest->{closure:/home/runner/work/blanka/blanka/tests/Feature/ConversionApiTest.php:43}()
#21 [internal function]: P\\Tests\\Feature\\ConversionApiTest->{closure:Pest\\Factories\\TestCaseMethodFactory::getClosure():158}()
#22 /home/runner/work/blanka/blanka/vendor/pestphp/pest/src/Concerns/Testable.php(419): call_user_func_array()
#23 /home/runner/work/blanka/blanka/vendor/pestphp/pest/src/Support/ExceptionTrace.php(26): P\\Tests\\Feature\\ConversionApiTest->{closure:Pest\\Concerns\\Testable::__callClosure():419}()
#24 /home/runner/work/blanka/blanka/vendor/pestphp/pest/src/Concerns/Testable.php(419): Pest\\Support\\ExceptionTrace::ensure()
#25 /home/runner/work/blanka/blanka/vendor/pestphp/pest/src/Concerns/Testable.php(321): P\\Tests\\Feature\\ConversionApiTest->__callClosure()
#26 /home/runner/work/blanka/blanka/vendor/pestphp/pest/src/Factories/TestCaseFactory.php(169) : eval()'d code(17): P\\Tests\\Feature\\ConversionApiTest->__runTest()
#27 /home/runner/work/blanka/blanka/vendor/phpunit/phpunit/src/Framework/TestCase.php(1656): P\\Tests\\Feature\\ConversionApiTest->__pest_evaluable_dispatches_QuotePolicyBooked_event_when_car_quote_status_changes_to_PolicyBooked()
#28 /home/runner/work/blanka/blanka/vendor/phpunit/phpunit/src/Framework/TestCase.php(514): PHPUnit\\Framework\\TestCase->runTest()
#29 /home/runner/work/blanka/blanka/vendor/phpunit/phpunit/src/Framework/TestRunner/TestRunner.php(87): PHPUnit\\Framework\\TestCase->runBare()
#30 /home/runner/work/blanka/blanka/vendor/phpunit/phpunit/src/Framework/TestCase.php(361): PHPUnit\\Framework\\TestRunner->run()
#31 /home/runner/work/blanka/blanka/vendor/phpunit/phpunit/src/Framework/TestSuite.php(369): PHPUnit\\Framework\\TestCase->run()
#32 /home/runner/work/blanka/blanka/vendor/phpunit/phpunit/src/Framework/TestSuite.php(369): PHPUnit\\Framework\\TestSuite->run()
#33 /home/runner/work/blanka/blanka/vendor/phpunit/phpunit/src/Framework/TestSuite.php(369): PHPUnit\\Framework\\TestSuite->run()
#34 /home/runner/work/blanka/blanka/vendor/phpunit/phpunit/src/TextUI/TestRunner.php(64): PHPUnit\\Framework\\TestSuite->run()
#35 /home/runner/work/blanka/blanka/vendor/phpunit/phpunit/src/TextUI/Application.php(211): PHPUnit\\TextUI\\TestRunner->run()
#36 /home/runner/work/blanka/blanka/vendor/pestphp/pest/src/Kernel.php(103): PHPUnit\\TextUI\\Application->run()
#37 /home/runner/work/blanka/blanka/vendor/pestphp/pest/bin/pest(184): Pest\\Kernel->handle()
#38 /home/runner/work/blanka/blanka/vendor/pestphp/pest/bin/pest(192): {closure:/home/runner/work/blanka/blanka/vendor/pestphp/pest/bin/pest:18}()
#39 /home/runner/work/blanka/blanka/vendor/bin/pest(119): include('...')
#40 {main}","code":"HY000"}} 
[2026-02-09 10:51:45] testing.ERROR: CarQuoteObserver - save branch data failed {"trace_id":"f26eb3f6-4eee-489a-b6ea-577275ffa2de","is_console_command":true,"exception":{"message":"SQLSTATE[HY000]: General error: 1 no such column: branch_id (Connection: sqlite, Database: :memory:, SQL: update \"car_quote_request\" set \"quote_status_id\" = 71, \"quote_status_date\" = 2026-02-09 10:51:45, \"branch_id\" = 1, \"updated_at\" = 2026-02-09 10:51:45 where \"id\" = 1)","trace":"#0 /home/runner/work/blanka/blanka/vendor/laravel/framework/src/Illuminate/Database/Connection.php(794): Illuminate\\Database\\Connection->runQueryCallback()
#1 /home/runner/work/blanka/blanka/vendor/laravel/framework/src/Illuminate/Database/Connection.php(597): Illuminate\\Database\\Connection->run()
#2 /home/runner/work/blanka/blanka/vendor/laravel/framework/src/Illuminate/Database/Connection.php(549): Illuminate\\Database\\Connection->affectingStatement()
#3 /home/runner/work/blanka/blanka/vendor/staudenmeir/laravel-cte/src/Query/Traits/BuildsExpressionQueries.php(264): Illuminate\\Database\\Connection->update()
#4 /home/runner/work/blanka/blanka/vendor/laravel/framework/src/Illuminate/Database/Eloquent/Builder.php(1266): Staudenmeir\\LaravelCte\\Query\\Builder->update()
#5 /home/runner/work/blanka/blanka/vendor/laravel/framework/src/Illuminate/Database/Eloquent/Model.php(1316): Illuminate\\Database\\Eloquent\\Builder->update()
#6 /home/runner/work/blanka/blanka/vendor/laravel/framework/src/Illuminate/Database/Eloquent/Model.php(1233): Illuminate\\Database\\Eloquent\\Model->performUpdate()
#7 /home/runner/work/blanka/blanka/vendor/laravel/framework/src/Illuminate/Database/Eloquent/Model.php(1090): Illuminate\\Database\\Eloquent\\Model->save()
#8 /home/runner/work/blanka/blanka/app/Observers/CarQuoteObserver.php(138): Illuminate\\Database\\Eloquent\\Model->update()
#9 /home/runner/work/blanka/blanka/vendor/laravel/framework/src/Illuminate/Database/Eloquent/Concerns/HasEvents.php(454): App\\Observers\\CarQuoteObserver->{closure:App\\Observers\\CarQuoteObserver::updated():127}()
#10 /home/runner/work/blanka/blanka/app/Observers/CarQuoteObserver.php(127): Illuminate\\Database\\Eloquent\\Model::withoutEvents()
#11 /home/runner/work/blanka/blanka/vendor/laravel/framework/src/Illuminate/Events/Dispatcher.php(508): App\\Observers\\CarQuoteObserver->updated()
#12 /home/runner/work/blanka/blanka/vendor/laravel/framework/src/Illuminate/Events/Dispatcher.php(315): Illuminate\\Events\\Dispatcher->{closure:Illuminate\\Events\\Dispatcher::createClassListener():501}()
#13 /home/runner/work/blanka/blanka/vendor/laravel/framework/src/Illuminate/Events/Dispatcher.php(295): Illuminate\\Events\\Dispatcher->invokeListeners()
#14 /home/runner/work/blanka/blanka/vendor/laravel/framework/src/Illuminate/Support/Testing/Fakes/EventFake.php(329): Illuminate\\Events\\Dispatcher->dispatch()
#15 /home/runner/work/blanka/blanka/vendor/laravel/framework/src/Illuminate/Database/Eloquent/Concerns/HasEvents.php(224): Illuminate\\Support\\Testing\\Fakes\\EventFake->dispatch()
#16 /home/runner/work/blanka/blanka/vendor/laravel/framework/src/Illuminate/Database/Eloquent/Model.php(1320): Illuminate\\Database\\Eloquent\\Model->fireModelEvent()
#17 /home/runner/work/blanka/blanka/vendor/laravel/framework/src/Illuminate/Database/Eloquent/Model.php(1233): Illuminate\\Database\\Eloquent\\Model->performUpdate()
#18 /home/runner/work/blanka/blanka/vendor/laravel/framework/src/Illuminate/Database/Eloquent/Model.php(1090): Illuminate\\Database\\Eloquent\\Model->save()
#19 /home/runner/work/blanka/blanka/tests/Feature/ConversionApiTest.php(57): Illuminate\\Database\\Eloquent\\Model->update()
#20 /home/runner/work/blanka/blanka/vendor/pestphp/pest/src/Factories/TestCaseMethodFactory.php(168): P\\Tests\\Feature\\ConversionApiTest->{closure:/home/runner/work/blanka/blanka/tests/Feature/ConversionApiTest.php:43}()
#21 [internal function]: P\\Tests\\Feature\\ConversionApiTest->{closure:Pest\\Factories\\TestCaseMethodFactory::getClosure():158}()
#22 /home/runner/work/blanka/blanka/vendor/pestphp/pest/src/Concerns/Testable.php(419): call_user_func_array()
#23 /home/runner/work/blanka/blanka/vendor/pestphp/pest/src/Support/ExceptionTrace.php(26): P\\Tests\\Feature\\ConversionApiTest->{closure:Pest\\Concerns\\Testable::__callClosure():419}()
#24 /home/runner/work/blanka/blanka/vendor/pestphp/pest/src/Concerns/Testable.php(419): Pest\\Support\\ExceptionTrace::ensure()
#25 /home/runner/work/blanka/blanka/vendor/pestphp/pest/src/Concerns/Testable.php(321): P\\Tests\\Feature\\ConversionApiTest->__callClosure()
#26 /home/runner/work/blanka/blanka/vendor/pestphp/pest/src/Factories/TestCaseFactory.php(169) : eval()'d code(17): P\\Tests\\Feature\\ConversionApiTest->__runTest()
#27 /home/runner/work/blanka/blanka/vendor/phpunit/phpunit/src/Framework/TestCase.php(1656): P\\Tests\\Feature\\ConversionApiTest->__pest_evaluable_dispatches_QuotePolicyBooked_event_when_car_quote_status_changes_to_PolicyBooked()
#28 /home/runner/work/blanka/blanka/vendor/phpunit/phpunit/src/Framework/TestCase.php(514): PHPUnit\\Framework\\TestCase->runTest()
#29 /home/runner/work/blanka/blanka/vendor/phpunit/phpunit/src/Framework/TestRunner/TestRunner.php(87): PHPUnit\\Framework\\TestCase->runBare()
#30 /home/runner/work/blanka/blanka/vendor/phpunit/phpunit/src/Framework/TestCase.php(361): PHPUnit\\Framework\\TestRunner->run()
#31 /home/runner/work/blanka/blanka/vendor/phpunit/phpunit/src/Framework/TestSuite.php(369): PHPUnit\\Framework\\TestCase->run()
#32 /home/runner/work/blanka/blanka/vendor/phpunit/phpunit/src/Framework/TestSuite.php(369): PHPUnit\\Framework\\TestSuite->run()
#33 /home/runner/work/blanka/blanka/vendor/phpunit/phpunit/src/Framework/TestSuite.php(369): PHPUnit\\Framework\\TestSuite->run()
#34 /home/runner/work/blanka/blanka/vendor/phpunit/phpunit/src/TextUI/TestRunner.php(64): PHPUnit\\Framework\\TestSuite->run()
#35 /home/runner/work/blanka/blanka/vendor/phpunit/phpunit/src/TextUI/Application.php(211): PHPUnit\\TextUI\\TestRunner->run()
#36 /home/runner/work/blanka/blanka/vendor/pestphp/pest/src/Kernel.php(103): PHPUnit\\TextUI\\Application->run()
#37 /home/runner/work/blanka/blanka/vendor/pestphp/pest/bin/pest(184): Pest\\Kernel->handle()
#38 /home/runner/work/blanka/blanka/vendor/pestphp/pest/bin/pest(192): {closure:/home/runner/work/blanka/blanka/vendor/pestphp/pest/bin/pest:18}()
#39 /home/runner/work/blanka/blanka/vendor/bin/pest(119): include('...')
#40 {main}","code":"HY000"},"extra":"{\"uuid\":\"a0d70eb3-6244-3586-9a43-de63fd55dad1\"}"} 
[2026-02-09 10:51:47] testing.INFO: saveLifeQuote:  {"trace_id":"faea0353-3439-4e34-beef-871a53b56886","is_console_command":true,"request_path":"POST personal-quotes/life","request_ip":"127.0.0.1","user_agent":"Symfony","execution_time_ms":null} 
[2026-02-09 10:51:47] testing.INFO: saveLifeQuote:  {"trace_id":"faea0353-3439-4e34-beef-871a53b56886","is_console_command":true,"request_path":"POST personal-quotes/life","request_ip":"127.0.0.1","user_agent":"Symfony","execution_time_ms":null,"extra":"{\"subSourceId\":null,\"subSourceOptionsId\":null,\"notes\":null}"} 
[2026-02-09 10:51:47] testing.WARNING: MetLife API - Test action failed {"trace_id":"b65d5f92-ff07-447c-8763-f23b0100ec35","is_console_command":true} 
[2026-02-09 10:51:47] testing.WARNING: MetLife API - Test action failed {"trace_id":"b65d5f92-ff07-447c-8763-f23b0100ec35","is_console_command":true,"extra":"{\"error\":\"Test error message\"}"} 
[2026-02-09 10:51:47] testing.INFO: Payment:Observer - Starting VAT calculation for payment code: CAR-ABCDEF12345 {"trace_id":"791405c1-dd88-4c2a-9d4c-2ff4259476ff","is_console_command":true} 
[2026-02-09 10:51:47] testing.INFO: Payment:Observer - Starting VAT calculation for payment code: CAR-ABCDEF12345 {"trace_id":"791405c1-dd88-4c2a-9d4c-2ff4259476ff","is_console_command":true,"extra":"{\"total_price\":1000}"} 
[2026-02-09 10:51:47] testing.INFO: Payment:Observer - Other quote type detected for payment code: CAR-ABCDEF12345 {"trace_id":"791405c1-dd88-4c2a-9d4c-2ff4259476ff","is_console_command":true} 
[2026-02-09 10:51:47] testing.INFO: Payment:Observer - Other quote type detected for payment code: CAR-ABCDEF12345 {"trace_id":"791405c1-dd88-4c2a-9d4c-2ff4259476ff","is_console_command":true} 
[2026-02-09 10:51:47] testing.INFO: SplitPaymentService - Processing ecommLob quote for payment code: CAR-ABCDEF12345 {"trace_id":"791405c1-dd88-4c2a-9d4c-2ff4259476ff","is_console_command":true} 
[2026-02-09 10:51:47] testing.INFO: SplitPaymentService - Processing ecommLob quote for payment code: CAR-ABCDEF12345 {"trace_id":"791405c1-dd88-4c2a-9d4c-2ff4259476ff","is_console_command":true,"extra":"{\"modelType\":\"Car\",\"computedPrice\":1000}"} 
[2026-02-09 10:51:47] testing.INFO: SplitPaymentService - ecommLob VAT calculation for payment code: CAR-ABCDEF12345 {"trace_id":"791405c1-dd88-4c2a-9d4c-2ff4259476ff","is_console_command":true} 
[2026-02-09 10:51:47] testing.INFO: SplitPaymentService - ecommLob VAT calculation for payment code: CAR-ABCDEF12345 {"trace_id":"791405c1-dd88-4c2a-9d4c-2ff4259476ff","is_console_command":true,"extra":"{\"modelType\":\"Car\",\"priceWithoutVat\":952.3809523809523,\"vat\":47.61904761904761}"} 
[2026-02-09 10:51:47] testing.INFO: SplitPaymentService - Final price after adding non-applicable VAT amount for payment code: CAR-ABCDEF12345 {"trace_id":"791405c1-dd88-4c2a-9d4c-2ff4259476ff","is_console_command":true} 
[2026-02-09 10:51:47] testing.INFO: SplitPaymentService - Final price after adding non-applicable VAT amount for payment code: CAR-ABCDEF12345 {"trace_id":"791405c1-dd88-4c2a-9d4c-2ff4259476ff","is_console_command":true,"extra":"{\"final_priceWithoutVat\":952.3809523809523,\"priceVatNotApplicable\":0,\"vat\":47.61904761904761}"} 
[2026-02-09 10:51:47] testing.INFO: Payment:Observer - VAT calculation completed for payment code: CAR-ABCDEF12345 {"trace_id":"791405c1-dd88-4c2a-9d4c-2ff4259476ff","is_console_command":true} 
[2026-02-09 10:51:47] testing.INFO: Payment:Observer - VAT calculation completed for payment code: CAR-ABCDEF12345 {"trace_id":"791405c1-dd88-4c2a-9d4c-2ff4259476ff","is_console_command":true,"extra":"{\"price_without_vat\":952.38,\"vat\":47.62,\"total_price\":1000,\"model_type\":\"Car\",\"quote_id\":1,\"send_update_log_id\":null}"} 
[2026-02-09 10:51:47] testing.INFO: Payment:Observer complete - update VAT and Price  for payment code: CAR-ABCDEF12345 {"trace_id":"791405c1-dd88-4c2a-9d4c-2ff4259476ff","is_console_command":true} 
[2026-02-09 10:51:47] testing.INFO: Payment:Observer complete - update VAT and Price  for payment code: CAR-ABCDEF12345 {"trace_id":"791405c1-dd88-4c2a-9d4c-2ff4259476ff","is_console_command":true} 
[2026-02-09 10:51:47] testing.INFO: PaymentSplits:Observer - Starting VAT calculation for payment code: CAR-ABCDEF12345 {"trace_id":"791405c1-dd88-4c2a-9d4c-2ff4259476ff","is_console_command":true} 
[2026-02-09 10:51:47] testing.INFO: PaymentSplits:Observer - Starting VAT calculation for payment code: CAR-ABCDEF12345 {"trace_id":"791405c1-dd88-4c2a-9d4c-2ff4259476ff","is_console_command":true,"extra":"{\"sr_no\":1}"} 
[2026-02-09 10:51:47] testing.INFO: PaymentSplits:Observer - Found non perosnal for payment code: CAR-ABCDEF12345 {"trace_id":"791405c1-dd88-4c2a-9d4c-2ff4259476ff","is_console_command":true} 
[2026-02-09 10:51:47] testing.INFO: PaymentSplits:Observer - Found non perosnal for payment code: CAR-ABCDEF12345 {"trace_id":"791405c1-dd88-4c2a-9d4c-2ff4259476ff","is_console_command":true,"extra":"{\"sr_no\":1}"} 
[2026-02-09 10:51:47] testing.INFO: PaymentSplits:Observer - Applied discount to first split for payment code: CAR-ABCDEF12345 {"trace_id":"791405c1-dd88-4c2a-9d4c-2ff4259476ff","is_console_command":true} 
[2026-02-09 10:51:47] testing.INFO: PaymentSplits:Observer - Applied discount to first split for payment code: CAR-ABCDEF12345 {"trace_id":"791405c1-dd88-4c2a-9d4c-2ff4259476ff","is_console_command":true,"extra":"{\"sr_no\":1,\"original_amount\":1000,\"discount_value\":0,\"final_split_amount\":1000}"} 
[2026-02-09 10:51:47] testing.INFO: PaymentSplits:Observer - Calculating price and VAT for payment code: CAR-ABCDEF12345 {"trace_id":"791405c1-dd88-4c2a-9d4c-2ff4259476ff","is_console_command":true} 
[2026-02-09 10:51:47] testing.INFO: PaymentSplits:Observer - Calculating price and VAT for payment code: CAR-ABCDEF12345 {"trace_id":"791405c1-dd88-4c2a-9d4c-2ff4259476ff","is_console_command":true,"extra":"{\"sr_no\":1,\"total_payments\":1,\"frequency\":\"upfront\",\"total_price\":1000,\"split_amount\":1000}"} 
[2026-02-09 10:51:47] testing.INFO: SplitPaymentService - Processing ecommLob quote for payment code: CAR-ABCDEF12345 {"trace_id":"791405c1-dd88-4c2a-9d4c-2ff4259476ff","is_console_command":true} 
[2026-02-09 10:51:47] testing.INFO: SplitPaymentService - Processing ecommLob quote for payment code: CAR-ABCDEF12345 {"trace_id":"791405c1-dd88-4c2a-9d4c-2ff4259476ff","is_console_command":true,"extra":"{\"modelType\":\"Car\",\"computedPrice\":1000}"} 
[2026-02-09 10:51:47] testing.INFO: SplitPaymentService - ecommLob VAT calculation for payment code: CAR-ABCDEF12345 {"trace_id":"791405c1-dd88-4c2a-9d4c-2ff4259476ff","is_console_command":true} 
[2026-02-09 10:51:47] testing.INFO: SplitPaymentService - ecommLob VAT calculation for payment code: CAR-ABCDEF12345 {"trace_id":"791405c1-dd88-4c2a-9d4c-2ff4259476ff","is_console_command":true,"extra":"{\"modelType\":\"Car\",\"priceWithoutVat\":952.3809523809523,\"vat\":47.61904761904761}"} 
[2026-02-09 10:51:47] testing.INFO: SplitPaymentService - Final price after adding non-applicable VAT amount for payment code: CAR-ABCDEF12345 {"trace_id":"791405c1-dd88-4c2a-9d4c-2ff4259476ff","is_console_command":true} 
[2026-02-09 10:51:47] testing.INFO: SplitPaymentService - Final price after adding non-applicable VAT amount for payment code: CAR-ABCDEF12345 {"trace_id":"791405c1-dd88-4c2a-9d4c-2ff4259476ff","is_console_command":true,"extra":"{\"final_priceWithoutVat\":952.3809523809523,\"priceVatNotApplicable\":0,\"vat\":47.61904761904761}"} 
[2026-02-09 10:51:47] testing.INFO: PaymentSplits:Observer - VAT calculation completed for payment code: CAR-ABCDEF12345 {"trace_id":"791405c1-dd88-4c2a-9d4c-2ff4259476ff","is_console_command":true} 
[2026-02-09 10:51:47] testing.INFO: PaymentSplits:Observer - VAT calculation completed for payment code: CAR-ABCDEF12345 {"trace_id":"791405c1-dd88-4c2a-9d4c-2ff4259476ff","is_console_command":true,"extra":"{\"sr_no\":1,\"price_without_vat\":952.38,\"vat\":47.62}"} 
[2026-02-09 10:51:47] testing.INFO: PaymentSplits:Observer - Payment split updated for payment code: CAR-ABCDEF12345 {"trace_id":"791405c1-dd88-4c2a-9d4c-2ff4259476ff","is_console_command":true} 
[2026-02-09 10:51:47] testing.INFO: PaymentSplits:Observer - Payment split updated for payment code: CAR-ABCDEF12345 {"trace_id":"791405c1-dd88-4c2a-9d4c-2ff4259476ff","is_console_command":true,"extra":"{\"sr_no\":1}"} 
[2026-02-09 10:51:48] testing.INFO: Starting manual payment creation process for quote code: CAR-ABCDEF12345 {"ref_id":"CAR-ABCDEF12345","feature":"create-payment"} {"feature":"create-payment","code":"CAR-ABCDEF12345"}
[2026-02-09 10:51:48] testing.INFO: Starting manual payment creation process for quote code: CAR-ABCDEF12345 {"ref_id":"CAR-ABCDEF12345","feature":"create-payment"} {"feature":"create-payment","code":"CAR-ABCDEF12345"}
[2026-02-09 10:51:48] testing.INFO: Generated payment code CAR-ABCDEF12345 for quote CAR-ABCDEF12345 (payment #0 for this quote) {"ref_id":"CAR-ABCDEF12345","feature":"create-payment"} {"feature":"create-payment","code":"CAR-ABCDEF12345"}
[2026-02-09 10:51:48] testing.INFO: Generated payment code CAR-ABCDEF12345 for quote CAR-ABCDEF12345 (payment #0 for this quote) {"ref_id":"CAR-ABCDEF12345","feature":"create-payment"} {"feature":"create-payment","code":"CAR-ABCDEF12345"}
[2026-02-09 10:51:48] testing.INFO: Payment pre-authorized for payment method: IP {"ref_id":"CAR-ABCDEF12345","feature":"create-payment"} {"feature":"create-payment","code":"CAR-ABCDEF12345"}
[2026-02-09 10:51:48] testing.INFO: Payment pre-authorized for payment method: IP {"ref_id":"CAR-ABCDEF12345","feature":"create-payment"} {"feature":"create-payment","code":"CAR-ABCDEF12345"}
[2026-02-09 10:51:48] testing.INFO: Payment:Observer - Starting VAT calculation for payment code: CAR-ABCDEF12345 {"ref_id":"CAR-ABCDEF12345","feature":"create-payment"} {"feature":"create-payment","code":"CAR-ABCDEF12345"}
[2026-02-09 10:51:48] testing.INFO: Payment:Observer - Starting VAT calculation for payment code: CAR-ABCDEF12345 {"ref_id":"CAR-ABCDEF12345","feature":"create-payment","extra":"{\"total_price\":\"1000\"}"} {"feature":"create-payment","code":"CAR-ABCDEF12345"}
[2026-02-09 10:51:48] testing.INFO: Payment:Observer - Other quote type detected for payment code: CAR-ABCDEF12345 {"ref_id":"CAR-ABCDEF12345","feature":"create-payment"} {"feature":"create-payment","code":"CAR-ABCDEF12345"}
[2026-02-09 10:51:48] testing.INFO: Payment:Observer - Other quote type detected for payment code: CAR-ABCDEF12345 {"ref_id":"CAR-ABCDEF12345","feature":"create-payment"} {"feature":"create-payment","code":"CAR-ABCDEF12345"}
[2026-02-09 10:51:48] testing.INFO: SplitPaymentService - Processing ecommLob quote for payment code: CAR-ABCDEF12345 {"ref_id":"CAR-ABCDEF12345","feature":"create-payment"} {"feature":"create-payment","code":"CAR-ABCDEF12345"}
[2026-02-09 10:51:48] testing.INFO: SplitPaymentService - Processing ecommLob quote for payment code: CAR-ABCDEF12345 {"ref_id":"CAR-ABCDEF12345","feature":"create-payment","extra":"{\"modelType\":\"Car\",\"computedPrice\":\"1000\"}"} {"feature":"create-payment","code":"CAR-ABCDEF12345"}
[2026-02-09 10:51:48] testing.INFO: SplitPaymentService - ecommLob VAT calculation for payment code: CAR-ABCDEF12345 {"ref_id":"CAR-ABCDEF12345","feature":"create-payment"} {"feature":"create-payment","code":"CAR-ABCDEF12345"}
[2026-02-09 10:51:48] testing.INFO: SplitPaymentService - ecommLob VAT calculation for payment code: CAR-ABCDEF12345 {"ref_id":"CAR-ABCDEF12345","feature":"create-payment","extra":"{\"modelType\":\"Car\",\"priceWithoutVat\":952.3809523809523,\"vat\":47.61904761904761}"} {"feature":"create-payment","code":"CAR-ABCDEF12345"}
[2026-02-09 10:51:48] testing.INFO: SplitPaymentService - Final price after adding non-applicable VAT amount for payment code: CAR-ABCDEF12345 {"ref_id":"CAR-ABCDEF12345","feature":"create-payment"} {"feature":"create-payment","code":"CAR-ABCDEF12345"}
[2026-02-09 10:51:48] testing.INFO: SplitPaymentService - Final price after adding non-applicable VAT amount for payment code: CAR-ABCDEF12345 {"ref_id":"CAR-ABCDEF12345","feature":"create-payment","extra":"{\"final_priceWithoutVat\":952.3809523809523,\"priceVatNotApplicable\":0,\"vat\":47.61904761904761}"} {"feature":"create-payment","code":"CAR-ABCDEF12345"}
[2026-02-09 10:51:48] testing.INFO: Payment:Observer - VAT calculation completed for payment code: CAR-ABCDEF12345 {"ref_id":"CAR-ABCDEF12345","feature":"create-payment"} {"feature":"create-payment","code":"CAR-ABCDEF12345"}
[2026-02-09 10:51:48] testing.INFO: Payment:Observer - VAT calculation completed for payment code: CAR-ABCDEF12345 {"ref_id":"CAR-ABCDEF12345","feature":"create-payment","extra":"{\"price_without_vat\":952.38,\"vat\":47.62,\"total_price\":\"1000\",\"model_type\":\"Car\",\"quote_id\":1,\"send_update_log_id\":null}"} {"feature":"create-payment","code":"CAR-ABCDEF12345"}
[2026-02-09 10:51:48] testing.INFO: Payment:Observer complete - update VAT and Price  for payment code: CAR-ABCDEF12345 {"ref_id":"CAR-ABCDEF12345","feature":"create-payment"} {"feature":"create-payment","code":"CAR-ABCDEF12345"}
[2026-02-09 10:51:48] testing.INFO: Payment:Observer complete - update VAT and Price  for payment code: CAR-ABCDEF12345 {"ref_id":"CAR-ABCDEF12345","feature":"create-payment"} {"feature":"create-payment","code":"CAR-ABCDEF12345"}
[2026-02-09 10:51:48] testing.INFO: Main Lead Payment created with Code: CAR-ABCDEF12345 {"ref_id":"CAR-ABCDEF12345","feature":"create-payment"} {"feature":"create-payment","code":"CAR-ABCDEF12345"}
[2026-02-09 10:51:48] testing.INFO: Main Lead Payment created with Code: CAR-ABCDEF12345 {"ref_id":"CAR-ABCDEF12345","feature":"create-payment"} {"feature":"create-payment","code":"CAR-ABCDEF12345"}
[2026-02-09 10:51:48] testing.INFO: Starting to add payment splits for payment code: CAR-ABCDEF12345 {"ref_id":"CAR-ABCDEF12345","feature":"create-payment"} {"feature":"create-payment","code":"CAR-ABCDEF12345"}
[2026-02-09 10:51:48] testing.INFO: Starting to add payment splits for payment code: CAR-ABCDEF12345 {"ref_id":"CAR-ABCDEF12345","feature":"create-payment"} {"feature":"create-payment","code":"CAR-ABCDEF12345"}
[2026-02-09 10:51:48] testing.INFO: Starting split payment creation for payment code: CAR-ABCDEF12345 {"ref_id":"CAR-ABCDEF12345","feature":"create-payment"} {"feature":"create-payment","code":"CAR-ABCDEF12345"}
[2026-02-09 10:51:48] testing.INFO: Starting split payment creation for payment code: CAR-ABCDEF12345 {"ref_id":"CAR-ABCDEF12345","feature":"create-payment"} {"feature":"create-payment","code":"CAR-ABCDEF12345"}
[2026-02-09 10:51:48] testing.INFO: PaymentSplits:Observer - Starting VAT calculation for payment code: CAR-ABCDEF12345 {"ref_id":"CAR-ABCDEF12345","feature":"create-payment"} {"feature":"create-payment","code":"CAR-ABCDEF12345"}
[2026-02-09 10:51:48] testing.INFO: PaymentSplits:Observer - Starting VAT calculation for payment code: CAR-ABCDEF12345 {"ref_id":"CAR-ABCDEF12345","feature":"create-payment","extra":"{\"sr_no\":1}"} {"feature":"create-payment","code":"CAR-ABCDEF12345"}
[2026-02-09 10:51:48] testing.INFO: PaymentSplits:Observer - Found non perosnal for payment code: CAR-ABCDEF12345 {"ref_id":"CAR-ABCDEF12345","feature":"create-payment"} {"feature":"create-payment","code":"CAR-ABCDEF12345"}
[2026-02-09 10:51:48] testing.INFO: PaymentSplits:Observer - Found non perosnal for payment code: CAR-ABCDEF12345 {"ref_id":"CAR-ABCDEF12345","feature":"create-payment","extra":"{\"sr_no\":1}"} {"feature":"create-payment","code":"CAR-ABCDEF12345"}
[2026-02-09 10:51:48] testing.INFO: PaymentSplits:Observer - Applied discount to first split for payment code: CAR-ABCDEF12345 {"ref_id":"CAR-ABCDEF12345","feature":"create-payment"} {"feature":"create-payment","code":"CAR-ABCDEF12345"}
[2026-02-09 10:51:48] testing.INFO: PaymentSplits:Observer - Applied discount to first split for payment code: CAR-ABCDEF12345 {"ref_id":"CAR-ABCDEF12345","feature":"create-payment","extra":"{\"sr_no\":1,\"original_amount\":\"1000\",\"discount_value\":0,\"final_split_amount\":1000}"} {"feature":"create-payment","code":"CAR-ABCDEF12345"}
[2026-02-09 10:51:48] testing.INFO: PaymentSplits:Observer - Calculating price and VAT for payment code: CAR-ABCDEF12345 {"ref_id":"CAR-ABCDEF12345","feature":"create-payment"} {"feature":"create-payment","code":"CAR-ABCDEF12345"}
[2026-02-09 10:51:48] testing.INFO: PaymentSplits:Observer - Calculating price and VAT for payment code: CAR-ABCDEF12345 {"ref_id":"CAR-ABCDEF12345","feature":"create-payment","extra":"{\"sr_no\":1,\"total_payments\":1,\"frequency\":\"upfront\",\"total_price\":1000,\"split_amount\":1000}"} {"feature":"create-payment","code":"CAR-ABCDEF12345"}
[2026-02-09 10:51:48] testing.INFO: SplitPaymentService - Processing ecommLob quote for payment code: CAR-ABCDEF12345 {"ref_id":"CAR-ABCDEF12345","feature":"create-payment"} {"feature":"create-payment","code":"CAR-ABCDEF12345"}
[2026-02-09 10:51:48] testing.INFO: SplitPaymentService - Processing ecommLob quote for payment code: CAR-ABCDEF12345 {"ref_id":"CAR-ABCDEF12345","feature":"create-payment","extra":"{\"modelType\":\"Car\",\"computedPrice\":1000}"} {"feature":"create-payment","code":"CAR-ABCDEF12345"}
[2026-02-09 10:51:48] testing.INFO: SplitPaymentService - ecommLob VAT calculation for payment code: CAR-ABCDEF12345 {"ref_id":"CAR-ABCDEF12345","feature":"create-payment"} {"feature":"create-payment","code":"CAR-ABCDEF12345"}
[2026-02-09 10:51:48] testing.INFO: SplitPaymentService - ecommLob VAT calculation for payment code: CAR-ABCDEF12345 {"ref_id":"CAR-ABCDEF12345","feature":"create-payment","extra":"{\"modelType\":\"Car\",\"priceWithoutVat\":952.3809523809523,\"vat\":47.61904761904761}"} {"feature":"create-payment","code":"CAR-ABCDEF12345"}
[2026-02-09 10:51:48] testing.INFO: SplitPaymentService - Final price after adding non-applicable VAT amount for payment code: CAR-ABCDEF12345 {"ref_id":"CAR-ABCDEF12345","feature":"create-payment"} {"feature":"create-payment","code":"CAR-ABCDEF12345"}
[2026-02-09 10:51:48] testing.INFO: SplitPaymentService - Final price after adding non-applicable VAT amount for payment code: CAR-ABCDEF12345 {"ref_id":"CAR-ABCDEF12345","feature":"create-payment","extra":"{\"final_priceWithoutVat\":952.3809523809523,\"priceVatNotApplicable\":0,\"vat\":47.61904761904761}"} {"feature":"create-payment","code":"CAR-ABCDEF12345"}
[2026-02-09 10:51:48] testing.INFO: PaymentSplits:Observer - VAT calculation completed for payment code: CAR-ABCDEF12345 {"ref_id":"CAR-ABCDEF12345","feature":"create-payment"} {"feature":"create-payment","code":"CAR-ABCDEF12345"}
[2026-02-09 10:51:48] testing.INFO: PaymentSplits:Observer - VAT calculation completed for payment code: CAR-ABCDEF12345 {"ref_id":"CAR-ABCDEF12345","feature":"create-payment","extra":"{\"sr_no\":1,\"price_without_vat\":952.38,\"vat\":47.62}"} {"feature":"create-payment","code":"CAR-ABCDEF12345"}
[2026-02-09 10:51:48] testing.INFO: PaymentSplits:Observer - Payment split updated for payment code: CAR-ABCDEF12345 {"ref_id":"CAR-ABCDEF12345","feature":"create-payment"} {"feature":"create-payment","code":"CAR-ABCDEF12345"}
[2026-02-09 10:51:48] testing.INFO: PaymentSplits:Observer - Payment split updated for payment code: CAR-ABCDEF12345 {"ref_id":"CAR-ABCDEF12345","feature":"create-payment","extra":"{\"sr_no\":1}"} {"feature":"create-payment","code":"CAR-ABCDEF12345"}
[2026-02-09 10:51:48] testing.INFO: Created payment split #1 for payment CAR-ABCDEF12345 with method IP {"ref_id":"CAR-ABCDEF12345","feature":"create-payment"} {"feature":"create-payment","code":"CAR-ABCDEF12345"}
[2026-02-09 10:51:48] testing.INFO: Created payment split #1 for payment CAR-ABCDEF12345 with method IP {"ref_id":"CAR-ABCDEF12345","feature":"create-payment"} {"feature":"create-payment","code":"CAR-ABCDEF12345"}
[2026-02-09 10:51:48] testing.INFO: Updated payment split #1 status to 14 for CAR-ABCDEF12345 {"ref_id":"CAR-ABCDEF12345","feature":"create-payment"} {"feature":"create-payment","code":"CAR-ABCDEF12345"}
[2026-02-09 10:51:48] testing.INFO: Updated payment split #1 status to 14 for CAR-ABCDEF12345 {"ref_id":"CAR-ABCDEF12345","feature":"create-payment"} {"feature":"create-payment","code":"CAR-ABCDEF12345"}
[2026-02-09 10:51:48] testing.INFO: Master payment code: CAR-ABCDEF12345 - setMasterPaymentStatus called {"ref_id":"CAR-ABCDEF12345","feature":"create-payment"} {"feature":"create-payment","code":"CAR-ABCDEF12345"}
[2026-02-09 10:51:48] testing.INFO: Master payment code: CAR-ABCDEF12345 - setMasterPaymentStatus called {"ref_id":"CAR-ABCDEF12345","feature":"create-payment"} {"feature":"create-payment","code":"CAR-ABCDEF12345"}
[2026-02-09 10:51:48] testing.INFO: Master payment code: CAR-ABCDEF12345 - Payment status updated from 14 to 14 {"ref_id":"CAR-ABCDEF12345","feature":"create-payment"} {"feature":"create-payment","code":"CAR-ABCDEF12345"}
[2026-02-09 10:51:48] testing.INFO: Master payment code: CAR-ABCDEF12345 - Payment status updated from 14 to 14 {"ref_id":"CAR-ABCDEF12345","feature":"create-payment"} {"feature":"create-payment","code":"CAR-ABCDEF12345"}
[2026-02-09 10:51:48] testing.WARNING: Quote not synced from quote_sync table, uuid: ABCDEF12345 {"ref_id":"CAR-ABCDEF12345","feature":"create-payment"} {"feature":"create-payment","code":"CAR-ABCDEF12345"}
[2026-02-09 10:51:48] testing.WARNING: Quote not synced from quote_sync table, uuid: ABCDEF12345 {"ref_id":"CAR-ABCDEF12345","feature":"create-payment"} {"feature":"create-payment","code":"CAR-ABCDEF12345"}
[2026-02-09 10:51:48] testing.INFO: Master payment code: CAR-ABCDEF12345 quote payment status updated from  to 14 {"ref_id":"CAR-ABCDEF12345","feature":"create-payment"} {"feature":"create-payment","code":"CAR-ABCDEF12345"}
[2026-02-09 10:51:48] testing.INFO: Master payment code: CAR-ABCDEF12345 quote payment status updated from  to 14 {"ref_id":"CAR-ABCDEF12345","feature":"create-payment"} {"feature":"create-payment","code":"CAR-ABCDEF12345"}
[2026-02-09 10:51:48] testing.INFO: Updated master payment status completed for CAR-ABCDEF12345 {"ref_id":"CAR-ABCDEF12345","feature":"create-payment"} {"feature":"create-payment","code":"CAR-ABCDEF12345"}
[2026-02-09 10:51:48] testing.INFO: Updated master payment status completed for CAR-ABCDEF12345 {"ref_id":"CAR-ABCDEF12345","feature":"create-payment"} {"feature":"create-payment","code":"CAR-ABCDEF12345"}
[2026-02-09 10:51:48] testing.INFO: Completed split payment creation for CAR-ABCDEF12345 {"ref_id":"CAR-ABCDEF12345","feature":"create-payment"} {"feature":"create-payment","code":"CAR-ABCDEF12345"}
[2026-02-09 10:51:48] testing.INFO: Completed split payment creation for CAR-ABCDEF12345 {"ref_id":"CAR-ABCDEF12345","feature":"create-payment"} {"feature":"create-payment","code":"CAR-ABCDEF12345"}
[2026-02-09 10:51:48] testing.INFO: Payment splits successfully added for payment code: CAR-ABCDEF12345 {"ref_id":"CAR-ABCDEF12345","feature":"create-payment"} {"feature":"create-payment","code":"CAR-ABCDEF12345"}
[2026-02-09 10:51:48] testing.INFO: Payment splits successfully added for payment code: CAR-ABCDEF12345 {"ref_id":"CAR-ABCDEF12345","feature":"create-payment"} {"feature":"create-payment","code":"CAR-ABCDEF12345"}
[2026-02-09 10:51:48] testing.INFO: Payment status log created for payment code: CAR-ABCDEF12345 {"ref_id":"CAR-ABCDEF12345","feature":"create-payment"} {"feature":"create-payment","code":"CAR-ABCDEF12345"}
[2026-02-09 10:51:48] testing.INFO: Payment status log created for payment code: CAR-ABCDEF12345 {"ref_id":"CAR-ABCDEF12345","feature":"create-payment"} {"feature":"create-payment","code":"CAR-ABCDEF12345"}
[2026-02-09 10:51:48] testing.INFO: Quote status updated to Payment Pending for quote code: CAR-ABCDEF12345 {"ref_id":"CAR-ABCDEF12345","feature":"create-payment"} {"feature":"create-payment","code":"CAR-ABCDEF12345"}
[2026-02-09 10:51:48] testing.INFO: Quote status updated to Payment Pending for quote code: CAR-ABCDEF12345 {"ref_id":"CAR-ABCDEF12345","feature":"create-payment"} {"feature":"create-payment","code":"CAR-ABCDEF12345"}
[2026-02-09 10:51:48] testing.INFO: Payment creation transaction committed successfully for payment code: CAR-ABCDEF12345 {"ref_id":"CAR-ABCDEF12345","feature":"create-payment"} {"feature":"create-payment","code":"CAR-ABCDEF12345"}
[2026-02-09 10:51:48] testing.INFO: Payment creation transaction committed successfully for payment code: CAR-ABCDEF12345 {"ref_id":"CAR-ABCDEF12345","feature":"create-payment"} {"feature":"create-payment","code":"CAR-ABCDEF12345"}
[2026-02-09 10:51:48] testing.INFO: Payment:Observer - Starting VAT calculation for payment code: CAR-ABCDEF12345 {"trace_id":"cd88fef8-0882-4976-b123-3bffe351bdd3","is_console_command":true} 
[2026-02-09 10:51:48] testing.INFO: Payment:Observer - Starting VAT calculation for payment code: CAR-ABCDEF12345 {"trace_id":"cd88fef8-0882-4976-b123-3bffe351bdd3","is_console_command":true,"extra":"{\"total_price\":1000}"} 
[2026-02-09 10:51:48] testing.INFO: Payment:Observer - Other quote type detected for payment code: CAR-ABCDEF12345 {"trace_id":"cd88fef8-0882-4976-b123-3bffe351bdd3","is_console_command":true} 
[2026-02-09 10:51:48] testing.INFO: Payment:Observer - Other quote type detected for payment code: CAR-ABCDEF12345 {"trace_id":"cd88fef8-0882-4976-b123-3bffe351bdd3","is_console_command":true} 
[2026-02-09 10:51:48] testing.INFO: SplitPaymentService - Processing ecommLob quote for payment code: CAR-ABCDEF12345 {"trace_id":"cd88fef8-0882-4976-b123-3bffe351bdd3","is_console_command":true} 
[2026-02-09 10:51:48] testing.INFO: SplitPaymentService - Processing ecommLob quote for payment code: CAR-ABCDEF12345 {"trace_id":"cd88fef8-0882-4976-b123-3bffe351bdd3","is_console_command":true,"extra":"{\"modelType\":\"Car\",\"computedPrice\":1000}"} 
[2026-02-09 10:51:48] testing.INFO: SplitPaymentService - ecommLob VAT calculation for payment code: CAR-ABCDEF12345 {"trace_id":"cd88fef8-0882-4976-b123-3bffe351bdd3","is_console_command":true} 
[2026-02-09 10:51:48] testing.INFO: SplitPaymentService - ecommLob VAT calculation for payment code: CAR-ABCDEF12345 {"trace_id":"cd88fef8-0882-4976-b123-3bffe351bdd3","is_console_command":true,"extra":"{\"modelType\":\"Car\",\"priceWithoutVat\":952.3809523809523,\"vat\":47.61904761904761}"} 
[2026-02-09 10:51:48] testing.INFO: SplitPaymentService - Final price after adding non-applicable VAT amount for payment code: CAR-ABCDEF12345 {"trace_id":"cd88fef8-0882-4976-b123-3bffe351bdd3","is_console_command":true} 
[2026-02-09 10:51:48] testing.INFO: SplitPaymentService - Final price after adding non-applicable VAT amount for payment code: CAR-ABCDEF12345 {"trace_id":"cd88fef8-0882-4976-b123-3bffe351bdd3","is_console_command":true,"extra":"{\"final_priceWithoutVat\":952.3809523809523,\"priceVatNotApplicable\":0,\"vat\":47.61904761904761}"} 
[2026-02-09 10:51:48] testing.INFO: Payment:Observer - VAT calculation completed for payment code: CAR-ABCDEF12345 {"trace_id":"cd88fef8-0882-4976-b123-3bffe351bdd3","is_console_command":true} 
[2026-02-09 10:51:48] testing.INFO: Payment:Observer - VAT calculation completed for payment code: CAR-ABCDEF12345 {"trace_id":"cd88fef8-0882-4976-b123-3bffe351bdd3","is_console_command":true,"extra":"{\"price_without_vat\":952.38,\"vat\":47.62,\"total_price\":1000,\"model_type\":\"Car\",\"quote_id\":1,\"send_update_log_id\":null}"} 
[2026-02-09 10:51:48] testing.INFO: Payment:Observer complete - update VAT and Price  for payment code: CAR-ABCDEF12345 {"trace_id":"cd88fef8-0882-4976-b123-3bffe351bdd3","is_console_command":true} 
[2026-02-09 10:51:48] testing.INFO: Payment:Observer complete - update VAT and Price  for payment code: CAR-ABCDEF12345 {"trace_id":"cd88fef8-0882-4976-b123-3bffe351bdd3","is_console_command":true} 
[2026-02-09 10:51:48] testing.INFO: PaymentSplits:Observer - Starting VAT calculation for payment code: CAR-ABCDEF12345 {"trace_id":"cd88fef8-0882-4976-b123-3bffe351bdd3","is_console_command":true} 
[2026-02-09 10:51:48] testing.INFO: PaymentSplits:Observer - Starting VAT calculation for payment code: CAR-ABCDEF12345 {"trace_id":"cd88fef8-0882-4976-b123-3bffe351bdd3","is_console_command":true,"extra":"{\"sr_no\":1}"} 
[2026-02-09 10:51:48] testing.INFO: PaymentSplits:Observer - Found non perosnal for payment code: CAR-ABCDEF12345 {"trace_id":"cd88fef8-0882-4976-b123-3bffe351bdd3","is_console_command":true} 
[2026-02-09 10:51:48] testing.INFO: PaymentSplits:Observer - Found non perosnal for payment code: CAR-ABCDEF12345 {"trace_id":"cd88fef8-0882-4976-b123-3bffe351bdd3","is_console_command":true,"extra":"{\"sr_no\":1}"} 
[2026-02-09 10:51:48] testing.INFO: PaymentSplits:Observer - Applied discount to first split for payment code: CAR-ABCDEF12345 {"trace_id":"cd88fef8-0882-4976-b123-3bffe351bdd3","is_console_command":true} 
[2026-02-09 10:51:48] testing.INFO: PaymentSplits:Observer - Applied discount to first split for payment code: CAR-ABCDEF12345 {"trace_id":"cd88fef8-0882-4976-b123-3bffe351bdd3","is_console_command":true,"extra":"{\"sr_no\":1,\"original_amount\":1000,\"discount_value\":0,\"final_split_amount\":1000}"} 
[2026-02-09 10:51:48] testing.INFO: PaymentSplits:Observer - Calculating price and VAT for payment code: CAR-ABCDEF12345 {"trace_id":"cd88fef8-0882-4976-b123-3bffe351bdd3","is_console_command":true} 
[2026-02-09 10:51:48] testing.INFO: PaymentSplits:Observer - Calculating price and VAT for payment code: CAR-ABCDEF12345 {"trace_id":"cd88fef8-0882-4976-b123-3bffe351bdd3","is_console_command":true,"extra":"{\"sr_no\":1,\"total_payments\":1,\"frequency\":\"upfront\",\"total_price\":1000,\"split_amount\":1000}"} 
[2026-02-09 10:51:48] testing.INFO: SplitPaymentService - Processing ecommLob quote for payment code: CAR-ABCDEF12345 {"trace_id":"cd88fef8-0882-4976-b123-3bffe351bdd3","is_console_command":true} 
[2026-02-09 10:51:48] testing.INFO: SplitPaymentService - Processing ecommLob quote for payment code: CAR-ABCDEF12345 {"trace_id":"cd88fef8-0882-4976-b123-3bffe351bdd3","is_console_command":true,"extra":"{\"modelType\":\"Car\",\"computedPrice\":1000}"} 
[2026-02-09 10:51:48] testing.INFO: SplitPaymentService - ecommLob VAT calculation for payment code: CAR-ABCDEF12345 {"trace_id":"cd88fef8-0882-4976-b123-3bffe351bdd3","is_console_command":true} 
[2026-02-09 10:51:48] testing.INFO: SplitPaymentService - ecommLob VAT calculation for payment code: CAR-ABCDEF12345 {"trace_id":"cd88fef8-0882-4976-b123-3bffe351bdd3","is_console_command":true,"extra":"{\"modelType\":\"Car\",\"priceWithoutVat\":952.3809523809523,\"vat\":47.61904761904761}"} 
[2026-02-09 10:51:48] testing.INFO: SplitPaymentService - Final price after adding non-applicable VAT amount for payment code: CAR-ABCDEF12345 {"trace_id":"cd88fef8-0882-4976-b123-3bffe351bdd3","is_console_command":true} 
[2026-02-09 10:51:48] testing.INFO: SplitPaymentService - Final price after adding non-applicable VAT amount for payment code: CAR-ABCDEF12345 {"trace_id":"cd88fef8-0882-4976-b123-3bffe351bdd3","is_console_command":true,"extra":"{\"final_priceWithoutVat\":952.3809523809523,\"priceVatNotApplicable\":0,\"vat\":47.61904761904761}"} 
[2026-02-09 10:51:48] testing.INFO: PaymentSplits:Observer - VAT calculation completed for payment code: CAR-ABCDEF12345 {"trace_id":"cd88fef8-0882-4976-b123-3bffe351bdd3","is_console_command":true} 
[2026-02-09 10:51:48] testing.INFO: PaymentSplits:Observer - VAT calculation completed for payment code: CAR-ABCDEF12345 {"trace_id":"cd88fef8-0882-4976-b123-3bffe351bdd3","is_console_command":true,"extra":"{\"sr_no\":1,\"price_without_vat\":952.38,\"vat\":47.62}"} 
[2026-02-09 10:51:48] testing.INFO: PaymentSplits:Observer - Payment split updated for payment code: CAR-ABCDEF12345 {"trace_id":"cd88fef8-0882-4976-b123-3bffe351bdd3","is_console_command":true} 
[2026-02-09 10:51:48] testing.INFO: PaymentSplits:Observer - Payment split updated for payment code: CAR-ABCDEF12345 {"trace_id":"cd88fef8-0882-4976-b123-3bffe351bdd3","is_console_command":true,"extra":"{\"sr_no\":1}"} 
[2026-02-09 10:51:48] testing.INFO: Starting payment update process for code: CAR-ABCDEF12345 is payment locked:  {"trace_id":"95997e89-9756-4e4f-9ad7-2f755066cf82","is_console_command":true,"request_path":"POST payments/Car/update-new","request_ip":"127.0.0.1","user_agent":"Symfony","execution_time_ms":null,"feature":"update-payment"} {"feature":"update-payment","code":"CAR-ABCDEF12345"}
[2026-02-09 10:51:48] testing.INFO: Starting payment update process for code: CAR-ABCDEF12345 is payment locked:  {"trace_id":"95997e89-9756-4e4f-9ad7-2f755066cf82","is_console_command":true,"request_path":"POST payments/Car/update-new","request_ip":"127.0.0.1","user_agent":"Symfony","execution_time_ms":null,"feature":"update-payment"} {"feature":"update-payment","code":"CAR-ABCDEF12345"}
[2026-02-09 10:51:48] testing.INFO: Processing full payment update for code: CAR-ABCDEF12345 {"trace_id":"95997e89-9756-4e4f-9ad7-2f755066cf82","is_console_command":true,"request_path":"POST payments/Car/update-new","request_ip":"127.0.0.1","user_agent":"Symfony","execution_time_ms":null,"feature":"update-payment"} {"feature":"update-payment","code":"CAR-ABCDEF12345"}
[2026-02-09 10:51:48] testing.INFO: Processing full payment update for code: CAR-ABCDEF12345 {"trace_id":"95997e89-9756-4e4f-9ad7-2f755066cf82","is_console_command":true,"request_path":"POST payments/Car/update-new","request_ip":"127.0.0.1","user_agent":"Symfony","execution_time_ms":null,"feature":"update-payment"} {"feature":"update-payment","code":"CAR-ABCDEF12345"}
[2026-02-09 10:51:48] testing.INFO: Payment updated successfully for Payment Code: CAR-ABCDEF12345 {"trace_id":"95997e89-9756-4e4f-9ad7-2f755066cf82","is_console_command":true,"request_path":"POST payments/Car/update-new","request_ip":"127.0.0.1","user_agent":"Symfony","execution_time_ms":null,"feature":"update-payment"} {"feature":"update-payment","code":"CAR-ABCDEF12345"}
[2026-02-09 10:51:48] testing.INFO: Payment updated successfully for Payment Code: CAR-ABCDEF12345 {"trace_id":"95997e89-9756-4e4f-9ad7-2f755066cf82","is_console_command":true,"request_path":"POST payments/Car/update-new","request_ip":"127.0.0.1","user_agent":"Symfony","execution_time_ms":null,"feature":"update-payment"} {"feature":"update-payment","code":"CAR-ABCDEF12345"}
[2026-02-09 10:51:48] testing.INFO: Starting update payment splits for payment code: CAR-ABCDEF12345 {"trace_id":"95997e89-9756-4e4f-9ad7-2f755066cf82","is_console_command":true,"request_path":"POST payments/Car/update-new","request_ip":"127.0.0.1","user_agent":"Symfony","execution_time_ms":null,"feature":"update-payment"} {"feature":"update-payment","code":"CAR-ABCDEF12345"}
[2026-02-09 10:51:48] testing.INFO: Starting update payment splits for payment code: CAR-ABCDEF12345 {"trace_id":"95997e89-9756-4e4f-9ad7-2f755066cf82","is_console_command":true,"request_path":"POST payments/Car/update-new","request_ip":"127.0.0.1","user_agent":"Symfony","execution_time_ms":null,"feature":"update-payment"} {"feature":"update-payment","code":"CAR-ABCDEF12345"}
[2026-02-09 10:51:48] testing.INFO: Processing payment split #1 for payment CAR-ABCDEF12345 with method CC {"trace_id":"95997e89-9756-4e4f-9ad7-2f755066cf82","is_console_command":true,"request_path":"POST payments/Car/update-new","request_ip":"127.0.0.1","user_agent":"Symfony","execution_time_ms":null,"feature":"update-payment"} {"feature":"update-payment","code":"CAR-ABCDEF12345"}
[2026-02-09 10:51:48] testing.INFO: Processing payment split #1 for payment CAR-ABCDEF12345 with method CC {"trace_id":"95997e89-9756-4e4f-9ad7-2f755066cf82","is_console_command":true,"request_path":"POST payments/Car/update-new","request_ip":"127.0.0.1","user_agent":"Symfony","execution_time_ms":null,"feature":"update-payment"} {"feature":"update-payment","code":"CAR-ABCDEF12345"}
[2026-02-09 10:51:48] testing.INFO: Processing full payment split update for code: CAR-ABCDEF12345 {"trace_id":"95997e89-9756-4e4f-9ad7-2f755066cf82","is_console_command":true,"request_path":"POST payments/Car/update-new","request_ip":"127.0.0.1","user_agent":"Symfony","execution_time_ms":null,"feature":"update-payment"} {"feature":"update-payment","code":"CAR-ABCDEF12345"}
[2026-02-09 10:51:48] testing.INFO: Processing full payment split update for code: CAR-ABCDEF12345 {"trace_id":"95997e89-9756-4e4f-9ad7-2f755066cf82","is_console_command":true,"request_path":"POST payments/Car/update-new","request_ip":"127.0.0.1","user_agent":"Symfony","execution_time_ms":null,"feature":"update-payment"} {"feature":"update-payment","code":"CAR-ABCDEF12345"}
[2026-02-09 10:51:48] testing.INFO: PaymentSplits:Observer - Starting VAT calculation for payment code: CAR-ABCDEF12345 {"trace_id":"95997e89-9756-4e4f-9ad7-2f755066cf82","is_console_command":true,"request_path":"POST payments/Car/update-new","request_ip":"127.0.0.1","user_agent":"Symfony","execution_time_ms":null,"feature":"update-payment"} {"feature":"update-payment","code":"CAR-ABCDEF12345"}
[2026-02-09 10:51:48] testing.INFO: PaymentSplits:Observer - Starting VAT calculation for payment code: CAR-ABCDEF12345 {"trace_id":"95997e89-9756-4e4f-9ad7-2f755066cf82","is_console_command":true,"request_path":"POST payments/Car/update-new","request_ip":"127.0.0.1","user_agent":"Symfony","execution_time_ms":null,"feature":"update-payment","extra":"{\"sr_no\":1}"} {"feature":"update-payment","code":"CAR-ABCDEF12345"}
[2026-02-09 10:51:48] testing.INFO: PaymentSplits:Observer - Found non perosnal for payment code: CAR-ABCDEF12345 {"trace_id":"95997e89-9756-4e4f-9ad7-2f755066cf82","is_console_command":true,"request_path":"POST payments/Car/update-new","request_ip":"127.0.0.1","user_agent":"Symfony","execution_time_ms":null,"feature":"update-payment"} {"feature":"update-payment","code":"CAR-ABCDEF12345"}
[2026-02-09 10:51:48] testing.INFO: PaymentSplits:Observer - Found non perosnal for payment code: CAR-ABCDEF12345 {"trace_id":"95997e89-9756-4e4f-9ad7-2f755066cf82","is_console_command":true,"request_path":"POST payments/Car/update-new","request_ip":"127.0.0.1","user_agent":"Symfony","execution_time_ms":null,"feature":"update-payment","extra":"{\"sr_no\":1}"} {"feature":"update-payment","code":"CAR-ABCDEF12345"}
[2026-02-09 10:51:48] testing.INFO: PaymentSplits:Observer - Applied discount to first split for payment code: CAR-ABCDEF12345 {"trace_id":"95997e89-9756-4e4f-9ad7-2f755066cf82","is_console_command":true,"request_path":"POST payments/Car/update-new","request_ip":"127.0.0.1","user_agent":"Symfony","execution_time_ms":null,"feature":"update-payment"} {"feature":"update-payment","code":"CAR-ABCDEF12345"}
[2026-02-09 10:51:48] testing.INFO: PaymentSplits:Observer - Applied discount to first split for payment code: CAR-ABCDEF12345 {"trace_id":"95997e89-9756-4e4f-9ad7-2f755066cf82","is_console_command":true,"request_path":"POST payments/Car/update-new","request_ip":"127.0.0.1","user_agent":"Symfony","execution_time_ms":null,"feature":"update-payment","extra":"{\"sr_no\":1,\"original_amount\":500,\"discount_value\":0,\"final_split_amount\":500}"} {"feature":"update-payment","code":"CAR-ABCDEF12345"}
[2026-02-09 10:51:48] testing.INFO: PaymentSplits:Observer - Calculating price and VAT for payment code: CAR-ABCDEF12345 {"trace_id":"95997e89-9756-4e4f-9ad7-2f755066cf82","is_console_command":true,"request_path":"POST payments/Car/update-new","request_ip":"127.0.0.1","user_agent":"Symfony","execution_time_ms":null,"feature":"update-payment"} {"feature":"update-payment","code":"CAR-ABCDEF12345"}
[2026-02-09 10:51:48] testing.INFO: PaymentSplits:Observer - Calculating price and VAT for payment code: CAR-ABCDEF12345 {"trace_id":"95997e89-9756-4e4f-9ad7-2f755066cf82","is_console_command":true,"request_path":"POST payments/Car/update-new","request_ip":"127.0.0.1","user_agent":"Symfony","execution_time_ms":null,"feature":"update-payment","extra":"{\"sr_no\":1,\"total_payments\":2,\"frequency\":\"split_payments\",\"total_price\":1000,\"split_amount\":500}"} {"feature":"update-payment","code":"CAR-ABCDEF12345"}
[2026-02-09 10:51:48] testing.INFO: SplitPaymentService - Processing ecommLob quote for payment code: CAR-ABCDEF12345 {"trace_id":"95997e89-9756-4e4f-9ad7-2f755066cf82","is_console_command":true,"request_path":"POST payments/Car/update-new","request_ip":"127.0.0.1","user_agent":"Symfony","execution_time_ms":null,"feature":"update-payment"} {"feature":"update-payment","code":"CAR-ABCDEF12345"}
[2026-02-09 10:51:48] testing.INFO: SplitPaymentService - Processing ecommLob quote for payment code: CAR-ABCDEF12345 {"trace_id":"95997e89-9756-4e4f-9ad7-2f755066cf82","is_console_command":true,"request_path":"POST payments/Car/update-new","request_ip":"127.0.0.1","user_agent":"Symfony","execution_time_ms":null,"feature":"update-payment","extra":"{\"modelType\":\"Car\",\"computedPrice\":1000}"} {"feature":"update-payment","code":"CAR-ABCDEF12345"}
[2026-02-09 10:51:48] testing.INFO: SplitPaymentService - ecommLob VAT calculation for payment code: CAR-ABCDEF12345 {"trace_id":"95997e89-9756-4e4f-9ad7-2f755066cf82","is_console_command":true,"request_path":"POST payments/Car/update-new","request_ip":"127.0.0.1","user_agent":"Symfony","execution_time_ms":null,"feature":"update-payment"} {"feature":"update-payment","code":"CAR-ABCDEF12345"}
[2026-02-09 10:51:48] testing.INFO: SplitPaymentService - ecommLob VAT calculation for payment code: CAR-ABCDEF12345 {"trace_id":"95997e89-9756-4e4f-9ad7-2f755066cf82","is_console_command":true,"request_path":"POST payments/Car/update-new","request_ip":"127.0.0.1","user_agent":"Symfony","execution_time_ms":null,"feature":"update-payment","extra":"{\"modelType\":\"Car\",\"priceWithoutVat\":952.3809523809523,\"vat\":47.61904761904761}"} {"feature":"update-payment","code":"CAR-ABCDEF12345"}
[2026-02-09 10:51:48] testing.INFO: SplitPaymentService - Final price after adding non-applicable VAT amount for payment code: CAR-ABCDEF12345 {"trace_id":"95997e89-9756-4e4f-9ad7-2f755066cf82","is_console_command":true,"request_path":"POST payments/Car/update-new","request_ip":"127.0.0.1","user_agent":"Symfony","execution_time_ms":null,"feature":"update-payment"} {"feature":"update-payment","code":"CAR-ABCDEF12345"}
[2026-02-09 10:51:48] testing.INFO: SplitPaymentService - Final price after adding non-applicable VAT amount for payment code: CAR-ABCDEF12345 {"trace_id":"95997e89-9756-4e4f-9ad7-2f755066cf82","is_console_command":true,"request_path":"POST payments/Car/update-new","request_ip":"127.0.0.1","user_agent":"Symfony","execution_time_ms":null,"feature":"update-payment","extra":"{\"final_priceWithoutVat\":952.3809523809523,\"priceVatNotApplicable\":0,\"vat\":47.61904761904761}"} {"feature":"update-payment","code":"CAR-ABCDEF12345"}
[2026-02-09 10:51:48] testing.INFO: PaymentSplits:Observer - VAT calculation completed for payment code: CAR-ABCDEF12345 {"trace_id":"95997e89-9756-4e4f-9ad7-2f755066cf82","is_console_command":true,"request_path":"POST payments/Car/update-new","request_ip":"127.0.0.1","user_agent":"Symfony","execution_time_ms":null,"feature":"update-payment"} {"feature":"update-payment","code":"CAR-ABCDEF12345"}
[2026-02-09 10:51:48] testing.INFO: PaymentSplits:Observer - VAT calculation completed for payment code: CAR-ABCDEF12345 {"trace_id":"95997e89-9756-4e4f-9ad7-2f755066cf82","is_console_command":true,"request_path":"POST payments/Car/update-new","request_ip":"127.0.0.1","user_agent":"Symfony","execution_time_ms":null,"feature":"update-payment","extra":"{\"sr_no\":1,\"price_without_vat\":476.19,\"vat\":23.81}"} {"feature":"update-payment","code":"CAR-ABCDEF12345"}
[2026-02-09 10:51:48] testing.INFO: PaymentSplits:Observer - Payment split updated for payment code: CAR-ABCDEF12345 {"trace_id":"95997e89-9756-4e4f-9ad7-2f755066cf82","is_console_command":true,"request_path":"POST payments/Car/update-new","request_ip":"127.0.0.1","user_agent":"Symfony","execution_time_ms":null,"feature":"update-payment"} {"feature":"update-payment","code":"CAR-ABCDEF12345"}
[2026-02-09 10:51:48] testing.INFO: PaymentSplits:Observer - Payment split updated for payment code: CAR-ABCDEF12345 {"trace_id":"95997e89-9756-4e4f-9ad7-2f755066cf82","is_console_command":true,"request_path":"POST payments/Car/update-new","request_ip":"127.0.0.1","user_agent":"Symfony","execution_time_ms":null,"feature":"update-payment","extra":"{\"sr_no\":1}"} {"feature":"update-payment","code":"CAR-ABCDEF12345"}
[2026-02-09 10:51:48] testing.INFO: Updating payment split #1 status to 14 for payment CAR-ABCDEF12345 {"trace_id":"95997e89-9756-4e4f-9ad7-2f755066cf82","is_console_command":true,"request_path":"POST payments/Car/update-new","request_ip":"127.0.0.1","user_agent":"Symfony","execution_time_ms":null,"feature":"update-payment"} {"feature":"update-payment","code":"CAR-ABCDEF12345"}
[2026-02-09 10:51:48] testing.INFO: Updating payment split #1 status to 14 for payment CAR-ABCDEF12345 {"trace_id":"95997e89-9756-4e4f-9ad7-2f755066cf82","is_console_command":true,"request_path":"POST payments/Car/update-new","request_ip":"127.0.0.1","user_agent":"Symfony","execution_time_ms":null,"feature":"update-payment"} {"feature":"update-payment","code":"CAR-ABCDEF12345"}
[2026-02-09 10:51:48] testing.INFO: Processing payment split #2 for payment CAR-ABCDEF12345 with method IP {"trace_id":"95997e89-9756-4e4f-9ad7-2f755066cf82","is_console_command":true,"request_path":"POST payments/Car/update-new","request_ip":"127.0.0.1","user_agent":"Symfony","execution_time_ms":null,"feature":"update-payment"} {"feature":"update-payment","code":"CAR-ABCDEF12345"}
[2026-02-09 10:51:48] testing.INFO: Processing payment split #2 for payment CAR-ABCDEF12345 with method IP {"trace_id":"95997e89-9756-4e4f-9ad7-2f755066cf82","is_console_command":true,"request_path":"POST payments/Car/update-new","request_ip":"127.0.0.1","user_agent":"Symfony","execution_time_ms":null,"feature":"update-payment"} {"feature":"update-payment","code":"CAR-ABCDEF12345"}
[2026-02-09 10:51:48] testing.INFO: Processing full payment split update for code: CAR-ABCDEF12345 {"trace_id":"95997e89-9756-4e4f-9ad7-2f755066cf82","is_console_command":true,"request_path":"POST payments/Car/update-new","request_ip":"127.0.0.1","user_agent":"Symfony","execution_time_ms":null,"feature":"update-payment"} {"feature":"update-payment","code":"CAR-ABCDEF12345"}
[2026-02-09 10:51:48] testing.INFO: Processing full payment split update for code: CAR-ABCDEF12345 {"trace_id":"95997e89-9756-4e4f-9ad7-2f755066cf82","is_console_command":true,"request_path":"POST payments/Car/update-new","request_ip":"127.0.0.1","user_agent":"Symfony","execution_time_ms":null,"feature":"update-payment"} {"feature":"update-payment","code":"CAR-ABCDEF12345"}
[2026-02-09 10:51:48] testing.INFO: Creating new payment split #2 for payment CAR-ABCDEF12345 {"trace_id":"95997e89-9756-4e4f-9ad7-2f755066cf82","is_console_command":true,"request_path":"POST payments/Car/update-new","request_ip":"127.0.0.1","user_agent":"Symfony","execution_time_ms":null,"feature":"update-payment"} {"feature":"update-payment","code":"CAR-ABCDEF12345"}
[2026-02-09 10:51:48] testing.INFO: Creating new payment split #2 for payment CAR-ABCDEF12345 {"trace_id":"95997e89-9756-4e4f-9ad7-2f755066cf82","is_console_command":true,"request_path":"POST payments/Car/update-new","request_ip":"127.0.0.1","user_agent":"Symfony","execution_time_ms":null,"feature":"update-payment"} {"feature":"update-payment","code":"CAR-ABCDEF12345"}
[2026-02-09 10:51:48] testing.INFO: PaymentSplits:Observer - Starting VAT calculation for payment code: CAR-ABCDEF12345 {"trace_id":"95997e89-9756-4e4f-9ad7-2f755066cf82","is_console_command":true,"request_path":"POST payments/Car/update-new","request_ip":"127.0.0.1","user_agent":"Symfony","execution_time_ms":null,"feature":"update-payment"} {"feature":"update-payment","code":"CAR-ABCDEF12345"}
[2026-02-09 10:51:48] testing.INFO: PaymentSplits:Observer - Starting VAT calculation for payment code: CAR-ABCDEF12345 {"trace_id":"95997e89-9756-4e4f-9ad7-2f755066cf82","is_console_command":true,"request_path":"POST payments/Car/update-new","request_ip":"127.0.0.1","user_agent":"Symfony","execution_time_ms":null,"feature":"update-payment","extra":"{\"sr_no\":2}"} {"feature":"update-payment","code":"CAR-ABCDEF12345"}
[2026-02-09 10:51:48] testing.INFO: PaymentSplits:Observer - Found non perosnal for payment code: CAR-ABCDEF12345 {"trace_id":"95997e89-9756-4e4f-9ad7-2f755066cf82","is_console_command":true,"request_path":"POST payments/Car/update-new","request_ip":"127.0.0.1","user_agent":"Symfony","execution_time_ms":null,"feature":"update-payment"} {"feature":"update-payment","code":"CAR-ABCDEF12345"}
[2026-02-09 10:51:48] testing.INFO: PaymentSplits:Observer - Found non perosnal for payment code: CAR-ABCDEF12345 {"trace_id":"95997e89-9756-4e4f-9ad7-2f755066cf82","is_console_command":true,"request_path":"POST payments/Car/update-new","request_ip":"127.0.0.1","user_agent":"Symfony","execution_time_ms":null,"feature":"update-payment","extra":"{\"sr_no\":2}"} {"feature":"update-payment","code":"CAR-ABCDEF12345"}
[2026-02-09 10:51:48] testing.INFO: PaymentSplits:Observer - Calculating price and VAT for payment code: CAR-ABCDEF12345 {"trace_id":"95997e89-9756-4e4f-9ad7-2f755066cf82","is_console_command":true,"request_path":"POST payments/Car/update-new","request_ip":"127.0.0.1","user_agent":"Symfony","execution_time_ms":null,"feature":"update-payment"} {"feature":"update-payment","code":"CAR-ABCDEF12345"}
[2026-02-09 10:51:48] testing.INFO: PaymentSplits:Observer - Calculating price and VAT for payment code: CAR-ABCDEF12345 {"trace_id":"95997e89-9756-4e4f-9ad7-2f755066cf82","is_console_command":true,"request_path":"POST payments/Car/update-new","request_ip":"127.0.0.1","user_agent":"Symfony","execution_time_ms":null,"feature":"update-payment","extra":"{\"sr_no\":2,\"total_payments\":2,\"frequency\":\"split_payments\",\"total_price\":1000,\"split_amount\":500}"} {"feature":"update-payment","code":"CAR-ABCDEF12345"}
[2026-02-09 10:51:48] testing.INFO: SplitPaymentService - Processing ecommLob quote for payment code: CAR-ABCDEF12345 {"trace_id":"95997e89-9756-4e4f-9ad7-2f755066cf82","is_console_command":true,"request_path":"POST payments/Car/update-new","request_ip":"127.0.0.1","user_agent":"Symfony","execution_time_ms":null,"feature":"update-payment"} {"feature":"update-payment","code":"CAR-ABCDEF12345"}
[2026-02-09 10:51:48] testing.INFO: SplitPaymentService - Processing ecommLob quote for payment code: CAR-ABCDEF12345 {"trace_id":"95997e89-9756-4e4f-9ad7-2f755066cf82","is_console_command":true,"request_path":"POST payments/Car/update-new","request_ip":"127.0.0.1","user_agent":"Symfony","execution_time_ms":null,"feature":"update-payment","extra":"{\"modelType\":\"Car\",\"computedPrice\":1000}"} {"feature":"update-payment","code":"CAR-ABCDEF12345"}
[2026-02-09 10:51:48] testing.INFO: SplitPaymentService - ecommLob VAT calculation for payment code: CAR-ABCDEF12345 {"trace_id":"95997e89-9756-4e4f-9ad7-2f755066cf82","is_console_command":true,"request_path":"POST payments/Car/update-new","request_ip":"127.0.0.1","user_agent":"Symfony","execution_time_ms":null,"feature":"update-payment"} {"feature":"update-payment","code":"CAR-ABCDEF12345"}
[2026-02-09 10:51:48] testing.INFO: SplitPaymentService - ecommLob VAT calculation for payment code: CAR-ABCDEF12345 {"trace_id":"95997e89-9756-4e4f-9ad7-2f755066cf82","is_console_command":true,"request_path":"POST payments/Car/update-new","request_ip":"127.0.0.1","user_agent":"Symfony","execution_time_ms":null,"feature":"update-payment","extra":"{\"modelType\":\"Car\",\"priceWithoutVat\":952.3809523809523,\"vat\":47.61904761904761}"} {"feature":"update-payment","code":"CAR-ABCDEF12345"}
[2026-02-09 10:51:48] testing.INFO: SplitPaymentService - Final price after adding non-applicable VAT amount for payment code: CAR-ABCDEF12345 {"trace_id":"95997e89-9756-4e4f-9ad7-2f755066cf82","is_console_command":true,"request_path":"POST payments/Car/update-new","request_ip":"127.0.0.1","user_agent":"Symfony","execution_time_ms":null,"feature":"update-payment"} {"feature":"update-payment","code":"CAR-ABCDEF12345"}
[2026-02-09 10:51:48] testing.INFO: SplitPaymentService - Final price after adding non-applicable VAT amount for payment code: CAR-ABCDEF12345 {"trace_id":"95997e89-9756-4e4f-9ad7-2f755066cf82","is_console_command":true,"request_path":"POST payments/Car/update-new","request_ip":"127.0.0.1","user_agent":"Symfony","execution_time_ms":null,"feature":"update-payment","extra":"{\"final_priceWithoutVat\":952.3809523809523,\"priceVatNotApplicable\":0,\"vat\":47.61904761904761}"} {"feature":"update-payment","code":"CAR-ABCDEF12345"}
[2026-02-09 10:51:48] testing.INFO: PaymentSplits:Observer - VAT calculation completed for payment code: CAR-ABCDEF12345 {"trace_id":"95997e89-9756-4e4f-9ad7-2f755066cf82","is_console_command":true,"request_path":"POST payments/Car/update-new","request_ip":"127.0.0.1","user_agent":"Symfony","execution_time_ms":null,"feature":"update-payment"} {"feature":"update-payment","code":"CAR-ABCDEF12345"}
[2026-02-09 10:51:48] testing.INFO: PaymentSplits:Observer - VAT calculation completed for payment code: CAR-ABCDEF12345 {"trace_id":"95997e89-9756-4e4f-9ad7-2f755066cf82","is_console_command":true,"request_path":"POST payments/Car/update-new","request_ip":"127.0.0.1","user_agent":"Symfony","execution_time_ms":null,"feature":"update-payment","extra":"{\"sr_no\":2,\"price_without_vat\":476.19,\"vat\":23.81}"} {"feature":"update-payment","code":"CAR-ABCDEF12345"}
[2026-02-09 10:51:48] testing.INFO: PaymentSplits:Observer - Payment split updated for payment code: CAR-ABCDEF12345 {"trace_id":"95997e89-9756-4e4f-9ad7-2f755066cf82","is_console_command":true,"request_path":"POST payments/Car/update-new","request_ip":"127.0.0.1","user_agent":"Symfony","execution_time_ms":null,"feature":"update-payment"} {"feature":"update-payment","code":"CAR-ABCDEF12345"}
[2026-02-09 10:51:48] testing.INFO: PaymentSplits:Observer - Payment split updated for payment code: CAR-ABCDEF12345 {"trace_id":"95997e89-9756-4e4f-9ad7-2f755066cf82","is_console_command":true,"request_path":"POST payments/Car/update-new","request_ip":"127.0.0.1","user_agent":"Symfony","execution_time_ms":null,"feature":"update-payment","extra":"{\"sr_no\":2}"} {"feature":"update-payment","code":"CAR-ABCDEF12345"}
[2026-02-09 10:51:48] testing.INFO: Updating payment split #2 status to 14 for payment CAR-ABCDEF12345 {"trace_id":"95997e89-9756-4e4f-9ad7-2f755066cf82","is_console_command":true,"request_path":"POST payments/Car/update-new","request_ip":"127.0.0.1","user_agent":"Symfony","execution_time_ms":null,"feature":"update-payment"} {"feature":"update-payment","code":"CAR-ABCDEF12345"}
[2026-02-09 10:51:48] testing.INFO: Updating payment split #2 status to 14 for payment CAR-ABCDEF12345 {"trace_id":"95997e89-9756-4e4f-9ad7-2f755066cf82","is_console_command":true,"request_path":"POST payments/Car/update-new","request_ip":"127.0.0.1","user_agent":"Symfony","execution_time_ms":null,"feature":"update-payment"} {"feature":"update-payment","code":"CAR-ABCDEF12345"}
[2026-02-09 10:51:48] testing.INFO: Setting master payment status for payment code: CAR-ABCDEF12345 {"trace_id":"95997e89-9756-4e4f-9ad7-2f755066cf82","is_console_command":true,"request_path":"POST payments/Car/update-new","request_ip":"127.0.0.1","user_agent":"Symfony","execution_time_ms":null,"feature":"update-payment"} {"feature":"update-payment","code":"CAR-ABCDEF12345"}
[2026-02-09 10:51:48] testing.INFO: Setting master payment status for payment code: CAR-ABCDEF12345 {"trace_id":"95997e89-9756-4e4f-9ad7-2f755066cf82","is_console_command":true,"request_path":"POST payments/Car/update-new","request_ip":"127.0.0.1","user_agent":"Symfony","execution_time_ms":null,"feature":"update-payment"} {"feature":"update-payment","code":"CAR-ABCDEF12345"}
[2026-02-09 10:51:48] testing.INFO: Master payment code: CAR-ABCDEF12345 - setMasterPaymentStatus called {"trace_id":"95997e89-9756-4e4f-9ad7-2f755066cf82","is_console_command":true,"request_path":"POST payments/Car/update-new","request_ip":"127.0.0.1","user_agent":"Symfony","execution_time_ms":null,"feature":"update-payment"} {"feature":"update-payment","code":"CAR-ABCDEF12345"}
[2026-02-09 10:51:48] testing.INFO: Master payment code: CAR-ABCDEF12345 - setMasterPaymentStatus called {"trace_id":"95997e89-9756-4e4f-9ad7-2f755066cf82","is_console_command":true,"request_path":"POST payments/Car/update-new","request_ip":"127.0.0.1","user_agent":"Symfony","execution_time_ms":null,"feature":"update-payment"} {"feature":"update-payment","code":"CAR-ABCDEF12345"}
[2026-02-09 10:51:48] testing.INFO: Master payment code: CAR-ABCDEF12345 Total paid payments: 0 out of 2 {"trace_id":"95997e89-9756-4e4f-9ad7-2f755066cf82","is_console_command":true,"request_path":"POST payments/Car/update-new","request_ip":"127.0.0.1","user_agent":"Symfony","execution_time_ms":null,"feature":"update-payment"} {"feature":"update-payment","code":"CAR-ABCDEF12345"}
[2026-02-09 10:51:48] testing.INFO: Master payment code: CAR-ABCDEF12345 Total paid payments: 0 out of 2 {"trace_id":"95997e89-9756-4e4f-9ad7-2f755066cf82","is_console_command":true,"request_path":"POST payments/Car/update-new","request_ip":"127.0.0.1","user_agent":"Symfony","execution_time_ms":null,"feature":"update-payment"} {"feature":"update-payment","code":"CAR-ABCDEF12345"}
[2026-02-09 10:51:48] testing.INFO: Master payment code: CAR-ABCDEF12345 Total credit approved payments: 0 {"trace_id":"95997e89-9756-4e4f-9ad7-2f755066cf82","is_console_command":true,"request_path":"POST payments/Car/update-new","request_ip":"127.0.0.1","user_agent":"Symfony","execution_time_ms":null,"feature":"update-payment"} {"feature":"update-payment","code":"CAR-ABCDEF12345"}
[2026-02-09 10:51:48] testing.INFO: Master payment code: CAR-ABCDEF12345 Total credit approved payments: 0 {"trace_id":"95997e89-9756-4e4f-9ad7-2f755066cf82","is_console_command":true,"request_path":"POST payments/Car/update-new","request_ip":"127.0.0.1","user_agent":"Symfony","execution_time_ms":null,"feature":"update-payment"} {"feature":"update-payment","code":"CAR-ABCDEF12345"}
[2026-02-09 10:51:48] testing.INFO: Master payment code: CAR-ABCDEF12345 Updating payment status to NEW {"trace_id":"95997e89-9756-4e4f-9ad7-2f755066cf82","is_console_command":true,"request_path":"POST payments/Car/update-new","request_ip":"127.0.0.1","user_agent":"Symfony","execution_time_ms":null,"feature":"update-payment"} {"feature":"update-payment","code":"CAR-ABCDEF12345"}
[2026-02-09 10:51:48] testing.INFO: Master payment code: CAR-ABCDEF12345 Updating payment status to NEW {"trace_id":"95997e89-9756-4e4f-9ad7-2f755066cf82","is_console_command":true,"request_path":"POST payments/Car/update-new","request_ip":"127.0.0.1","user_agent":"Symfony","execution_time_ms":null,"feature":"update-payment"} {"feature":"update-payment","code":"CAR-ABCDEF12345"}
[2026-02-09 10:51:48] testing.INFO: Master payment code: CAR-ABCDEF12345 - Payment status updated from 14 to 14 {"trace_id":"95997e89-9756-4e4f-9ad7-2f755066cf82","is_console_command":true,"request_path":"POST payments/Car/update-new","request_ip":"127.0.0.1","user_agent":"Symfony","execution_time_ms":null,"feature":"update-payment"} {"feature":"update-payment","code":"CAR-ABCDEF12345"}
[2026-02-09 10:51:48] testing.INFO: Master payment code: CAR-ABCDEF12345 - Payment status updated from 14 to 14 {"trace_id":"95997e89-9756-4e4f-9ad7-2f755066cf82","is_console_command":true,"request_path":"POST payments/Car/update-new","request_ip":"127.0.0.1","user_agent":"Symfony","execution_time_ms":null,"feature":"update-payment"} {"feature":"update-payment","code":"CAR-ABCDEF12345"}
[2026-02-09 10:51:48] testing.WARNING: Quote not synced from quote_sync table, uuid: ABCDEF12345 {"trace_id":"95997e89-9756-4e4f-9ad7-2f755066cf82","is_console_command":true,"request_path":"POST payments/Car/update-new","request_ip":"127.0.0.1","user_agent":"Symfony","execution_time_ms":null,"feature":"update-payment"} {"feature":"update-payment","code":"CAR-ABCDEF12345"}
[2026-02-09 10:51:48] testing.WARNING: Quote not synced from quote_sync table, uuid: ABCDEF12345 {"trace_id":"95997e89-9756-4e4f-9ad7-2f755066cf82","is_console_command":true,"request_path":"POST payments/Car/update-new","request_ip":"127.0.0.1","user_agent":"Symfony","execution_time_ms":null,"feature":"update-payment"} {"feature":"update-payment","code":"CAR-ABCDEF12345"}
[2026-02-09 10:51:48] testing.INFO: Master payment code: CAR-ABCDEF12345 quote payment status updated from  to 14 {"trace_id":"95997e89-9756-4e4f-9ad7-2f755066cf82","is_console_command":true,"request_path":"POST payments/Car/update-new","request_ip":"127.0.0.1","user_agent":"Symfony","execution_time_ms":null,"feature":"update-payment"} {"feature":"update-payment","code":"CAR-ABCDEF12345"}
[2026-02-09 10:51:48] testing.INFO: Master payment code: CAR-ABCDEF12345 quote payment status updated from  to 14 {"trace_id":"95997e89-9756-4e4f-9ad7-2f755066cf82","is_console_command":true,"request_path":"POST payments/Car/update-new","request_ip":"127.0.0.1","user_agent":"Symfony","execution_time_ms":null,"feature":"update-payment"} {"feature":"update-payment","code":"CAR-ABCDEF12345"}
[2026-02-09 10:51:48] testing.INFO: Payment update process completed for code: CAR-ABCDEF12345 {"trace_id":"95997e89-9756-4e4f-9ad7-2f755066cf82","is_console_command":true,"request_path":"POST payments/Car/update-new","request_ip":"127.0.0.1","user_agent":"Symfony","execution_time_ms":null,"feature":"update-payment"} {"feature":"update-payment","code":"CAR-ABCDEF12345"}
[2026-02-09 10:51:48] testing.INFO: Payment update process completed for code: CAR-ABCDEF12345 {"trace_id":"95997e89-9756-4e4f-9ad7-2f755066cf82","is_console_command":true,"request_path":"POST payments/Car/update-new","request_ip":"127.0.0.1","user_agent":"Symfony","execution_time_ms":null,"feature":"update-payment"} {"feature":"update-payment","code":"CAR-ABCDEF12345"}
[2026-02-09 10:51:48] testing.INFO: Payment:Observer - Starting VAT calculation for payment code: CAR-ABCDEF12345 {"trace_id":"9f5cfea8-6c3e-4248-9b72-4ddc53df0c84","is_console_command":true} 
[2026-02-09 10:51:48] testing.INFO: Payment:Observer - Starting VAT calculation for payment code: CAR-ABCDEF12345 {"trace_id":"9f5cfea8-6c3e-4248-9b72-4ddc53df0c84","is_console_command":true,"extra":"{\"total_price\":1000}"} 
[2026-02-09 10:51:48] testing.INFO: Payment:Observer - Other quote type detected for payment code: CAR-ABCDEF12345 {"trace_id":"9f5cfea8-6c3e-4248-9b72-4ddc53df0c84","is_console_command":true} 
[2026-02-09 10:51:48] testing.INFO: Payment:Observer - Other quote type detected for payment code: CAR-ABCDEF12345 {"trace_id":"9f5cfea8-6c3e-4248-9b72-4ddc53df0c84","is_console_command":true} 
[2026-02-09 10:51:48] testing.INFO: SplitPaymentService - Processing ecommLob quote for payment code: CAR-ABCDEF12345 {"trace_id":"9f5cfea8-6c3e-4248-9b72-4ddc53df0c84","is_console_command":true} 
[2026-02-09 10:51:48] testing.INFO: SplitPaymentService - Processing ecommLob quote for payment code: CAR-ABCDEF12345 {"trace_id":"9f5cfea8-6c3e-4248-9b72-4ddc53df0c84","is_console_command":true,"extra":"{\"modelType\":\"Car\",\"computedPrice\":1000}"} 
[2026-02-09 10:51:48] testing.INFO: SplitPaymentService - ecommLob VAT calculation for payment code: CAR-ABCDEF12345 {"trace_id":"9f5cfea8-6c3e-4248-9b72-4ddc53df0c84","is_console_command":true} 
[2026-02-09 10:51:48] testing.INFO: SplitPaymentService - ecommLob VAT calculation for payment code: CAR-ABCDEF12345 {"trace_id":"9f5cfea8-6c3e-4248-9b72-4ddc53df0c84","is_console_command":true,"extra":"{\"modelType\":\"Car\",\"priceWithoutVat\":952.3809523809523,\"vat\":47.61904761904761}"} 
[2026-02-09 10:51:48] testing.INFO: SplitPaymentService - Final price after adding non-applicable VAT amount for payment code: CAR-ABCDEF12345 {"trace_id":"9f5cfea8-6c3e-4248-9b72-4ddc53df0c84","is_console_command":true} 
[2026-02-09 10:51:48] testing.INFO: SplitPaymentService - Final price after adding non-applicable VAT amount for payment code: CAR-ABCDEF12345 {"trace_id":"9f5cfea8-6c3e-4248-9b72-4ddc53df0c84","is_console_command":true,"extra":"{\"final_priceWithoutVat\":952.3809523809523,\"priceVatNotApplicable\":0,\"vat\":47.61904761904761}"} 
[2026-02-09 10:51:48] testing.INFO: Payment:Observer - VAT calculation completed for payment code: CAR-ABCDEF12345 {"trace_id":"9f5cfea8-6c3e-4248-9b72-4ddc53df0c84","is_console_command":true} 
[2026-02-09 10:51:48] testing.INFO: Payment:Observer - VAT calculation completed for payment code: CAR-ABCDEF12345 {"trace_id":"9f5cfea8-6c3e-4248-9b72-4ddc53df0c84","is_console_command":true,"extra":"{\"price_without_vat\":952.38,\"vat\":47.62,\"total_price\":1000,\"model_type\":\"Car\",\"quote_id\":1,\"send_update_log_id\":null}"} 
[2026-02-09 10:51:48] testing.INFO: Payment:Observer complete - update VAT and Price  for payment code: CAR-ABCDEF12345 {"trace_id":"9f5cfea8-6c3e-4248-9b72-4ddc53df0c84","is_console_command":true} 
[2026-02-09 10:51:48] testing.INFO: Payment:Observer complete - update VAT and Price  for payment code: CAR-ABCDEF12345 {"trace_id":"9f5cfea8-6c3e-4248-9b72-4ddc53df0c84","is_console_command":true} 
[2026-02-09 10:51:48] testing.INFO: PaymentSplits:Observer - Starting VAT calculation for payment code: CAR-ABCDEF12345 {"trace_id":"9f5cfea8-6c3e-4248-9b72-4ddc53df0c84","is_console_command":true} 
[2026-02-09 10:51:48] testing.INFO: PaymentSplits:Observer - Starting VAT calculation for payment code: CAR-ABCDEF12345 {"trace_id":"9f5cfea8-6c3e-4248-9b72-4ddc53df0c84","is_console_command":true,"extra":"{\"sr_no\":1}"} 
[2026-02-09 10:51:48] testing.INFO: PaymentSplits:Observer - Found non perosnal for payment code: CAR-ABCDEF12345 {"trace_id":"9f5cfea8-6c3e-4248-9b72-4ddc53df0c84","is_console_command":true} 
[2026-02-09 10:51:48] testing.INFO: PaymentSplits:Observer - Found non perosnal for payment code: CAR-ABCDEF12345 {"trace_id":"9f5cfea8-6c3e-4248-9b72-4ddc53df0c84","is_console_command":true,"extra":"{\"sr_no\":1}"} 
[2026-02-09 10:51:48] testing.INFO: PaymentSplits:Observer - Applied discount to first split for payment code: CAR-ABCDEF12345 {"trace_id":"9f5cfea8-6c3e-4248-9b72-4ddc53df0c84","is_console_command":true} 
[2026-02-09 10:51:48] testing.INFO: PaymentSplits:Observer - Applied discount to first split for payment code: CAR-ABCDEF12345 {"trace_id":"9f5cfea8-6c3e-4248-9b72-4ddc53df0c84","is_console_command":true,"extra":"{\"sr_no\":1,\"original_amount\":1000,\"discount_value\":0,\"final_split_amount\":1000}"} 
[2026-02-09 10:51:48] testing.INFO: PaymentSplits:Observer - Calculating price and VAT for payment code: CAR-ABCDEF12345 {"trace_id":"9f5cfea8-6c3e-4248-9b72-4ddc53df0c84","is_console_command":true} 
[2026-02-09 10:51:48] testing.INFO: PaymentSplits:Observer - Calculating price and VAT for payment code: CAR-ABCDEF12345 {"trace_id":"9f5cfea8-6c3e-4248-9b72-4ddc53df0c84","is_console_command":true,"extra":"{\"sr_no\":1,\"total_payments\":1,\"frequency\":\"upfront\",\"total_price\":1000,\"split_amount\":1000}"} 
[2026-02-09 10:51:48] testing.INFO: SplitPaymentService - Processing ecommLob quote for payment code: CAR-ABCDEF12345 {"trace_id":"9f5cfea8-6c3e-4248-9b72-4ddc53df0c84","is_console_command":true} 
[2026-02-09 10:51:48] testing.INFO: SplitPaymentService - Processing ecommLob quote for payment code: CAR-ABCDEF12345 {"trace_id":"9f5cfea8-6c3e-4248-9b72-4ddc53df0c84","is_console_command":true,"extra":"{\"modelType\":\"Car\",\"computedPrice\":1000}"} 
[2026-02-09 10:51:48] testing.INFO: SplitPaymentService - ecommLob VAT calculation for payment code: CAR-ABCDEF12345 {"trace_id":"9f5cfea8-6c3e-4248-9b72-4ddc53df0c84","is_console_command":true} 
[2026-02-09 10:51:48] testing.INFO: SplitPaymentService - ecommLob VAT calculation for payment code: CAR-ABCDEF12345 {"trace_id":"9f5cfea8-6c3e-4248-9b72-4ddc53df0c84","is_console_command":true,"extra":"{\"modelType\":\"Car\",\"priceWithoutVat\":952.3809523809523,\"vat\":47.61904761904761}"} 
[2026-02-09 10:51:48] testing.INFO: SplitPaymentService - Final price after adding non-applicable VAT amount for payment code: CAR-ABCDEF12345 {"trace_id":"9f5cfea8-6c3e-4248-9b72-4ddc53df0c84","is_console_command":true} 
[2026-02-09 10:51:48] testing.INFO: SplitPaymentService - Final price after adding non-applicable VAT amount for payment code: CAR-ABCDEF12345 {"trace_id":"9f5cfea8-6c3e-4248-9b72-4ddc53df0c84","is_console_command":true,"extra":"{\"final_priceWithoutVat\":952.3809523809523,\"priceVatNotApplicable\":0,\"vat\":47.61904761904761}"} 
[2026-02-09 10:51:48] testing.INFO: PaymentSplits:Observer - VAT calculation completed for payment code: CAR-ABCDEF12345 {"trace_id":"9f5cfea8-6c3e-4248-9b72-4ddc53df0c84","is_console_command":true} 
[2026-02-09 10:51:48] testing.INFO: PaymentSplits:Observer - VAT calculation completed for payment code: CAR-ABCDEF12345 {"trace_id":"9f5cfea8-6c3e-4248-9b72-4ddc53df0c84","is_console_command":true,"extra":"{\"sr_no\":1,\"price_without_vat\":952.38,\"vat\":47.62}"} 
[2026-02-09 10:51:48] testing.INFO: PaymentSplits:Observer - Payment split updated for payment code: CAR-ABCDEF12345 {"trace_id":"9f5cfea8-6c3e-4248-9b72-4ddc53df0c84","is_console_command":true} 
[2026-02-09 10:51:48] testing.INFO: PaymentSplits:Observer - Payment split updated for payment code: CAR-ABCDEF12345 {"trace_id":"9f5cfea8-6c3e-4248-9b72-4ddc53df0c84","is_console_command":true,"extra":"{\"sr_no\":1}"} 
[2026-02-09 10:51:48] testing.INFO: PaymentSplits:Observer - Starting VAT calculation for payment code: CAR-ABCDEF12345 {"trace_id":"9f5cfea8-6c3e-4248-9b72-4ddc53df0c84","is_console_command":true} 
[2026-02-09 10:51:48] testing.INFO: PaymentSplits:Observer - Starting VAT calculation for payment code: CAR-ABCDEF12345 {"trace_id":"9f5cfea8-6c3e-4248-9b72-4ddc53df0c84","is_console_command":true,"extra":"{\"sr_no\":1}"} 
[2026-02-09 10:51:48] testing.INFO: PaymentSplits:Observer - Found non perosnal for payment code: CAR-ABCDEF12345 {"trace_id":"9f5cfea8-6c3e-4248-9b72-4ddc53df0c84","is_console_command":true} 
[2026-02-09 10:51:48] testing.INFO: PaymentSplits:Observer - Found non perosnal for payment code: CAR-ABCDEF12345 {"trace_id":"9f5cfea8-6c3e-4248-9b72-4ddc53df0c84","is_console_command":true,"extra":"{\"sr_no\":1}"} 
[2026-02-09 10:51:48] testing.INFO: PaymentSplits:Observer - Applied discount to first split for payment code: CAR-ABCDEF12345 {"trace_id":"9f5cfea8-6c3e-4248-9b72-4ddc53df0c84","is_console_command":true} 
[2026-02-09 10:51:48] testing.INFO: PaymentSplits:Observer - Applied discount to first split for payment code: CAR-ABCDEF12345 {"trace_id":"9f5cfea8-6c3e-4248-9b72-4ddc53df0c84","is_console_command":true,"extra":"{\"sr_no\":1,\"original_amount\":1000,\"discount_value\":0,\"final_split_amount\":1000}"} 
[2026-02-09 10:51:48] testing.INFO: PaymentSplits:Observer - Calculating price and VAT for payment code: CAR-ABCDEF12345 {"trace_id":"9f5cfea8-6c3e-4248-9b72-4ddc53df0c84","is_console_command":true} 
[2026-02-09 10:51:48] testing.INFO: PaymentSplits:Observer - Calculating price and VAT for payment code: CAR-ABCDEF12345 {"trace_id":"9f5cfea8-6c3e-4248-9b72-4ddc53df0c84","is_console_command":true,"extra":"{\"sr_no\":1,\"total_payments\":1,\"frequency\":\"upfront\",\"total_price\":1000,\"split_amount\":1000}"} 
[2026-02-09 10:51:48] testing.INFO: SplitPaymentService - Processing ecommLob quote for payment code: CAR-ABCDEF12345 {"trace_id":"9f5cfea8-6c3e-4248-9b72-4ddc53df0c84","is_console_command":true} 
[2026-02-09 10:51:48] testing.INFO: SplitPaymentService - Processing ecommLob quote for payment code: CAR-ABCDEF12345 {"trace_id":"9f5cfea8-6c3e-4248-9b72-4ddc53df0c84","is_console_command":true,"extra":"{\"modelType\":\"Car\",\"computedPrice\":1000}"} 
[2026-02-09 10:51:48] testing.INFO: SplitPaymentService - ecommLob VAT calculation for payment code: CAR-ABCDEF12345 {"trace_id":"9f5cfea8-6c3e-4248-9b72-4ddc53df0c84","is_console_command":true} 
[2026-02-09 10:51:48] testing.INFO: SplitPaymentService - ecommLob VAT calculation for payment code: CAR-ABCDEF12345 {"trace_id":"9f5cfea8-6c3e-4248-9b72-4ddc53df0c84","is_console_command":true,"extra":"{\"modelType\":\"Car\",\"priceWithoutVat\":952.3809523809523,\"vat\":47.61904761904761}"} 
[2026-02-09 10:51:48] testing.INFO: SplitPaymentService - Final price after adding non-applicable VAT amount for payment code: CAR-ABCDEF12345 {"trace_id":"9f5cfea8-6c3e-4248-9b72-4ddc53df0c84","is_console_command":true} 
[2026-02-09 10:51:48] testing.INFO: SplitPaymentService - Final price after adding non-applicable VAT amount for payment code: CAR-ABCDEF12345 {"trace_id":"9f5cfea8-6c3e-4248-9b72-4ddc53df0c84","is_console_command":true,"extra":"{\"final_priceWithoutVat\":952.3809523809523,\"priceVatNotApplicable\":0,\"vat\":47.61904761904761}"} 
[2026-02-09 10:51:48] testing.INFO: PaymentSplits:Observer - VAT calculation completed for payment code: CAR-ABCDEF12345 {"trace_id":"9f5cfea8-6c3e-4248-9b72-4ddc53df0c84","is_console_command":true} 
[2026-02-09 10:51:48] testing.INFO: PaymentSplits:Observer - VAT calculation completed for payment code: CAR-ABCDEF12345 {"trace_id":"9f5cfea8-6c3e-4248-9b72-4ddc53df0c84","is_console_command":true,"extra":"{\"sr_no\":1,\"price_without_vat\":952.38,\"vat\":47.62}"} 
[2026-02-09 10:51:48] testing.INFO: PaymentSplits:Observer - Payment split updated for payment code: CAR-ABCDEF12345 {"trace_id":"9f5cfea8-6c3e-4248-9b72-4ddc53df0c84","is_console_command":true} 
[2026-02-09 10:51:48] testing.INFO: PaymentSplits:Observer - Payment split updated for payment code: CAR-ABCDEF12345 {"trace_id":"9f5cfea8-6c3e-4248-9b72-4ddc53df0c84","is_console_command":true,"extra":"{\"sr_no\":1}"} 
[2026-02-09 10:51:48] testing.INFO: fn:checkInsurerReceiptNumber - Receipt number does not exist: INS-REC-NONEXISTENT {"trace_id":"1d032a8e-f5ba-429d-a3e4-7604c4bd152a","is_console_command":true,"request_path":"POST payments/Car/check-insurer-receipt-number","request_ip":"127.0.0.1","user_agent":"Symfony","execution_time_ms":null,"response_status":422} 
[2026-02-09 10:51:48] testing.INFO: fn:checkInsurerReceiptNumber - Receipt number does not exist: INS-REC-NONEXISTENT {"trace_id":"1d032a8e-f5ba-429d-a3e4-7604c4bd152a","is_console_command":true,"request_path":"POST payments/Car/check-insurer-receipt-number","request_ip":"127.0.0.1","user_agent":"Symfony","execution_time_ms":null,"response_status":422} 
[2026-02-09 10:51:48] testing.INFO: fn:checkInsurerReceiptNumber - Receipt number already exists: INS-REC-EXISTING {"trace_id":"03882d5f-1c8f-4e37-add3-6007721ddf9d","is_console_command":true,"request_path":"POST payments/Car/check-insurer-receipt-number","request_ip":"127.0.0.1","user_agent":"Symfony","execution_time_ms":null,"response_status":200} 
[2026-02-09 10:51:48] testing.INFO: fn:checkInsurerReceiptNumber - Receipt number already exists: INS-REC-EXISTING {"trace_id":"03882d5f-1c8f-4e37-add3-6007721ddf9d","is_console_command":true,"request_path":"POST payments/Car/check-insurer-receipt-number","request_ip":"127.0.0.1","user_agent":"Symfony","execution_time_ms":null,"response_status":200} 
[2026-02-09 10:51:48] testing.INFO: Payment:Observer - Starting VAT calculation for payment code: CAR-ABCDEF12345 {"trace_id":"f10676d0-69aa-4c02-b287-c4862c4dda3c","is_console_command":true} 
[2026-02-09 10:51:48] testing.INFO: Payment:Observer - Starting VAT calculation for payment code: CAR-ABCDEF12345 {"trace_id":"f10676d0-69aa-4c02-b287-c4862c4dda3c","is_console_command":true,"extra":"{\"total_price\":1000}"} 
[2026-02-09 10:51:48] testing.INFO: Payment:Observer - Other quote type detected for payment code: CAR-ABCDEF12345 {"trace_id":"f10676d0-69aa-4c02-b287-c4862c4dda3c","is_console_command":true} 
[2026-02-09 10:51:48] testing.INFO: Payment:Observer - Other quote type detected for payment code: CAR-ABCDEF12345 {"trace_id":"f10676d0-69aa-4c02-b287-c4862c4dda3c","is_console_command":true} 
[2026-02-09 10:51:48] testing.INFO: SplitPaymentService - Processing ecommLob quote for payment code: CAR-ABCDEF12345 {"trace_id":"f10676d0-69aa-4c02-b287-c4862c4dda3c","is_console_command":true} 
[2026-02-09 10:51:48] testing.INFO: SplitPaymentService - Processing ecommLob quote for payment code: CAR-ABCDEF12345 {"trace_id":"f10676d0-69aa-4c02-b287-c4862c4dda3c","is_console_command":true,"extra":"{\"modelType\":\"Car\",\"computedPrice\":1000}"} 
[2026-02-09 10:51:48] testing.INFO: SplitPaymentService - ecommLob VAT calculation for payment code: CAR-ABCDEF12345 {"trace_id":"f10676d0-69aa-4c02-b287-c4862c4dda3c","is_console_command":true} 
[2026-02-09 10:51:48] testing.INFO: SplitPaymentService - ecommLob VAT calculation for payment code: CAR-ABCDEF12345 {"trace_id":"f10676d0-69aa-4c02-b287-c4862c4dda3c","is_console_command":true,"extra":"{\"modelType\":\"Car\",\"priceWithoutVat\":952.3809523809523,\"vat\":47.61904761904761}"} 
[2026-02-09 10:51:48] testing.INFO: SplitPaymentService - Final price after adding non-applicable VAT amount for payment code: CAR-ABCDEF12345 {"trace_id":"f10676d0-69aa-4c02-b287-c4862c4dda3c","is_console_command":true} 
[2026-02-09 10:51:48] testing.INFO: SplitPaymentService - Final price after adding non-applicable VAT amount for payment code: CAR-ABCDEF12345 {"trace_id":"f10676d0-69aa-4c02-b287-c4862c4dda3c","is_console_command":true,"extra":"{\"final_priceWithoutVat\":952.3809523809523,\"priceVatNotApplicable\":0,\"vat\":47.61904761904761}"} 
[2026-02-09 10:51:48] testing.INFO: Payment:Observer - VAT calculation completed for payment code: CAR-ABCDEF12345 {"trace_id":"f10676d0-69aa-4c02-b287-c4862c4dda3c","is_console_command":true} 
[2026-02-09 10:51:48] testing.INFO: Payment:Observer - VAT calculation completed for payment code: CAR-ABCDEF12345 {"trace_id":"f10676d0-69aa-4c02-b287-c4862c4dda3c","is_console_command":true,"extra":"{\"price_without_vat\":952.38,\"vat\":47.62,\"total_price\":1000,\"model_type\":\"Car\",\"quote_id\":1,\"send_update_log_id\":null}"} 
[2026-02-09 10:51:48] testing.INFO: Payment:Observer complete - update VAT and Price  for payment code: CAR-ABCDEF12345 {"trace_id":"f10676d0-69aa-4c02-b287-c4862c4dda3c","is_console_command":true} 
[2026-02-09 10:51:48] testing.INFO: Payment:Observer complete - update VAT and Price  for payment code: CAR-ABCDEF12345 {"trace_id":"f10676d0-69aa-4c02-b287-c4862c4dda3c","is_console_command":true} 
[2026-02-09 10:51:48] testing.INFO: PaymentSplits:Observer - Starting VAT calculation for payment code: CAR-ABCDEF12345 {"trace_id":"f10676d0-69aa-4c02-b287-c4862c4dda3c","is_console_command":true} 
[2026-02-09 10:51:48] testing.INFO: PaymentSplits:Observer - Starting VAT calculation for payment code: CAR-ABCDEF12345 {"trace_id":"f10676d0-69aa-4c02-b287-c4862c4dda3c","is_console_command":true,"extra":"{\"sr_no\":1}"} 
[2026-02-09 10:51:48] testing.INFO: PaymentSplits:Observer - Found non perosnal for payment code: CAR-ABCDEF12345 {"trace_id":"f10676d0-69aa-4c02-b287-c4862c4dda3c","is_console_command":true} 
[2026-02-09 10:51:48] testing.INFO: PaymentSplits:Observer - Found non perosnal for payment code: CAR-ABCDEF12345 {"trace_id":"f10676d0-69aa-4c02-b287-c4862c4dda3c","is_console_command":true,"extra":"{\"sr_no\":1}"} 
[2026-02-09 10:51:48] testing.INFO: PaymentSplits:Observer - Applied discount to first split for payment code: CAR-ABCDEF12345 {"trace_id":"f10676d0-69aa-4c02-b287-c4862c4dda3c","is_console_command":true} 
[2026-02-09 10:51:48] testing.INFO: PaymentSplits:Observer - Applied discount to first split for payment code: CAR-ABCDEF12345 {"trace_id":"f10676d0-69aa-4c02-b287-c4862c4dda3c","is_console_command":true,"extra":"{\"sr_no\":1,\"original_amount\":1000,\"discount_value\":0,\"final_split_amount\":1000}"} 
[2026-02-09 10:51:48] testing.INFO: PaymentSplits:Observer - Calculating price and VAT for payment code: CAR-ABCDEF12345 {"trace_id":"f10676d0-69aa-4c02-b287-c4862c4dda3c","is_console_command":true} 
[2026-02-09 10:51:48] testing.INFO: PaymentSplits:Observer - Calculating price and VAT for payment code: CAR-ABCDEF12345 {"trace_id":"f10676d0-69aa-4c02-b287-c4862c4dda3c","is_console_command":true,"extra":"{\"sr_no\":1,\"total_payments\":1,\"frequency\":\"upfront\",\"total_price\":1000,\"split_amount\":1000}"} 
[2026-02-09 10:51:48] testing.INFO: SplitPaymentService - Processing ecommLob quote for payment code: CAR-ABCDEF12345 {"trace_id":"f10676d0-69aa-4c02-b287-c4862c4dda3c","is_console_command":true} 
[2026-02-09 10:51:48] testing.INFO: SplitPaymentService - Processing ecommLob quote for payment code: CAR-ABCDEF12345 {"trace_id":"f10676d0-69aa-4c02-b287-c4862c4dda3c","is_console_command":true,"extra":"{\"modelType\":\"Car\",\"computedPrice\":1000}"} 
[2026-02-09 10:51:48] testing.INFO: SplitPaymentService - ecommLob VAT calculation for payment code: CAR-ABCDEF12345 {"trace_id":"f10676d0-69aa-4c02-b287-c4862c4dda3c","is_console_command":true} 
[2026-02-09 10:51:48] testing.INFO: SplitPaymentService - ecommLob VAT calculation for payment code: CAR-ABCDEF12345 {"trace_id":"f10676d0-69aa-4c02-b287-c4862c4dda3c","is_console_command":true,"extra":"{\"modelType\":\"Car\",\"priceWithoutVat\":952.3809523809523,\"vat\":47.61904761904761}"} 
[2026-02-09 10:51:48] testing.INFO: SplitPaymentService - Final price after adding non-applicable VAT amount for payment code: CAR-ABCDEF12345 {"trace_id":"f10676d0-69aa-4c02-b287-c4862c4dda3c","is_console_command":true} 
[2026-02-09 10:51:48] testing.INFO: SplitPaymentService - Final price after adding non-applicable VAT amount for payment code: CAR-ABCDEF12345 {"trace_id":"f10676d0-69aa-4c02-b287-c4862c4dda3c","is_console_command":true,"extra":"{\"final_priceWithoutVat\":952.3809523809523,\"priceVatNotApplicable\":0,\"vat\":47.61904761904761}"} 
[2026-02-09 10:51:48] testing.INFO: PaymentSplits:Observer - VAT calculation completed for payment code: CAR-ABCDEF12345 {"trace_id":"f10676d0-69aa-4c02-b287-c4862c4dda3c","is_console_command":true} 
[2026-02-09 10:51:48] testing.INFO: PaymentSplits:Observer - VAT calculation completed for payment code: CAR-ABCDEF12345 {"trace_id":"f10676d0-69aa-4c02-b287-c4862c4dda3c","is_console_command":true,"extra":"{\"sr_no\":1,\"price_without_vat\":952.38,\"vat\":47.62}"} 
[2026-02-09 10:51:48] testing.INFO: PaymentSplits:Observer - Payment split updated for payment code: CAR-ABCDEF12345 {"trace_id":"f10676d0-69aa-4c02-b287-c4862c4dda3c","is_console_command":true} 
[2026-02-09 10:51:48] testing.INFO: PaymentSplits:Observer - Payment split updated for payment code: CAR-ABCDEF12345 {"trace_id":"f10676d0-69aa-4c02-b287-c4862c4dda3c","is_console_command":true,"extra":"{\"sr_no\":1}"} 
[2026-02-09 10:51:49] testing.INFO: App\Repositories\PaymentRepository fn:fetchSplitPaymentApproveDecline Child payment code: CAR-ABCDEF12345 with serial no: 1 trigger creation of Premium Sage receipt  :  {"trace_id":"7647a565-98d8-4a99-b155-0295abc7a831","is_console_command":true,"request_path":"POST payments/Car/split-payment-approve-decline","request_ip":"127.0.0.1","user_agent":"Symfony","execution_time_ms":null,"feature":"approve-decline-child-payment","$shouldCreatePrepaymentPremiumReceipt":false} {"feature":"approve-decline-child-payment"}
[2026-02-09 10:51:49] testing.INFO: App\Repositories\PaymentRepository fn:fetchSplitPaymentApproveDecline Child payment code: CAR-ABCDEF12345 with serial no: 1 trigger creation of Premium Sage receipt  :  {"trace_id":"7647a565-98d8-4a99-b155-0295abc7a831","is_console_command":true,"request_path":"POST payments/Car/split-payment-approve-decline","request_ip":"127.0.0.1","user_agent":"Symfony","execution_time_ms":null,"feature":"approve-decline-child-payment","$shouldCreatePrepaymentPremiumReceipt":false} {"feature":"approve-decline-child-payment"}
[2026-02-09 10:51:49] testing.INFO: Split payment approval started for code: CAR-ABCDEF12345, SR No: 1 {"trace_id":"7647a565-98d8-4a99-b155-0295abc7a831","is_console_command":true,"request_path":"POST payments/Car/split-payment-approve-decline","request_ip":"127.0.0.1","user_agent":"Symfony","execution_time_ms":null,"feature":"approve-decline-child-payment"} {"feature":"approve-decline-child-payment"}
[2026-02-09 10:51:49] testing.INFO: Split payment approval started for code: CAR-ABCDEF12345, SR No: 1 {"trace_id":"7647a565-98d8-4a99-b155-0295abc7a831","is_console_command":true,"request_path":"POST payments/Car/split-payment-approve-decline","request_ip":"127.0.0.1","user_agent":"Symfony","execution_time_ms":null,"feature":"approve-decline-child-payment"} {"feature":"approve-decline-child-payment"}
[2026-02-09 10:51:49] testing.INFO: PaymentSplits:Observer - Starting VAT calculation for payment code: CAR-ABCDEF12345 {"trace_id":"7647a565-98d8-4a99-b155-0295abc7a831","is_console_command":true,"request_path":"POST payments/Car/split-payment-approve-decline","request_ip":"127.0.0.1","user_agent":"Symfony","execution_time_ms":null,"feature":"approve-decline-child-payment"} {"feature":"approve-decline-child-payment"}
[2026-02-09 10:51:49] testing.INFO: PaymentSplits:Observer - Starting VAT calculation for payment code: CAR-ABCDEF12345 {"trace_id":"7647a565-98d8-4a99-b155-0295abc7a831","is_console_command":true,"request_path":"POST payments/Car/split-payment-approve-decline","request_ip":"127.0.0.1","user_agent":"Symfony","execution_time_ms":null,"feature":"approve-decline-child-payment","extra":"{\"sr_no\":1}"} {"feature":"approve-decline-child-payment"}
[2026-02-09 10:51:49] testing.INFO: PaymentSplits:Observer - Found non perosnal for payment code: CAR-ABCDEF12345 {"trace_id":"7647a565-98d8-4a99-b155-0295abc7a831","is_console_command":true,"request_path":"POST payments/Car/split-payment-approve-decline","request_ip":"127.0.0.1","user_agent":"Symfony","execution_time_ms":null,"feature":"approve-decline-child-payment"} {"feature":"approve-decline-child-payment"}
[2026-02-09 10:51:49] testing.INFO: PaymentSplits:Observer - Found non perosnal for payment code: CAR-ABCDEF12345 {"trace_id":"7647a565-98d8-4a99-b155-0295abc7a831","is_console_command":true,"request_path":"POST payments/Car/split-payment-approve-decline","request_ip":"127.0.0.1","user_agent":"Symfony","execution_time_ms":null,"feature":"approve-decline-child-payment","extra":"{\"sr_no\":1}"} {"feature":"approve-decline-child-payment"}
[2026-02-09 10:51:49] testing.INFO: PaymentSplits:Observer - Applied discount to first split for payment code: CAR-ABCDEF12345 {"trace_id":"7647a565-98d8-4a99-b155-0295abc7a831","is_console_command":true,"request_path":"POST payments/Car/split-payment-approve-decline","request_ip":"127.0.0.1","user_agent":"Symfony","execution_time_ms":null,"feature":"approve-decline-child-payment"} {"feature":"approve-decline-child-payment"}
[2026-02-09 10:51:49] testing.INFO: PaymentSplits:Observer - Applied discount to first split for payment code: CAR-ABCDEF12345 {"trace_id":"7647a565-98d8-4a99-b155-0295abc7a831","is_console_command":true,"request_path":"POST payments/Car/split-payment-approve-decline","request_ip":"127.0.0.1","user_agent":"Symfony","execution_time_ms":null,"feature":"approve-decline-child-payment","extra":"{\"sr_no\":1,\"original_amount\":1000,\"discount_value\":0,\"final_split_amount\":1000}"} {"feature":"approve-decline-child-payment"}
[2026-02-09 10:51:49] testing.INFO: PaymentSplits:Observer - Calculating price and VAT for payment code: CAR-ABCDEF12345 {"trace_id":"7647a565-98d8-4a99-b155-0295abc7a831","is_console_command":true,"request_path":"POST payments/Car/split-payment-approve-decline","request_ip":"127.0.0.1","user_agent":"Symfony","execution_time_ms":null,"feature":"approve-decline-child-payment"} {"feature":"approve-decline-child-payment"}
[2026-02-09 10:51:49] testing.INFO: PaymentSplits:Observer - Calculating price and VAT for payment code: CAR-ABCDEF12345 {"trace_id":"7647a565-98d8-4a99-b155-0295abc7a831","is_console_command":true,"request_path":"POST payments/Car/split-payment-approve-decline","request_ip":"127.0.0.1","user_agent":"Symfony","execution_time_ms":null,"feature":"approve-decline-child-payment","extra":"{\"sr_no\":1,\"total_payments\":1,\"frequency\":\"upfront\",\"total_price\":1000,\"split_amount\":1000}"} {"feature":"approve-decline-child-payment"}
[2026-02-09 10:51:49] testing.INFO: SplitPaymentService - Processing ecommLob quote for payment code: CAR-ABCDEF12345 {"trace_id":"7647a565-98d8-4a99-b155-0295abc7a831","is_console_command":true,"request_path":"POST payments/Car/split-payment-approve-decline","request_ip":"127.0.0.1","user_agent":"Symfony","execution_time_ms":null,"feature":"approve-decline-child-payment"} {"feature":"approve-decline-child-payment"}
[2026-02-09 10:51:49] testing.INFO: SplitPaymentService - Processing ecommLob quote for payment code: CAR-ABCDEF12345 {"trace_id":"7647a565-98d8-4a99-b155-0295abc7a831","is_console_command":true,"request_path":"POST payments/Car/split-payment-approve-decline","request_ip":"127.0.0.1","user_agent":"Symfony","execution_time_ms":null,"feature":"approve-decline-child-payment","extra":"{\"modelType\":\"Car\",\"computedPrice\":1000}"} {"feature":"approve-decline-child-payment"}
[2026-02-09 10:51:49] testing.INFO: SplitPaymentService - ecommLob VAT calculation for payment code: CAR-ABCDEF12345 {"trace_id":"7647a565-98d8-4a99-b155-0295abc7a831","is_console_command":true,"request_path":"POST payments/Car/split-payment-approve-decline","request_ip":"127.0.0.1","user_agent":"Symfony","execution_time_ms":null,"feature":"approve-decline-child-payment"} {"feature":"approve-decline-child-payment"}
[2026-02-09 10:51:49] testing.INFO: SplitPaymentService - ecommLob VAT calculation for payment code: CAR-ABCDEF12345 {"trace_id":"7647a565-98d8-4a99-b155-0295abc7a831","is_console_command":true,"request_path":"POST payments/Car/split-payment-approve-decline","request_ip":"127.0.0.1","user_agent":"Symfony","execution_time_ms":null,"feature":"approve-decline-child-payment","extra":"{\"modelType\":\"Car\",\"priceWithoutVat\":952.3809523809523,\"vat\":47.61904761904761}"} {"feature":"approve-decline-child-payment"}
[2026-02-09 10:51:49] testing.INFO: SplitPaymentService - Final price after adding non-applicable VAT amount for payment code: CAR-ABCDEF12345 {"trace_id":"7647a565-98d8-4a99-b155-0295abc7a831","is_console_command":true,"request_path":"POST payments/Car/split-payment-approve-decline","request_ip":"127.0.0.1","user_agent":"Symfony","execution_time_ms":null,"feature":"approve-decline-child-payment"} {"feature":"approve-decline-child-payment"}
[2026-02-09 10:51:49] testing.INFO: SplitPaymentService - Final price after adding non-applicable VAT amount for payment code: CAR-ABCDEF12345 {"trace_id":"7647a565-98d8-4a99-b155-0295abc7a831","is_console_command":true,"request_path":"POST payments/Car/split-payment-approve-decline","request_ip":"127.0.0.1","user_agent":"Symfony","execution_time_ms":null,"feature":"approve-decline-child-payment","extra":"{\"final_priceWithoutVat\":952.3809523809523,\"priceVatNotApplicable\":0,\"vat\":47.61904761904761}"} {"feature":"approve-decline-child-payment"}
[2026-02-09 10:51:49] testing.INFO: PaymentSplits:Observer - VAT calculation completed for payment code: CAR-ABCDEF12345 {"trace_id":"7647a565-98d8-4a99-b155-0295abc7a831","is_console_command":true,"request_path":"POST payments/Car/split-payment-approve-decline","request_ip":"127.0.0.1","user_agent":"Symfony","execution_time_ms":null,"feature":"approve-decline-child-payment"} {"feature":"approve-decline-child-payment"}
[2026-02-09 10:51:49] testing.INFO: PaymentSplits:Observer - VAT calculation completed for payment code: CAR-ABCDEF12345 {"trace_id":"7647a565-98d8-4a99-b155-0295abc7a831","is_console_command":true,"request_path":"POST payments/Car/split-payment-approve-decline","request_ip":"127.0.0.1","user_agent":"Symfony","execution_time_ms":null,"feature":"approve-decline-child-payment","extra":"{\"sr_no\":1,\"price_without_vat\":952.38,\"vat\":47.62}"} {"feature":"approve-decline-child-payment"}
[2026-02-09 10:51:49] testing.INFO: PaymentSplits:Observer - Payment split updated for payment code: CAR-ABCDEF12345 {"trace_id":"7647a565-98d8-4a99-b155-0295abc7a831","is_console_command":true,"request_path":"POST payments/Car/split-payment-approve-decline","request_ip":"127.0.0.1","user_agent":"Symfony","execution_time_ms":null,"feature":"approve-decline-child-payment"} {"feature":"approve-decline-child-payment"}
[2026-02-09 10:51:49] testing.INFO: PaymentSplits:Observer - Payment split updated for payment code: CAR-ABCDEF12345 {"trace_id":"7647a565-98d8-4a99-b155-0295abc7a831","is_console_command":true,"request_path":"POST payments/Car/split-payment-approve-decline","request_ip":"127.0.0.1","user_agent":"Symfony","execution_time_ms":null,"feature":"approve-decline-child-payment","extra":"{\"sr_no\":1}"} {"feature":"approve-decline-child-payment"}
[2026-02-09 10:51:49] testing.INFO: Split payment approval completed successfully - code: CAR-ABCDEF12345, SR No: 1 {"trace_id":"7647a565-98d8-4a99-b155-0295abc7a831","is_console_command":true,"request_path":"POST payments/Car/split-payment-approve-decline","request_ip":"127.0.0.1","user_agent":"Symfony","execution_time_ms":null,"feature":"approve-decline-child-payment"} {"feature":"approve-decline-child-payment"}
[2026-02-09 10:51:49] testing.INFO: Split payment approval completed successfully - code: CAR-ABCDEF12345, SR No: 1 {"trace_id":"7647a565-98d8-4a99-b155-0295abc7a831","is_console_command":true,"request_path":"POST payments/Car/split-payment-approve-decline","request_ip":"127.0.0.1","user_agent":"Symfony","execution_time_ms":null,"feature":"approve-decline-child-payment"} {"feature":"approve-decline-child-payment"}
[2026-02-09 10:51:49] testing.INFO: Master payment code: CAR-ABCDEF12345 - setMasterPaymentStatus called {"trace_id":"7647a565-98d8-4a99-b155-0295abc7a831","is_console_command":true,"request_path":"POST payments/Car/split-payment-approve-decline","request_ip":"127.0.0.1","user_agent":"Symfony","execution_time_ms":null,"feature":"approve-decline-child-payment"} {"feature":"approve-decline-child-payment"}
[2026-02-09 10:51:49] testing.INFO: Master payment code: CAR-ABCDEF12345 - setMasterPaymentStatus called {"trace_id":"7647a565-98d8-4a99-b155-0295abc7a831","is_console_command":true,"request_path":"POST payments/Car/split-payment-approve-decline","request_ip":"127.0.0.1","user_agent":"Symfony","execution_time_ms":null,"feature":"approve-decline-child-payment"} {"feature":"approve-decline-child-payment"}
[2026-02-09 10:51:49] testing.INFO: Payment:Observer - Payment status changed to 10 for payment code: CAR-ABCDEF12345 {"trace_id":"7647a565-98d8-4a99-b155-0295abc7a831","is_console_command":true,"request_path":"POST payments/Car/split-payment-approve-decline","request_ip":"127.0.0.1","user_agent":"Symfony","execution_time_ms":null,"feature":"approve-decline-child-payment"} {"feature":"approve-decline-child-payment"}
[2026-02-09 10:51:49] testing.INFO: Payment:Observer - Payment status changed to 10 for payment code: CAR-ABCDEF12345 {"trace_id":"7647a565-98d8-4a99-b155-0295abc7a831","is_console_command":true,"request_path":"POST payments/Car/split-payment-approve-decline","request_ip":"127.0.0.1","user_agent":"Symfony","execution_time_ms":null,"feature":"approve-decline-child-payment"} {"feature":"approve-decline-child-payment"}
[2026-02-09 10:51:49] testing.INFO: Master payment code: CAR-ABCDEF12345 - Payment status updated from 14 to 10 {"trace_id":"7647a565-98d8-4a99-b155-0295abc7a831","is_console_command":true,"request_path":"POST payments/Car/split-payment-approve-decline","request_ip":"127.0.0.1","user_agent":"Symfony","execution_time_ms":null,"feature":"approve-decline-child-payment"} {"feature":"approve-decline-child-payment"}
[2026-02-09 10:51:49] testing.INFO: Master payment code: CAR-ABCDEF12345 - Payment status updated from 14 to 10 {"trace_id":"7647a565-98d8-4a99-b155-0295abc7a831","is_console_command":true,"request_path":"POST payments/Car/split-payment-approve-decline","request_ip":"127.0.0.1","user_agent":"Symfony","execution_time_ms":null,"feature":"approve-decline-child-payment"} {"feature":"approve-decline-child-payment"}
[2026-02-09 10:51:49] testing.INFO: Master payment code: CAR-ABCDEF12345 - Quote type: App\Models\CarQuote {"trace_id":"7647a565-98d8-4a99-b155-0295abc7a831","is_console_command":true,"request_path":"POST payments/Car/split-payment-approve-decline","request_ip":"127.0.0.1","user_agent":"Symfony","execution_time_ms":null,"feature":"approve-decline-child-payment"} {"feature":"approve-decline-child-payment"}
[2026-02-09 10:51:49] testing.INFO: Master payment code: CAR-ABCDEF12345 - Quote type: App\Models\CarQuote {"trace_id":"7647a565-98d8-4a99-b155-0295abc7a831","is_console_command":true,"request_path":"POST payments/Car/split-payment-approve-decline","request_ip":"127.0.0.1","user_agent":"Symfony","execution_time_ms":null,"feature":"approve-decline-child-payment"} {"feature":"approve-decline-child-payment"}
[2026-02-09 10:51:49] testing.WARNING: Quote not synced from quote_sync table, uuid: ABCDEF12345 {"trace_id":"7647a565-98d8-4a99-b155-0295abc7a831","is_console_command":true,"request_path":"POST payments/Car/split-payment-approve-decline","request_ip":"127.0.0.1","user_agent":"Symfony","execution_time_ms":null,"feature":"approve-decline-child-payment"} {"feature":"approve-decline-child-payment"}
[2026-02-09 10:51:49] testing.WARNING: Quote not synced from quote_sync table, uuid: ABCDEF12345 {"trace_id":"7647a565-98d8-4a99-b155-0295abc7a831","is_console_command":true,"request_path":"POST payments/Car/split-payment-approve-decline","request_ip":"127.0.0.1","user_agent":"Symfony","execution_time_ms":null,"feature":"approve-decline-child-payment"} {"feature":"approve-decline-child-payment"}
[2026-02-09 10:51:49] testing.INFO: Master payment code: CAR-ABCDEF12345 quote payment status updated from  to 10 {"trace_id":"7647a565-98d8-4a99-b155-0295abc7a831","is_console_command":true,"request_path":"POST payments/Car/split-payment-approve-decline","request_ip":"127.0.0.1","user_agent":"Symfony","execution_time_ms":null,"feature":"approve-decline-child-payment"} {"feature":"approve-decline-child-payment"}
[2026-02-09 10:51:49] testing.INFO: Master payment code: CAR-ABCDEF12345 quote payment status updated from  to 10 {"trace_id":"7647a565-98d8-4a99-b155-0295abc7a831","is_console_command":true,"request_path":"POST payments/Car/split-payment-approve-decline","request_ip":"127.0.0.1","user_agent":"Symfony","execution_time_ms":null,"feature":"approve-decline-child-payment"} {"feature":"approve-decline-child-payment"}
[2026-02-09 10:51:50] testing.INFO: fn:fetchByQuoteTypeMapping - Start - InsuranceProviderRepository {"trace_id":"20ded3e5-7499-4946-85f8-8b8648dfc570","is_console_command":true,"request_path":"GET quotes/travel","request_ip":"127.0.0.1","user_agent":"Symfony","execution_time_ms":null} 
[2026-02-09 10:51:50] testing.INFO: fn:fetchByQuoteTypeMapping - Start - InsuranceProviderRepository {"trace_id":"20ded3e5-7499-4946-85f8-8b8648dfc570","is_console_command":true,"request_path":"GET quotes/travel","request_ip":"127.0.0.1","user_agent":"Symfony","execution_time_ms":null} 
[2026-02-09 10:51:50] testing.INFO: Driver Emirates ID data processor started {"trace_id":"587a7eb2-a43c-48e4-bf12-cd9e53910273","is_console_command":true} 
[2026-02-09 10:51:50] testing.INFO: Driver Emirates ID data processor started {"trace_id":"587a7eb2-a43c-48e4-bf12-cd9e53910273","is_console_command":true} 
[2026-02-09 10:51:50] testing.INFO: VehicleDriverDetail updated/created successfully for Driver Emirates ID {"trace_id":"587a7eb2-a43c-48e4-bf12-cd9e53910273","is_console_command":true} 
[2026-02-09 10:51:50] testing.INFO: VehicleDriverDetail updated/created successfully for Driver Emirates ID {"trace_id":"587a7eb2-a43c-48e4-bf12-cd9e53910273","is_console_command":true} 
[2026-02-09 10:51:50] testing.INFO: Driver Emirates ID data validation result for document type: DRIVER_EID is: true {"trace_id":"587a7eb2-a43c-48e4-bf12-cd9e53910273","is_console_command":true} 
[2026-02-09 10:51:50] testing.INFO: Driver Emirates ID data validation result for document type: DRIVER_EID is: true {"trace_id":"587a7eb2-a43c-48e4-bf12-cd9e53910273","is_console_command":true,"extra":"{\"eid_number\":\"784-1985-1234567-1\",\"driver_name\":\"John Doe Smith\",\"date_of_birth\":\"1985-05-15\",\"nationality\":\"United Arab Emirates\",\"sex\":\"male\",\"ocr_processed_at\":\"2026-02-09 10:51:50\",\"ocr_model\":null,\"ocr_provider\":null}"} 
[2026-02-09 10:51:50] testing.INFO: Driver Emirates ID data processing completed successfully {"trace_id":"587a7eb2-a43c-48e4-bf12-cd9e53910273","is_console_command":true} 
[2026-02-09 10:51:50] testing.INFO: Driver Emirates ID data processing completed successfully {"trace_id":"587a7eb2-a43c-48e4-bf12-cd9e53910273","is_console_command":true} 
[2026-02-09 10:51:50] testing.INFO: Driver Emirates ID data processor started {"trace_id":"553c5a78-383d-445e-a7ed-85f68bfc50e7","is_console_command":true} 
[2026-02-09 10:51:50] testing.INFO: Driver Emirates ID data processor started {"trace_id":"553c5a78-383d-445e-a7ed-85f68bfc50e7","is_console_command":true} 
[2026-02-09 10:51:50] testing.INFO: VehicleDriverDetail updated/created successfully for Driver Emirates ID {"trace_id":"553c5a78-383d-445e-a7ed-85f68bfc50e7","is_console_command":true} 
[2026-02-09 10:51:50] testing.INFO: VehicleDriverDetail updated/created successfully for Driver Emirates ID {"trace_id":"553c5a78-383d-445e-a7ed-85f68bfc50e7","is_console_command":true} 
[2026-02-09 10:51:50] testing.INFO: Getting nationality ID for nationality: United Arab Emirates {"trace_id":"553c5a78-383d-445e-a7ed-85f68bfc50e7","is_console_command":true} 
[2026-02-09 10:51:50] testing.INFO: Getting nationality ID for nationality: United Arab Emirates {"trace_id":"553c5a78-383d-445e-a7ed-85f68bfc50e7","is_console_command":true} 
[2026-02-09 10:51:50] testing.WARNING: Quote not synced from quote_sync table, uuid: f3685d69-c2aa-36a0-b470-8d15383add81 {"trace_id":"553c5a78-383d-445e-a7ed-85f68bfc50e7","is_console_command":true} 
[2026-02-09 10:51:50] testing.WARNING: Quote not synced from quote_sync table, uuid: f3685d69-c2aa-36a0-b470-8d15383add81 {"trace_id":"553c5a78-383d-445e-a7ed-85f68bfc50e7","is_console_command":true} 
[2026-02-09 10:51:50] testing.INFO: CarQuote updated successfully with Driver Emirates ID {"trace_id":"553c5a78-383d-445e-a7ed-85f68bfc50e7","is_console_command":true} 
[2026-02-09 10:51:50] testing.INFO: CarQuote updated successfully with Driver Emirates ID {"trace_id":"553c5a78-383d-445e-a7ed-85f68bfc50e7","is_console_command":true} 
[2026-02-09 10:51:50] testing.INFO: Driver Emirates ID data validation result for document type: DRIVER_EID is: true {"trace_id":"553c5a78-383d-445e-a7ed-85f68bfc50e7","is_console_command":true} 
[2026-02-09 10:51:50] testing.INFO: Driver Emirates ID data validation result for document type: DRIVER_EID is: true {"trace_id":"553c5a78-383d-445e-a7ed-85f68bfc50e7","is_console_command":true,"extra":"{\"eid_number\":\"784-1985-1234567-1\",\"driver_name\":\"Jane Smith\",\"date_of_birth\":\"1990-08-20\",\"nationality\":\"United Arab Emirates\",\"sex\":\"female\",\"ocr_processed_at\":\"2026-02-09 10:51:50\",\"ocr_model\":null,\"ocr_provider\":null}"} 
[2026-02-09 10:51:50] testing.INFO: Driver Emirates ID data processing completed successfully {"trace_id":"553c5a78-383d-445e-a7ed-85f68bfc50e7","is_console_command":true} 
[2026-02-09 10:51:50] testing.INFO: Driver Emirates ID data processing completed successfully {"trace_id":"553c5a78-383d-445e-a7ed-85f68bfc50e7","is_console_command":true} 
[2026-02-09 10:51:50] testing.INFO: Driver Emirates ID data processor started {"trace_id":"f01001ff-3be9-42df-8710-8b8ba5641246","is_console_command":true} 
[2026-02-09 10:51:50] testing.INFO: Driver Emirates ID data processor started {"trace_id":"f01001ff-3be9-42df-8710-8b8ba5641246","is_console_command":true} 
[2026-02-09 10:51:50] testing.INFO: VehicleDriverDetail updated/created successfully for Driver Emirates ID {"trace_id":"f01001ff-3be9-42df-8710-8b8ba5641246","is_console_command":true} 
[2026-02-09 10:51:50] testing.INFO: VehicleDriverDetail updated/created successfully for Driver Emirates ID {"trace_id":"f01001ff-3be9-42df-8710-8b8ba5641246","is_console_command":true} 
[2026-02-09 10:51:50] testing.INFO: Driver Emirates ID data validation result for document type: DRIVER_EID is: true {"trace_id":"f01001ff-3be9-42df-8710-8b8ba5641246","is_console_command":true} 
[2026-02-09 10:51:50] testing.INFO: Driver Emirates ID data validation result for document type: DRIVER_EID is: true {"trace_id":"f01001ff-3be9-42df-8710-8b8ba5641246","is_console_command":true,"extra":"{\"eid_number\":\"784-1985-1234567-1\",\"driver_name\":\"Bob Johnson\",\"date_of_birth\":\"1988-03-10\",\"nationality\":\"United Arab Emirates\",\"sex\":\"male\",\"ocr_processed_at\":\"2026-02-09 10:51:50\",\"ocr_model\":null,\"ocr_provider\":null}"} 
[2026-02-09 10:51:50] testing.INFO: Driver Emirates ID data processing completed successfully {"trace_id":"f01001ff-3be9-42df-8710-8b8ba5641246","is_console_command":true} 
[2026-02-09 10:51:50] testing.INFO: Driver Emirates ID data processing completed successfully {"trace_id":"f01001ff-3be9-42df-8710-8b8ba5641246","is_console_command":true} 
[2026-02-09 10:51:50] testing.INFO: Driver Emirates ID data processor started {"trace_id":"5a52fa3f-9b53-4440-a181-e4c075566033","is_console_command":true} 
[2026-02-09 10:51:50] testing.INFO: Driver Emirates ID data processor started {"trace_id":"5a52fa3f-9b53-4440-a181-e4c075566033","is_console_command":true} 
[2026-02-09 10:51:50] testing.INFO: VehicleDriverDetail - No OCR data to update for Driver Emirates ID {"trace_id":"5a52fa3f-9b53-4440-a181-e4c075566033","is_console_command":true} 
[2026-02-09 10:51:50] testing.INFO: VehicleDriverDetail - No OCR data to update for Driver Emirates ID {"trace_id":"5a52fa3f-9b53-4440-a181-e4c075566033","is_console_command":true} 
[2026-02-09 10:51:50] testing.INFO: Driver Emirates ID data validation result for document type: DRIVER_EID is: false {"trace_id":"5a52fa3f-9b53-4440-a181-e4c075566033","is_console_command":true} 
[2026-02-09 10:51:50] testing.INFO: Driver Emirates ID data validation result for document type: DRIVER_EID is: false {"trace_id":"5a52fa3f-9b53-4440-a181-e4c075566033","is_console_command":true,"extra":"{\"eid_number\":null,\"driver_name\":null,\"date_of_birth\":null,\"nationality\":null,\"sex\":null,\"ocr_processed_at\":\"2026-02-09 10:51:50\",\"ocr_model\":null,\"ocr_provider\":null}"} 
[2026-02-09 10:51:50] testing.INFO: Driver Emirates ID data processing completed successfully {"trace_id":"5a52fa3f-9b53-4440-a181-e4c075566033","is_console_command":true} 
[2026-02-09 10:51:50] testing.INFO: Driver Emirates ID data processing completed successfully {"trace_id":"5a52fa3f-9b53-4440-a181-e4c075566033","is_console_command":true} 
[2026-02-09 10:51:50] testing.INFO: Driver Emirates ID data processor started {"trace_id":"c94d32a8-f61d-4793-817d-66179ce98dad","is_console_command":true} 
[2026-02-09 10:51:50] testing.INFO: Driver Emirates ID data processor started {"trace_id":"c94d32a8-f61d-4793-817d-66179ce98dad","is_console_command":true} 
[2026-02-09 10:51:50] testing.INFO: VehicleDriverDetail - No OCR data to update for Driver Emirates ID {"trace_id":"c94d32a8-f61d-4793-817d-66179ce98dad","is_console_command":true} 
[2026-02-09 10:51:50] testing.INFO: VehicleDriverDetail - No OCR data to update for Driver Emirates ID {"trace_id":"c94d32a8-f61d-4793-817d-66179ce98dad","is_console_command":true} 
[2026-02-09 10:51:50] testing.INFO: Driver Emirates ID data validation result for document type: DRIVER_EID is: false {"trace_id":"c94d32a8-f61d-4793-817d-66179ce98dad","is_console_command":true} 
[2026-02-09 10:51:50] testing.INFO: Driver Emirates ID data validation result for document type: DRIVER_EID is: false {"trace_id":"c94d32a8-f61d-4793-817d-66179ce98dad","is_console_command":true,"extra":"{\"eid_number\":null,\"driver_name\":null,\"date_of_birth\":null,\"nationality\":null,\"sex\":null,\"ocr_processed_at\":\"2026-02-09 10:51:50\",\"ocr_model\":null,\"ocr_provider\":null}"} 
[2026-02-09 10:51:50] testing.INFO: Driver Emirates ID data processing completed successfully {"trace_id":"c94d32a8-f61d-4793-817d-66179ce98dad","is_console_command":true} 
[2026-02-09 10:51:50] testing.INFO: Driver Emirates ID data processing completed successfully {"trace_id":"c94d32a8-f61d-4793-817d-66179ce98dad","is_console_command":true} 
[2026-02-09 10:51:50] testing.INFO: Driver Emirates ID data processor started {"trace_id":"a07d0f2c-3536-473a-b58c-43b60d5466b0","is_console_command":true} 
[2026-02-09 10:51:50] testing.INFO: Driver Emirates ID data processor started {"trace_id":"a07d0f2c-3536-473a-b58c-43b60d5466b0","is_console_command":true} 
[2026-02-09 10:51:50] testing.INFO: VehicleDriverDetail updated/created successfully for Driver Emirates ID {"trace_id":"a07d0f2c-3536-473a-b58c-43b60d5466b0","is_console_command":true} 
[2026-02-09 10:51:50] testing.INFO: VehicleDriverDetail updated/created successfully for Driver Emirates ID {"trace_id":"a07d0f2c-3536-473a-b58c-43b60d5466b0","is_console_command":true} 
[2026-02-09 10:51:50] testing.INFO: Driver Emirates ID data validation result for document type: DRIVER_EID is: true {"trace_id":"a07d0f2c-3536-473a-b58c-43b60d5466b0","is_console_command":true} 
[2026-02-09 10:51:50] testing.INFO: Driver Emirates ID data validation result for document type: DRIVER_EID is: true {"trace_id":"a07d0f2c-3536-473a-b58c-43b60d5466b0","is_console_command":true,"extra":"{\"eid_number\":\"784-1985-1234567-1\",\"driver_name\":null,\"date_of_birth\":null,\"nationality\":null,\"sex\":\"female\",\"ocr_processed_at\":\"2026-02-09 10:51:50\",\"ocr_model\":null,\"ocr_provider\":null}"} 
[2026-02-09 10:51:50] testing.INFO: Driver Emirates ID data processing completed successfully {"trace_id":"a07d0f2c-3536-473a-b58c-43b60d5466b0","is_console_command":true} 
[2026-02-09 10:51:50] testing.INFO: Driver Emirates ID data processing completed successfully {"trace_id":"a07d0f2c-3536-473a-b58c-43b60d5466b0","is_console_command":true} 
[2026-02-09 10:51:50] testing.INFO: Driver Emirates ID data processor started {"trace_id":"10cd0200-4294-4d52-816b-edfaa9889086","is_console_command":true} 
[2026-02-09 10:51:50] testing.INFO: Driver Emirates ID data processor started {"trace_id":"10cd0200-4294-4d52-816b-edfaa9889086","is_console_command":true} 
[2026-02-09 10:51:50] testing.INFO: VehicleDriverDetail updated/created successfully for Driver Emirates ID {"trace_id":"10cd0200-4294-4d52-816b-edfaa9889086","is_console_command":true} 
[2026-02-09 10:51:50] testing.INFO: VehicleDriverDetail updated/created successfully for Driver Emirates ID {"trace_id":"10cd0200-4294-4d52-816b-edfaa9889086","is_console_command":true} 
[2026-02-09 10:51:50] testing.INFO: Getting nationality ID for nationality: United Arab Emirates {"trace_id":"10cd0200-4294-4d52-816b-edfaa9889086","is_console_command":true} 
[2026-02-09 10:51:50] testing.INFO: Getting nationality ID for nationality: United Arab Emirates {"trace_id":"10cd0200-4294-4d52-816b-edfaa9889086","is_console_command":true} 
[2026-02-09 10:51:50] testing.WARNING: Quote not synced from quote_sync table, uuid: e44a4eb7-13f2-3296-a269-1593f80e8c06 {"trace_id":"10cd0200-4294-4d52-816b-edfaa9889086","is_console_command":true} 
[2026-02-09 10:51:50] testing.WARNING: Quote not synced from quote_sync table, uuid: e44a4eb7-13f2-3296-a269-1593f80e8c06 {"trace_id":"10cd0200-4294-4d52-816b-edfaa9889086","is_console_command":true} 
[2026-02-09 10:51:50] testing.INFO: CarQuote updated successfully with Driver Emirates ID {"trace_id":"10cd0200-4294-4d52-816b-edfaa9889086","is_console_command":true} 
[2026-02-09 10:51:50] testing.INFO: CarQuote updated successfully with Driver Emirates ID {"trace_id":"10cd0200-4294-4d52-816b-edfaa9889086","is_console_command":true} 
[2026-02-09 10:51:50] testing.INFO: Driver Emirates ID data validation result for document type: DRIVER_EID is: true {"trace_id":"10cd0200-4294-4d52-816b-edfaa9889086","is_console_command":true} 
[2026-02-09 10:51:50] testing.INFO: Driver Emirates ID data validation result for document type: DRIVER_EID is: true {"trace_id":"10cd0200-4294-4d52-816b-edfaa9889086","is_console_command":true,"extra":"{\"eid_number\":\"784-1985-1234567-1\",\"driver_name\":\"John Doe\",\"date_of_birth\":\"1985-05-15\",\"nationality\":\"United Arab Emirates\",\"sex\":\"male\",\"ocr_processed_at\":\"2026-02-09 10:51:50\",\"ocr_model\":null,\"ocr_provider\":null}"} 
[2026-02-09 10:51:50] testing.INFO: Driver Emirates ID data processing completed successfully {"trace_id":"10cd0200-4294-4d52-816b-edfaa9889086","is_console_command":true} 
[2026-02-09 10:51:50] testing.INFO: Driver Emirates ID data processing completed successfully {"trace_id":"10cd0200-4294-4d52-816b-edfaa9889086","is_console_command":true} 
[2026-02-09 10:51:50] testing.INFO: Driver Emirates ID data processor started {"trace_id":"df1060fb-37d6-48b4-9e74-9545cdda96f3","is_console_command":true} 
[2026-02-09 10:51:50] testing.INFO: Driver Emirates ID data processor started {"trace_id":"df1060fb-37d6-48b4-9e74-9545cdda96f3","is_console_command":true} 
[2026-02-09 10:51:50] testing.INFO: VehicleDriverDetail updated/created successfully for Driver Emirates ID {"trace_id":"df1060fb-37d6-48b4-9e74-9545cdda96f3","is_console_command":true} 
[2026-02-09 10:51:50] testing.INFO: VehicleDriverDetail updated/created successfully for Driver Emirates ID {"trace_id":"df1060fb-37d6-48b4-9e74-9545cdda96f3","is_console_command":true} 
[2026-02-09 10:51:50] testing.INFO: Driver Emirates ID data validation result for document type: DRIVER_EID is: true {"trace_id":"df1060fb-37d6-48b4-9e74-9545cdda96f3","is_console_command":true} 
[2026-02-09 10:51:50] testing.INFO: Driver Emirates ID data validation result for document type: DRIVER_EID is: true {"trace_id":"df1060fb-37d6-48b4-9e74-9545cdda96f3","is_console_command":true,"extra":"{\"eid_number\":\"784-1985-1234567-1\",\"driver_name\":null,\"date_of_birth\":null,\"nationality\":null,\"sex\":\"male\",\"ocr_processed_at\":\"2026-02-09 10:51:50\",\"ocr_model\":null,\"ocr_provider\":null}"} 
[2026-02-09 10:51:50] testing.INFO: Driver Emirates ID data processing completed successfully {"trace_id":"df1060fb-37d6-48b4-9e74-9545cdda96f3","is_console_command":true} 
[2026-02-09 10:51:50] testing.INFO: Driver Emirates ID data processing completed successfully {"trace_id":"df1060fb-37d6-48b4-9e74-9545cdda96f3","is_console_command":true} 
[2026-02-09 10:51:50] testing.INFO: Driver Emirates ID data processor started {"trace_id":"154017f1-2010-4ff2-9a8e-91afdb81afda","is_console_command":true} 
[2026-02-09 10:51:50] testing.INFO: Driver Emirates ID data processor started {"trace_id":"154017f1-2010-4ff2-9a8e-91afdb81afda","is_console_command":true} 
[2026-02-09 10:51:50] testing.INFO: VehicleDriverDetail updated/created successfully for Driver Emirates ID {"trace_id":"154017f1-2010-4ff2-9a8e-91afdb81afda","is_console_command":true} 
[2026-02-09 10:51:50] testing.INFO: VehicleDriverDetail updated/created successfully for Driver Emirates ID {"trace_id":"154017f1-2010-4ff2-9a8e-91afdb81afda","is_console_command":true} 
[2026-02-09 10:51:50] testing.INFO: Driver Emirates ID data validation result for document type: DRIVER_EID is: true {"trace_id":"154017f1-2010-4ff2-9a8e-91afdb81afda","is_console_command":true} 
[2026-02-09 10:51:50] testing.INFO: Driver Emirates ID data validation result for document type: DRIVER_EID is: true {"trace_id":"154017f1-2010-4ff2-9a8e-91afdb81afda","is_console_command":true,"extra":"{\"eid_number\":\"784-1985-1234567-1\",\"driver_name\":null,\"date_of_birth\":null,\"nationality\":null,\"sex\":null,\"ocr_processed_at\":\"2026-02-09 10:51:50\",\"ocr_model\":null,\"ocr_provider\":null}"} 
[2026-02-09 10:51:50] testing.INFO: Driver Emirates ID data processing completed successfully {"trace_id":"154017f1-2010-4ff2-9a8e-91afdb81afda","is_console_command":true} 
[2026-02-09 10:51:50] testing.INFO: Driver Emirates ID data processing completed successfully {"trace_id":"154017f1-2010-4ff2-9a8e-91afdb81afda","is_console_command":true} 
[2026-02-09 10:51:54] testing.ERROR: Error toggling policy issuance automation for quote {"ref_id":"8ab3a8f8-8172-3d4d-a792-8ee8bef2b7b6","feature":"disable-policy-issuance-automation"} {"feature":"disable-policy-issuance-automation"}
[2026-02-09 10:51:54] testing.ERROR: Error toggling policy issuance automation for quote {"ref_id":"8ab3a8f8-8172-3d4d-a792-8ee8bef2b7b6","feature":"disable-policy-issuance-automation","extra":"{\"error\":\"Something went wrong\",\"trace\":\"#0 \\/home\\/runner\\/work\\/blanka\\/blanka\\/vendor\\/pestphp\\/pest\\/src\\/Factories\\/TestCaseMethodFactory.php(168): P\\\\Tests\\\\Feature\\\\TogglePolicyIssuanceAutomationTest->{closure:\\/home\\/runner\\/work\\/blanka\\/blanka\\/tests\\/Feature\\/TogglePolicyIssuanceAutomationTest.php:237}()\\n#1 [internal function]: P\\\\Tests\\\\Feature\\\\TogglePolicyIssuanceAutomationTest->{closure:Pest\\\\Factories\\\\TestCaseMethodFactory::getClosure():158}()\\n#2 \\/home\\/runner\\/work\\/blanka\\/blanka\\/vendor\\/pestphp\\/pest\\/src\\/Concerns\\/Testable.php(419): call_user_func_array()\\n#3 \\/home\\/runner\\/work\\/blanka\\/blanka\\/vendor\\/pestphp\\/pest\\/src\\/Support\\/ExceptionTrace.php(26): P\\\\Tests\\\\Feature\\\\TogglePolicyIssuanceAutomationTest->{closure:Pest\\\\Concerns\\\\Testable::__callClosure():419}()\\n#4 \\/home\\/runner\\/work\\/blanka\\/blanka\\/vendor\\/pestphp\\/pest\\/src\\/Concerns\\/Testable.php(419): Pest\\\\Support\\\\ExceptionTrace::ensure()\\n#5 \\/home\\/runner\\/work\\/blanka\\/blanka\\/vendor\\/pestphp\\/pest\\/src\\/Concerns\\/Testable.php(321): P\\\\Tests\\\\Feature\\\\TogglePolicyIssuanceAutomationTest->__callClosure()\\n#6 \\/home\\/runner\\/work\\/blanka\\/blanka\\/vendor\\/pestphp\\/pest\\/src\\/Factories\\/TestCaseFactory.php(169) : eval()'d code(89): P\\\\Tests\\\\Feature\\\\TogglePolicyIssuanceAutomationTest->__runTest()\\n#7 \\/home\\/runner\\/work\\/blanka\\/blanka\\/vendor\\/phpunit\\/phpunit\\/src\\/Framework\\/TestCase.php(1656): P\\\\Tests\\\\Feature\\\\TogglePolicyIssuanceAutomationTest->__pest_evaluable_handles_exceptions_and_returns_500()\\n#8 \\/home\\/runner\\/work\\/blanka\\/blanka\\/vendor\\/phpunit\\/phpunit\\/src\\/Framework\\/TestCase.php(514): PHPUnit\\\\Framework\\\\TestCase->runTest()\\n#9 \\/home\\/runner\\/work\\/blanka\\/blanka\\/vendor\\/phpunit\\/phpunit\\/src\\/Framework\\/TestRunner\\/TestRunner.php(87): PHPUnit\\\\Framework\\\\TestCase->runBare()\\n#10 \\/home\\/runner\\/work\\/blanka\\/blanka\\/vendor\\/phpunit\\/phpunit\\/src\\/Framework\\/TestCase.php(361): PHPUnit\\\\Framework\\\\TestRunner->run()\\n#11 \\/home\\/runner\\/work\\/blanka\\/blanka\\/vendor\\/phpunit\\/phpunit\\/src\\/Framework\\/TestSuite.php(369): PHPUnit\\\\Framework\\\\TestCase->run()\\n#12 \\/home\\/runner\\/work\\/blanka\\/blanka\\/vendor\\/phpunit\\/phpunit\\/src\\/Framework\\/TestSuite.php(369): PHPUnit\\\\Framework\\\\TestSuite->run()\\n#13 \\/home\\/runner\\/work\\/blanka\\/blanka\\/vendor\\/phpunit\\/phpunit\\/src\\/Framework\\/TestSuite.php(369): PHPUnit\\\\Framework\\\\TestSuite->run()\\n#14 \\/home\\/runner\\/work\\/blanka\\/blanka\\/vendor\\/phpunit\\/phpunit\\/src\\/TextUI\\/TestRunner.php(64): PHPUnit\\\\Framework\\\\TestSuite->run()\\n#15 \\/home\\/runner\\/work\\/blanka\\/blanka\\/vendor\\/phpunit\\/phpunit\\/src\\/TextUI\\/Application.php(211): PHPUnit\\\\TextUI\\\\TestRunner->run()\\n#16 \\/home\\/runner\\/work\\/blanka\\/blanka\\/vendor\\/pestphp\\/pest\\/src\\/Kernel.php(103): PHPUnit\\\\TextUI\\\\Application->run()\\n#17 \\/home\\/runner\\/work\\/blanka\\/blanka\\/vendor\\/pestphp\\/pest\\/bin\\/pest(184): Pest\\\\Kernel->handle()\\n#18 \\/home\\/runner\\/work\\/blanka\\/blanka\\/vendor\\/pestphp\\/pest\\/bin\\/pest(192): {closure:\\/home\\/runner\\/work\\/blanka\\/blanka\\/vendor\\/pestphp\\/pest\\/bin\\/pest:18}()\\n#19 \\/home\\/runner\\/work\\/blanka\\/blanka\\/vendor\\/bin\\/pest(119): include('...')\\n#20 {main}\"}"} {"feature":"disable-policy-issuance-automation"}
[2026-02-09 10:51:54] testing.INFO: User with ID: 1 and email : test@example.com logged out. {"trace_id":"92b6ff2e-1f89-4e24-b005-16b9f0d342af","is_console_command":true} 
[2026-02-09 10:51:54] testing.INFO: User with ID: 1 and email : test@example.com logged out. {"trace_id":"92b6ff2e-1f89-4e24-b005-16b9f0d342af","is_console_command":true} 
[2026-02-09 10:51:54] testing.INFO: User with ID: 1 and email : test@example.com status changed to unavailable. {"trace_id":"92b6ff2e-1f89-4e24-b005-16b9f0d342af","is_console_command":true} 
[2026-02-09 10:51:54] testing.INFO: User with ID: 1 and email : test@example.com status changed to unavailable. {"trace_id":"92b6ff2e-1f89-4e24-b005-16b9f0d342af","is_console_command":true} 
[2026-02-09 10:51:54] testing.INFO: Dispatching SendManagerDeactivationAttemptEmailJob {"trace_id":"90364a4d-88ce-43d7-b656-f4936ccbb3aa","is_console_command":true,"request_path":"PUT admin/users/2","request_ip":"127.0.0.1","user_agent":"Symfony","execution_time_ms":null} 
[2026-02-09 10:51:54] testing.INFO: Dispatching SendManagerDeactivationAttemptEmailJob {"trace_id":"90364a4d-88ce-43d7-b656-f4936ccbb3aa","is_console_command":true,"request_path":"PUT admin/users/2","request_ip":"127.0.0.1","user_agent":"Symfony","execution_time_ms":null,"extra":"{\"manager_user_id\":2,\"subordinates_count\":1,\"attempted_by_user_id\":1}"} 
[2026-02-09 10:51:55] testing.INFO: Skipping SendManagerDeactivationAttemptEmailJob dispatch: manager has no subordinates {"trace_id":"8012216a-82f4-4693-a219-dbd3d1ac1e09","is_console_command":true,"request_path":"PUT admin/users/2","request_ip":"127.0.0.1","user_agent":"Symfony","execution_time_ms":null} 
[2026-02-09 10:51:55] testing.INFO: Skipping SendManagerDeactivationAttemptEmailJob dispatch: manager has no subordinates {"trace_id":"8012216a-82f4-4693-a219-dbd3d1ac1e09","is_console_command":true,"request_path":"PUT admin/users/2","request_ip":"127.0.0.1","user_agent":"Symfony","execution_time_ms":null,"extra":"{\"manager_user_id\":2}"} 
[2026-02-09 11:00:03] laravel.EMERGENCY: Unable to create configured logger. Using emergency logger. {"exception":"[object] (Illuminate\\Database\\QueryException(code: 2002): SQLSTATE[HY000] [2002] php_network_getaddresses: getaddrinfo for mysql failed: Temporary failure in name resolution (Connection: mysql, Host: mysql, Port: 3306, Database: central_afia, SQL: select `value` from `application_storage` where `key_name` = AXIOM_BATCH_SIZE and `application_storage`.`deleted_at` is null limit 1) at /home/runner/work/blanka/blanka/vendor/laravel/framework/src/Illuminate/Database/Connection.php:838)
[stacktrace]
#0 /home/runner/work/blanka/blanka/vendor/laravel/framework/src/Illuminate/Database/Connection.php(999): Illuminate\\Database\\Connection->runQueryCallback()
#1 /home/runner/work/blanka/blanka/vendor/laravel/framework/src/Illuminate/Database/Connection.php(978): Illuminate\\Database\\Connection->tryAgainIfCausedByLostConnection()
#2 /home/runner/work/blanka/blanka/vendor/laravel/framework/src/Illuminate/Database/Connection.php(796): Illuminate\\Database\\Connection->handleQueryException()
#3 /home/runner/work/blanka/blanka/vendor/laravel/framework/src/Illuminate/Database/Connection.php(411): Illuminate\\Database\\Connection->run()
#4 /home/runner/work/blanka/blanka/vendor/laravel/framework/src/Illuminate/Database/Query/Builder.php(3386): Illuminate\\Database\\Connection->select()
#5 /home/runner/work/blanka/blanka/vendor/laravel/framework/src/Illuminate/Database/Query/Builder.php(3371): Illuminate\\Database\\Query\\Builder->runSelect()
#6 /home/runner/work/blanka/blanka/vendor/laravel/framework/src/Illuminate/Database/Query/Builder.php(3961): Illuminate\\Database\\Query\\Builder->{closure:Illuminate\\Database\\Query\\Builder::get():3370}()
#7 /home/runner/work/blanka/blanka/vendor/laravel/framework/src/Illuminate/Database/Query/Builder.php(3370): Illuminate\\Database\\Query\\Builder->onceWithColumns()
#8 /home/runner/work/blanka/blanka/vendor/laravel/framework/src/Illuminate/Database/Eloquent/Builder.php(902): Illuminate\\Database\\Query\\Builder->get()
#9 /home/runner/work/blanka/blanka/vendor/laravel/framework/src/Illuminate/Database/Eloquent/Builder.php(884): Illuminate\\Database\\Eloquent\\Builder->getModels()
#10 /home/runner/work/blanka/blanka/vendor/laravel/framework/src/Illuminate/Database/Concerns/BuildsQueries.php(366): Illuminate\\Database\\Eloquent\\Builder->get()
#11 /home/runner/work/blanka/blanka/app/helpers/Helper.php(1102): Illuminate\\Database\\Eloquent\\Builder->first()
#12 /home/runner/work/blanka/blanka/app/helpers/Helper.php(1120): {closure:getAppStorageValueByKey():1100}()
#13 /home/runner/work/blanka/blanka/app/Logging/AxiomBatchHandler.php(30): getAppStorageValueByKey()
#14 /home/runner/work/blanka/blanka/vendor/laravel/framework/src/Illuminate/Container/Container.php(1172): App\\Logging\\AxiomBatchHandler->__construct()
#15 /home/runner/work/blanka/blanka/vendor/laravel/framework/src/Illuminate/Container/Container.php(933): Illuminate\\Container\\Container->build()
#16 /home/runner/work/blanka/blanka/vendor/laravel/framework/src/Illuminate/Foundation/Application.php(1078): Illuminate\\Container\\Container->resolve()
#17 /home/runner/work/blanka/blanka/vendor/laravel/framework/src/Illuminate/Container/Container.php(864): Illuminate\\Foundation\\Application->resolve()
#18 /home/runner/work/blanka/blanka/vendor/laravel/framework/src/Illuminate/Foundation/Application.php(1058): Illuminate\\Container\\Container->make()
#19 /home/runner/work/blanka/blanka/vendor/laravel/framework/src/Illuminate/Log/LogManager.php(420): Illuminate\\Foundation\\Application->make()
#20 /home/runner/work/blanka/blanka/vendor/laravel/framework/src/Illuminate/Log/LogManager.php(232): Illuminate\\Log\\LogManager->createMonologDriver()
#21 /home/runner/work/blanka/blanka/vendor/laravel/framework/src/Illuminate/Log/LogManager.php(138): Illuminate\\Log\\LogManager->resolve()
#22 /home/runner/work/blanka/blanka/vendor/laravel/framework/src/Illuminate/Log/LogManager.php(125): Illuminate\\Log\\LogManager->get()
#23 /home/runner/work/blanka/blanka/vendor/laravel/framework/src/Illuminate/Log/LogManager.php(114): Illuminate\\Log\\LogManager->driver()
#24 /home/runner/work/blanka/blanka/vendor/laravel/framework/src/Illuminate/Log/LogManager.php(278): Illuminate\\Log\\LogManager->channel()
#25 [internal function]: Illuminate\\Log\\LogManager->{closure:Illuminate\\Log\\LogManager::createStackDriver():275}()
#26 /home/runner/work/blanka/blanka/vendor/laravel/framework/src/Illuminate/Collections/Arr.php(820): array_map()
#27 /home/runner/work/blanka/blanka/vendor/laravel/framework/src/Illuminate/Collections/Collection.php(846): Illuminate\\Support\\Arr::map()
#28 /home/runner/work/blanka/blanka/vendor/laravel/framework/src/Illuminate/Collections/Traits/EnumeratesValues.php(441): Illuminate\\Support\\Collection->map()
#29 /home/runner/work/blanka/blanka/vendor/laravel/framework/src/Illuminate/Log/LogManager.php(275): Illuminate\\Support\\Collection->flatMap()
#30 /home/runner/work/blanka/blanka/vendor/laravel/framework/src/Illuminate/Log/LogManager.php(232): Illuminate\\Log\\LogManager->createStackDriver()
#31 /home/runner/work/blanka/blanka/vendor/laravel/framework/src/Illuminate/Log/LogManager.php(138): Illuminate\\Log\\LogManager->resolve()
#32 /home/runner/work/blanka/blanka/vendor/laravel/framework/src/Illuminate/Log/LogManager.php(125): Illuminate\\Log\\LogManager->get()
#33 /home/runner/work/blanka/blanka/vendor/laravel/framework/src/Illuminate/Log/LogManager.php(794): Illuminate\\Log\\LogManager->driver()
#34 /home/runner/work/blanka/blanka/vendor/laravel/framework/src/Illuminate/Support/Facades/Facade.php(363): Illuminate\\Log\\LogManager->__call()
#35 /home/runner/work/blanka/blanka/app/Providers/AppServiceProvider.php(111): Illuminate\\Support\\Facades\\Facade::__callStatic()
#36 /home/runner/work/blanka/blanka/vendor/laravel/framework/src/Illuminate/Container/BoundMethod.php(36): App\\Providers\\AppServiceProvider->boot()
#37 /home/runner/work/blanka/blanka/vendor/laravel/framework/src/Illuminate/Container/Util.php(43): Illuminate\\Container\\BoundMethod::{closure:Illuminate\\Container\\BoundMethod::call():35}()
#38 /home/runner/work/blanka/blanka/vendor/laravel/framework/src/Illuminate/Container/BoundMethod.php(96): Illuminate\\Container\\Util::unwrapIfClosure()
#39 /home/runner/work/blanka/blanka/vendor/laravel/framework/src/Illuminate/Container/BoundMethod.php(35): Illuminate\\Container\\BoundMethod::callBoundMethod()
#40 /home/runner/work/blanka/blanka/vendor/laravel/framework/src/Illuminate/Container/Container.php(799): Illuminate\\Container\\BoundMethod::call()
#41 /home/runner/work/blanka/blanka/vendor/laravel/framework/src/Illuminate/Foundation/Application.php(1151): Illuminate\\Container\\Container->call()
#42 /home/runner/work/blanka/blanka/vendor/laravel/framework/src/Illuminate/Foundation/Application.php(1132): Illuminate\\Foundation\\Application->bootProvider()
#43 [internal function]: Illuminate\\Foundation\\Application->{closure:Illuminate\\Foundation\\Application::boot():1131}()
#44 /home/runner/work/blanka/blanka/vendor/laravel/framework/src/Illuminate/Foundation/Application.php(1131): array_walk()
#45 /home/runner/work/blanka/blanka/vendor/laravel/framework/src/Illuminate/Foundation/Bootstrap/BootProviders.php(17): Illuminate\\Foundation\\Application->boot()
#46 /home/runner/work/blanka/blanka/vendor/laravel/framework/src/Illuminate/Foundation/Application.php(342): Illuminate\\Foundation\\Bootstrap\\BootProviders->bootstrap()
#47 /home/runner/work/blanka/blanka/vendor/laravel/framework/src/Illuminate/Foundation/Console/Kernel.php(494): Illuminate\\Foundation\\Application->bootstrapWith()
#48 /home/runner/work/blanka/blanka/vendor/laravel/framework/src/Illuminate/Foundation/Console/Kernel.php(196): Illuminate\\Foundation\\Console\\Kernel->bootstrap()
#49 /home/runner/work/blanka/blanka/artisan(35): Illuminate\\Foundation\\Console\\Kernel->handle()
#50 {main}

[previous exception] [object] (PDOException(code: 2002): SQLSTATE[HY000] [2002] php_network_getaddresses: getaddrinfo for mysql failed: Temporary failure in name resolution at /home/runner/work/blanka/blanka/vendor/laravel/framework/src/Illuminate/Database/Connectors/Connector.php:67)
[stacktrace]
#0 /home/runner/work/blanka/blanka/vendor/laravel/framework/src/Illuminate/Database/Connectors/Connector.php(67): PDO::connect()
#1 /home/runner/work/blanka/blanka/vendor/laravel/framework/src/Illuminate/Database/Connectors/Connector.php(85): Illuminate\\Database\\Connectors\\Connector->createPdoConnection()
#2 /home/runner/work/blanka/blanka/vendor/laravel/framework/src/Illuminate/Database/Connectors/Connector.php(48): Illuminate\\Database\\Connectors\\Connector->tryAgainIfCausedByLostConnection()
#3 /home/runner/work/blanka/blanka/vendor/laravel/framework/src/Illuminate/Database/Connectors/MySqlConnector.php(24): Illuminate\\Database\\Connectors\\Connector->createConnection()
#4 /home/runner/work/blanka/blanka/vendor/laravel/framework/src/Illuminate/Database/Connectors/ConnectionFactory.php(186): Illuminate\\Database\\Connectors\\MySqlConnector->connect()
#5 [internal function]: Illuminate\\Database\\Connectors\\ConnectionFactory->{closure:Illuminate\\Database\\Connectors\\ConnectionFactory::createPdoResolverWithHosts():181}()
#6 /home/runner/work/blanka/blanka/vendor/laravel/framework/src/Illuminate/Database/Connection.php(1257): call_user_func()
#7 /home/runner/work/blanka/blanka/vendor/laravel/framework/src/Illuminate/Database/Connection.php(1295): Illuminate\\Database\\Connection->getPdo()
#8 /home/runner/work/blanka/blanka/vendor/laravel/framework/src/Illuminate/Database/Connection.php(525): Illuminate\\Database\\Connection->getReadPdo()
#9 /home/runner/work/blanka/blanka/vendor/laravel/framework/src/Illuminate/Database/Connection.php(420): Illuminate\\Database\\Connection->getPdoForSelect()
#10 /home/runner/work/blanka/blanka/vendor/laravel/framework/src/Illuminate/Database/Connection.php(827): Illuminate\\Database\\Connection->{closure:Illuminate\\Database\\Connection::select():411}()
#11 /home/runner/work/blanka/blanka/vendor/laravel/framework/src/Illuminate/Database/Connection.php(999): Illuminate\\Database\\Connection->runQueryCallback()
#12 /home/runner/work/blanka/blanka/vendor/laravel/framework/src/Illuminate/Database/Connection.php(978): Illuminate\\Database\\Connection->tryAgainIfCausedByLostConnection()
#13 /home/runner/work/blanka/blanka/vendor/laravel/framework/src/Illuminate/Database/Connection.php(796): Illuminate\\Database\\Connection->handleQueryException()
#14 /home/runner/work/blanka/blanka/vendor/laravel/framework/src/Illuminate/Database/Connection.php(411): Illuminate\\Database\\Connection->run()
#15 /home/runner/work/blanka/blanka/vendor/laravel/framework/src/Illuminate/Database/Query/Builder.php(3386): Illuminate\\Database\\Connection->select()
#16 /home/runner/work/blanka/blanka/vendor/laravel/framework/src/Illuminate/Database/Query/Builder.php(3371): Illuminate\\Database\\Query\\Builder->runSelect()
#17 /home/runner/work/blanka/blanka/vendor/laravel/framework/src/Illuminate/Database/Query/Builder.php(3961): Illuminate\\Database\\Query\\Builder->{closure:Illuminate\\Database\\Query\\Builder::get():3370}()
#18 /home/runner/work/blanka/blanka/vendor/laravel/framework/src/Illuminate/Database/Query/Builder.php(3370): Illuminate\\Database\\Query\\Builder->onceWithColumns()
#19 /home/runner/work/blanka/blanka/vendor/laravel/framework/src/Illuminate/Database/Eloquent/Builder.php(902): Illuminate\\Database\\Query\\Builder->get()
#20 /home/runner/work/blanka/blanka/vendor/laravel/framework/src/Illuminate/Database/Eloquent/Builder.php(884): Illuminate\\Database\\Eloquent\\Builder->getModels()
#21 /home/runner/work/blanka/blanka/vendor/laravel/framework/src/Illuminate/Database/Concerns/BuildsQueries.php(366): Illuminate\\Database\\Eloquent\\Builder->get()
#22 /home/runner/work/blanka/blanka/app/helpers/Helper.php(1102): Illuminate\\Database\\Eloquent\\Builder->first()
#23 /home/runner/work/blanka/blanka/app/helpers/Helper.php(1120): {closure:getAppStorageValueByKey():1100}()
#24 /home/runner/work/blanka/blanka/app/Logging/AxiomBatchHandler.php(30): getAppStorageValueByKey()
#25 /home/runner/work/blanka/blanka/vendor/laravel/framework/src/Illuminate/Container/Container.php(1172): App\\Logging\\AxiomBatchHandler->__construct()
#26 /home/runner/work/blanka/blanka/vendor/laravel/framework/src/Illuminate/Container/Container.php(933): Illuminate\\Container\\Container->build()
#27 /home/runner/work/blanka/blanka/vendor/laravel/framework/src/Illuminate/Foundation/Application.php(1078): Illuminate\\Container\\Container->resolve()
#28 /home/runner/work/blanka/blanka/vendor/laravel/framework/src/Illuminate/Container/Container.php(864): Illuminate\\Foundation\\Application->resolve()
#29 /home/runner/work/blanka/blanka/vendor/laravel/framework/src/Illuminate/Foundation/Application.php(1058): Illuminate\\Container\\Container->make()
#30 /home/runner/work/blanka/blanka/vendor/laravel/framework/src/Illuminate/Log/LogManager.php(420): Illuminate\\Foundation\\Application->make()
#31 /home/runner/work/blanka/blanka/vendor/laravel/framework/src/Illuminate/Log/LogManager.php(232): Illuminate\\Log\\LogManager->createMonologDriver()
#32 /home/runner/work/blanka/blanka/vendor/laravel/framework/src/Illuminate/Log/LogManager.php(138): Illuminate\\Log\\LogManager->resolve()
#33 /home/runner/work/blanka/blanka/vendor/laravel/framework/src/Illuminate/Log/LogManager.php(125): Illuminate\\Log\\LogManager->get()
#34 /home/runner/work/blanka/blanka/vendor/laravel/framework/src/Illuminate/Log/LogManager.php(114): Illuminate\\Log\\LogManager->driver()
#35 /home/runner/work/blanka/blanka/vendor/laravel/framework/src/Illuminate/Log/LogManager.php(278): Illuminate\\Log\\LogManager->channel()
#36 [internal function]: Illuminate\\Log\\LogManager->{closure:Illuminate\\Log\\LogManager::createStackDriver():275}()
#37 /home/runner/work/blanka/blanka/vendor/laravel/framework/src/Illuminate/Collections/Arr.php(820): array_map()
#38 /home/runner/work/blanka/blanka/vendor/laravel/framework/src/Illuminate/Collections/Collection.php(846): Illuminate\\Support\\Arr::map()
#39 /home/runner/work/blanka/blanka/vendor/laravel/framework/src/Illuminate/Collections/Traits/EnumeratesValues.php(441): Illuminate\\Support\\Collection->map()
#40 /home/runner/work/blanka/blanka/vendor/laravel/framework/src/Illuminate/Log/LogManager.php(275): Illuminate\\Support\\Collection->flatMap()
#41 /home/runner/work/blanka/blanka/vendor/laravel/framework/src/Illuminate/Log/LogManager.php(232): Illuminate\\Log\\LogManager->createStackDriver()
#42 /home/runner/work/blanka/blanka/vendor/laravel/framework/src/Illuminate/Log/LogManager.php(138): Illuminate\\Log\\LogManager->resolve()
#43 /home/runner/work/blanka/blanka/vendor/laravel/framework/src/Illuminate/Log/LogManager.php(125): Illuminate\\Log\\LogManager->get()
#44 /home/runner/work/blanka/blanka/vendor/laravel/framework/src/Illuminate/Log/LogManager.php(794): Illuminate\\Log\\LogManager->driver()
#45 /home/runner/work/blanka/blanka/vendor/laravel/framework/src/Illuminate/Support/Facades/Facade.php(363): Illuminate\\Log\\LogManager->__call()
#46 /home/runner/work/blanka/blanka/app/Providers/AppServiceProvider.php(111): Illuminate\\Support\\Facades\\Facade::__callStatic()
#47 /home/runner/work/blanka/blanka/vendor/laravel/framework/src/Illuminate/Container/BoundMethod.php(36): App\\Providers\\AppServiceProvider->boot()
#48 /home/runner/work/blanka/blanka/vendor/laravel/framework/src/Illuminate/Container/Util.php(43): Illuminate\\Container\\BoundMethod::{closure:Illuminate\\Container\\BoundMethod::call():35}()
#49 /home/runner/work/blanka/blanka/vendor/laravel/framework/src/Illuminate/Container/BoundMethod.php(96): Illuminate\\Container\\Util::unwrapIfClosure()
#50 /home/runner/work/blanka/blanka/vendor/laravel/framework/src/Illuminate/Container/BoundMethod.php(35): Illuminate\\Container\\BoundMethod::callBoundMethod()
#51 /home/runner/work/blanka/blanka/vendor/laravel/framework/src/Illuminate/Container/Container.php(799): Illuminate\\Container\\BoundMethod::call()
#52 /home/runner/work/blanka/blanka/vendor/laravel/framework/src/Illuminate/Foundation/Application.php(1151): Illuminate\\Container\\Container->call()
#53 /home/runner/work/blanka/blanka/vendor/laravel/framework/src/Illuminate/Foundation/Application.php(1132): Illuminate\\Foundation\\Application->bootProvider()
#54 [internal function]: Illuminate\\Foundation\\Application->{closure:Illuminate\\Foundation\\Application::boot():1131}()
#55 /home/runner/work/blanka/blanka/vendor/laravel/framework/src/Illuminate/Foundation/Application.php(1131): array_walk()
#56 /home/runner/work/blanka/blanka/vendor/laravel/framework/src/Illuminate/Foundation/Bootstrap/BootProviders.php(17): Illuminate\\Foundation\\Application->boot()
#57 /home/runner/work/blanka/blanka/vendor/laravel/framework/src/Illuminate/Foundation/Application.php(342): Illuminate\\Foundation\\Bootstrap\\BootProviders->bootstrap()
#58 /home/runner/work/blanka/blanka/vendor/laravel/framework/src/Illuminate/Foundation/Console/Kernel.php(494): Illuminate\\Foundation\\Application->bootstrapWith()
#59 /home/runner/work/blanka/blanka/vendor/laravel/framework/src/Illuminate/Foundation/Console/Kernel.php(196): Illuminate\\Foundation\\Console\\Kernel->bootstrap()
#60 /home/runner/work/blanka/blanka/artisan(35): Illuminate\\Foundation\\Console\\Kernel->handle()
#61 {main}

[previous exception] [object] (PDOException(code: 0): PDO::connect(): php_network_getaddresses: getaddrinfo for mysql failed: Temporary failure in name resolution at /home/runner/work/blanka/blanka/vendor/laravel/framework/src/Illuminate/Database/Connectors/Connector.php:67)
[stacktrace]
#0 /home/runner/work/blanka/blanka/vendor/laravel/framework/src/Illuminate/Database/Connectors/Connector.php(67): PDO::connect()
#1 /home/runner/work/blanka/blanka/vendor/laravel/framework/src/Illuminate/Database/Connectors/Connector.php(85): Illuminate\\Database\\Connectors\\Connector->createPdoConnection()
#2 /home/runner/work/blanka/blanka/vendor/laravel/framework/src/Illuminate/Database/Connectors/Connector.php(48): Illuminate\\Database\\Connectors\\Connector->tryAgainIfCausedByLostConnection()
#3 /home/runner/work/blanka/blanka/vendor/laravel/framework/src/Illuminate/Database/Connectors/MySqlConnector.php(24): Illuminate\\Database\\Connectors\\Connector->createConnection()
#4 /home/runner/work/blanka/blanka/vendor/laravel/framework/src/Illuminate/Database/Connectors/ConnectionFactory.php(186): Illuminate\\Database\\Connectors\\MySqlConnector->connect()
#5 [internal function]: Illuminate\\Database\\Connectors\\ConnectionFactory->{closure:Illuminate\\Database\\Connectors\\ConnectionFactory::createPdoResolverWithHosts():181}()
#6 /home/runner/work/blanka/blanka/vendor/laravel/framework/src/Illuminate/Database/Connection.php(1257): call_user_func()
#7 /home/runner/work/blanka/blanka/vendor/laravel/framework/src/Illuminate/Database/Connection.php(1295): Illuminate\\Database\\Connection->getPdo()
#8 /home/runner/work/blanka/blanka/vendor/laravel/framework/src/Illuminate/Database/Connection.php(525): Illuminate\\Database\\Connection->getReadPdo()
#9 /home/runner/work/blanka/blanka/vendor/laravel/framework/src/Illuminate/Database/Connection.php(420): Illuminate\\Database\\Connection->getPdoForSelect()
#10 /home/runner/work/blanka/blanka/vendor/laravel/framework/src/Illuminate/Database/Connection.php(827): Illuminate\\Database\\Connection->{closure:Illuminate\\Database\\Connection::select():411}()
#11 /home/runner/work/blanka/blanka/vendor/laravel/framework/src/Illuminate/Database/Connection.php(999): Illuminate\\Database\\Connection->runQueryCallback()
#12 /home/runner/work/blanka/blanka/vendor/laravel/framework/src/Illuminate/Database/Connection.php(978): Illuminate\\Database\\Connection->tryAgainIfCausedByLostConnection()
#13 /home/runner/work/blanka/blanka/vendor/laravel/framework/src/Illuminate/Database/Connection.php(796): Illuminate\\Database\\Connection->handleQueryException()
#14 /home/runner/work/blanka/blanka/vendor/laravel/framework/src/Illuminate/Database/Connection.php(411): Illuminate\\Database\\Connection->run()
#15 /home/runner/work/blanka/blanka/vendor/laravel/framework/src/Illuminate/Database/Query/Builder.php(3386): Illuminate\\Database\\Connection->select()
#16 /home/runner/work/blanka/blanka/vendor/laravel/framework/src/Illuminate/Database/Query/Builder.php(3371): Illuminate\\Database\\Query\\Builder->runSelect()
#17 /home/runner/work/blanka/blanka/vendor/laravel/framework/src/Illuminate/Database/Query/Builder.php(3961): Illuminate\\Database\\Query\\Builder->{closure:Illuminate\\Database\\Query\\Builder::get():3370}()
#18 /home/runner/work/blanka/blanka/vendor/laravel/framework/src/Illuminate/Database/Query/Builder.php(3370): Illuminate\\Database\\Query\\Builder->onceWithColumns()
#19 /home/runner/work/blanka/blanka/vendor/laravel/framework/src/Illuminate/Database/Eloquent/Builder.php(902): Illuminate\\Database\\Query\\Builder->get()
#20 /home/runner/work/blanka/blanka/vendor/laravel/framework/src/Illuminate/Database/Eloquent/Builder.php(884): Illuminate\\Database\\Eloquent\\Builder->getModels()
#21 /home/runner/work/blanka/blanka/vendor/laravel/framework/src/Illuminate/Database/Concerns/BuildsQueries.php(366): Illuminate\\Database\\Eloquent\\Builder->get()
#22 /home/runner/work/blanka/blanka/app/helpers/Helper.php(1102): Illuminate\\Database\\Eloquent\\Builder->first()
#23 /home/runner/work/blanka/blanka/app/helpers/Helper.php(1120): {closure:getAppStorageValueByKey():1100}()
#24 /home/runner/work/blanka/blanka/app/Logging/AxiomBatchHandler.php(30): getAppStorageValueByKey()
#25 /home/runner/work/blanka/blanka/vendor/laravel/framework/src/Illuminate/Container/Container.php(1172): App\\Logging\\AxiomBatchHandler->__construct()
#26 /home/runner/work/blanka/blanka/vendor/laravel/framework/src/Illuminate/Container/Container.php(933): Illuminate\\Container\\Container->build()
#27 /home/runner/work/blanka/blanka/vendor/laravel/framework/src/Illuminate/Foundation/Application.php(1078): Illuminate\\Container\\Container->resolve()
#28 /home/runner/work/blanka/blanka/vendor/laravel/framework/src/Illuminate/Container/Container.php(864): Illuminate\\Foundation\\Application->resolve()
#29 /home/runner/work/blanka/blanka/vendor/laravel/framework/src/Illuminate/Foundation/Application.php(1058): Illuminate\\Container\\Container->make()
#30 /home/runner/work/blanka/blanka/vendor/laravel/framework/src/Illuminate/Log/LogManager.php(420): Illuminate\\Foundation\\Application->make()
#31 /home/runner/work/blanka/blanka/vendor/laravel/framework/src/Illuminate/Log/LogManager.php(232): Illuminate\\Log\\LogManager->createMonologDriver()
#32 /home/runner/work/blanka/blanka/vendor/laravel/framework/src/Illuminate/Log/LogManager.php(138): Illuminate\\Log\\LogManager->resolve()
#33 /home/runner/work/blanka/blanka/vendor/laravel/framework/src/Illuminate/Log/LogManager.php(125): Illuminate\\Log\\LogManager->get()
#34 /home/runner/work/blanka/blanka/vendor/laravel/framework/src/Illuminate/Log/LogManager.php(114): Illuminate\\Log\\LogManager->driver()
#35 /home/runner/work/blanka/blanka/vendor/laravel/framework/src/Illuminate/Log/LogManager.php(278): Illuminate\\Log\\LogManager->channel()
#36 [internal function]: Illuminate\\Log\\LogManager->{closure:Illuminate\\Log\\LogManager::createStackDriver():275}()
#37 /home/runner/work/blanka/blanka/vendor/laravel/framework/src/Illuminate/Collections/Arr.php(820): array_map()
#38 /home/runner/work/blanka/blanka/vendor/laravel/framework/src/Illuminate/Collections/Collection.php(846): Illuminate\\Support\\Arr::map()
#39 /home/runner/work/blanka/blanka/vendor/laravel/framework/src/Illuminate/Collections/Traits/EnumeratesValues.php(441): Illuminate\\Support\\Collection->map()
#40 /home/runner/work/blanka/blanka/vendor/laravel/framework/src/Illuminate/Log/LogManager.php(275): Illuminate\\Support\\Collection->flatMap()
#41 /home/runner/work/blanka/blanka/vendor/laravel/framework/src/Illuminate/Log/LogManager.php(232): Illuminate\\Log\\LogManager->createStackDriver()
#42 /home/runner/work/blanka/blanka/vendor/laravel/framework/src/Illuminate/Log/LogManager.php(138): Illuminate\\Log\\LogManager->resolve()
#43 /home/runner/work/blanka/blanka/vendor/laravel/framework/src/Illuminate/Log/LogManager.php(125): Illuminate\\Log\\LogManager->get()
#44 /home/runner/work/blanka/blanka/vendor/laravel/framework/src/Illuminate/Log/LogManager.php(794): Illuminate\\Log\\LogManager->driver()
#45 /home/runner/work/blanka/blanka/vendor/laravel/framework/src/Illuminate/Support/Facades/Facade.php(363): Illuminate\\Log\\LogManager->__call()
#46 /home/runner/work/blanka/blanka/app/Providers/AppServiceProvider.php(111): Illuminate\\Support\\Facades\\Facade::__callStatic()
#47 /home/runner/work/blanka/blanka/vendor/laravel/framework/src/Illuminate/Container/BoundMethod.php(36): App\\Providers\\AppServiceProvider->boot()
#48 /home/runner/work/blanka/blanka/vendor/laravel/framework/src/Illuminate/Container/Util.php(43): Illuminate\\Container\\BoundMethod::{closure:Illuminate\\Container\\BoundMethod::call():35}()
#49 /home/runner/work/blanka/blanka/vendor/laravel/framework/src/Illuminate/Container/BoundMethod.php(96): Illuminate\\Container\\Util::unwrapIfClosure()
#50 /home/runner/work/blanka/blanka/vendor/laravel/framework/src/Illuminate/Container/BoundMethod.php(35): Illuminate\\Container\\BoundMethod::callBoundMethod()
#51 /home/runner/work/blanka/blanka/vendor/laravel/framework/src/Illuminate/Container/Container.php(799): Illuminate\\Container\\BoundMethod::call()
#52 /home/runner/work/blanka/blanka/vendor/laravel/framework/src/Illuminate/Foundation/Application.php(1151): Illuminate\\Container\\Container->call()
#53 /home/runner/work/blanka/blanka/vendor/laravel/framework/src/Illuminate/Foundation/Application.php(1132): Illuminate\\Foundation\\Application->bootProvider()
#54 [internal function]: Illuminate\\Foundation\\Application->{closure:Illuminate\\Foundation\\Application::boot():1131}()
#55 /home/runner/work/blanka/blanka/vendor/laravel/framework/src/Illuminate/Foundation/Application.php(1131): array_walk()
#56 /home/runner/work/blanka/blanka/vendor/laravel/framework/src/Illuminate/Foundation/Bootstrap/BootProviders.php(17): Illuminate\\Foundation\\Application->boot()
#57 /home/runner/work/blanka/blanka/vendor/laravel/framework/src/Illuminate/Foundation/Application.php(342): Illuminate\\Foundation\\Bootstrap\\BootProviders->bootstrap()
#58 /home/runner/work/blanka/blanka/vendor/laravel/framework/src/Illuminate/Foundation/Console/Kernel.php(494): Illuminate\\Foundation\\Application->bootstrapWith()
#59 /home/runner/work/blanka/blanka/vendor/laravel/framework/src/Illuminate/Foundation/Console/Kernel.php(196): Illuminate\\Foundation\\Console\\Kernel->bootstrap()
#60 /home/runner/work/blanka/blanka/artisan(35): Illuminate\\Foundation\\Console\\Kernel->handle()
#61 {main}
"} 
[2026-02-09 11:00:03] laravel.EMERGENCY: Unable to create configured logger. Using emergency logger. {"exception":"[object] (Illuminate\\Database\\QueryException(code: 2002): SQLSTATE[HY000] [2002] php_network_getaddresses: getaddrinfo for mysql failed: Temporary failure in name resolution (Connection: mysql, Host: mysql, Port: 3306, Database: central_afia, SQL: select `value` from `application_storage` where `key_name` = AXIOM_BATCH_SIZE and `application_storage`.`deleted_at` is null limit 1) at /home/runner/work/blanka/blanka/vendor/laravel/framework/src/Illuminate/Database/Connection.php:838)
[stacktrace]
#0 /home/runner/work/blanka/blanka/vendor/laravel/framework/src/Illuminate/Database/Connection.php(999): Illuminate\\Database\\Connection->runQueryCallback()
#1 /home/runner/work/blanka/blanka/vendor/laravel/framework/src/Illuminate/Database/Connection.php(978): Illuminate\\Database\\Connection->tryAgainIfCausedByLostConnection()
#2 /home/runner/work/blanka/blanka/vendor/laravel/framework/src/Illuminate/Database/Connection.php(796): Illuminate\\Database\\Connection->handleQueryException()
#3 /home/runner/work/blanka/blanka/vendor/laravel/framework/src/Illuminate/Database/Connection.php(411): Illuminate\\Database\\Connection->run()
#4 /home/runner/work/blanka/blanka/vendor/laravel/framework/src/Illuminate/Database/Query/Builder.php(3386): Illuminate\\Database\\Connection->select()
#5 /home/runner/work/blanka/blanka/vendor/laravel/framework/src/Illuminate/Database/Query/Builder.php(3371): Illuminate\\Database\\Query\\Builder->runSelect()
#6 /home/runner/work/blanka/blanka/vendor/laravel/framework/src/Illuminate/Database/Query/Builder.php(3961): Illuminate\\Database\\Query\\Builder->{closure:Illuminate\\Database\\Query\\Builder::get():3370}()
#7 /home/runner/work/blanka/blanka/vendor/laravel/framework/src/Illuminate/Database/Query/Builder.php(3370): Illuminate\\Database\\Query\\Builder->onceWithColumns()
#8 /home/runner/work/blanka/blanka/vendor/laravel/framework/src/Illuminate/Database/Eloquent/Builder.php(902): Illuminate\\Database\\Query\\Builder->get()
#9 /home/runner/work/blanka/blanka/vendor/laravel/framework/src/Illuminate/Database/Eloquent/Builder.php(884): Illuminate\\Database\\Eloquent\\Builder->getModels()
#10 /home/runner/work/blanka/blanka/vendor/laravel/framework/src/Illuminate/Database/Concerns/BuildsQueries.php(366): Illuminate\\Database\\Eloquent\\Builder->get()
#11 /home/runner/work/blanka/blanka/app/helpers/Helper.php(1102): Illuminate\\Database\\Eloquent\\Builder->first()
#12 /home/runner/work/blanka/blanka/app/helpers/Helper.php(1120): {closure:getAppStorageValueByKey():1100}()
#13 /home/runner/work/blanka/blanka/app/Logging/AxiomBatchHandler.php(30): getAppStorageValueByKey()
#14 /home/runner/work/blanka/blanka/vendor/laravel/framework/src/Illuminate/Container/Container.php(1172): App\\Logging\\AxiomBatchHandler->__construct()
#15 /home/runner/work/blanka/blanka/vendor/laravel/framework/src/Illuminate/Container/Container.php(933): Illuminate\\Container\\Container->build()
#16 /home/runner/work/blanka/blanka/vendor/laravel/framework/src/Illuminate/Foundation/Application.php(1078): Illuminate\\Container\\Container->resolve()
#17 /home/runner/work/blanka/blanka/vendor/laravel/framework/src/Illuminate/Container/Container.php(864): Illuminate\\Foundation\\Application->resolve()
#18 /home/runner/work/blanka/blanka/vendor/laravel/framework/src/Illuminate/Foundation/Application.php(1058): Illuminate\\Container\\Container->make()
#19 /home/runner/work/blanka/blanka/vendor/laravel/framework/src/Illuminate/Log/LogManager.php(420): Illuminate\\Foundation\\Application->make()
#20 /home/runner/work/blanka/blanka/vendor/laravel/framework/src/Illuminate/Log/LogManager.php(232): Illuminate\\Log\\LogManager->createMonologDriver()
#21 /home/runner/work/blanka/blanka/vendor/laravel/framework/src/Illuminate/Log/LogManager.php(138): Illuminate\\Log\\LogManager->resolve()
#22 /home/runner/work/blanka/blanka/vendor/laravel/framework/src/Illuminate/Log/LogManager.php(125): Illuminate\\Log\\LogManager->get()
#23 /home/runner/work/blanka/blanka/vendor/laravel/framework/src/Illuminate/Log/LogManager.php(114): Illuminate\\Log\\LogManager->driver()
#24 /home/runner/work/blanka/blanka/vendor/laravel/framework/src/Illuminate/Log/LogManager.php(286): Illuminate\\Log\\LogManager->channel()
#25 [internal function]: Illuminate\\Log\\LogManager->{closure:Illuminate\\Log\\LogManager::createStackDriver():283}()
#26 /home/runner/work/blanka/blanka/vendor/laravel/framework/src/Illuminate/Collections/Arr.php(820): array_map()
#27 /home/runner/work/blanka/blanka/vendor/laravel/framework/src/Illuminate/Collections/Collection.php(846): Illuminate\\Support\\Arr::map()
#28 /home/runner/work/blanka/blanka/vendor/laravel/framework/src/Illuminate/Collections/Traits/EnumeratesValues.php(441): Illuminate\\Support\\Collection->map()
#29 /home/runner/work/blanka/blanka/vendor/laravel/framework/src/Illuminate/Log/LogManager.php(283): Illuminate\\Support\\Collection->flatMap()
#30 /home/runner/work/blanka/blanka/vendor/laravel/framework/src/Illuminate/Log/LogManager.php(232): Illuminate\\Log\\LogManager->createStackDriver()
#31 /home/runner/work/blanka/blanka/vendor/laravel/framework/src/Illuminate/Log/LogManager.php(138): Illuminate\\Log\\LogManager->resolve()
#32 /home/runner/work/blanka/blanka/vendor/laravel/framework/src/Illuminate/Log/LogManager.php(125): Illuminate\\Log\\LogManager->get()
#33 /home/runner/work/blanka/blanka/vendor/laravel/framework/src/Illuminate/Log/LogManager.php(794): Illuminate\\Log\\LogManager->driver()
#34 /home/runner/work/blanka/blanka/vendor/laravel/framework/src/Illuminate/Support/Facades/Facade.php(363): Illuminate\\Log\\LogManager->__call()
#35 /home/runner/work/blanka/blanka/app/Providers/AppServiceProvider.php(111): Illuminate\\Support\\Facades\\Facade::__callStatic()
#36 /home/runner/work/blanka/blanka/vendor/laravel/framework/src/Illuminate/Container/BoundMethod.php(36): App\\Providers\\AppServiceProvider->boot()
#37 /home/runner/work/blanka/blanka/vendor/laravel/framework/src/Illuminate/Container/Util.php(43): Illuminate\\Container\\BoundMethod::{closure:Illuminate\\Container\\BoundMethod::call():35}()
#38 /home/runner/work/blanka/blanka/vendor/laravel/framework/src/Illuminate/Container/BoundMethod.php(96): Illuminate\\Container\\Util::unwrapIfClosure()
#39 /home/runner/work/blanka/blanka/vendor/laravel/framework/src/Illuminate/Container/BoundMethod.php(35): Illuminate\\Container\\BoundMethod::callBoundMethod()
#40 /home/runner/work/blanka/blanka/vendor/laravel/framework/src/Illuminate/Container/Container.php(799): Illuminate\\Container\\BoundMethod::call()
#41 /home/runner/work/blanka/blanka/vendor/laravel/framework/src/Illuminate/Foundation/Application.php(1151): Illuminate\\Container\\Container->call()
#42 /home/runner/work/blanka/blanka/vendor/laravel/framework/src/Illuminate/Foundation/Application.php(1132): Illuminate\\Foundation\\Application->bootProvider()
#43 [internal function]: Illuminate\\Foundation\\Application->{closure:Illuminate\\Foundation\\Application::boot():1131}()
#44 /home/runner/work/blanka/blanka/vendor/laravel/framework/src/Illuminate/Foundation/Application.php(1131): array_walk()
#45 /home/runner/work/blanka/blanka/vendor/laravel/framework/src/Illuminate/Foundation/Bootstrap/BootProviders.php(17): Illuminate\\Foundation\\Application->boot()
#46 /home/runner/work/blanka/blanka/vendor/laravel/framework/src/Illuminate/Foundation/Application.php(342): Illuminate\\Foundation\\Bootstrap\\BootProviders->bootstrap()
#47 /home/runner/work/blanka/blanka/vendor/laravel/framework/src/Illuminate/Foundation/Console/Kernel.php(494): Illuminate\\Foundation\\Application->bootstrapWith()
#48 /home/runner/work/blanka/blanka/vendor/laravel/framework/src/Illuminate/Foundation/Console/Kernel.php(196): Illuminate\\Foundation\\Console\\Kernel->bootstrap()
#49 /home/runner/work/blanka/blanka/artisan(35): Illuminate\\Foundation\\Console\\Kernel->handle()
#50 {main}

[previous exception] [object] (PDOException(code: 2002): SQLSTATE[HY000] [2002] php_network_getaddresses: getaddrinfo for mysql failed: Temporary failure in name resolution at /home/runner/work/blanka/blanka/vendor/laravel/framework/src/Illuminate/Database/Connectors/Connector.php:67)
[stacktrace]
#0 /home/runner/work/blanka/blanka/vendor/laravel/framework/src/Illuminate/Database/Connectors/Connector.php(67): PDO::connect()
#1 /home/runner/work/blanka/blanka/vendor/laravel/framework/src/Illuminate/Database/Connectors/Connector.php(85): Illuminate\\Database\\Connectors\\Connector->createPdoConnection()
#2 /home/runner/work/blanka/blanka/vendor/laravel/framework/src/Illuminate/Database/Connectors/Connector.php(48): Illuminate\\Database\\Connectors\\Connector->tryAgainIfCausedByLostConnection()
#3 /home/runner/work/blanka/blanka/vendor/laravel/framework/src/Illuminate/Database/Connectors/MySqlConnector.php(24): Illuminate\\Database\\Connectors\\Connector->createConnection()
#4 /home/runner/work/blanka/blanka/vendor/laravel/framework/src/Illuminate/Database/Connectors/ConnectionFactory.php(186): Illuminate\\Database\\Connectors\\MySqlConnector->connect()
#5 [internal function]: Illuminate\\Database\\Connectors\\ConnectionFactory->{closure:Illuminate\\Database\\Connectors\\ConnectionFactory::createPdoResolverWithHosts():181}()
#6 /home/runner/work/blanka/blanka/vendor/laravel/framework/src/Illuminate/Database/Connection.php(1257): call_user_func()
#7 /home/runner/work/blanka/blanka/vendor/laravel/framework/src/Illuminate/Database/Connection.php(1295): Illuminate\\Database\\Connection->getPdo()
#8 /home/runner/work/blanka/blanka/vendor/laravel/framework/src/Illuminate/Database/Connection.php(525): Illuminate\\Database\\Connection->getReadPdo()
#9 /home/runner/work/blanka/blanka/vendor/laravel/framework/src/Illuminate/Database/Connection.php(420): Illuminate\\Database\\Connection->getPdoForSelect()
#10 /home/runner/work/blanka/blanka/vendor/laravel/framework/src/Illuminate/Database/Connection.php(827): Illuminate\\Database\\Connection->{closure:Illuminate\\Database\\Connection::select():411}()
#11 /home/runner/work/blanka/blanka/vendor/laravel/framework/src/Illuminate/Database/Connection.php(999): Illuminate\\Database\\Connection->runQueryCallback()
#12 /home/runner/work/blanka/blanka/vendor/laravel/framework/src/Illuminate/Database/Connection.php(978): Illuminate\\Database\\Connection->tryAgainIfCausedByLostConnection()
#13 /home/runner/work/blanka/blanka/vendor/laravel/framework/src/Illuminate/Database/Connection.php(796): Illuminate\\Database\\Connection->handleQueryException()
#14 /home/runner/work/blanka/blanka/vendor/laravel/framework/src/Illuminate/Database/Connection.php(411): Illuminate\\Database\\Connection->run()
#15 /home/runner/work/blanka/blanka/vendor/laravel/framework/src/Illuminate/Database/Query/Builder.php(3386): Illuminate\\Database\\Connection->select()
#16 /home/runner/work/blanka/blanka/vendor/laravel/framework/src/Illuminate/Database/Query/Builder.php(3371): Illuminate\\Database\\Query\\Builder->runSelect()
#17 /home/runner/work/blanka/blanka/vendor/laravel/framework/src/Illuminate/Database/Query/Builder.php(3961): Illuminate\\Database\\Query\\Builder->{closure:Illuminate\\Database\\Query\\Builder::get():3370}()
#18 /home/runner/work/blanka/blanka/vendor/laravel/framework/src/Illuminate/Database/Query/Builder.php(3370): Illuminate\\Database\\Query\\Builder->onceWithColumns()
#19 /home/runner/work/blanka/blanka/vendor/laravel/framework/src/Illuminate/Database/Eloquent/Builder.php(902): Illuminate\\Database\\Query\\Builder->get()
#20 /home/runner/work/blanka/blanka/vendor/laravel/framework/src/Illuminate/Database/Eloquent/Builder.php(884): Illuminate\\Database\\Eloquent\\Builder->getModels()
#21 /home/runner/work/blanka/blanka/vendor/laravel/framework/src/Illuminate/Database/Concerns/BuildsQueries.php(366): Illuminate\\Database\\Eloquent\\Builder->get()
#22 /home/runner/work/blanka/blanka/app/helpers/Helper.php(1102): Illuminate\\Database\\Eloquent\\Builder->first()
#23 /home/runner/work/blanka/blanka/app/helpers/Helper.php(1120): {closure:getAppStorageValueByKey():1100}()
#24 /home/runner/work/blanka/blanka/app/Logging/AxiomBatchHandler.php(30): getAppStorageValueByKey()
#25 /home/runner/work/blanka/blanka/vendor/laravel/framework/src/Illuminate/Container/Container.php(1172): App\\Logging\\AxiomBatchHandler->__construct()
#26 /home/runner/work/blanka/blanka/vendor/laravel/framework/src/Illuminate/Container/Container.php(933): Illuminate\\Container\\Container->build()
#27 /home/runner/work/blanka/blanka/vendor/laravel/framework/src/Illuminate/Foundation/Application.php(1078): Illuminate\\Container\\Container->resolve()
#28 /home/runner/work/blanka/blanka/vendor/laravel/framework/src/Illuminate/Container/Container.php(864): Illuminate\\Foundation\\Application->resolve()
#29 /home/runner/work/blanka/blanka/vendor/laravel/framework/src/Illuminate/Foundation/Application.php(1058): Illuminate\\Container\\Container->make()
#30 /home/runner/work/blanka/blanka/vendor/laravel/framework/src/Illuminate/Log/LogManager.php(420): Illuminate\\Foundation\\Application->make()
#31 /home/runner/work/blanka/blanka/vendor/laravel/framework/src/Illuminate/Log/LogManager.php(232): Illuminate\\Log\\LogManager->createMonologDriver()
#32 /home/runner/work/blanka/blanka/vendor/laravel/framework/src/Illuminate/Log/LogManager.php(138): Illuminate\\Log\\LogManager->resolve()
#33 /home/runner/work/blanka/blanka/vendor/laravel/framework/src/Illuminate/Log/LogManager.php(125): Illuminate\\Log\\LogManager->get()
#34 /home/runner/work/blanka/blanka/vendor/laravel/framework/src/Illuminate/Log/LogManager.php(114): Illuminate\\Log\\LogManager->driver()
#35 /home/runner/work/blanka/blanka/vendor/laravel/framework/src/Illuminate/Log/LogManager.php(286): Illuminate\\Log\\LogManager->channel()
#36 [internal function]: Illuminate\\Log\\LogManager->{closure:Illuminate\\Log\\LogManager::createStackDriver():283}()
#37 /home/runner/work/blanka/blanka/vendor/laravel/framework/src/Illuminate/Collections/Arr.php(820): array_map()
#38 /home/runner/work/blanka/blanka/vendor/laravel/framework/src/Illuminate/Collections/Collection.php(846): Illuminate\\Support\\Arr::map()
#39 /home/runner/work/blanka/blanka/vendor/laravel/framework/src/Illuminate/Collections/Traits/EnumeratesValues.php(441): Illuminate\\Support\\Collection->map()
#40 /home/runner/work/blanka/blanka/vendor/laravel/framework/src/Illuminate/Log/LogManager.php(283): Illuminate\\Support\\Collection->flatMap()
#41 /home/runner/work/blanka/blanka/vendor/laravel/framework/src/Illuminate/Log/LogManager.php(232): Illuminate\\Log\\LogManager->createStackDriver()
#42 /home/runner/work/blanka/blanka/vendor/laravel/framework/src/Illuminate/Log/LogManager.php(138): Illuminate\\Log\\LogManager->resolve()
#43 /home/runner/work/blanka/blanka/vendor/laravel/framework/src/Illuminate/Log/LogManager.php(125): Illuminate\\Log\\LogManager->get()
#44 /home/runner/work/blanka/blanka/vendor/laravel/framework/src/Illuminate/Log/LogManager.php(794): Illuminate\\Log\\LogManager->driver()
#45 /home/runner/work/blanka/blanka/vendor/laravel/framework/src/Illuminate/Support/Facades/Facade.php(363): Illuminate\\Log\\LogManager->__call()
#46 /home/runner/work/blanka/blanka/app/Providers/AppServiceProvider.php(111): Illuminate\\Support\\Facades\\Facade::__callStatic()
#47 /home/runner/work/blanka/blanka/vendor/laravel/framework/src/Illuminate/Container/BoundMethod.php(36): App\\Providers\\AppServiceProvider->boot()
#48 /home/runner/work/blanka/blanka/vendor/laravel/framework/src/Illuminate/Container/Util.php(43): Illuminate\\Container\\BoundMethod::{closure:Illuminate\\Container\\BoundMethod::call():35}()
#49 /home/runner/work/blanka/blanka/vendor/laravel/framework/src/Illuminate/Container/BoundMethod.php(96): Illuminate\\Container\\Util::unwrapIfClosure()
#50 /home/runner/work/blanka/blanka/vendor/laravel/framework/src/Illuminate/Container/BoundMethod.php(35): Illuminate\\Container\\BoundMethod::callBoundMethod()
#51 /home/runner/work/blanka/blanka/vendor/laravel/framework/src/Illuminate/Container/Container.php(799): Illuminate\\Container\\BoundMethod::call()
#52 /home/runner/work/blanka/blanka/vendor/laravel/framework/src/Illuminate/Foundation/Application.php(1151): Illuminate\\Container\\Container->call()
#53 /home/runner/work/blanka/blanka/vendor/laravel/framework/src/Illuminate/Foundation/Application.php(1132): Illuminate\\Foundation\\Application->bootProvider()
#54 [internal function]: Illuminate\\Foundation\\Application->{closure:Illuminate\\Foundation\\Application::boot():1131}()
#55 /home/runner/work/blanka/blanka/vendor/laravel/framework/src/Illuminate/Foundation/Application.php(1131): array_walk()
#56 /home/runner/work/blanka/blanka/vendor/laravel/framework/src/Illuminate/Foundation/Bootstrap/BootProviders.php(17): Illuminate\\Foundation\\Application->boot()
#57 /home/runner/work/blanka/blanka/vendor/laravel/framework/src/Illuminate/Foundation/Application.php(342): Illuminate\\Foundation\\Bootstrap\\BootProviders->bootstrap()
#58 /home/runner/work/blanka/blanka/vendor/laravel/framework/src/Illuminate/Foundation/Console/Kernel.php(494): Illuminate\\Foundation\\Application->bootstrapWith()
#59 /home/runner/work/blanka/blanka/vendor/laravel/framework/src/Illuminate/Foundation/Console/Kernel.php(196): Illuminate\\Foundation\\Console\\Kernel->bootstrap()
#60 /home/runner/work/blanka/blanka/artisan(35): Illuminate\\Foundation\\Console\\Kernel->handle()
#61 {main}

[previous exception] [object] (PDOException(code: 0): PDO::connect(): php_network_getaddresses: getaddrinfo for mysql failed: Temporary failure in name resolution at /home/runner/work/blanka/blanka/vendor/laravel/framework/src/Illuminate/Database/Connectors/Connector.php:67)
[stacktrace]
#0 /home/runner/work/blanka/blanka/vendor/laravel/framework/src/Illuminate/Database/Connectors/Connector.php(67): PDO::connect()
#1 /home/runner/work/blanka/blanka/vendor/laravel/framework/src/Illuminate/Database/Connectors/Connector.php(85): Illuminate\\Database\\Connectors\\Connector->createPdoConnection()
#2 /home/runner/work/blanka/blanka/vendor/laravel/framework/src/Illuminate/Database/Connectors/Connector.php(48): Illuminate\\Database\\Connectors\\Connector->tryAgainIfCausedByLostConnection()
#3 /home/runner/work/blanka/blanka/vendor/laravel/framework/src/Illuminate/Database/Connectors/MySqlConnector.php(24): Illuminate\\Database\\Connectors\\Connector->createConnection()
#4 /home/runner/work/blanka/blanka/vendor/laravel/framework/src/Illuminate/Database/Connectors/ConnectionFactory.php(186): Illuminate\\Database\\Connectors\\MySqlConnector->connect()
#5 [internal function]: Illuminate\\Database\\Connectors\\ConnectionFactory->{closure:Illuminate\\Database\\Connectors\\ConnectionFactory::createPdoResolverWithHosts():181}()
#6 /home/runner/work/blanka/blanka/vendor/laravel/framework/src/Illuminate/Database/Connection.php(1257): call_user_func()
#7 /home/runner/work/blanka/blanka/vendor/laravel/framework/src/Illuminate/Database/Connection.php(1295): Illuminate\\Database\\Connection->getPdo()
#8 /home/runner/work/blanka/blanka/vendor/laravel/framework/src/Illuminate/Database/Connection.php(525): Illuminate\\Database\\Connection->getReadPdo()
#9 /home/runner/work/blanka/blanka/vendor/laravel/framework/src/Illuminate/Database/Connection.php(420): Illuminate\\Database\\Connection->getPdoForSelect()
#10 /home/runner/work/blanka/blanka/vendor/laravel/framework/src/Illuminate/Database/Connection.php(827): Illuminate\\Database\\Connection->{closure:Illuminate\\Database\\Connection::select():411}()
#11 /home/runner/work/blanka/blanka/vendor/laravel/framework/src/Illuminate/Database/Connection.php(999): Illuminate\\Database\\Connection->runQueryCallback()
#12 /home/runner/work/blanka/blanka/vendor/laravel/framework/src/Illuminate/Database/Connection.php(978): Illuminate\\Database\\Connection->tryAgainIfCausedByLostConnection()
#13 /home/runner/work/blanka/blanka/vendor/laravel/framework/src/Illuminate/Database/Connection.php(796): Illuminate\\Database\\Connection->handleQueryException()
#14 /home/runner/work/blanka/blanka/vendor/laravel/framework/src/Illuminate/Database/Connection.php(411): Illuminate\\Database\\Connection->run()
#15 /home/runner/work/blanka/blanka/vendor/laravel/framework/src/Illuminate/Database/Query/Builder.php(3386): Illuminate\\Database\\Connection->select()
#16 /home/runner/work/blanka/blanka/vendor/laravel/framework/src/Illuminate/Database/Query/Builder.php(3371): Illuminate\\Database\\Query\\Builder->runSelect()
#17 /home/runner/work/blanka/blanka/vendor/laravel/framework/src/Illuminate/Database/Query/Builder.php(3961): Illuminate\\Database\\Query\\Builder->{closure:Illuminate\\Database\\Query\\Builder::get():3370}()
#18 /home/runner/work/blanka/blanka/vendor/laravel/framework/src/Illuminate/Database/Query/Builder.php(3370): Illuminate\\Database\\Query\\Builder->onceWithColumns()
#19 /home/runner/work/blanka/blanka/vendor/laravel/framework/src/Illuminate/Database/Eloquent/Builder.php(902): Illuminate\\Database\\Query\\Builder->get()
#20 /home/runner/work/blanka/blanka/vendor/laravel/framework/src/Illuminate/Database/Eloquent/Builder.php(884): Illuminate\\Database\\Eloquent\\Builder->getModels()
#21 /home/runner/work/blanka/blanka/vendor/laravel/framework/src/Illuminate/Database/Concerns/BuildsQueries.php(366): Illuminate\\Database\\Eloquent\\Builder->get()
#22 /home/runner/work/blanka/blanka/app/helpers/Helper.php(1102): Illuminate\\Database\\Eloquent\\Builder->first()
#23 /home/runner/work/blanka/blanka/app/helpers/Helper.php(1120): {closure:getAppStorageValueByKey():1100}()
#24 /home/runner/work/blanka/blanka/app/Logging/AxiomBatchHandler.php(30): getAppStorageValueByKey()
#25 /home/runner/work/blanka/blanka/vendor/laravel/framework/src/Illuminate/Container/Container.php(1172): App\\Logging\\AxiomBatchHandler->__construct()
#26 /home/runner/work/blanka/blanka/vendor/laravel/framework/src/Illuminate/Container/Container.php(933): Illuminate\\Container\\Container->build()
#27 /home/runner/work/blanka/blanka/vendor/laravel/framework/src/Illuminate/Foundation/Application.php(1078): Illuminate\\Container\\Container->resolve()
#28 /home/runner/work/blanka/blanka/vendor/laravel/framework/src/Illuminate/Container/Container.php(864): Illuminate\\Foundation\\Application->resolve()
#29 /home/runner/work/blanka/blanka/vendor/laravel/framework/src/Illuminate/Foundation/Application.php(1058): Illuminate\\Container\\Container->make()
#30 /home/runner/work/blanka/blanka/vendor/laravel/framework/src/Illuminate/Log/LogManager.php(420): Illuminate\\Foundation\\Application->make()
#31 /home/runner/work/blanka/blanka/vendor/laravel/framework/src/Illuminate/Log/LogManager.php(232): Illuminate\\Log\\LogManager->createMonologDriver()
#32 /home/runner/work/blanka/blanka/vendor/laravel/framework/src/Illuminate/Log/LogManager.php(138): Illuminate\\Log\\LogManager->resolve()
#33 /home/runner/work/blanka/blanka/vendor/laravel/framework/src/Illuminate/Log/LogManager.php(125): Illuminate\\Log\\LogManager->get()
#34 /home/runner/work/blanka/blanka/vendor/laravel/framework/src/Illuminate/Log/LogManager.php(114): Illuminate\\Log\\LogManager->driver()
#35 /home/runner/work/blanka/blanka/vendor/laravel/framework/src/Illuminate/Log/LogManager.php(286): Illuminate\\Log\\LogManager->channel()
#36 [internal function]: Illuminate\\Log\\LogManager->{closure:Illuminate\\Log\\LogManager::createStackDriver():283}()
#37 /home/runner/work/blanka/blanka/vendor/laravel/framework/src/Illuminate/Collections/Arr.php(820): array_map()
#38 /home/runner/work/blanka/blanka/vendor/laravel/framework/src/Illuminate/Collections/Collection.php(846): Illuminate\\Support\\Arr::map()
#39 /home/runner/work/blanka/blanka/vendor/laravel/framework/src/Illuminate/Collections/Traits/EnumeratesValues.php(441): Illuminate\\Support\\Collection->map()
#40 /home/runner/work/blanka/blanka/vendor/laravel/framework/src/Illuminate/Log/LogManager.php(283): Illuminate\\Support\\Collection->flatMap()
#41 /home/runner/work/blanka/blanka/vendor/laravel/framework/src/Illuminate/Log/LogManager.php(232): Illuminate\\Log\\LogManager->createStackDriver()
#42 /home/runner/work/blanka/blanka/vendor/laravel/framework/src/Illuminate/Log/LogManager.php(138): Illuminate\\Log\\LogManager->resolve()
#43 /home/runner/work/blanka/blanka/vendor/laravel/framework/src/Illuminate/Log/LogManager.php(125): Illuminate\\Log\\LogManager->get()
#44 /home/runner/work/blanka/blanka/vendor/laravel/framework/src/Illuminate/Log/LogManager.php(794): Illuminate\\Log\\LogManager->driver()
#45 /home/runner/work/blanka/blanka/vendor/laravel/framework/src/Illuminate/Support/Facades/Facade.php(363): Illuminate\\Log\\LogManager->__call()
#46 /home/runner/work/blanka/blanka/app/Providers/AppServiceProvider.php(111): Illuminate\\Support\\Facades\\Facade::__callStatic()
#47 /home/runner/work/blanka/blanka/vendor/laravel/framework/src/Illuminate/Container/BoundMethod.php(36): App\\Providers\\AppServiceProvider->boot()
#48 /home/runner/work/blanka/blanka/vendor/laravel/framework/src/Illuminate/Container/Util.php(43): Illuminate\\Container\\BoundMethod::{closure:Illuminate\\Container\\BoundMethod::call():35}()
#49 /home/runner/work/blanka/blanka/vendor/laravel/framework/src/Illuminate/Container/BoundMethod.php(96): Illuminate\\Container\\Util::unwrapIfClosure()
#50 /home/runner/work/blanka/blanka/vendor/laravel/framework/src/Illuminate/Container/BoundMethod.php(35): Illuminate\\Container\\BoundMethod::callBoundMethod()
#51 /home/runner/work/blanka/blanka/vendor/laravel/framework/src/Illuminate/Container/Container.php(799): Illuminate\\Container\\BoundMethod::call()
#52 /home/runner/work/blanka/blanka/vendor/laravel/framework/src/Illuminate/Foundation/Application.php(1151): Illuminate\\Container\\Container->call()
#53 /home/runner/work/blanka/blanka/vendor/laravel/framework/src/Illuminate/Foundation/Application.php(1132): Illuminate\\Foundation\\Application->bootProvider()
#54 [internal function]: Illuminate\\Foundation\\Application->{closure:Illuminate\\Foundation\\Application::boot():1131}()
#55 /home/runner/work/blanka/blanka/vendor/laravel/framework/src/Illuminate/Foundation/Application.php(1131): array_walk()
#56 /home/runner/work/blanka/blanka/vendor/laravel/framework/src/Illuminate/Foundation/Bootstrap/BootProviders.php(17): Illuminate\\Foundation\\Application->boot()
#57 /home/runner/work/blanka/blanka/vendor/laravel/framework/src/Illuminate/Foundation/Application.php(342): Illuminate\\Foundation\\Bootstrap\\BootProviders->bootstrap()
#58 /home/runner/work/blanka/blanka/vendor/laravel/framework/src/Illuminate/Foundation/Console/Kernel.php(494): Illuminate\\Foundation\\Application->bootstrapWith()
#59 /home/runner/work/blanka/blanka/vendor/laravel/framework/src/Illuminate/Foundation/Console/Kernel.php(196): Illuminate\\Foundation\\Console\\Kernel->bootstrap()
#60 /home/runner/work/blanka/blanka/artisan(35): Illuminate\\Foundation\\Console\\Kernel->handle()
#61 {main}
"} 
[2026-02-09 11:00:06] testing.INFO: Processing Health Questionnaire sync job. {"ref_id":"LIF-test-quote-uuid-123"} 
[2026-02-09 11:00:06] testing.INFO: Processing Health Questionnaire sync job. {"ref_id":"LIF-test-quote-uuid-123"} 
[2026-02-09 11:00:06] testing.INFO: Health Questionnaire sync completed successfully. {"ref_id":"LIF-test-quote-uuid-123"} 
[2026-02-09 11:00:06] testing.INFO: Health Questionnaire sync completed successfully. {"ref_id":"LIF-test-quote-uuid-123","extra":"{\"quote_uuid\":\"test-quote-uuid-123\"}"} 
[2026-02-09 11:00:06] testing.INFO: Processing Health Questionnaire sync job. {"ref_id":"LIF-test-quote-uuid-123"} 
[2026-02-09 11:00:06] testing.INFO: Processing Health Questionnaire sync job. {"ref_id":"LIF-test-quote-uuid-123"} 
[2026-02-09 11:00:06] testing.WARNING: Health Questionnaire sync job failed. {"ref_id":"LIF-test-quote-uuid-123"} 
[2026-02-09 11:00:06] testing.WARNING: Health Questionnaire sync job failed. {"ref_id":"LIF-test-quote-uuid-123","extra":"{\"error\":\"Health questionnaire sync failed: Sync failed\",\"error_type\":\"sync_failed\",\"trace\":\"#0 \\/home\\/runner\\/work\\/blanka\\/blanka\\/tests\\/Unit\\/Jobs\\/LifeSyncHealthQuestionnaireJobTest.php(104): App\\\\Jobs\\\\LifeSyncHealthQuestionnaireJob->handle()\\n#1 \\/home\\/runner\\/work\\/blanka\\/blanka\\/vendor\\/phpunit\\/phpunit\\/src\\/Framework\\/TestCase.php(1656): Tests\\\\Unit\\\\Jobs\\\\LifeSyncHealthQuestionnaireJobTest->test_handle_with_error_response()\\n#2 \\/home\\/runner\\/work\\/blanka\\/blanka\\/vendor\\/phpunit\\/phpunit\\/src\\/Framework\\/TestCase.php(514): PHPUnit\\\\Framework\\\\TestCase->runTest()\\n#3 \\/home\\/runner\\/work\\/blanka\\/blanka\\/vendor\\/phpunit\\/phpunit\\/src\\/Framework\\/TestRunner\\/TestRunner.php(87): PHPUnit\\\\Framework\\\\TestCase->runBare()\\n#4 \\/home\\/runner\\/work\\/blanka\\/blanka\\/vendor\\/phpunit\\/phpunit\\/src\\/Framework\\/TestCase.php(361): PHPUnit\\\\Framework\\\\TestRunner->run()\\n#5 \\/home\\/runner\\/work\\/blanka\\/blanka\\/vendor\\/phpunit\\/phpunit\\/src\\/Framework\\/TestSuite.php(369): PHPUnit\\\\Framework\\\\TestCase->run()\\n#6 \\/home\\/runner\\/work\\/blanka\\/blanka\\/vendor\\/phpunit\\/phpunit\\/src\\/Framework\\/TestSuite.php(369): PHPUnit\\\\Framework\\\\TestSuite->run()\\n#7 \\/home\\/runner\\/work\\/blanka\\/blanka\\/vendor\\/phpunit\\/phpunit\\/src\\/Framework\\/TestSuite.php(369): PHPUnit\\\\Framework\\\\TestSuite->run()\\n#8 \\/home\\/runner\\/work\\/blanka\\/blanka\\/vendor\\/phpunit\\/phpunit\\/src\\/TextUI\\/TestRunner.php(64): PHPUnit\\\\Framework\\\\TestSuite->run()\\n#9 \\/home\\/runner\\/work\\/blanka\\/blanka\\/vendor\\/phpunit\\/phpunit\\/src\\/TextUI\\/Application.php(211): PHPUnit\\\\TextUI\\\\TestRunner->run()\\n#10 \\/home\\/runner\\/work\\/blanka\\/blanka\\/vendor\\/pestphp\\/pest\\/src\\/Kernel.php(103): PHPUnit\\\\TextUI\\\\Application->run()\\n#11 \\/home\\/runner\\/work\\/blanka\\/blanka\\/vendor\\/pestphp\\/pest\\/bin\\/pest(184): Pest\\\\Kernel->handle()\\n#12 \\/home\\/runner\\/work\\/blanka\\/blanka\\/vendor\\/pestphp\\/pest\\/bin\\/pest(192): {closure:\\/home\\/runner\\/work\\/blanka\\/blanka\\/vendor\\/pestphp\\/pest\\/bin\\/pest:18}()\\n#13 \\/home\\/runner\\/work\\/blanka\\/blanka\\/vendor\\/bin\\/pest(119): include('...')\\n#14 {main}\",\"context\":{\"quote_uuid\":\"test-quote-uuid-123\",\"api_response\":{\"success\":false,\"message\":\"Sync failed\",\"data\":[]}}}"} 
[2026-02-09 11:00:06] testing.INFO: Processing Health Questionnaire sync job. {"ref_id":"LIF-test-quote-uuid-123"} 
[2026-02-09 11:00:06] testing.INFO: Processing Health Questionnaire sync job. {"ref_id":"LIF-test-quote-uuid-123"} 
[2026-02-09 11:00:06] testing.WARNING: Health Questionnaire sync job failed. {"ref_id":"LIF-test-quote-uuid-123"} 
[2026-02-09 11:00:06] testing.WARNING: Health Questionnaire sync job failed. {"ref_id":"LIF-test-quote-uuid-123","extra":"{\"error\":\"API Error\",\"trace\":\"#0 \\/home\\/runner\\/work\\/blanka\\/blanka\\/vendor\\/phpunit\\/phpunit\\/src\\/Framework\\/TestCase.php(1656): Tests\\\\Unit\\\\Jobs\\\\LifeSyncHealthQuestionnaireJobTest->test_handle_with_exception()\\n#1 \\/home\\/runner\\/work\\/blanka\\/blanka\\/vendor\\/phpunit\\/phpunit\\/src\\/Framework\\/TestCase.php(514): PHPUnit\\\\Framework\\\\TestCase->runTest()\\n#2 \\/home\\/runner\\/work\\/blanka\\/blanka\\/vendor\\/phpunit\\/phpunit\\/src\\/Framework\\/TestRunner\\/TestRunner.php(87): PHPUnit\\\\Framework\\\\TestCase->runBare()\\n#3 \\/home\\/runner\\/work\\/blanka\\/blanka\\/vendor\\/phpunit\\/phpunit\\/src\\/Framework\\/TestCase.php(361): PHPUnit\\\\Framework\\\\TestRunner->run()\\n#4 \\/home\\/runner\\/work\\/blanka\\/blanka\\/vendor\\/phpunit\\/phpunit\\/src\\/Framework\\/TestSuite.php(369): PHPUnit\\\\Framework\\\\TestCase->run()\\n#5 \\/home\\/runner\\/work\\/blanka\\/blanka\\/vendor\\/phpunit\\/phpunit\\/src\\/Framework\\/TestSuite.php(369): PHPUnit\\\\Framework\\\\TestSuite->run()\\n#6 \\/home\\/runner\\/work\\/blanka\\/blanka\\/vendor\\/phpunit\\/phpunit\\/src\\/Framework\\/TestSuite.php(369): PHPUnit\\\\Framework\\\\TestSuite->run()\\n#7 \\/home\\/runner\\/work\\/blanka\\/blanka\\/vendor\\/phpunit\\/phpunit\\/src\\/TextUI\\/TestRunner.php(64): PHPUnit\\\\Framework\\\\TestSuite->run()\\n#8 \\/home\\/runner\\/work\\/blanka\\/blanka\\/vendor\\/phpunit\\/phpunit\\/src\\/TextUI\\/Application.php(211): PHPUnit\\\\TextUI\\\\TestRunner->run()\\n#9 \\/home\\/runner\\/work\\/blanka\\/blanka\\/vendor\\/pestphp\\/pest\\/src\\/Kernel.php(103): PHPUnit\\\\TextUI\\\\Application->run()\\n#10 \\/home\\/runner\\/work\\/blanka\\/blanka\\/vendor\\/pestphp\\/pest\\/bin\\/pest(184): Pest\\\\Kernel->handle()\\n#11 \\/home\\/runner\\/work\\/blanka\\/blanka\\/vendor\\/pestphp\\/pest\\/bin\\/pest(192): {closure:\\/home\\/runner\\/work\\/blanka\\/blanka\\/vendor\\/pestphp\\/pest\\/bin\\/pest:18}()\\n#12 \\/home\\/runner\\/work\\/blanka\\/blanka\\/vendor\\/bin\\/pest(119): include('...')\\n#13 {main}\",\"quote_uuid\":\"test-quote-uuid-123\"}"} 
[2026-02-09 11:00:06] testing.INFO: Processing Health Questionnaire sync job. {"ref_id":"LIF-test-quote-uuid-123"} 
[2026-02-09 11:00:06] testing.INFO: Processing Health Questionnaire sync job. {"ref_id":"LIF-test-quote-uuid-123"} 
[2026-02-09 11:00:06] testing.INFO: Health Questionnaire sync completed successfully. {"ref_id":"LIF-test-quote-uuid-123"} 
[2026-02-09 11:00:06] testing.INFO: Health Questionnaire sync completed successfully. {"ref_id":"LIF-test-quote-uuid-123","extra":"{\"quote_uuid\":\"test-quote-uuid-123\"}"} 
[2026-02-09 11:00:06] testing.WARNING: LifeSyncHealthQuestionnaireJob skipped - MetLife integration is disabled {"trace_id":"8b583110-8302-42ef-9fcd-eb1950165f4f","is_console_command":true} 
[2026-02-09 11:00:06] testing.WARNING: LifeSyncHealthQuestionnaireJob skipped - MetLife integration is disabled {"trace_id":"8b583110-8302-42ef-9fcd-eb1950165f4f","is_console_command":true} 
[2026-02-09 11:00:06] testing.INFO: TriggerConversionApis - Processing conversion APIs for PolicyBooked quote {"ref_id":"test-quote-uuid-123","feature":"conversion-api","quoteTypeId":1,"eventType":"Purchase"} {"feature":"conversion-api"}
[2026-02-09 11:00:06] testing.INFO: TriggerConversionApis - Processing conversion APIs for PolicyBooked quote {"ref_id":"test-quote-uuid-123","feature":"conversion-api","quoteTypeId":1,"eventType":"Purchase"} {"feature":"conversion-api"}
[2026-02-09 11:00:06] testing.INFO: TriggerConversionApis - Conversion APIs processing completed {"ref_id":"test-quote-uuid-123","feature":"conversion-api","quoteTypeId":1,"eventType":"Purchase","facebookSuccess":true,"googleSuccess":true} {"feature":"conversion-api"}
[2026-02-09 11:00:06] testing.INFO: TriggerConversionApis - Conversion APIs processing completed {"ref_id":"test-quote-uuid-123","feature":"conversion-api","quoteTypeId":1,"eventType":"Purchase","facebookSuccess":true,"googleSuccess":true} {"feature":"conversion-api"}
[2026-02-09 11:00:06] testing.INFO: TriggerConversionApis - Processing conversion APIs for PolicyBooked quote {"ref_id":"test-quote-uuid-custom","feature":"conversion-api","quoteTypeId":5,"eventType":"CustomEvent"} {"feature":"conversion-api"}
[2026-02-09 11:00:06] testing.INFO: TriggerConversionApis - Processing conversion APIs for PolicyBooked quote {"ref_id":"test-quote-uuid-custom","feature":"conversion-api","quoteTypeId":5,"eventType":"CustomEvent"} {"feature":"conversion-api"}
[2026-02-09 11:00:06] testing.INFO: TriggerConversionApis - Conversion APIs processing completed {"ref_id":"test-quote-uuid-custom","feature":"conversion-api","quoteTypeId":5,"eventType":"CustomEvent","facebookSuccess":true,"googleSuccess":true} {"feature":"conversion-api"}
[2026-02-09 11:00:06] testing.INFO: TriggerConversionApis - Conversion APIs processing completed {"ref_id":"test-quote-uuid-custom","feature":"conversion-api","quoteTypeId":5,"eventType":"CustomEvent","facebookSuccess":true,"googleSuccess":true} {"feature":"conversion-api"}
[2026-02-09 11:00:06] testing.INFO: TriggerConversionApis - Processing conversion APIs for PolicyBooked quote {"ref_id":"test-quote-uuid-partial","feature":"conversion-api","quoteTypeId":1,"eventType":"Purchase"} {"feature":"conversion-api"}
[2026-02-09 11:00:06] testing.INFO: TriggerConversionApis - Processing conversion APIs for PolicyBooked quote {"ref_id":"test-quote-uuid-partial","feature":"conversion-api","quoteTypeId":1,"eventType":"Purchase"} {"feature":"conversion-api"}
[2026-02-09 11:00:06] testing.INFO: TriggerConversionApis - Conversion APIs processing completed {"ref_id":"test-quote-uuid-partial","feature":"conversion-api","quoteTypeId":1,"eventType":"Purchase","facebookSuccess":false,"googleSuccess":true} {"feature":"conversion-api"}
[2026-02-09 11:00:06] testing.INFO: TriggerConversionApis - Conversion APIs processing completed {"ref_id":"test-quote-uuid-partial","feature":"conversion-api","quoteTypeId":1,"eventType":"Purchase","facebookSuccess":false,"googleSuccess":true} {"feature":"conversion-api"}
[2026-02-09 11:00:06] testing.INFO: TriggerConversionApis - Processing conversion APIs for PolicyBooked quote {"ref_id":"NREFC7RS","feature":"conversion-api","quoteTypeId":19,"eventType":"Purchase"} {"feature":"conversion-api"}
[2026-02-09 11:00:06] testing.INFO: TriggerConversionApis - Processing conversion APIs for PolicyBooked quote {"ref_id":"NREFC7RS","feature":"conversion-api","quoteTypeId":19,"eventType":"Purchase"} {"feature":"conversion-api"}
[2026-02-09 11:00:06] testing.INFO: TriggerConversionApis - Conversion APIs processing completed {"ref_id":"NREFC7RS","feature":"conversion-api","quoteTypeId":19,"eventType":"Purchase","facebookSuccess":true,"googleSuccess":true} {"feature":"conversion-api"}
[2026-02-09 11:00:06] testing.INFO: TriggerConversionApis - Conversion APIs processing completed {"ref_id":"NREFC7RS","feature":"conversion-api","quoteTypeId":19,"eventType":"Purchase","facebookSuccess":true,"googleSuccess":true} {"feature":"conversion-api"}
[2026-02-09 11:00:06] testing.INFO: TriggerConversionApis - Processing conversion APIs for PolicyBooked quote {"ref_id":"6UTE2JXU","feature":"conversion-api","quoteTypeId":1,"eventType":"Purchase"} {"feature":"conversion-api"}
[2026-02-09 11:00:06] testing.INFO: TriggerConversionApis - Processing conversion APIs for PolicyBooked quote {"ref_id":"6UTE2JXU","feature":"conversion-api","quoteTypeId":1,"eventType":"Purchase"} {"feature":"conversion-api"}
[2026-02-09 11:00:06] testing.INFO: TriggerConversionApis - Conversion APIs processing completed {"ref_id":"6UTE2JXU","feature":"conversion-api","quoteTypeId":1,"eventType":"Purchase","facebookSuccess":true,"googleSuccess":true} {"feature":"conversion-api"}
[2026-02-09 11:00:06] testing.INFO: TriggerConversionApis - Conversion APIs processing completed {"ref_id":"6UTE2JXU","feature":"conversion-api","quoteTypeId":1,"eventType":"Purchase","facebookSuccess":true,"googleSuccess":true} {"feature":"conversion-api"}
[2026-02-09 11:00:06] testing.INFO: TriggerConversionApis - Processing conversion APIs for PolicyBooked quote {"ref_id":"TEST123","feature":"conversion-api","quoteTypeId":5,"eventType":"Purchase"} {"feature":"conversion-api"}
[2026-02-09 11:00:06] testing.INFO: TriggerConversionApis - Processing conversion APIs for PolicyBooked quote {"ref_id":"TEST123","feature":"conversion-api","quoteTypeId":5,"eventType":"Purchase"} {"feature":"conversion-api"}
[2026-02-09 11:00:06] testing.INFO: TriggerConversionApis - Conversion APIs processing completed {"ref_id":"TEST123","feature":"conversion-api","quoteTypeId":5,"eventType":"Purchase","facebookSuccess":true,"googleSuccess":true} {"feature":"conversion-api"}
[2026-02-09 11:00:06] testing.INFO: TriggerConversionApis - Conversion APIs processing completed {"ref_id":"TEST123","feature":"conversion-api","quoteTypeId":5,"eventType":"Purchase","facebookSuccess":true,"googleSuccess":true} {"feature":"conversion-api"}
[2026-02-09 11:00:06] testing.INFO: TriggerConversionApis - Processing conversion APIs for PolicyBooked quote {"ref_id":"XYZ789","feature":"conversion-api","quoteTypeId":25,"eventType":"Purchase"} {"feature":"conversion-api"}
[2026-02-09 11:00:06] testing.INFO: TriggerConversionApis - Processing conversion APIs for PolicyBooked quote {"ref_id":"XYZ789","feature":"conversion-api","quoteTypeId":25,"eventType":"Purchase"} {"feature":"conversion-api"}
[2026-02-09 11:00:06] testing.INFO: TriggerConversionApis - Conversion APIs processing completed {"ref_id":"XYZ789","feature":"conversion-api","quoteTypeId":25,"eventType":"Purchase","facebookSuccess":true,"googleSuccess":true} {"feature":"conversion-api"}
[2026-02-09 11:00:06] testing.INFO: TriggerConversionApis - Conversion APIs processing completed {"ref_id":"XYZ789","feature":"conversion-api","quoteTypeId":25,"eventType":"Purchase","facebookSuccess":true,"googleSuccess":true} {"feature":"conversion-api"}
[2026-02-09 11:00:06] testing.INFO: TriggerConversionApis - Processing conversion APIs for PolicyBooked quote {"ref_id":"NREFC7RS","feature":"conversion-api","quoteTypeId":19,"eventType":"Purchase"} {"feature":"conversion-api"}
[2026-02-09 11:00:06] testing.INFO: TriggerConversionApis - Processing conversion APIs for PolicyBooked quote {"ref_id":"NREFC7RS","feature":"conversion-api","quoteTypeId":19,"eventType":"Purchase"} {"feature":"conversion-api"}
[2026-02-09 11:00:06] testing.INFO: TriggerConversionApis - Conversion APIs processing completed {"ref_id":"NREFC7RS","feature":"conversion-api","quoteTypeId":19,"eventType":"Purchase","facebookSuccess":true,"googleSuccess":true} {"feature":"conversion-api"}
[2026-02-09 11:00:06] testing.INFO: TriggerConversionApis - Conversion APIs processing completed {"ref_id":"NREFC7RS","feature":"conversion-api","quoteTypeId":19,"eventType":"Purchase","facebookSuccess":true,"googleSuccess":true} {"feature":"conversion-api"}
[2026-02-09 11:00:09] testing.INFO: ConversionApiService - Calling facebook conversion API {"trace_id":"3719fdf3-abb2-4fa9-989d-8fd711a5aae6","is_console_command":true,"eventType":"Purchase","platform":"facebook","quoteTypeId":1,"endpoint":"/api/v1-trigger-facebook-event-conversion","payload":{"quoteUID":"test-uuid-123","quoteTypeId":1,"eventType":"Purchase"}} 
[2026-02-09 11:00:09] testing.INFO: ConversionApiService - Calling facebook conversion API {"trace_id":"3719fdf3-abb2-4fa9-989d-8fd711a5aae6","is_console_command":true,"eventType":"Purchase","platform":"facebook","quoteTypeId":1,"endpoint":"/api/v1-trigger-facebook-event-conversion","payload":{"quoteUID":"test-uuid-123","quoteTypeId":1,"eventType":"Purchase"}} 
[2026-02-09 11:00:09] testing.INFO: ConversionApiService - facebook conversion API call successful {"trace_id":"3719fdf3-abb2-4fa9-989d-8fd711a5aae6","is_console_command":true,"eventType":"Purchase","platform":"facebook","quoteTypeId":1,"endpoint":"/api/v1-trigger-facebook-event-conversion","response":{"stdClass":{"success":true}}} 
[2026-02-09 11:00:09] testing.INFO: ConversionApiService - facebook conversion API call successful {"trace_id":"3719fdf3-abb2-4fa9-989d-8fd711a5aae6","is_console_command":true,"eventType":"Purchase","platform":"facebook","quoteTypeId":1,"endpoint":"/api/v1-trigger-facebook-event-conversion","response":{"stdClass":{"success":true}}} 
[2026-02-09 11:00:09] testing.INFO: ConversionApiService - Calling google conversion API {"trace_id":"bd9c593a-9f06-4eab-988b-db580c387086","is_console_command":true,"eventType":"Purchase","platform":"google","quoteTypeId":8,"endpoint":"/api/v1-trigger-google-event-conversion","payload":{"quoteUID":"test-uuid-456","quoteTypeId":8,"eventType":"Purchase"}} 
[2026-02-09 11:00:09] testing.INFO: ConversionApiService - Calling google conversion API {"trace_id":"bd9c593a-9f06-4eab-988b-db580c387086","is_console_command":true,"eventType":"Purchase","platform":"google","quoteTypeId":8,"endpoint":"/api/v1-trigger-google-event-conversion","payload":{"quoteUID":"test-uuid-456","quoteTypeId":8,"eventType":"Purchase"}} 
[2026-02-09 11:00:09] testing.INFO: ConversionApiService - google conversion API call successful {"trace_id":"bd9c593a-9f06-4eab-988b-db580c387086","is_console_command":true,"eventType":"Purchase","platform":"google","quoteTypeId":8,"endpoint":"/api/v1-trigger-google-event-conversion","response":{"stdClass":{"success":true}}} 
[2026-02-09 11:00:09] testing.INFO: ConversionApiService - google conversion API call successful {"trace_id":"bd9c593a-9f06-4eab-988b-db580c387086","is_console_command":true,"eventType":"Purchase","platform":"google","quoteTypeId":8,"endpoint":"/api/v1-trigger-google-event-conversion","response":{"stdClass":{"success":true}}} 
[2026-02-09 11:00:09] testing.INFO: ConversionApiService - Calling facebook conversion API {"trace_id":"a5f9a852-0215-4fa5-8b5a-72c63ac071f6","is_console_command":true,"eventType":"CustomEvent","platform":"facebook","quoteTypeId":3,"endpoint":"/api/v1-trigger-facebook-event-conversion","payload":{"quoteUID":"test-uuid-789","quoteTypeId":3,"eventType":"CustomEvent"}} 
[2026-02-09 11:00:09] testing.INFO: ConversionApiService - Calling facebook conversion API {"trace_id":"a5f9a852-0215-4fa5-8b5a-72c63ac071f6","is_console_command":true,"eventType":"CustomEvent","platform":"facebook","quoteTypeId":3,"endpoint":"/api/v1-trigger-facebook-event-conversion","payload":{"quoteUID":"test-uuid-789","quoteTypeId":3,"eventType":"CustomEvent"}} 
[2026-02-09 11:00:09] testing.INFO: ConversionApiService - facebook conversion API call successful {"trace_id":"a5f9a852-0215-4fa5-8b5a-72c63ac071f6","is_console_command":true,"eventType":"CustomEvent","platform":"facebook","quoteTypeId":3,"endpoint":"/api/v1-trigger-facebook-event-conversion","response":{"stdClass":{"success":true}}} 
[2026-02-09 11:00:09] testing.INFO: ConversionApiService - facebook conversion API call successful {"trace_id":"a5f9a852-0215-4fa5-8b5a-72c63ac071f6","is_console_command":true,"eventType":"CustomEvent","platform":"facebook","quoteTypeId":3,"endpoint":"/api/v1-trigger-facebook-event-conversion","response":{"stdClass":{"success":true}}} 
[2026-02-09 11:00:09] testing.INFO: ConversionApiService - Calling facebook conversion API {"trace_id":"6980e40f-c3c1-4fe8-bccf-aaec328651d3","is_console_command":true,"eventType":"Purchase","platform":"facebook","quoteTypeId":1,"endpoint":"/api/v1-trigger-facebook-event-conversion","payload":{"quoteUID":"test-uuid-error","quoteTypeId":1,"eventType":"Purchase"}} 
[2026-02-09 11:00:09] testing.INFO: ConversionApiService - Calling facebook conversion API {"trace_id":"6980e40f-c3c1-4fe8-bccf-aaec328651d3","is_console_command":true,"eventType":"Purchase","platform":"facebook","quoteTypeId":1,"endpoint":"/api/v1-trigger-facebook-event-conversion","payload":{"quoteUID":"test-uuid-error","quoteTypeId":1,"eventType":"Purchase"}} 
[2026-02-09 11:00:09] testing.ERROR: ConversionApiService - facebook conversion API call exception {"trace_id":"6980e40f-c3c1-4fe8-bccf-aaec328651d3","is_console_command":true,"eventType":"Purchase","platform":"facebook","quoteTypeId":1,"endpoint":"/api/v1-trigger-facebook-event-conversion","error":"API Error","exception":{"message":"API Error","trace":"#0 /home/runner/work/blanka/blanka/vendor/phpunit/phpunit/src/Framework/TestCase.php(1656): Tests\\Unit\\Services\\ConversionApiServiceTest->test_trigger_facebook_conversion_handles_exception()
#1 /home/runner/work/blanka/blanka/vendor/phpunit/phpunit/src/Framework/TestCase.php(514): PHPUnit\\Framework\\TestCase->runTest()
#2 /home/runner/work/blanka/blanka/vendor/phpunit/phpunit/src/Framework/TestRunner/TestRunner.php(87): PHPUnit\\Framework\\TestCase->runBare()
#3 /home/runner/work/blanka/blanka/vendor/phpunit/phpunit/src/Framework/TestCase.php(361): PHPUnit\\Framework\\TestRunner->run()
#4 /home/runner/work/blanka/blanka/vendor/phpunit/phpunit/src/Framework/TestSuite.php(369): PHPUnit\\Framework\\TestCase->run()
#5 /home/runner/work/blanka/blanka/vendor/phpunit/phpunit/src/Framework/TestSuite.php(369): PHPUnit\\Framework\\TestSuite->run()
#6 /home/runner/work/blanka/blanka/vendor/phpunit/phpunit/src/Framework/TestSuite.php(369): PHPUnit\\Framework\\TestSuite->run()
#7 /home/runner/work/blanka/blanka/vendor/phpunit/phpunit/src/TextUI/TestRunner.php(64): PHPUnit\\Framework\\TestSuite->run()
#8 /home/runner/work/blanka/blanka/vendor/phpunit/phpunit/src/TextUI/Application.php(211): PHPUnit\\TextUI\\TestRunner->run()
#9 /home/runner/work/blanka/blanka/vendor/pestphp/pest/src/Kernel.php(103): PHPUnit\\TextUI\\Application->run()
#10 /home/runner/work/blanka/blanka/vendor/pestphp/pest/bin/pest(184): Pest\\Kernel->handle()
#11 /home/runner/work/blanka/blanka/vendor/pestphp/pest/bin/pest(192): {closure:/home/runner/work/blanka/blanka/vendor/pestphp/pest/bin/pest:18}()
#12 /home/runner/work/blanka/blanka/vendor/bin/pest(119): include('...')
#13 {main}","code":0}} 
[2026-02-09 11:00:09] testing.ERROR: ConversionApiService - facebook conversion API call exception {"trace_id":"6980e40f-c3c1-4fe8-bccf-aaec328651d3","is_console_command":true,"eventType":"Purchase","platform":"facebook","quoteTypeId":1,"endpoint":"/api/v1-trigger-facebook-event-conversion","error":"API Error","exception":{"message":"API Error","trace":"#0 /home/runner/work/blanka/blanka/vendor/phpunit/phpunit/src/Framework/TestCase.php(1656): Tests\\Unit\\Services\\ConversionApiServiceTest->test_trigger_facebook_conversion_handles_exception()
#1 /home/runner/work/blanka/blanka/vendor/phpunit/phpunit/src/Framework/TestCase.php(514): PHPUnit\\Framework\\TestCase->runTest()
#2 /home/runner/work/blanka/blanka/vendor/phpunit/phpunit/src/Framework/TestRunner/TestRunner.php(87): PHPUnit\\Framework\\TestCase->runBare()
#3 /home/runner/work/blanka/blanka/vendor/phpunit/phpunit/src/Framework/TestCase.php(361): PHPUnit\\Framework\\TestRunner->run()
#4 /home/runner/work/blanka/blanka/vendor/phpunit/phpunit/src/Framework/TestSuite.php(369): PHPUnit\\Framework\\TestCase->run()
#5 /home/runner/work/blanka/blanka/vendor/phpunit/phpunit/src/Framework/TestSuite.php(369): PHPUnit\\Framework\\TestSuite->run()
#6 /home/runner/work/blanka/blanka/vendor/phpunit/phpunit/src/Framework/TestSuite.php(369): PHPUnit\\Framework\\TestSuite->run()
#7 /home/runner/work/blanka/blanka/vendor/phpunit/phpunit/src/TextUI/TestRunner.php(64): PHPUnit\\Framework\\TestSuite->run()
#8 /home/runner/work/blanka/blanka/vendor/phpunit/phpunit/src/TextUI/Application.php(211): PHPUnit\\TextUI\\TestRunner->run()
#9 /home/runner/work/blanka/blanka/vendor/pestphp/pest/src/Kernel.php(103): PHPUnit\\TextUI\\Application->run()
#10 /home/runner/work/blanka/blanka/vendor/pestphp/pest/bin/pest(184): Pest\\Kernel->handle()
#11 /home/runner/work/blanka/blanka/vendor/pestphp/pest/bin/pest(192): {closure:/home/runner/work/blanka/blanka/vendor/pestphp/pest/bin/pest:18}()
#12 /home/runner/work/blanka/blanka/vendor/bin/pest(119): include('...')
#13 {main}","code":0}} 
[2026-02-09 11:00:09] testing.INFO: ConversionApiService - Calling google conversion API {"trace_id":"13f846a9-9bd7-4d33-9bf0-d0adab69fded","is_console_command":true,"eventType":"Purchase","platform":"google","quoteTypeId":1,"endpoint":"/api/v1-trigger-google-event-conversion","payload":{"quoteUID":"test-uuid-error","quoteTypeId":1,"eventType":"Purchase"}} 
[2026-02-09 11:00:09] testing.INFO: ConversionApiService - Calling google conversion API {"trace_id":"13f846a9-9bd7-4d33-9bf0-d0adab69fded","is_console_command":true,"eventType":"Purchase","platform":"google","quoteTypeId":1,"endpoint":"/api/v1-trigger-google-event-conversion","payload":{"quoteUID":"test-uuid-error","quoteTypeId":1,"eventType":"Purchase"}} 
[2026-02-09 11:00:09] testing.ERROR: ConversionApiService - google conversion API call exception {"trace_id":"13f846a9-9bd7-4d33-9bf0-d0adab69fded","is_console_command":true,"eventType":"Purchase","platform":"google","quoteTypeId":1,"endpoint":"/api/v1-trigger-google-event-conversion","error":"API Error","exception":{"message":"API Error","trace":"#0 /home/runner/work/blanka/blanka/vendor/phpunit/phpunit/src/Framework/TestCase.php(1656): Tests\\Unit\\Services\\ConversionApiServiceTest->test_trigger_google_conversion_handles_exception()
#1 /home/runner/work/blanka/blanka/vendor/phpunit/phpunit/src/Framework/TestCase.php(514): PHPUnit\\Framework\\TestCase->runTest()
#2 /home/runner/work/blanka/blanka/vendor/phpunit/phpunit/src/Framework/TestRunner/TestRunner.php(87): PHPUnit\\Framework\\TestCase->runBare()
#3 /home/runner/work/blanka/blanka/vendor/phpunit/phpunit/src/Framework/TestCase.php(361): PHPUnit\\Framework\\TestRunner->run()
#4 /home/runner/work/blanka/blanka/vendor/phpunit/phpunit/src/Framework/TestSuite.php(369): PHPUnit\\Framework\\TestCase->run()
#5 /home/runner/work/blanka/blanka/vendor/phpunit/phpunit/src/Framework/TestSuite.php(369): PHPUnit\\Framework\\TestSuite->run()
#6 /home/runner/work/blanka/blanka/vendor/phpunit/phpunit/src/Framework/TestSuite.php(369): PHPUnit\\Framework\\TestSuite->run()
#7 /home/runner/work/blanka/blanka/vendor/phpunit/phpunit/src/TextUI/TestRunner.php(64): PHPUnit\\Framework\\TestSuite->run()
#8 /home/runner/work/blanka/blanka/vendor/phpunit/phpunit/src/TextUI/Application.php(211): PHPUnit\\TextUI\\TestRunner->run()
#9 /home/runner/work/blanka/blanka/vendor/pestphp/pest/src/Kernel.php(103): PHPUnit\\TextUI\\Application->run()
#10 /home/runner/work/blanka/blanka/vendor/pestphp/pest/bin/pest(184): Pest\\Kernel->handle()
#11 /home/runner/work/blanka/blanka/vendor/pestphp/pest/bin/pest(192): {closure:/home/runner/work/blanka/blanka/vendor/pestphp/pest/bin/pest:18}()
#12 /home/runner/work/blanka/blanka/vendor/bin/pest(119): include('...')
#13 {main}","code":0}} 
[2026-02-09 11:00:09] testing.ERROR: ConversionApiService - google conversion API call exception {"trace_id":"13f846a9-9bd7-4d33-9bf0-d0adab69fded","is_console_command":true,"eventType":"Purchase","platform":"google","quoteTypeId":1,"endpoint":"/api/v1-trigger-google-event-conversion","error":"API Error","exception":{"message":"API Error","trace":"#0 /home/runner/work/blanka/blanka/vendor/phpunit/phpunit/src/Framework/TestCase.php(1656): Tests\\Unit\\Services\\ConversionApiServiceTest->test_trigger_google_conversion_handles_exception()
#1 /home/runner/work/blanka/blanka/vendor/phpunit/phpunit/src/Framework/TestCase.php(514): PHPUnit\\Framework\\TestCase->runTest()
#2 /home/runner/work/blanka/blanka/vendor/phpunit/phpunit/src/Framework/TestRunner/TestRunner.php(87): PHPUnit\\Framework\\TestCase->runBare()
#3 /home/runner/work/blanka/blanka/vendor/phpunit/phpunit/src/Framework/TestCase.php(361): PHPUnit\\Framework\\TestRunner->run()
#4 /home/runner/work/blanka/blanka/vendor/phpunit/phpunit/src/Framework/TestSuite.php(369): PHPUnit\\Framework\\TestCase->run()
#5 /home/runner/work/blanka/blanka/vendor/phpunit/phpunit/src/Framework/TestSuite.php(369): PHPUnit\\Framework\\TestSuite->run()
#6 /home/runner/work/blanka/blanka/vendor/phpunit/phpunit/src/Framework/TestSuite.php(369): PHPUnit\\Framework\\TestSuite->run()
#7 /home/runner/work/blanka/blanka/vendor/phpunit/phpunit/src/TextUI/TestRunner.php(64): PHPUnit\\Framework\\TestSuite->run()
#8 /home/runner/work/blanka/blanka/vendor/phpunit/phpunit/src/TextUI/Application.php(211): PHPUnit\\TextUI\\TestRunner->run()
#9 /home/runner/work/blanka/blanka/vendor/pestphp/pest/src/Kernel.php(103): PHPUnit\\TextUI\\Application->run()
#10 /home/runner/work/blanka/blanka/vendor/pestphp/pest/bin/pest(184): Pest\\Kernel->handle()
#11 /home/runner/work/blanka/blanka/vendor/pestphp/pest/bin/pest(192): {closure:/home/runner/work/blanka/blanka/vendor/pestphp/pest/bin/pest:18}()
#12 /home/runner/work/blanka/blanka/vendor/bin/pest(119): include('...')
#13 {main}","code":0}} 
[2026-02-09 11:00:09] testing.INFO: ConversionApiService - Calling facebook conversion API {"trace_id":"7757171e-ef66-4495-8412-30c518d0e72f","is_console_command":true,"eventType":"Purchase","platform":"facebook","quoteTypeId":1,"endpoint":"/api/v1-trigger-facebook-event-conversion","payload":{"quoteUID":"test-uuid-1","quoteTypeId":1,"eventType":"Purchase"}} 
[2026-02-09 11:00:09] testing.INFO: ConversionApiService - Calling facebook conversion API {"trace_id":"7757171e-ef66-4495-8412-30c518d0e72f","is_console_command":true,"eventType":"Purchase","platform":"facebook","quoteTypeId":1,"endpoint":"/api/v1-trigger-facebook-event-conversion","payload":{"quoteUID":"test-uuid-1","quoteTypeId":1,"eventType":"Purchase"}} 
[2026-02-09 11:00:09] testing.INFO: ConversionApiService - facebook conversion API call successful {"trace_id":"7757171e-ef66-4495-8412-30c518d0e72f","is_console_command":true,"eventType":"Purchase","platform":"facebook","quoteTypeId":1,"endpoint":"/api/v1-trigger-facebook-event-conversion","response":{"stdClass":{"success":true}}} 
[2026-02-09 11:00:09] testing.INFO: ConversionApiService - facebook conversion API call successful {"trace_id":"7757171e-ef66-4495-8412-30c518d0e72f","is_console_command":true,"eventType":"Purchase","platform":"facebook","quoteTypeId":1,"endpoint":"/api/v1-trigger-facebook-event-conversion","response":{"stdClass":{"success":true}}} 
[2026-02-09 11:00:09] testing.INFO: ConversionApiService - Calling facebook conversion API {"eventType":"Purchase","platform":"facebook","quoteTypeId":8,"endpoint":"/api/v1-trigger-facebook-event-conversion","payload":{"quoteUID":"test-uuid-8","quoteTypeId":8,"eventType":"Purchase"}} 
[2026-02-09 11:00:09] testing.INFO: ConversionApiService - Calling facebook conversion API {"eventType":"Purchase","platform":"facebook","quoteTypeId":8,"endpoint":"/api/v1-trigger-facebook-event-conversion","payload":{"quoteUID":"test-uuid-8","quoteTypeId":8,"eventType":"Purchase"}} 
[2026-02-09 11:00:09] testing.INFO: ConversionApiService - facebook conversion API call successful {"eventType":"Purchase","platform":"facebook","quoteTypeId":8,"endpoint":"/api/v1-trigger-facebook-event-conversion","response":{"stdClass":{"success":true}}} 
[2026-02-09 11:00:09] testing.INFO: ConversionApiService - facebook conversion API call successful {"eventType":"Purchase","platform":"facebook","quoteTypeId":8,"endpoint":"/api/v1-trigger-facebook-event-conversion","response":{"stdClass":{"success":true}}} 
[2026-02-09 11:00:09] testing.INFO: ConversionApiService - Calling facebook conversion API {"eventType":"Purchase","platform":"facebook","quoteTypeId":3,"endpoint":"/api/v1-trigger-facebook-event-conversion","payload":{"quoteUID":"test-uuid-3","quoteTypeId":3,"eventType":"Purchase"}} 
[2026-02-09 11:00:09] testing.INFO: ConversionApiService - Calling facebook conversion API {"eventType":"Purchase","platform":"facebook","quoteTypeId":3,"endpoint":"/api/v1-trigger-facebook-event-conversion","payload":{"quoteUID":"test-uuid-3","quoteTypeId":3,"eventType":"Purchase"}} 
[2026-02-09 11:00:09] testing.INFO: ConversionApiService - facebook conversion API call successful {"eventType":"Purchase","platform":"facebook","quoteTypeId":3,"endpoint":"/api/v1-trigger-facebook-event-conversion","response":{"stdClass":{"success":true}}} 
[2026-02-09 11:00:09] testing.INFO: ConversionApiService - facebook conversion API call successful {"eventType":"Purchase","platform":"facebook","quoteTypeId":3,"endpoint":"/api/v1-trigger-facebook-event-conversion","response":{"stdClass":{"success":true}}} 
[2026-02-09 11:00:09] testing.INFO: ConversionApiService - Calling facebook conversion API {"eventType":"Purchase","platform":"facebook","quoteTypeId":5,"endpoint":"/api/v1-trigger-facebook-event-conversion","payload":{"quoteUID":"test-uuid-5","quoteTypeId":5,"eventType":"Purchase"}} 
[2026-02-09 11:00:09] testing.INFO: ConversionApiService - Calling facebook conversion API {"eventType":"Purchase","platform":"facebook","quoteTypeId":5,"endpoint":"/api/v1-trigger-facebook-event-conversion","payload":{"quoteUID":"test-uuid-5","quoteTypeId":5,"eventType":"Purchase"}} 
[2026-02-09 11:00:09] testing.INFO: ConversionApiService - facebook conversion API call successful {"eventType":"Purchase","platform":"facebook","quoteTypeId":5,"endpoint":"/api/v1-trigger-facebook-event-conversion","response":{"stdClass":{"success":true}}} 
[2026-02-09 11:00:09] testing.INFO: ConversionApiService - facebook conversion API call successful {"eventType":"Purchase","platform":"facebook","quoteTypeId":5,"endpoint":"/api/v1-trigger-facebook-event-conversion","response":{"stdClass":{"success":true}}} 
[2026-02-09 11:00:09] testing.INFO: ConversionApiService - Calling facebook conversion API {"trace_id":"c5d52c4a-c675-4631-8433-e97e8c940002","is_console_command":true,"eventType":"Purchase","platform":"facebook","quoteTypeId":19,"endpoint":"/api/v1-trigger-facebook-event-conversion","payload":{"quoteUID":"NREFC7RS","quoteTypeId":19,"eventType":"Purchase"}} 
[2026-02-09 11:00:09] testing.INFO: ConversionApiService - Calling facebook conversion API {"trace_id":"c5d52c4a-c675-4631-8433-e97e8c940002","is_console_command":true,"eventType":"Purchase","platform":"facebook","quoteTypeId":19,"endpoint":"/api/v1-trigger-facebook-event-conversion","payload":{"quoteUID":"NREFC7RS","quoteTypeId":19,"eventType":"Purchase"}} 
[2026-02-09 11:00:09] testing.INFO: ConversionApiService - facebook conversion API call successful {"trace_id":"c5d52c4a-c675-4631-8433-e97e8c940002","is_console_command":true,"eventType":"Purchase","platform":"facebook","quoteTypeId":19,"endpoint":"/api/v1-trigger-facebook-event-conversion","response":{"stdClass":{"success":true}}} 
[2026-02-09 11:00:09] testing.INFO: ConversionApiService - facebook conversion API call successful {"trace_id":"c5d52c4a-c675-4631-8433-e97e8c940002","is_console_command":true,"eventType":"Purchase","platform":"facebook","quoteTypeId":19,"endpoint":"/api/v1-trigger-facebook-event-conversion","response":{"stdClass":{"success":true}}} 
[2026-02-09 11:00:09] testing.INFO: ConversionApiService - Calling google conversion API {"trace_id":"307d3f44-2d7b-45ad-a1a4-4f1a4b8ce016","is_console_command":true,"eventType":"Purchase","platform":"google","quoteTypeId":1,"endpoint":"/api/v1-trigger-google-event-conversion","payload":{"quoteUID":"6UTE2JXU","quoteTypeId":1,"eventType":"Purchase"}} 
[2026-02-09 11:00:09] testing.INFO: ConversionApiService - Calling google conversion API {"trace_id":"307d3f44-2d7b-45ad-a1a4-4f1a4b8ce016","is_console_command":true,"eventType":"Purchase","platform":"google","quoteTypeId":1,"endpoint":"/api/v1-trigger-google-event-conversion","payload":{"quoteUID":"6UTE2JXU","quoteTypeId":1,"eventType":"Purchase"}} 
[2026-02-09 11:00:09] testing.INFO: ConversionApiService - google conversion API call successful {"trace_id":"307d3f44-2d7b-45ad-a1a4-4f1a4b8ce016","is_console_command":true,"eventType":"Purchase","platform":"google","quoteTypeId":1,"endpoint":"/api/v1-trigger-google-event-conversion","response":{"stdClass":{"success":true}}} 
[2026-02-09 11:00:09] testing.INFO: ConversionApiService - google conversion API call successful {"trace_id":"307d3f44-2d7b-45ad-a1a4-4f1a4b8ce016","is_console_command":true,"eventType":"Purchase","platform":"google","quoteTypeId":1,"endpoint":"/api/v1-trigger-google-event-conversion","response":{"stdClass":{"success":true}}} 
[2026-02-09 11:00:09] testing.INFO: ConversionApiService - Calling facebook conversion API {"trace_id":"25eb7c08-644a-4fbb-b7a2-7ffad980ab9f","is_console_command":true,"eventType":"Purchase","platform":"facebook","quoteTypeId":19,"endpoint":"/api/v1-trigger-facebook-event-conversion","payload":{"quoteUID":"NREFC7RS","quoteTypeId":19,"eventType":"Purchase"}} 
[2026-02-09 11:00:09] testing.INFO: ConversionApiService - Calling facebook conversion API {"trace_id":"25eb7c08-644a-4fbb-b7a2-7ffad980ab9f","is_console_command":true,"eventType":"Purchase","platform":"facebook","quoteTypeId":19,"endpoint":"/api/v1-trigger-facebook-event-conversion","payload":{"quoteUID":"NREFC7RS","quoteTypeId":19,"eventType":"Purchase"}} 
[2026-02-09 11:00:09] testing.INFO: ConversionApiService - facebook conversion API call successful {"trace_id":"25eb7c08-644a-4fbb-b7a2-7ffad980ab9f","is_console_command":true,"eventType":"Purchase","platform":"facebook","quoteTypeId":19,"endpoint":"/api/v1-trigger-facebook-event-conversion","response":{"stdClass":{"success":true}}} 
[2026-02-09 11:00:09] testing.INFO: ConversionApiService - facebook conversion API call successful {"trace_id":"25eb7c08-644a-4fbb-b7a2-7ffad980ab9f","is_console_command":true,"eventType":"Purchase","platform":"facebook","quoteTypeId":19,"endpoint":"/api/v1-trigger-facebook-event-conversion","response":{"stdClass":{"success":true}}} 
[2026-02-09 11:00:09] testing.INFO: ConversionApiService - Calling facebook conversion API {"eventType":"Purchase","platform":"facebook","quoteTypeId":1,"endpoint":"/api/v1-trigger-facebook-event-conversion","payload":{"quoteUID":"6UTE2JXU","quoteTypeId":1,"eventType":"Purchase"}} 
[2026-02-09 11:00:09] testing.INFO: ConversionApiService - Calling facebook conversion API {"eventType":"Purchase","platform":"facebook","quoteTypeId":1,"endpoint":"/api/v1-trigger-facebook-event-conversion","payload":{"quoteUID":"6UTE2JXU","quoteTypeId":1,"eventType":"Purchase"}} 
[2026-02-09 11:00:09] testing.INFO: ConversionApiService - facebook conversion API call successful {"eventType":"Purchase","platform":"facebook","quoteTypeId":1,"endpoint":"/api/v1-trigger-facebook-event-conversion","response":{"stdClass":{"success":true}}} 
[2026-02-09 11:00:09] testing.INFO: ConversionApiService - facebook conversion API call successful {"eventType":"Purchase","platform":"facebook","quoteTypeId":1,"endpoint":"/api/v1-trigger-facebook-event-conversion","response":{"stdClass":{"success":true}}} 
[2026-02-09 11:00:09] testing.INFO: ConversionApiService - Calling facebook conversion API {"eventType":"Purchase","platform":"facebook","quoteTypeId":5,"endpoint":"/api/v1-trigger-facebook-event-conversion","payload":{"quoteUID":"TEST123","quoteTypeId":5,"eventType":"Purchase"}} 
[2026-02-09 11:00:09] testing.INFO: ConversionApiService - Calling facebook conversion API {"eventType":"Purchase","platform":"facebook","quoteTypeId":5,"endpoint":"/api/v1-trigger-facebook-event-conversion","payload":{"quoteUID":"TEST123","quoteTypeId":5,"eventType":"Purchase"}} 
[2026-02-09 11:00:09] testing.INFO: ConversionApiService - facebook conversion API call successful {"eventType":"Purchase","platform":"facebook","quoteTypeId":5,"endpoint":"/api/v1-trigger-facebook-event-conversion","response":{"stdClass":{"success":true}}} 
[2026-02-09 11:00:09] testing.INFO: ConversionApiService - facebook conversion API call successful {"eventType":"Purchase","platform":"facebook","quoteTypeId":5,"endpoint":"/api/v1-trigger-facebook-event-conversion","response":{"stdClass":{"success":true}}} 
[2026-02-09 11:00:09] testing.INFO: ConversionApiService - Calling facebook conversion API {"eventType":"Purchase","platform":"facebook","quoteTypeId":10,"endpoint":"/api/v1-trigger-facebook-event-conversion","payload":{"quoteUID":"ABCD1234","quoteTypeId":10,"eventType":"Purchase"}} 
[2026-02-09 11:00:09] testing.INFO: ConversionApiService - Calling facebook conversion API {"eventType":"Purchase","platform":"facebook","quoteTypeId":10,"endpoint":"/api/v1-trigger-facebook-event-conversion","payload":{"quoteUID":"ABCD1234","quoteTypeId":10,"eventType":"Purchase"}} 
[2026-02-09 11:00:09] testing.INFO: ConversionApiService - facebook conversion API call successful {"eventType":"Purchase","platform":"facebook","quoteTypeId":10,"endpoint":"/api/v1-trigger-facebook-event-conversion","response":{"stdClass":{"success":true}}} 
[2026-02-09 11:00:09] testing.INFO: ConversionApiService - facebook conversion API call successful {"eventType":"Purchase","platform":"facebook","quoteTypeId":10,"endpoint":"/api/v1-trigger-facebook-event-conversion","response":{"stdClass":{"success":true}}} 
[2026-02-09 11:00:09] testing.INFO: ConversionApiService - Calling facebook conversion API {"eventType":"Purchase","platform":"facebook","quoteTypeId":25,"endpoint":"/api/v1-trigger-facebook-event-conversion","payload":{"quoteUID":"XYZ789","quoteTypeId":25,"eventType":"Purchase"}} 
[2026-02-09 11:00:09] testing.INFO: ConversionApiService - Calling facebook conversion API {"eventType":"Purchase","platform":"facebook","quoteTypeId":25,"endpoint":"/api/v1-trigger-facebook-event-conversion","payload":{"quoteUID":"XYZ789","quoteTypeId":25,"eventType":"Purchase"}} 
[2026-02-09 11:00:09] testing.INFO: ConversionApiService - facebook conversion API call successful {"eventType":"Purchase","platform":"facebook","quoteTypeId":25,"endpoint":"/api/v1-trigger-facebook-event-conversion","response":{"stdClass":{"success":true}}} 
[2026-02-09 11:00:09] testing.INFO: ConversionApiService - facebook conversion API call successful {"eventType":"Purchase","platform":"facebook","quoteTypeId":25,"endpoint":"/api/v1-trigger-facebook-event-conversion","response":{"stdClass":{"success":true}}} 
[2026-02-09 11:00:09] testing.INFO: ConversionApiService - Calling facebook conversion API {"trace_id":"4f8b4787-18be-41cc-ac32-61571af3bfb6","is_console_command":true,"eventType":"Purchase","platform":"facebook","quoteTypeId":15,"endpoint":"/api/v1-trigger-facebook-event-conversion","payload":{"quoteUID":"TEST-UUID-123","quoteTypeId":15,"eventType":"Purchase"}} 
[2026-02-09 11:00:09] testing.INFO: ConversionApiService - Calling facebook conversion API {"trace_id":"4f8b4787-18be-41cc-ac32-61571af3bfb6","is_console_command":true,"eventType":"Purchase","platform":"facebook","quoteTypeId":15,"endpoint":"/api/v1-trigger-facebook-event-conversion","payload":{"quoteUID":"TEST-UUID-123","quoteTypeId":15,"eventType":"Purchase"}} 
[2026-02-09 11:00:09] testing.INFO: ConversionApiService - facebook conversion API call successful {"trace_id":"4f8b4787-18be-41cc-ac32-61571af3bfb6","is_console_command":true,"eventType":"Purchase","platform":"facebook","quoteTypeId":15,"endpoint":"/api/v1-trigger-facebook-event-conversion","response":{"stdClass":{"success":true}}} 
[2026-02-09 11:00:09] testing.INFO: ConversionApiService - facebook conversion API call successful {"trace_id":"4f8b4787-18be-41cc-ac32-61571af3bfb6","is_console_command":true,"eventType":"Purchase","platform":"facebook","quoteTypeId":15,"endpoint":"/api/v1-trigger-facebook-event-conversion","response":{"stdClass":{"success":true}}} 
[2026-02-09 11:00:09] testing.INFO: ConversionApiService - Calling google conversion API {"eventType":"Purchase","platform":"google","quoteTypeId":15,"endpoint":"/api/v1-trigger-google-event-conversion","payload":{"quoteUID":"TEST-UUID-123","quoteTypeId":15,"eventType":"Purchase"}} 
[2026-02-09 11:00:09] testing.INFO: ConversionApiService - Calling google conversion API {"eventType":"Purchase","platform":"google","quoteTypeId":15,"endpoint":"/api/v1-trigger-google-event-conversion","payload":{"quoteUID":"TEST-UUID-123","quoteTypeId":15,"eventType":"Purchase"}} 
[2026-02-09 11:00:09] testing.INFO: ConversionApiService - google conversion API call successful {"eventType":"Purchase","platform":"google","quoteTypeId":15,"endpoint":"/api/v1-trigger-google-event-conversion","response":{"stdClass":{"success":true}}} 
[2026-02-09 11:00:09] testing.INFO: ConversionApiService - google conversion API call successful {"eventType":"Purchase","platform":"google","quoteTypeId":15,"endpoint":"/api/v1-trigger-google-event-conversion","response":{"stdClass":{"success":true}}} 
[2026-02-09 11:00:11] testing.WARNING: MetLife Auth: Integration disabled {"trace_id":"6cf535f9-a0b0-44c8-a902-3974be90d326","is_console_command":true} 
[2026-02-09 11:00:11] testing.WARNING: MetLife Auth: Integration disabled {"trace_id":"6cf535f9-a0b0-44c8-a902-3974be90d326","is_console_command":true} 
[2026-02-09 11:00:11] testing.WARNING: MetLife Auth: Unable to establish valid session {"trace_id":"6cf535f9-a0b0-44c8-a902-3974be90d326","is_console_command":true} 
[2026-02-09 11:00:11] testing.WARNING: MetLife Auth: Unable to establish valid session {"trace_id":"6cf535f9-a0b0-44c8-a902-3974be90d326","is_console_command":true} 
[2026-02-09 11:00:11] testing.WARNING: MetLife upload failed {"trace_id":"6cf535f9-a0b0-44c8-a902-3974be90d326","is_console_command":true} 
[2026-02-09 11:00:11] testing.WARNING: MetLife upload failed {"trace_id":"6cf535f9-a0b0-44c8-a902-3974be90d326","is_console_command":true,"extra":"{\"policy_number\":\"POL123\",\"quote_uuid\":\"QUOTE456\",\"error\":\"Upload failed\"}"} 
[2026-02-09 11:00:11] testing.WARNING: MetLife Auth: Integration disabled {"trace_id":"83103a2f-6ea5-4317-b1b6-93465ad7f396","is_console_command":true} 
[2026-02-09 11:00:11] testing.WARNING: MetLife Auth: Integration disabled {"trace_id":"83103a2f-6ea5-4317-b1b6-93465ad7f396","is_console_command":true} 
[2026-02-09 11:00:11] testing.WARNING: MetLife Auth: Unable to establish valid session {"trace_id":"83103a2f-6ea5-4317-b1b6-93465ad7f396","is_console_command":true} 
[2026-02-09 11:00:11] testing.WARNING: MetLife Auth: Unable to establish valid session {"trace_id":"83103a2f-6ea5-4317-b1b6-93465ad7f396","is_console_command":true} 
[2026-02-09 11:00:11] testing.WARNING: MetLife upload failed {"trace_id":"83103a2f-6ea5-4317-b1b6-93465ad7f396","is_console_command":true} 
[2026-02-09 11:00:11] testing.WARNING: MetLife upload failed {"trace_id":"83103a2f-6ea5-4317-b1b6-93465ad7f396","is_console_command":true,"extra":"{\"policy_number\":\"   \",\"quote_uuid\":null,\"error\":\"Upload failed\"}"} 
[2026-02-09 11:00:11] testing.WARNING: MetLife Auth: Integration disabled {"trace_id":"8c92f353-5309-42cc-93b8-e0e0ed460465","is_console_command":true} 
[2026-02-09 11:00:11] testing.WARNING: MetLife Auth: Integration disabled {"trace_id":"8c92f353-5309-42cc-93b8-e0e0ed460465","is_console_command":true} 
[2026-02-09 11:00:11] testing.WARNING: MetLife Auth: Unable to establish valid session {"trace_id":"8c92f353-5309-42cc-93b8-e0e0ed460465","is_console_command":true} 
[2026-02-09 11:00:11] testing.WARNING: MetLife Auth: Unable to establish valid session {"trace_id":"8c92f353-5309-42cc-93b8-e0e0ed460465","is_console_command":true} 
[2026-02-09 11:00:11] testing.WARNING: MetLife upload failed {"trace_id":"8c92f353-5309-42cc-93b8-e0e0ed460465","is_console_command":true} 
[2026-02-09 11:00:11] testing.WARNING: MetLife upload failed {"trace_id":"8c92f353-5309-42cc-93b8-e0e0ed460465","is_console_command":true,"extra":"{\"policy_number\":\"POL123\",\"quote_uuid\":null,\"error\":\"Upload failed\"}"} 
[2026-02-09 11:00:12] testing.WARNING: MetLife Auth: Integration disabled {"trace_id":"0c1b70a9-ee70-4a1a-99b2-51defb842786","is_console_command":true} 
[2026-02-09 11:00:12] testing.WARNING: MetLife Auth: Integration disabled {"trace_id":"0c1b70a9-ee70-4a1a-99b2-51defb842786","is_console_command":true} 
[2026-02-09 11:00:12] testing.WARNING: MetLife Auth: Unable to establish valid session {"trace_id":"0c1b70a9-ee70-4a1a-99b2-51defb842786","is_console_command":true} 
[2026-02-09 11:00:12] testing.WARNING: MetLife Auth: Unable to establish valid session {"trace_id":"0c1b70a9-ee70-4a1a-99b2-51defb842786","is_console_command":true} 
[2026-02-09 11:00:12] testing.WARNING: MetLife upload failed {"trace_id":"0c1b70a9-ee70-4a1a-99b2-51defb842786","is_console_command":true} 
[2026-02-09 11:00:12] testing.WARNING: MetLife upload failed {"trace_id":"0c1b70a9-ee70-4a1a-99b2-51defb842786","is_console_command":true,"extra":"{\"policy_number\":\"POL123\",\"quote_uuid\":null,\"error\":\"Upload failed\"}"} 
[2026-02-09 11:00:12] testing.WARNING: MetLife Auth: Integration disabled {"trace_id":"2d6c6d66-17a6-4009-a9da-a0d247af1b87","is_console_command":true} 
[2026-02-09 11:00:12] testing.WARNING: MetLife Auth: Integration disabled {"trace_id":"2d6c6d66-17a6-4009-a9da-a0d247af1b87","is_console_command":true} 
[2026-02-09 11:00:12] testing.WARNING: MetLife Auth: Unable to establish valid session {"trace_id":"2d6c6d66-17a6-4009-a9da-a0d247af1b87","is_console_command":true} 
[2026-02-09 11:00:12] testing.WARNING: MetLife Auth: Unable to establish valid session {"trace_id":"2d6c6d66-17a6-4009-a9da-a0d247af1b87","is_console_command":true} 
[2026-02-09 11:00:12] testing.WARNING: MetLife upload failed {"trace_id":"2d6c6d66-17a6-4009-a9da-a0d247af1b87","is_console_command":true} 
[2026-02-09 11:00:12] testing.WARNING: MetLife upload failed {"trace_id":"2d6c6d66-17a6-4009-a9da-a0d247af1b87","is_console_command":true,"extra":"{\"policy_number\":\"POL123\",\"quote_uuid\":null,\"error\":\"Upload failed\"}"} 
[2026-02-09 11:00:12] testing.WARNING: MetLife Auth: Integration disabled {"trace_id":"84c18344-91ef-408e-97d1-0582db895e28","is_console_command":true} 
[2026-02-09 11:00:12] testing.WARNING: MetLife Auth: Integration disabled {"trace_id":"84c18344-91ef-408e-97d1-0582db895e28","is_console_command":true} 
[2026-02-09 11:00:12] testing.WARNING: MetLife Auth: Unable to establish valid session {"trace_id":"84c18344-91ef-408e-97d1-0582db895e28","is_console_command":true} 
[2026-02-09 11:00:12] testing.WARNING: MetLife Auth: Unable to establish valid session {"trace_id":"84c18344-91ef-408e-97d1-0582db895e28","is_console_command":true} 
[2026-02-09 11:00:12] testing.WARNING: MetLife upload failed {"trace_id":"84c18344-91ef-408e-97d1-0582db895e28","is_console_command":true} 
[2026-02-09 11:00:12] testing.WARNING: MetLife upload failed {"trace_id":"84c18344-91ef-408e-97d1-0582db895e28","is_console_command":true,"extra":"{\"policy_number\":\"POL123\",\"quote_uuid\":null,\"error\":\"Upload failed\"}"} 
[2026-02-09 11:00:12] testing.WARNING: MetLife Auth: Integration disabled {"trace_id":"84c18344-91ef-408e-97d1-0582db895e28","is_console_command":true} 
[2026-02-09 11:00:12] testing.WARNING: MetLife Auth: Integration disabled {"trace_id":"84c18344-91ef-408e-97d1-0582db895e28","is_console_command":true} 
[2026-02-09 11:00:12] testing.WARNING: MetLife Auth: Unable to establish valid session {"trace_id":"84c18344-91ef-408e-97d1-0582db895e28","is_console_command":true} 
[2026-02-09 11:00:12] testing.WARNING: MetLife Auth: Unable to establish valid session {"trace_id":"84c18344-91ef-408e-97d1-0582db895e28","is_console_command":true} 
[2026-02-09 11:00:12] testing.WARNING: MetLife upload failed {"trace_id":"84c18344-91ef-408e-97d1-0582db895e28","is_console_command":true} 
[2026-02-09 11:00:12] testing.WARNING: MetLife upload failed {"trace_id":"84c18344-91ef-408e-97d1-0582db895e28","is_console_command":true,"extra":"{\"policy_number\":\"POL123\",\"quote_uuid\":null,\"error\":\"Upload failed\"}"} 
[2026-02-09 11:00:12] testing.WARNING: MetLife Auth: Integration disabled {"trace_id":"84c18344-91ef-408e-97d1-0582db895e28","is_console_command":true} 
[2026-02-09 11:00:12] testing.WARNING: MetLife Auth: Integration disabled {"trace_id":"84c18344-91ef-408e-97d1-0582db895e28","is_console_command":true} 
[2026-02-09 11:00:12] testing.WARNING: MetLife Auth: Unable to establish valid session {"trace_id":"84c18344-91ef-408e-97d1-0582db895e28","is_console_command":true} 
[2026-02-09 11:00:12] testing.WARNING: MetLife Auth: Unable to establish valid session {"trace_id":"84c18344-91ef-408e-97d1-0582db895e28","is_console_command":true} 
[2026-02-09 11:00:12] testing.WARNING: MetLife upload failed {"trace_id":"84c18344-91ef-408e-97d1-0582db895e28","is_console_command":true} 
[2026-02-09 11:00:12] testing.WARNING: MetLife upload failed {"trace_id":"84c18344-91ef-408e-97d1-0582db895e28","is_console_command":true,"extra":"{\"policy_number\":\"POL123\",\"quote_uuid\":null,\"error\":\"Upload failed\"}"} 
[2026-02-09 11:00:12] testing.WARNING: MetLife Auth: Integration disabled {"trace_id":"84c18344-91ef-408e-97d1-0582db895e28","is_console_command":true} 
[2026-02-09 11:00:12] testing.WARNING: MetLife Auth: Integration disabled {"trace_id":"84c18344-91ef-408e-97d1-0582db895e28","is_console_command":true} 
[2026-02-09 11:00:12] testing.WARNING: MetLife Auth: Unable to establish valid session {"trace_id":"84c18344-91ef-408e-97d1-0582db895e28","is_console_command":true} 
[2026-02-09 11:00:12] testing.WARNING: MetLife Auth: Unable to establish valid session {"trace_id":"84c18344-91ef-408e-97d1-0582db895e28","is_console_command":true} 
[2026-02-09 11:00:12] testing.WARNING: MetLife upload failed {"trace_id":"84c18344-91ef-408e-97d1-0582db895e28","is_console_command":true} 
[2026-02-09 11:00:12] testing.WARNING: MetLife upload failed {"trace_id":"84c18344-91ef-408e-97d1-0582db895e28","is_console_command":true,"extra":"{\"policy_number\":\"POL123\",\"quote_uuid\":null,\"error\":\"Upload failed\"}"} 
[2026-02-09 11:00:12] testing.WARNING: MetLife Auth: Integration disabled {"trace_id":"84c18344-91ef-408e-97d1-0582db895e28","is_console_command":true} 
[2026-02-09 11:00:12] testing.WARNING: MetLife Auth: Integration disabled {"trace_id":"84c18344-91ef-408e-97d1-0582db895e28","is_console_command":true} 
[2026-02-09 11:00:12] testing.WARNING: MetLife Auth: Unable to establish valid session {"trace_id":"84c18344-91ef-408e-97d1-0582db895e28","is_console_command":true} 
[2026-02-09 11:00:12] testing.WARNING: MetLife Auth: Unable to establish valid session {"trace_id":"84c18344-91ef-408e-97d1-0582db895e28","is_console_command":true} 
[2026-02-09 11:00:12] testing.WARNING: MetLife upload failed {"trace_id":"84c18344-91ef-408e-97d1-0582db895e28","is_console_command":true} 
[2026-02-09 11:00:12] testing.WARNING: MetLife upload failed {"trace_id":"84c18344-91ef-408e-97d1-0582db895e28","is_console_command":true,"extra":"{\"policy_number\":\"POL123\",\"quote_uuid\":null,\"error\":\"Upload failed\"}"} 
[2026-02-09 11:00:12] testing.WARNING: MetLife Auth: Integration disabled {"trace_id":"afb13ba6-f807-4805-b311-5ba5325e9039","is_console_command":true} 
[2026-02-09 11:00:12] testing.WARNING: MetLife Auth: Integration disabled {"trace_id":"afb13ba6-f807-4805-b311-5ba5325e9039","is_console_command":true} 
[2026-02-09 11:00:12] testing.WARNING: MetLife Auth: Unable to establish valid session {"trace_id":"afb13ba6-f807-4805-b311-5ba5325e9039","is_console_command":true} 
[2026-02-09 11:00:12] testing.WARNING: MetLife Auth: Unable to establish valid session {"trace_id":"afb13ba6-f807-4805-b311-5ba5325e9039","is_console_command":true} 
[2026-02-09 11:00:12] testing.WARNING: MetLife upload failed {"trace_id":"afb13ba6-f807-4805-b311-5ba5325e9039","is_console_command":true} 
[2026-02-09 11:00:12] testing.WARNING: MetLife upload failed {"trace_id":"afb13ba6-f807-4805-b311-5ba5325e9039","is_console_command":true,"extra":"{\"policy_number\":\"POL-123\",\"quote_uuid\":null,\"error\":\"Upload failed\"}"} 
[2026-02-09 11:00:12] testing.WARNING: MetLife Auth: Integration disabled {"trace_id":"afb13ba6-f807-4805-b311-5ba5325e9039","is_console_command":true} 
[2026-02-09 11:00:12] testing.WARNING: MetLife Auth: Integration disabled {"trace_id":"afb13ba6-f807-4805-b311-5ba5325e9039","is_console_command":true} 
[2026-02-09 11:00:12] testing.WARNING: MetLife Auth: Unable to establish valid session {"trace_id":"afb13ba6-f807-4805-b311-5ba5325e9039","is_console_command":true} 
[2026-02-09 11:00:12] testing.WARNING: MetLife Auth: Unable to establish valid session {"trace_id":"afb13ba6-f807-4805-b311-5ba5325e9039","is_console_command":true} 
[2026-02-09 11:00:12] testing.WARNING: MetLife upload failed {"trace_id":"afb13ba6-f807-4805-b311-5ba5325e9039","is_console_command":true} 
[2026-02-09 11:00:12] testing.WARNING: MetLife upload failed {"trace_id":"afb13ba6-f807-4805-b311-5ba5325e9039","is_console_command":true,"extra":"{\"policy_number\":\"POL_123\",\"quote_uuid\":null,\"error\":\"Upload failed\"}"} 
[2026-02-09 11:00:12] testing.WARNING: MetLife Auth: Integration disabled {"trace_id":"afb13ba6-f807-4805-b311-5ba5325e9039","is_console_command":true} 
[2026-02-09 11:00:12] testing.WARNING: MetLife Auth: Integration disabled {"trace_id":"afb13ba6-f807-4805-b311-5ba5325e9039","is_console_command":true} 
[2026-02-09 11:00:12] testing.WARNING: MetLife Auth: Unable to establish valid session {"trace_id":"afb13ba6-f807-4805-b311-5ba5325e9039","is_console_command":true} 
[2026-02-09 11:00:12] testing.WARNING: MetLife Auth: Unable to establish valid session {"trace_id":"afb13ba6-f807-4805-b311-5ba5325e9039","is_console_command":true} 
[2026-02-09 11:00:12] testing.WARNING: MetLife upload failed {"trace_id":"afb13ba6-f807-4805-b311-5ba5325e9039","is_console_command":true} 
[2026-02-09 11:00:12] testing.WARNING: MetLife upload failed {"trace_id":"afb13ba6-f807-4805-b311-5ba5325e9039","is_console_command":true,"extra":"{\"policy_number\":\"POL.123\",\"quote_uuid\":null,\"error\":\"Upload failed\"}"} 
[2026-02-09 11:00:12] testing.WARNING: MetLife Auth: Integration disabled {"trace_id":"afb13ba6-f807-4805-b311-5ba5325e9039","is_console_command":true} 
[2026-02-09 11:00:12] testing.WARNING: MetLife Auth: Integration disabled {"trace_id":"afb13ba6-f807-4805-b311-5ba5325e9039","is_console_command":true} 
[2026-02-09 11:00:12] testing.WARNING: MetLife Auth: Unable to establish valid session {"trace_id":"afb13ba6-f807-4805-b311-5ba5325e9039","is_console_command":true} 
[2026-02-09 11:00:12] testing.WARNING: MetLife Auth: Unable to establish valid session {"trace_id":"afb13ba6-f807-4805-b311-5ba5325e9039","is_console_command":true} 
[2026-02-09 11:00:12] testing.WARNING: MetLife upload failed {"trace_id":"afb13ba6-f807-4805-b311-5ba5325e9039","is_console_command":true} 
[2026-02-09 11:00:12] testing.WARNING: MetLife upload failed {"trace_id":"afb13ba6-f807-4805-b311-5ba5325e9039","is_console_command":true,"extra":"{\"policy_number\":\"POL 123\",\"quote_uuid\":null,\"error\":\"Upload failed\"}"} 
[2026-02-09 11:00:12] testing.WARNING: MetLife Auth: Integration disabled {"trace_id":"afb13ba6-f807-4805-b311-5ba5325e9039","is_console_command":true} 
[2026-02-09 11:00:12] testing.WARNING: MetLife Auth: Integration disabled {"trace_id":"afb13ba6-f807-4805-b311-5ba5325e9039","is_console_command":true} 
[2026-02-09 11:00:12] testing.WARNING: MetLife Auth: Unable to establish valid session {"trace_id":"afb13ba6-f807-4805-b311-5ba5325e9039","is_console_command":true} 
[2026-02-09 11:00:12] testing.WARNING: MetLife Auth: Unable to establish valid session {"trace_id":"afb13ba6-f807-4805-b311-5ba5325e9039","is_console_command":true} 
[2026-02-09 11:00:12] testing.WARNING: MetLife upload failed {"trace_id":"afb13ba6-f807-4805-b311-5ba5325e9039","is_console_command":true} 
[2026-02-09 11:00:12] testing.WARNING: MetLife upload failed {"trace_id":"afb13ba6-f807-4805-b311-5ba5325e9039","is_console_command":true,"extra":"{\"policy_number\":\"POL123-ABC\",\"quote_uuid\":null,\"error\":\"Upload failed\"}"} 
[2026-02-09 11:00:12] testing.WARNING: MetLife Auth: Integration disabled {"trace_id":"28d8d4c9-f722-40d2-af9b-e859c98dd9de","is_console_command":true} 
[2026-02-09 11:00:12] testing.WARNING: MetLife Auth: Integration disabled {"trace_id":"28d8d4c9-f722-40d2-af9b-e859c98dd9de","is_console_command":true} 
[2026-02-09 11:00:12] testing.WARNING: MetLife Auth: Unable to establish valid session {"trace_id":"28d8d4c9-f722-40d2-af9b-e859c98dd9de","is_console_command":true} 
[2026-02-09 11:00:12] testing.WARNING: MetLife Auth: Unable to establish valid session {"trace_id":"28d8d4c9-f722-40d2-af9b-e859c98dd9de","is_console_command":true} 
[2026-02-09 11:00:12] testing.WARNING: MetLife upload failed {"trace_id":"28d8d4c9-f722-40d2-af9b-e859c98dd9de","is_console_command":true} 
[2026-02-09 11:00:12] testing.WARNING: MetLife upload failed {"trace_id":"28d8d4c9-f722-40d2-af9b-e859c98dd9de","is_console_command":true,"extra":"{\"policy_number\":\"POL123\",\"quote_uuid\":null,\"error\":\"Upload failed\"}"} 
[2026-02-09 11:00:12] testing.WARNING: MetLife request failed {"trace_id":"c133d732-8f43-4208-8a53-fdd4805e4739","is_console_command":true} 
[2026-02-09 11:00:12] testing.WARNING: MetLife request failed {"trace_id":"c133d732-8f43-4208-8a53-fdd4805e4739","is_console_command":true,"extra":"{\"endpoint\":\"\\/test\",\"error\":\"Unsupported HTTP method: PUT\"}"} 
[2026-02-09 11:00:12] testing.WARNING: MetLife HTTP request failed {"trace_id":"c81da63c-459a-40fa-b21d-90b63d30216e","is_console_command":true} 
[2026-02-09 11:00:12] testing.WARNING: MetLife HTTP request failed {"trace_id":"c81da63c-459a-40fa-b21d-90b63d30216e","is_console_command":true,"extra":"{\"endpoint\":\"\\/test\",\"status_code\":404,\"error\":\"{\\\"error\\\":\\\"Not found\\\"}\"}"} 
[2026-02-09 11:00:12] testing.WARNING: MetLife request failed {"trace_id":"29fad303-8d62-47e8-a95d-d201f462df95","is_console_command":true} 
[2026-02-09 11:00:12] testing.WARNING: MetLife request failed {"trace_id":"29fad303-8d62-47e8-a95d-d201f462df95","is_console_command":true,"extra":"{\"endpoint\":\"\\/test\",\"error\":\"Network error\"}"} 
[2026-02-09 11:00:12] testing.WARNING: MetLife upload failed {"trace_id":"361712d0-494c-4fde-8af7-222c2b1fbfe3","is_console_command":true} 
[2026-02-09 11:00:12] testing.WARNING: MetLife upload failed {"trace_id":"361712d0-494c-4fde-8af7-222c2b1fbfe3","is_console_command":true,"extra":"{\"policy_number\":\"POL999\",\"quote_uuid\":null,\"error\":\"Upload failed\"}"} 
[2026-02-09 11:00:12] testing.WARNING: MetLife HTTP request failed {"trace_id":"48340bb1-8563-4843-81d5-312d0ed11194","is_console_command":true} 
[2026-02-09 11:00:12] testing.WARNING: MetLife HTTP request failed {"trace_id":"48340bb1-8563-4843-81d5-312d0ed11194","is_console_command":true,"extra":"{\"endpoint\":\"\\/test\\/endpoint\",\"status_code\":404,\"error\":\"{\\\"error\\\":\\\"Not found\\\"}\"}"} 
[2026-02-09 11:00:12] testing.WARNING: MetLife exception occurred {"trace_id":"1b1db30a-86b9-420c-a064-daa39a2e9ea9","is_console_command":true} 
[2026-02-09 11:00:12] testing.WARNING: MetLife exception occurred {"trace_id":"1b1db30a-86b9-420c-a064-daa39a2e9ea9","is_console_command":true,"extra":"{\"error\":\"Test error message\",\"file\":\"MetLifeResponseServiceTest.php\",\"line\":112}"} 
[2026-02-09 11:00:13] testing.WARNING: MetLife API - Test action failed {"trace_id":"2170fad8-560a-4647-bafe-52a13190efa2","is_console_command":true} 
[2026-02-09 11:00:13] testing.WARNING: MetLife API - Test action failed {"trace_id":"2170fad8-560a-4647-bafe-52a13190efa2","is_console_command":true,"extra":"{\"error\":\"Test error message\"}"} 
[2026-02-09 11:00:13] testing.WARNING: MetLife API - Test action failed {"trace_id":"7ee3b3f1-9f3d-4661-9bc7-dadcbef39674","is_console_command":true} 
[2026-02-09 11:00:13] testing.WARNING: MetLife API - Test action failed {"trace_id":"7ee3b3f1-9f3d-4661-9bc7-dadcbef39674","is_console_command":true,"extra":"{\"error\":\"Test error message\"}"} 
[2026-02-09 11:00:14] testing.WARNING: MetLife API - Test action failed {"trace_id":"92565116-0c1e-4d06-a78d-b5b3dbfee0e2","is_console_command":true} 
[2026-02-09 11:00:14] testing.WARNING: MetLife API - Test action failed {"trace_id":"92565116-0c1e-4d06-a78d-b5b3dbfee0e2","is_console_command":true,"extra":"{\"error\":\"Invalid argument\"}"} 
[2026-02-09 11:00:14] testing.WARNING: MetLife API -  failed {"trace_id":"d66598cc-001a-4a01-91f6-06e10ef54278","is_console_command":true} 
[2026-02-09 11:00:14] testing.WARNING: MetLife API -  failed {"trace_id":"d66598cc-001a-4a01-91f6-06e10ef54278","is_console_command":true,"extra":"{\"error\":\"Test error\"}"} 
[2026-02-09 11:00:14] testing.WARNING: MetLife API - Test@Action#123 failed {"trace_id":"97d9aacd-c521-4cb5-a2c5-7ba30b05f2d3","is_console_command":true} 
[2026-02-09 11:00:14] testing.WARNING: MetLife API - Test@Action#123 failed {"trace_id":"97d9aacd-c521-4cb5-a2c5-7ba30b05f2d3","is_console_command":true,"extra":"{\"error\":\"Test error\"}"} 
[2026-02-09 11:00:14] testing.ERROR: Failed to format date {"trace_id":"47dd29de-1512-46bb-ad2d-03d1dcad55f8","is_console_command":true,"exception":{"message":"Could not parse 'invalid-date': Failed to parse time string (invalid-date) at position 0 (i): The timezone could not be found in the database","trace":"#0 /home/runner/work/blanka/blanka/vendor/nesbot/carbon/src/Carbon/Traits/Creator.php(214): Carbon\\Carbon::rawParse()
#1 /home/runner/work/blanka/blanka/app/Services/OCR/OcrUtils.php(58): Carbon\\Carbon::parse()
#2 /home/runner/work/blanka/blanka/app/Services/OCR/EmiratesId/DriverEmiratesIdExtractor.php(45): App\\Services\\OCR\\EmiratesId\\DriverEmiratesIdExtractor->formatDate()
#3 /home/runner/work/blanka/blanka/tests/Unit/Services/OCR/EmiratesId/DriverEmiratesIdExtractorTest.php(131): App\\Services\\OCR\\EmiratesId\\DriverEmiratesIdExtractor->extractDriverEmiratesIdData()
#4 /home/runner/work/blanka/blanka/vendor/pestphp/pest/src/Factories/TestCaseMethodFactory.php(168): P\\Tests\\Unit\\Services\\OCR\\EmiratesId\\DriverEmiratesIdExtractorTest->{closure:{closure:/home/runner/work/blanka/blanka/tests/Unit/Services/OCR/EmiratesId/DriverEmiratesIdExtractorTest.php:7}:125}()
#5 [internal function]: P\\Tests\\Unit\\Services\\OCR\\EmiratesId\\DriverEmiratesIdExtractorTest->{closure:Pest\\Factories\\TestCaseMethodFactory::getClosure():158}()
#6 /home/runner/work/blanka/blanka/vendor/pestphp/pest/src/Concerns/Testable.php(419): call_user_func_array()
#7 /home/runner/work/blanka/blanka/vendor/pestphp/pest/src/Support/ExceptionTrace.php(26): P\\Tests\\Unit\\Services\\OCR\\EmiratesId\\DriverEmiratesIdExtractorTest->{closure:Pest\\Concerns\\Testable::__callClosure():419}()
#8 /home/runner/work/blanka/blanka/vendor/pestphp/pest/src/Concerns/Testable.php(419): Pest\\Support\\ExceptionTrace::ensure()
#9 /home/runner/work/blanka/blanka/vendor/pestphp/pest/src/Concerns/Testable.php(321): P\\Tests\\Unit\\Services\\OCR\\EmiratesId\\DriverEmiratesIdExtractorTest->__callClosure()
#10 /home/runner/work/blanka/blanka/vendor/pestphp/pest/src/Factories/TestCaseFactory.php(169) : eval()'d code(71): P\\Tests\\Unit\\Services\\OCR\\EmiratesId\\DriverEmiratesIdExtractorTest->__runTest()
#11 /home/runner/work/blanka/blanka/vendor/phpunit/phpunit/src/Framework/TestCase.php(1656): P\\Tests\\Unit\\Services\\OCR\\EmiratesId\\DriverEmiratesIdExtractorTest->__pest_evaluable__DriverEmiratesIdExtractor__→_handles_malformed_date_gracefully()
#12 /home/runner/work/blanka/blanka/vendor/phpunit/phpunit/src/Framework/TestCase.php(514): PHPUnit\\Framework\\TestCase->runTest()
#13 /home/runner/work/blanka/blanka/vendor/phpunit/phpunit/src/Framework/TestRunner/TestRunner.php(87): PHPUnit\\Framework\\TestCase->runBare()
#14 /home/runner/work/blanka/blanka/vendor/phpunit/phpunit/src/Framework/TestCase.php(361): PHPUnit\\Framework\\TestRunner->run()
#15 /home/runner/work/blanka/blanka/vendor/phpunit/phpunit/src/Framework/TestSuite.php(369): PHPUnit\\Framework\\TestCase->run()
#16 /home/runner/work/blanka/blanka/vendor/phpunit/phpunit/src/Framework/TestSuite.php(369): PHPUnit\\Framework\\TestSuite->run()
#17 /home/runner/work/blanka/blanka/vendor/phpunit/phpunit/src/Framework/TestSuite.php(369): PHPUnit\\Framework\\TestSuite->run()
#18 /home/runner/work/blanka/blanka/vendor/phpunit/phpunit/src/TextUI/TestRunner.php(64): PHPUnit\\Framework\\TestSuite->run()
#19 /home/runner/work/blanka/blanka/vendor/phpunit/phpunit/src/TextUI/Application.php(211): PHPUnit\\TextUI\\TestRunner->run()
#20 /home/runner/work/blanka/blanka/vendor/pestphp/pest/src/Kernel.php(103): PHPUnit\\TextUI\\Application->run()
#21 /home/runner/work/blanka/blanka/vendor/pestphp/pest/bin/pest(184): Pest\\Kernel->handle()
#22 /home/runner/work/blanka/blanka/vendor/pestphp/pest/bin/pest(192): {closure:/home/runner/work/blanka/blanka/vendor/pestphp/pest/bin/pest:18}()
#23 /home/runner/work/blanka/blanka/vendor/bin/pest(119): include('...')
#24 {main}","code":0}} 
[2026-02-09 11:00:14] testing.ERROR: Failed to format date {"trace_id":"47dd29de-1512-46bb-ad2d-03d1dcad55f8","is_console_command":true,"exception":{"message":"Could not parse 'invalid-date': Failed to parse time string (invalid-date) at position 0 (i): The timezone could not be found in the database","trace":"#0 /home/runner/work/blanka/blanka/vendor/nesbot/carbon/src/Carbon/Traits/Creator.php(214): Carbon\\Carbon::rawParse()
#1 /home/runner/work/blanka/blanka/app/Services/OCR/OcrUtils.php(58): Carbon\\Carbon::parse()
#2 /home/runner/work/blanka/blanka/app/Services/OCR/EmiratesId/DriverEmiratesIdExtractor.php(45): App\\Services\\OCR\\EmiratesId\\DriverEmiratesIdExtractor->formatDate()
#3 /home/runner/work/blanka/blanka/tests/Unit/Services/OCR/EmiratesId/DriverEmiratesIdExtractorTest.php(131): App\\Services\\OCR\\EmiratesId\\DriverEmiratesIdExtractor->extractDriverEmiratesIdData()
#4 /home/runner/work/blanka/blanka/vendor/pestphp/pest/src/Factories/TestCaseMethodFactory.php(168): P\\Tests\\Unit\\Services\\OCR\\EmiratesId\\DriverEmiratesIdExtractorTest->{closure:{closure:/home/runner/work/blanka/blanka/tests/Unit/Services/OCR/EmiratesId/DriverEmiratesIdExtractorTest.php:7}:125}()
#5 [internal function]: P\\Tests\\Unit\\Services\\OCR\\EmiratesId\\DriverEmiratesIdExtractorTest->{closure:Pest\\Factories\\TestCaseMethodFactory::getClosure():158}()
#6 /home/runner/work/blanka/blanka/vendor/pestphp/pest/src/Concerns/Testable.php(419): call_user_func_array()
#7 /home/runner/work/blanka/blanka/vendor/pestphp/pest/src/Support/ExceptionTrace.php(26): P\\Tests\\Unit\\Services\\OCR\\EmiratesId\\DriverEmiratesIdExtractorTest->{closure:Pest\\Concerns\\Testable::__callClosure():419}()
#8 /home/runner/work/blanka/blanka/vendor/pestphp/pest/src/Concerns/Testable.php(419): Pest\\Support\\ExceptionTrace::ensure()
#9 /home/runner/work/blanka/blanka/vendor/pestphp/pest/src/Concerns/Testable.php(321): P\\Tests\\Unit\\Services\\OCR\\EmiratesId\\DriverEmiratesIdExtractorTest->__callClosure()
#10 /home/runner/work/blanka/blanka/vendor/pestphp/pest/src/Factories/TestCaseFactory.php(169) : eval()'d code(71): P\\Tests\\Unit\\Services\\OCR\\EmiratesId\\DriverEmiratesIdExtractorTest->__runTest()
#11 /home/runner/work/blanka/blanka/vendor/phpunit/phpunit/src/Framework/TestCase.php(1656): P\\Tests\\Unit\\Services\\OCR\\EmiratesId\\DriverEmiratesIdExtractorTest->__pest_evaluable__DriverEmiratesIdExtractor__→_handles_malformed_date_gracefully()
#12 /home/runner/work/blanka/blanka/vendor/phpunit/phpunit/src/Framework/TestCase.php(514): PHPUnit\\Framework\\TestCase->runTest()
#13 /home/runner/work/blanka/blanka/vendor/phpunit/phpunit/src/Framework/TestRunner/TestRunner.php(87): PHPUnit\\Framework\\TestCase->runBare()
#14 /home/runner/work/blanka/blanka/vendor/phpunit/phpunit/src/Framework/TestCase.php(361): PHPUnit\\Framework\\TestRunner->run()
#15 /home/runner/work/blanka/blanka/vendor/phpunit/phpunit/src/Framework/TestSuite.php(369): PHPUnit\\Framework\\TestCase->run()
#16 /home/runner/work/blanka/blanka/vendor/phpunit/phpunit/src/Framework/TestSuite.php(369): PHPUnit\\Framework\\TestSuite->run()
#17 /home/runner/work/blanka/blanka/vendor/phpunit/phpunit/src/Framework/TestSuite.php(369): PHPUnit\\Framework\\TestSuite->run()
#18 /home/runner/work/blanka/blanka/vendor/phpunit/phpunit/src/TextUI/TestRunner.php(64): PHPUnit\\Framework\\TestSuite->run()
#19 /home/runner/work/blanka/blanka/vendor/phpunit/phpunit/src/TextUI/Application.php(211): PHPUnit\\TextUI\\TestRunner->run()
#20 /home/runner/work/blanka/blanka/vendor/pestphp/pest/src/Kernel.php(103): PHPUnit\\TextUI\\Application->run()
#21 /home/runner/work/blanka/blanka/vendor/pestphp/pest/bin/pest(184): Pest\\Kernel->handle()
#22 /home/runner/work/blanka/blanka/vendor/pestphp/pest/bin/pest(192): {closure:/home/runner/work/blanka/blanka/vendor/pestphp/pest/bin/pest:18}()
#23 /home/runner/work/blanka/blanka/vendor/bin/pest(119): include('...')
#24 {main}","code":0}} 
[2026-02-09 11:00:15] testing.INFO: isGenesisLead - isGigPlan: true {"trace_id":"285be87a-08a9-43fb-b9b2-2567bc269d4c","is_console_command":true} 
[2026-02-09 11:00:15] testing.INFO: isGenesisLead - isGigPlan: true {"trace_id":"285be87a-08a9-43fb-b9b2-2567bc269d4c","is_console_command":true} 
[2026-02-09 11:00:15] testing.INFO: fn: isGenesisLead - status: 1 {"trace_id":"285be87a-08a9-43fb-b9b2-2567bc269d4c","is_console_command":true} 
[2026-02-09 11:00:15] testing.INFO: fn: isGenesisLead - status: 1 {"trace_id":"285be87a-08a9-43fb-b9b2-2567bc269d4c","is_console_command":true} 
[2026-02-09 11:00:15] testing.INFO: isGenesisLead - isGigPlan: false {"trace_id":"0ce64e8b-1fdd-4fca-8f8a-4113de2c8726","is_console_command":true} 
[2026-02-09 11:00:15] testing.INFO: isGenesisLead - isGigPlan: false {"trace_id":"0ce64e8b-1fdd-4fca-8f8a-4113de2c8726","is_console_command":true} 
[2026-02-09 11:00:15] testing.INFO: fn: isGenesisLead - status:  {"trace_id":"0ce64e8b-1fdd-4fca-8f8a-4113de2c8726","is_console_command":true} 
[2026-02-09 11:00:15] testing.INFO: fn: isGenesisLead - status:  {"trace_id":"0ce64e8b-1fdd-4fca-8f8a-4113de2c8726","is_console_command":true} 
[2026-02-09 11:00:15] testing.INFO: fn: isGenesisLead - status:  {"trace_id":"8972ebb8-4771-4722-a80d-72be9ce0b986","is_console_command":true} 
[2026-02-09 11:00:15] testing.INFO: fn: isGenesisLead - status:  {"trace_id":"8972ebb8-4771-4722-a80d-72be9ce0b986","is_console_command":true} 
[2026-02-09 11:00:15] testing.INFO: isGenesisLead - isGigPlan: true {"trace_id":"523873b2-9a28-4bf7-84b6-e6ff793823fe","is_console_command":true} 
[2026-02-09 11:00:15] testing.INFO: isGenesisLead - isGigPlan: true {"trace_id":"523873b2-9a28-4bf7-84b6-e6ff793823fe","is_console_command":true} 
[2026-02-09 11:00:15] testing.INFO: fn: isGenesisLead - status: 1 {"trace_id":"523873b2-9a28-4bf7-84b6-e6ff793823fe","is_console_command":true} 
[2026-02-09 11:00:15] testing.INFO: fn: isGenesisLead - status: 1 {"trace_id":"523873b2-9a28-4bf7-84b6-e6ff793823fe","is_console_command":true} 
[2026-02-09 11:00:20] testing.INFO: Payment:Observer - Starting VAT calculation for payment code: TEST-QUOTE-698986043e7a6 {"trace_id":"4cc5495f-3c96-4927-81c7-1ad86102a256","is_console_command":true} 
[2026-02-09 11:00:20] testing.INFO: Payment:Observer - Starting VAT calculation for payment code: TEST-QUOTE-698986043e7a6 {"trace_id":"4cc5495f-3c96-4927-81c7-1ad86102a256","is_console_command":true,"extra":"{\"total_price\":1000}"} 
[2026-02-09 11:00:20] testing.INFO: Payment:Observer - Personal quote detected for payment code: TEST-QUOTE-698986043e7a6 {"trace_id":"4cc5495f-3c96-4927-81c7-1ad86102a256","is_console_command":true} 
[2026-02-09 11:00:20] testing.INFO: Payment:Observer - Personal quote detected for payment code: TEST-QUOTE-698986043e7a6 {"trace_id":"4cc5495f-3c96-4927-81c7-1ad86102a256","is_console_command":true} 
[2026-02-09 11:00:20] testing.INFO: SplitPaymentService - No VAT value found in application storage payment code: TEST-QUOTE-698986043e7a6 {"trace_id":"4cc5495f-3c96-4927-81c7-1ad86102a256","is_console_command":true} 
[2026-02-09 11:00:20] testing.INFO: SplitPaymentService - No VAT value found in application storage payment code: TEST-QUOTE-698986043e7a6 {"trace_id":"4cc5495f-3c96-4927-81c7-1ad86102a256","is_console_command":true,"extra":"{\"masterTotalPrice\":1000}"} 
[2026-02-09 11:00:20] testing.INFO: Payment:Observer - VAT calculation completed for payment code: TEST-QUOTE-698986043e7a6 {"trace_id":"4cc5495f-3c96-4927-81c7-1ad86102a256","is_console_command":true} 
[2026-02-09 11:00:20] testing.INFO: Payment:Observer - VAT calculation completed for payment code: TEST-QUOTE-698986043e7a6 {"trace_id":"4cc5495f-3c96-4927-81c7-1ad86102a256","is_console_command":true,"extra":"{\"price_without_vat\":1000,\"vat\":0,\"total_price\":1000,\"model_type\":\"Car\",\"quote_id\":1,\"send_update_log_id\":null}"} 
[2026-02-09 11:00:20] testing.INFO: Payment:Observer complete - update VAT and Price  for payment code: TEST-QUOTE-698986043e7a6 {"trace_id":"4cc5495f-3c96-4927-81c7-1ad86102a256","is_console_command":true} 
[2026-02-09 11:00:20] testing.INFO: Payment:Observer complete - update VAT and Price  for payment code: TEST-QUOTE-698986043e7a6 {"trace_id":"4cc5495f-3c96-4927-81c7-1ad86102a256","is_console_command":true} 
[2026-02-09 11:00:20] testing.INFO: Payment Status Update - Starting {"trace_id":"4cc5495f-3c96-4927-81c7-1ad86102a256","is_console_command":true} 
[2026-02-09 11:00:20] testing.INFO: Payment Status Update - Starting {"trace_id":"4cc5495f-3c96-4927-81c7-1ad86102a256","is_console_command":true,"extra":"{\"quote_type\":\"Life\",\"quote_id\":\"fa8d1af4-55db-4a60-82a6-75b56864b88e\"}"} 
[2026-02-09 11:00:20] testing.INFO: Payment Status Update - Quote found and validated {"trace_id":"4cc5495f-3c96-4927-81c7-1ad86102a256","is_console_command":true} 
[2026-02-09 11:00:20] testing.INFO: Payment Status Update - Quote found and validated {"trace_id":"4cc5495f-3c96-4927-81c7-1ad86102a256","is_console_command":true,"extra":"{\"quote_type\":\"Life\",\"quote_id\":\"fa8d1af4-55db-4a60-82a6-75b56864b88e\",\"quote_uuid\":\"fa8d1af4-55db-4a60-82a6-75b56864b88e\",\"advisor_id\":2}"} 
[2026-02-09 11:00:20] testing.INFO: Payment Status Update - Triggering PaymentNotifications event {"trace_id":"4cc5495f-3c96-4927-81c7-1ad86102a256","is_console_command":true} 
[2026-02-09 11:00:20] testing.INFO: Payment Status Update - Triggering PaymentNotifications event {"trace_id":"4cc5495f-3c96-4927-81c7-1ad86102a256","is_console_command":true,"extra":"{\"quote_uuid\":\"fa8d1af4-55db-4a60-82a6-75b56864b88e\",\"url\":\"\\/personal-quotes\\/life\\/fa8d1af4-55db-4a60-82a6-75b56864b88e\",\"quote_type_code\":\"LIF\"}"} 
[2026-02-09 11:00:20] testing.INFO: Payment Status Update - Completed successfully {"trace_id":"4cc5495f-3c96-4927-81c7-1ad86102a256","is_console_command":true} 
[2026-02-09 11:00:20] testing.INFO: Payment Status Update - Completed successfully {"trace_id":"4cc5495f-3c96-4927-81c7-1ad86102a256","is_console_command":true,"extra":"{\"quote_uuid\":\"fa8d1af4-55db-4a60-82a6-75b56864b88e\"}"} 
[2026-02-09 11:00:20] testing.INFO: Payment:Observer - Starting VAT calculation for payment code: TEST-QUOTE-6989860466f34 {"trace_id":"c1f7ab13-4c6a-4a62-bfea-e487e46a1b8c","is_console_command":true} 
[2026-02-09 11:00:20] testing.INFO: Payment:Observer - Starting VAT calculation for payment code: TEST-QUOTE-6989860466f34 {"trace_id":"c1f7ab13-4c6a-4a62-bfea-e487e46a1b8c","is_console_command":true,"extra":"{\"total_price\":1000}"} 
[2026-02-09 11:00:20] testing.INFO: Payment:Observer - Personal quote detected for payment code: TEST-QUOTE-6989860466f34 {"trace_id":"c1f7ab13-4c6a-4a62-bfea-e487e46a1b8c","is_console_command":true} 
[2026-02-09 11:00:20] testing.INFO: Payment:Observer - Personal quote detected for payment code: TEST-QUOTE-6989860466f34 {"trace_id":"c1f7ab13-4c6a-4a62-bfea-e487e46a1b8c","is_console_command":true} 
[2026-02-09 11:00:20] testing.INFO: SplitPaymentService - No VAT value found in application storage payment code: TEST-QUOTE-6989860466f34 {"trace_id":"c1f7ab13-4c6a-4a62-bfea-e487e46a1b8c","is_console_command":true} 
[2026-02-09 11:00:20] testing.INFO: SplitPaymentService - No VAT value found in application storage payment code: TEST-QUOTE-6989860466f34 {"trace_id":"c1f7ab13-4c6a-4a62-bfea-e487e46a1b8c","is_console_command":true,"extra":"{\"masterTotalPrice\":1000}"} 
[2026-02-09 11:00:20] testing.INFO: Payment:Observer - VAT calculation completed for payment code: TEST-QUOTE-6989860466f34 {"trace_id":"c1f7ab13-4c6a-4a62-bfea-e487e46a1b8c","is_console_command":true} 
[2026-02-09 11:00:20] testing.INFO: Payment:Observer - VAT calculation completed for payment code: TEST-QUOTE-6989860466f34 {"trace_id":"c1f7ab13-4c6a-4a62-bfea-e487e46a1b8c","is_console_command":true,"extra":"{\"price_without_vat\":1000,\"vat\":0,\"total_price\":1000,\"model_type\":\"Car\",\"quote_id\":1,\"send_update_log_id\":null}"} 
[2026-02-09 11:00:20] testing.INFO: Payment:Observer complete - update VAT and Price  for payment code: TEST-QUOTE-6989860466f34 {"trace_id":"c1f7ab13-4c6a-4a62-bfea-e487e46a1b8c","is_console_command":true} 
[2026-02-09 11:00:20] testing.INFO: Payment:Observer complete - update VAT and Price  for payment code: TEST-QUOTE-6989860466f34 {"trace_id":"c1f7ab13-4c6a-4a62-bfea-e487e46a1b8c","is_console_command":true} 
[2026-02-09 11:00:20] testing.INFO: Payment Status Update - Starting {"trace_id":"c1f7ab13-4c6a-4a62-bfea-e487e46a1b8c","is_console_command":true} 
[2026-02-09 11:00:20] testing.INFO: Payment Status Update - Starting {"trace_id":"c1f7ab13-4c6a-4a62-bfea-e487e46a1b8c","is_console_command":true,"extra":"{\"quote_type\":\"Life\",\"quote_id\":\"c6bfa7bd-1b8d-46d4-a7f1-278da0f6fc3b\"}"} 
[2026-02-09 11:00:20] testing.INFO: Payment Status Update - Quote found and validated {"trace_id":"c1f7ab13-4c6a-4a62-bfea-e487e46a1b8c","is_console_command":true} 
[2026-02-09 11:00:20] testing.INFO: Payment Status Update - Quote found and validated {"trace_id":"c1f7ab13-4c6a-4a62-bfea-e487e46a1b8c","is_console_command":true,"extra":"{\"quote_type\":\"Life\",\"quote_id\":\"c6bfa7bd-1b8d-46d4-a7f1-278da0f6fc3b\",\"quote_uuid\":\"c6bfa7bd-1b8d-46d4-a7f1-278da0f6fc3b\",\"advisor_id\":2}"} 
[2026-02-09 11:00:20] testing.INFO: Payment Status Update - Triggering PaymentNotifications event {"trace_id":"c1f7ab13-4c6a-4a62-bfea-e487e46a1b8c","is_console_command":true} 
[2026-02-09 11:00:20] testing.INFO: Payment Status Update - Triggering PaymentNotifications event {"trace_id":"c1f7ab13-4c6a-4a62-bfea-e487e46a1b8c","is_console_command":true,"extra":"{\"quote_uuid\":\"c6bfa7bd-1b8d-46d4-a7f1-278da0f6fc3b\",\"url\":\"\\/personal-quotes\\/life\\/c6bfa7bd-1b8d-46d4-a7f1-278da0f6fc3b\",\"quote_type_code\":\"LIF\"}"} 
[2026-02-09 11:00:20] testing.INFO: Payment Status Update - Completed successfully {"trace_id":"c1f7ab13-4c6a-4a62-bfea-e487e46a1b8c","is_console_command":true} 
[2026-02-09 11:00:20] testing.INFO: Payment Status Update - Completed successfully {"trace_id":"c1f7ab13-4c6a-4a62-bfea-e487e46a1b8c","is_console_command":true,"extra":"{\"quote_uuid\":\"c6bfa7bd-1b8d-46d4-a7f1-278da0f6fc3b\"}"} 
[2026-02-09 11:00:20] testing.INFO: Payment:Observer - Starting VAT calculation for payment code: CAR-QUOTE-698986048ca79 {"trace_id":"9bac1356-3353-4c15-9e6b-d92e74393ab4","is_console_command":true} 
[2026-02-09 11:00:20] testing.INFO: Payment:Observer - Starting VAT calculation for payment code: CAR-QUOTE-698986048ca79 {"trace_id":"9bac1356-3353-4c15-9e6b-d92e74393ab4","is_console_command":true,"extra":"{\"total_price\":1000}"} 
[2026-02-09 11:00:20] testing.INFO: Payment:Observer - Other quote type detected for payment code: CAR-QUOTE-698986048ca79 {"trace_id":"9bac1356-3353-4c15-9e6b-d92e74393ab4","is_console_command":true} 
[2026-02-09 11:00:20] testing.INFO: Payment:Observer - Other quote type detected for payment code: CAR-QUOTE-698986048ca79 {"trace_id":"9bac1356-3353-4c15-9e6b-d92e74393ab4","is_console_command":true} 
[2026-02-09 11:00:20] testing.INFO: SplitPaymentService - No VAT value found in application storage payment code: CAR-QUOTE-698986048ca79 {"trace_id":"9bac1356-3353-4c15-9e6b-d92e74393ab4","is_console_command":true} 
[2026-02-09 11:00:20] testing.INFO: SplitPaymentService - No VAT value found in application storage payment code: CAR-QUOTE-698986048ca79 {"trace_id":"9bac1356-3353-4c15-9e6b-d92e74393ab4","is_console_command":true,"extra":"{\"masterTotalPrice\":1000}"} 
[2026-02-09 11:00:20] testing.INFO: Payment:Observer - VAT calculation completed for payment code: CAR-QUOTE-698986048ca79 {"trace_id":"9bac1356-3353-4c15-9e6b-d92e74393ab4","is_console_command":true} 
[2026-02-09 11:00:20] testing.INFO: Payment:Observer - VAT calculation completed for payment code: CAR-QUOTE-698986048ca79 {"trace_id":"9bac1356-3353-4c15-9e6b-d92e74393ab4","is_console_command":true,"extra":"{\"price_without_vat\":1000,\"vat\":0,\"total_price\":1000,\"model_type\":\"Car\",\"quote_id\":1,\"send_update_log_id\":null}"} 
[2026-02-09 11:00:20] testing.INFO: Payment:Observer complete - update VAT and Price  for payment code: CAR-QUOTE-698986048ca79 {"trace_id":"9bac1356-3353-4c15-9e6b-d92e74393ab4","is_console_command":true} 
[2026-02-09 11:00:20] testing.INFO: Payment:Observer complete - update VAT and Price  for payment code: CAR-QUOTE-698986048ca79 {"trace_id":"9bac1356-3353-4c15-9e6b-d92e74393ab4","is_console_command":true} 
[2026-02-09 11:00:20] testing.INFO: Payment Status Update - Starting {"trace_id":"9bac1356-3353-4c15-9e6b-d92e74393ab4","is_console_command":true} 
[2026-02-09 11:00:20] testing.INFO: Payment Status Update - Starting {"trace_id":"9bac1356-3353-4c15-9e6b-d92e74393ab4","is_console_command":true,"extra":"{\"quote_type\":\"Car\",\"quote_id\":\"9c7777d1-3e19-4a47-a9e2-eb4865d6655b\"}"} 
[2026-02-09 11:00:20] testing.INFO: Payment Status Update - Quote found and validated {"trace_id":"9bac1356-3353-4c15-9e6b-d92e74393ab4","is_console_command":true} 
[2026-02-09 11:00:20] testing.INFO: Payment Status Update - Quote found and validated {"trace_id":"9bac1356-3353-4c15-9e6b-d92e74393ab4","is_console_command":true,"extra":"{\"quote_type\":\"Car\",\"quote_id\":\"9c7777d1-3e19-4a47-a9e2-eb4865d6655b\",\"quote_uuid\":\"9c7777d1-3e19-4a47-a9e2-eb4865d6655b\",\"advisor_id\":2}"} 
[2026-02-09 11:00:20] testing.INFO: Payment Status Update - Triggering PaymentNotifications event {"trace_id":"9bac1356-3353-4c15-9e6b-d92e74393ab4","is_console_command":true} 
[2026-02-09 11:00:20] testing.INFO: Payment Status Update - Triggering PaymentNotifications event {"trace_id":"9bac1356-3353-4c15-9e6b-d92e74393ab4","is_console_command":true,"extra":"{\"quote_uuid\":\"9c7777d1-3e19-4a47-a9e2-eb4865d6655b\",\"url\":\"http:\\/\\/localhost\\/quotes\\/car\\/9c7777d1-3e19-4a47-a9e2-eb4865d6655b\",\"quote_type_code\":\"CAR\"}"} 
[2026-02-09 11:00:20] testing.INFO: Payment Status Update - Completed successfully {"trace_id":"9bac1356-3353-4c15-9e6b-d92e74393ab4","is_console_command":true} 
[2026-02-09 11:00:20] testing.INFO: Payment Status Update - Completed successfully {"trace_id":"9bac1356-3353-4c15-9e6b-d92e74393ab4","is_console_command":true,"extra":"{\"quote_uuid\":\"9c7777d1-3e19-4a47-a9e2-eb4865d6655b\"}"} 
[2026-02-09 11:00:20] testing.INFO: Payment:Observer - Starting VAT calculation for payment code: TEST-QUOTE-0-69898604b52f3 {"trace_id":"62b82395-d492-4d5d-b3e1-a84d52d11570","is_console_command":true} 
[2026-02-09 11:00:20] testing.INFO: Payment:Observer - Starting VAT calculation for payment code: TEST-QUOTE-0-69898604b52f3 {"trace_id":"62b82395-d492-4d5d-b3e1-a84d52d11570","is_console_command":true,"extra":"{\"total_price\":1000}"} 
[2026-02-09 11:00:20] testing.INFO: Payment:Observer - Personal quote detected for payment code: TEST-QUOTE-0-69898604b52f3 {"trace_id":"62b82395-d492-4d5d-b3e1-a84d52d11570","is_console_command":true} 
[2026-02-09 11:00:20] testing.INFO: Payment:Observer - Personal quote detected for payment code: TEST-QUOTE-0-69898604b52f3 {"trace_id":"62b82395-d492-4d5d-b3e1-a84d52d11570","is_console_command":true} 
[2026-02-09 11:00:20] testing.INFO: SplitPaymentService - No VAT value found in application storage payment code: TEST-QUOTE-0-69898604b52f3 {"trace_id":"62b82395-d492-4d5d-b3e1-a84d52d11570","is_console_command":true} 
[2026-02-09 11:00:20] testing.INFO: SplitPaymentService - No VAT value found in application storage payment code: TEST-QUOTE-0-69898604b52f3 {"trace_id":"62b82395-d492-4d5d-b3e1-a84d52d11570","is_console_command":true,"extra":"{\"masterTotalPrice\":1000}"} 
[2026-02-09 11:00:20] testing.INFO: Payment:Observer - VAT calculation completed for payment code: TEST-QUOTE-0-69898604b52f3 {"trace_id":"62b82395-d492-4d5d-b3e1-a84d52d11570","is_console_command":true} 
[2026-02-09 11:00:20] testing.INFO: Payment:Observer - VAT calculation completed for payment code: TEST-QUOTE-0-69898604b52f3 {"trace_id":"62b82395-d492-4d5d-b3e1-a84d52d11570","is_console_command":true,"extra":"{\"price_without_vat\":1000,\"vat\":0,\"total_price\":1000,\"model_type\":\"Car\",\"quote_id\":2,\"send_update_log_id\":null}"} 
[2026-02-09 11:00:20] testing.INFO: Payment:Observer complete - update VAT and Price  for payment code: TEST-QUOTE-0-69898604b52f3 {"trace_id":"62b82395-d492-4d5d-b3e1-a84d52d11570","is_console_command":true} 
[2026-02-09 11:00:20] testing.INFO: Payment:Observer complete - update VAT and Price  for payment code: TEST-QUOTE-0-69898604b52f3 {"trace_id":"62b82395-d492-4d5d-b3e1-a84d52d11570","is_console_command":true} 
[2026-02-09 11:00:20] testing.INFO: Payment:Observer - Starting VAT calculation for payment code: TEST-QUOTE-1-69898604b6540 {"trace_id":"62b82395-d492-4d5d-b3e1-a84d52d11570","is_console_command":true} 
[2026-02-09 11:00:20] testing.INFO: Payment:Observer - Starting VAT calculation for payment code: TEST-QUOTE-1-69898604b6540 {"trace_id":"62b82395-d492-4d5d-b3e1-a84d52d11570","is_console_command":true,"extra":"{\"total_price\":1000}"} 
[2026-02-09 11:00:20] testing.INFO: Payment:Observer - Personal quote detected for payment code: TEST-QUOTE-1-69898604b6540 {"trace_id":"62b82395-d492-4d5d-b3e1-a84d52d11570","is_console_command":true} 
[2026-02-09 11:00:20] testing.INFO: Payment:Observer - Personal quote detected for payment code: TEST-QUOTE-1-69898604b6540 {"trace_id":"62b82395-d492-4d5d-b3e1-a84d52d11570","is_console_command":true} 
[2026-02-09 11:00:20] testing.INFO: SplitPaymentService - No VAT value found in application storage payment code: TEST-QUOTE-1-69898604b6540 {"trace_id":"62b82395-d492-4d5d-b3e1-a84d52d11570","is_console_command":true} 
[2026-02-09 11:00:20] testing.INFO: SplitPaymentService - No VAT value found in application storage payment code: TEST-QUOTE-1-69898604b6540 {"trace_id":"62b82395-d492-4d5d-b3e1-a84d52d11570","is_console_command":true,"extra":"{\"masterTotalPrice\":1000}"} 
[2026-02-09 11:00:20] testing.INFO: Payment:Observer - VAT calculation completed for payment code: TEST-QUOTE-1-69898604b6540 {"trace_id":"62b82395-d492-4d5d-b3e1-a84d52d11570","is_console_command":true} 
[2026-02-09 11:00:20] testing.INFO: Payment:Observer - VAT calculation completed for payment code: TEST-QUOTE-1-69898604b6540 {"trace_id":"62b82395-d492-4d5d-b3e1-a84d52d11570","is_console_command":true,"extra":"{\"price_without_vat\":1000,\"vat\":0,\"total_price\":1000,\"model_type\":\"Car\",\"quote_id\":3,\"send_update_log_id\":null}"} 
[2026-02-09 11:00:20] testing.INFO: Payment:Observer complete - update VAT and Price  for payment code: TEST-QUOTE-1-69898604b6540 {"trace_id":"62b82395-d492-4d5d-b3e1-a84d52d11570","is_console_command":true} 
[2026-02-09 11:00:20] testing.INFO: Payment:Observer complete - update VAT and Price  for payment code: TEST-QUOTE-1-69898604b6540 {"trace_id":"62b82395-d492-4d5d-b3e1-a84d52d11570","is_console_command":true} 
[2026-02-09 11:00:20] testing.INFO: Payment:Observer - Starting VAT calculation for payment code: TEST-QUOTE-2-69898604b7677 {"trace_id":"62b82395-d492-4d5d-b3e1-a84d52d11570","is_console_command":true} 
[2026-02-09 11:00:20] testing.INFO: Payment:Observer - Starting VAT calculation for payment code: TEST-QUOTE-2-69898604b7677 {"trace_id":"62b82395-d492-4d5d-b3e1-a84d52d11570","is_console_command":true,"extra":"{\"total_price\":1000}"} 
[2026-02-09 11:00:20] testing.INFO: Payment:Observer - Personal quote detected for payment code: TEST-QUOTE-2-69898604b7677 {"trace_id":"62b82395-d492-4d5d-b3e1-a84d52d11570","is_console_command":true} 
[2026-02-09 11:00:20] testing.INFO: Payment:Observer - Personal quote detected for payment code: TEST-QUOTE-2-69898604b7677 {"trace_id":"62b82395-d492-4d5d-b3e1-a84d52d11570","is_console_command":true} 
[2026-02-09 11:00:20] testing.INFO: SplitPaymentService - No VAT value found in application storage payment code: TEST-QUOTE-2-69898604b7677 {"trace_id":"62b82395-d492-4d5d-b3e1-a84d52d11570","is_console_command":true} 
[2026-02-09 11:00:20] testing.INFO: SplitPaymentService - No VAT value found in application storage payment code: TEST-QUOTE-2-69898604b7677 {"trace_id":"62b82395-d492-4d5d-b3e1-a84d52d11570","is_console_command":true,"extra":"{\"masterTotalPrice\":1000}"} 
[2026-02-09 11:00:20] testing.INFO: Payment:Observer - VAT calculation completed for payment code: TEST-QUOTE-2-69898604b7677 {"trace_id":"62b82395-d492-4d5d-b3e1-a84d52d11570","is_console_command":true} 
[2026-02-09 11:00:20] testing.INFO: Payment:Observer - VAT calculation completed for payment code: TEST-QUOTE-2-69898604b7677 {"trace_id":"62b82395-d492-4d5d-b3e1-a84d52d11570","is_console_command":true,"extra":"{\"price_without_vat\":1000,\"vat\":0,\"total_price\":1000,\"model_type\":\"Car\",\"quote_id\":4,\"send_update_log_id\":null}"} 
[2026-02-09 11:00:20] testing.INFO: Payment:Observer complete - update VAT and Price  for payment code: TEST-QUOTE-2-69898604b7677 {"trace_id":"62b82395-d492-4d5d-b3e1-a84d52d11570","is_console_command":true} 
[2026-02-09 11:00:20] testing.INFO: Payment:Observer complete - update VAT and Price  for payment code: TEST-QUOTE-2-69898604b7677 {"trace_id":"62b82395-d492-4d5d-b3e1-a84d52d11570","is_console_command":true} 
[2026-02-09 11:00:20] testing.INFO: Payment:Observer - Starting VAT calculation for payment code: TEST-QUOTE-2-69898604b8798 {"trace_id":"62b82395-d492-4d5d-b3e1-a84d52d11570","is_console_command":true} 
[2026-02-09 11:00:20] testing.INFO: Payment:Observer - Starting VAT calculation for payment code: TEST-QUOTE-2-69898604b8798 {"trace_id":"62b82395-d492-4d5d-b3e1-a84d52d11570","is_console_command":true,"extra":"{\"total_price\":1000}"} 
[2026-02-09 11:00:20] testing.INFO: Payment:Observer - Personal quote detected for payment code: TEST-QUOTE-2-69898604b8798 {"trace_id":"62b82395-d492-4d5d-b3e1-a84d52d11570","is_console_command":true} 
[2026-02-09 11:00:20] testing.INFO: Payment:Observer - Personal quote detected for payment code: TEST-QUOTE-2-69898604b8798 {"trace_id":"62b82395-d492-4d5d-b3e1-a84d52d11570","is_console_command":true} 
[2026-02-09 11:00:20] testing.INFO: SplitPaymentService - No VAT value found in application storage payment code: TEST-QUOTE-2-69898604b8798 {"trace_id":"62b82395-d492-4d5d-b3e1-a84d52d11570","is_console_command":true} 
[2026-02-09 11:00:20] testing.INFO: SplitPaymentService - No VAT value found in application storage payment code: TEST-QUOTE-2-69898604b8798 {"trace_id":"62b82395-d492-4d5d-b3e1-a84d52d11570","is_console_command":true,"extra":"{\"masterTotalPrice\":1000}"} 
[2026-02-09 11:00:20] testing.INFO: Payment:Observer - VAT calculation completed for payment code: TEST-QUOTE-2-69898604b8798 {"trace_id":"62b82395-d492-4d5d-b3e1-a84d52d11570","is_console_command":true} 
[2026-02-09 11:00:20] testing.INFO: Payment:Observer - VAT calculation completed for payment code: TEST-QUOTE-2-69898604b8798 {"trace_id":"62b82395-d492-4d5d-b3e1-a84d52d11570","is_console_command":true,"extra":"{\"price_without_vat\":1000,\"vat\":0,\"total_price\":1000,\"model_type\":\"Car\",\"quote_id\":5,\"send_update_log_id\":null}"} 
[2026-02-09 11:00:20] testing.INFO: Payment:Observer complete - update VAT and Price  for payment code: TEST-QUOTE-2-69898604b8798 {"trace_id":"62b82395-d492-4d5d-b3e1-a84d52d11570","is_console_command":true} 
[2026-02-09 11:00:20] testing.INFO: Payment:Observer complete - update VAT and Price  for payment code: TEST-QUOTE-2-69898604b8798 {"trace_id":"62b82395-d492-4d5d-b3e1-a84d52d11570","is_console_command":true} 
[2026-02-09 11:00:20] testing.INFO: Payment:Observer - Starting VAT calculation for payment code: TEST-QUOTE-69898604ddcb8 {"trace_id":"e4147001-5ad8-496d-aa20-9026e7f265a1","is_console_command":true} 
[2026-02-09 11:00:20] testing.INFO: Payment:Observer - Starting VAT calculation for payment code: TEST-QUOTE-69898604ddcb8 {"trace_id":"e4147001-5ad8-496d-aa20-9026e7f265a1","is_console_command":true,"extra":"{\"total_price\":1000}"} 
[2026-02-09 11:00:20] testing.INFO: Payment:Observer - Personal quote detected for payment code: TEST-QUOTE-69898604ddcb8 {"trace_id":"e4147001-5ad8-496d-aa20-9026e7f265a1","is_console_command":true} 
[2026-02-09 11:00:20] testing.INFO: Payment:Observer - Personal quote detected for payment code: TEST-QUOTE-69898604ddcb8 {"trace_id":"e4147001-5ad8-496d-aa20-9026e7f265a1","is_console_command":true} 
[2026-02-09 11:00:20] testing.INFO: SplitPaymentService - No VAT value found in application storage payment code: TEST-QUOTE-69898604ddcb8 {"trace_id":"e4147001-5ad8-496d-aa20-9026e7f265a1","is_console_command":true} 
[2026-02-09 11:00:20] testing.INFO: SplitPaymentService - No VAT value found in application storage payment code: TEST-QUOTE-69898604ddcb8 {"trace_id":"e4147001-5ad8-496d-aa20-9026e7f265a1","is_console_command":true,"extra":"{\"masterTotalPrice\":1000}"} 
[2026-02-09 11:00:20] testing.INFO: Payment:Observer - VAT calculation completed for payment code: TEST-QUOTE-69898604ddcb8 {"trace_id":"e4147001-5ad8-496d-aa20-9026e7f265a1","is_console_command":true} 
[2026-02-09 11:00:20] testing.INFO: Payment:Observer - VAT calculation completed for payment code: TEST-QUOTE-69898604ddcb8 {"trace_id":"e4147001-5ad8-496d-aa20-9026e7f265a1","is_console_command":true,"extra":"{\"price_without_vat\":1000,\"vat\":0,\"total_price\":1000,\"model_type\":\"Car\",\"quote_id\":1,\"send_update_log_id\":null}"} 
[2026-02-09 11:00:20] testing.INFO: Payment:Observer complete - update VAT and Price  for payment code: TEST-QUOTE-69898604ddcb8 {"trace_id":"e4147001-5ad8-496d-aa20-9026e7f265a1","is_console_command":true} 
[2026-02-09 11:00:20] testing.INFO: Payment:Observer complete - update VAT and Price  for payment code: TEST-QUOTE-69898604ddcb8 {"trace_id":"e4147001-5ad8-496d-aa20-9026e7f265a1","is_console_command":true} 
[2026-02-09 11:00:20] testing.INFO: Payment:Observer - Starting VAT calculation for payment code: TEST-QUOTE-69898604ddcb8-2 {"trace_id":"e4147001-5ad8-496d-aa20-9026e7f265a1","is_console_command":true} 
[2026-02-09 11:00:20] testing.INFO: Payment:Observer - Starting VAT calculation for payment code: TEST-QUOTE-69898604ddcb8-2 {"trace_id":"e4147001-5ad8-496d-aa20-9026e7f265a1","is_console_command":true,"extra":"{\"total_price\":1000}"} 
[2026-02-09 11:00:20] testing.INFO: Payment:Observer - Personal quote detected for payment code: TEST-QUOTE-69898604ddcb8-2 {"trace_id":"e4147001-5ad8-496d-aa20-9026e7f265a1","is_console_command":true} 
[2026-02-09 11:00:20] testing.INFO: Payment:Observer - Personal quote detected for payment code: TEST-QUOTE-69898604ddcb8-2 {"trace_id":"e4147001-5ad8-496d-aa20-9026e7f265a1","is_console_command":true} 
[2026-02-09 11:00:20] testing.INFO: SplitPaymentService - No VAT value found in application storage payment code: TEST-QUOTE-69898604ddcb8-2 {"trace_id":"e4147001-5ad8-496d-aa20-9026e7f265a1","is_console_command":true} 
[2026-02-09 11:00:20] testing.INFO: SplitPaymentService - No VAT value found in application storage payment code: TEST-QUOTE-69898604ddcb8-2 {"trace_id":"e4147001-5ad8-496d-aa20-9026e7f265a1","is_console_command":true,"extra":"{\"masterTotalPrice\":1000}"} 
[2026-02-09 11:00:20] testing.INFO: Payment:Observer - VAT calculation completed for payment code: TEST-QUOTE-69898604ddcb8-2 {"trace_id":"e4147001-5ad8-496d-aa20-9026e7f265a1","is_console_command":true} 
[2026-02-09 11:00:20] testing.INFO: Payment:Observer - VAT calculation completed for payment code: TEST-QUOTE-69898604ddcb8-2 {"trace_id":"e4147001-5ad8-496d-aa20-9026e7f265a1","is_console_command":true,"extra":"{\"price_without_vat\":1000,\"vat\":0,\"total_price\":1000,\"model_type\":\"Car\",\"quote_id\":1,\"send_update_log_id\":null}"} 
[2026-02-09 11:00:20] testing.INFO: Payment:Observer complete - update VAT and Price  for payment code: TEST-QUOTE-69898604ddcb8-2 {"trace_id":"e4147001-5ad8-496d-aa20-9026e7f265a1","is_console_command":true} 
[2026-02-09 11:00:20] testing.INFO: Payment:Observer complete - update VAT and Price  for payment code: TEST-QUOTE-69898604ddcb8-2 {"trace_id":"e4147001-5ad8-496d-aa20-9026e7f265a1","is_console_command":true} 
[2026-02-09 11:00:20] testing.INFO: Payment:Observer - Starting VAT calculation for payment code: TEST-QUOTE-69898604ddcb8-3 {"trace_id":"e4147001-5ad8-496d-aa20-9026e7f265a1","is_console_command":true} 
[2026-02-09 11:00:20] testing.INFO: Payment:Observer - Starting VAT calculation for payment code: TEST-QUOTE-69898604ddcb8-3 {"trace_id":"e4147001-5ad8-496d-aa20-9026e7f265a1","is_console_command":true,"extra":"{\"total_price\":1000}"} 
[2026-02-09 11:00:20] testing.INFO: Payment:Observer - Personal quote detected for payment code: TEST-QUOTE-69898604ddcb8-3 {"trace_id":"e4147001-5ad8-496d-aa20-9026e7f265a1","is_console_command":true} 
[2026-02-09 11:00:20] testing.INFO: Payment:Observer - Personal quote detected for payment code: TEST-QUOTE-69898604ddcb8-3 {"trace_id":"e4147001-5ad8-496d-aa20-9026e7f265a1","is_console_command":true} 
[2026-02-09 11:00:20] testing.INFO: SplitPaymentService - No VAT value found in application storage payment code: TEST-QUOTE-69898604ddcb8-3 {"trace_id":"e4147001-5ad8-496d-aa20-9026e7f265a1","is_console_command":true} 
[2026-02-09 11:00:20] testing.INFO: SplitPaymentService - No VAT value found in application storage payment code: TEST-QUOTE-69898604ddcb8-3 {"trace_id":"e4147001-5ad8-496d-aa20-9026e7f265a1","is_console_command":true,"extra":"{\"masterTotalPrice\":1000}"} 
[2026-02-09 11:00:20] testing.INFO: Payment:Observer - VAT calculation completed for payment code: TEST-QUOTE-69898604ddcb8-3 {"trace_id":"e4147001-5ad8-496d-aa20-9026e7f265a1","is_console_command":true} 
[2026-02-09 11:00:20] testing.INFO: Payment:Observer - VAT calculation completed for payment code: TEST-QUOTE-69898604ddcb8-3 {"trace_id":"e4147001-5ad8-496d-aa20-9026e7f265a1","is_console_command":true,"extra":"{\"price_without_vat\":1000,\"vat\":0,\"total_price\":1000,\"model_type\":\"Car\",\"quote_id\":1,\"send_update_log_id\":null}"} 
[2026-02-09 11:00:20] testing.INFO: Payment:Observer complete - update VAT and Price  for payment code: TEST-QUOTE-69898604ddcb8-3 {"trace_id":"e4147001-5ad8-496d-aa20-9026e7f265a1","is_console_command":true} 
[2026-02-09 11:00:20] testing.INFO: Payment:Observer complete - update VAT and Price  for payment code: TEST-QUOTE-69898604ddcb8-3 {"trace_id":"e4147001-5ad8-496d-aa20-9026e7f265a1","is_console_command":true} 
[2026-02-09 11:00:21] testing.INFO: User with ID: 1 and email : admin@example.com logged in. {"trace_id":"fea5c6f7-0f9e-4489-a2e7-50d3041b7e6a","is_console_command":true} 
[2026-02-09 11:00:21] testing.INFO: User with ID: 1 and email : admin@example.com logged in. {"trace_id":"fea5c6f7-0f9e-4489-a2e7-50d3041b7e6a","is_console_command":true} 
[2026-02-09 11:00:21] testing.INFO: Sending AIGWorkflow for lead: test-car-quote-uuid-69898605130d4 | Time: 2026-02-09 11:00:21 {"trace_id":"fea5c6f7-0f9e-4489-a2e7-50d3041b7e6a","is_console_command":true} 
[2026-02-09 11:00:21] testing.INFO: Sending AIGWorkflow for lead: test-car-quote-uuid-69898605130d4 | Time: 2026-02-09 11:00:21 {"trace_id":"fea5c6f7-0f9e-4489-a2e7-50d3041b7e6a","is_console_command":true} 
[2026-02-09 11:00:21] testing.INFO: Bird Webhook Request initiated {"trace_id":"fea5c6f7-0f9e-4489-a2e7-50d3041b7e6a","is_console_command":true} 
[2026-02-09 11:00:21] testing.INFO: Bird Webhook Request initiated {"trace_id":"fea5c6f7-0f9e-4489-a2e7-50d3041b7e6a","is_console_command":true,"extra":"{\"Ref-ID\":\"test-car-quote-uuid-69898605130d4\",\"URL\":\"https:\\/\\/example.test\\/bird\\/workflow\",\"Method\":\"post\"}"} 
[2026-02-09 11:00:21] testing.INFO: Bird Webhook Response: Ref-ID: test-car-quote-uuid-69898605130d4 | Status: 200 | Time: 2026-02-09 11:00:21 {"trace_id":"fea5c6f7-0f9e-4489-a2e7-50d3041b7e6a","is_console_command":true} 
[2026-02-09 11:00:21] testing.INFO: Bird Webhook Response: Ref-ID: test-car-quote-uuid-69898605130d4 | Status: 200 | Time: 2026-02-09 11:00:21 {"trace_id":"fea5c6f7-0f9e-4489-a2e7-50d3041b7e6a","is_console_command":true} 
[2026-02-09 11:00:21] testing.INFO: Bird Webhook Response: Ref-ID: test-car-quote-uuid-69898605130d4 | Headers: {"Run-Id":["test-run-id"],"Content-Type":["application\/json"]} {"trace_id":"fea5c6f7-0f9e-4489-a2e7-50d3041b7e6a","is_console_command":true} 
[2026-02-09 11:00:21] testing.INFO: Bird Webhook Response: Ref-ID: test-car-quote-uuid-69898605130d4 | Headers: {"Run-Id":["test-run-id"],"Content-Type":["application\/json"]} {"trace_id":"fea5c6f7-0f9e-4489-a2e7-50d3041b7e6a","is_console_command":true} 
[2026-02-09 11:00:21] testing.INFO: AIGWorkflow event triggered for lead Ref-ID: test-car-quote-uuid-69898605130d4 | Time: 2026-02-09 11:00:21 {"trace_id":"fea5c6f7-0f9e-4489-a2e7-50d3041b7e6a","is_console_command":true} 
[2026-02-09 11:00:21] testing.INFO: AIGWorkflow event triggered for lead Ref-ID: test-car-quote-uuid-69898605130d4 | Time: 2026-02-09 11:00:21 {"trace_id":"fea5c6f7-0f9e-4489-a2e7-50d3041b7e6a","is_console_command":true} 
[2026-02-09 11:00:21] testing.INFO: AIGWorkflow response: 200 | Ref-ID: test-car-quote-uuid-69898605130d4 | Time: 2026-02-09 11:00:21 {"trace_id":"fea5c6f7-0f9e-4489-a2e7-50d3041b7e6a","is_console_command":true} 
[2026-02-09 11:00:21] testing.INFO: AIGWorkflow response: 200 | Ref-ID: test-car-quote-uuid-69898605130d4 | Time: 2026-02-09 11:00:21 {"trace_id":"fea5c6f7-0f9e-4489-a2e7-50d3041b7e6a","is_console_command":true} 
[2026-02-09 11:00:21] testing.INFO: AIGWorkflow lead ref-id: test-car-quote-uuid-69898605130d4 | Quote StatusID:  | Time: 2026-02-09 11:00:21 {"trace_id":"fea5c6f7-0f9e-4489-a2e7-50d3041b7e6a","is_console_command":true} 
[2026-02-09 11:00:21] testing.INFO: AIGWorkflow lead ref-id: test-car-quote-uuid-69898605130d4 | Quote StatusID:  | Time: 2026-02-09 11:00:21 {"trace_id":"fea5c6f7-0f9e-4489-a2e7-50d3041b7e6a","is_console_command":true} 
[2026-02-09 11:00:21] testing.INFO: App\Services\EmailServices\CarEmailService - createQuoteFlowDetails  run id created for lead : Ref-ID: test-car-quote-uuid-69898605130d4 |Time: 2026-02-09 11:00:21 {"trace_id":"fea5c6f7-0f9e-4489-a2e7-50d3041b7e6a","is_console_command":true} 
[2026-02-09 11:00:21] testing.INFO: App\Services\EmailServices\CarEmailService - createQuoteFlowDetails  run id created for lead : Ref-ID: test-car-quote-uuid-69898605130d4 |Time: 2026-02-09 11:00:21 {"trace_id":"fea5c6f7-0f9e-4489-a2e7-50d3041b7e6a","is_console_command":true} 
[2026-02-09 11:00:21] testing.INFO: User with ID: 1 and email : admin@example.com logged in. {"trace_id":"18732dd9-dbad-4aea-8d51-dc72eb31dd2e","is_console_command":true} 
[2026-02-09 11:00:21] testing.INFO: User with ID: 1 and email : admin@example.com logged in. {"trace_id":"18732dd9-dbad-4aea-8d51-dc72eb31dd2e","is_console_command":true} 
[2026-02-09 11:00:21] testing.INFO: Sending AIGWorkflow for lead: test-car-quote-uuid-698986053977a | Time: 2026-02-09 11:00:21 {"trace_id":"18732dd9-dbad-4aea-8d51-dc72eb31dd2e","is_console_command":true} 
[2026-02-09 11:00:21] testing.INFO: Sending AIGWorkflow for lead: test-car-quote-uuid-698986053977a | Time: 2026-02-09 11:00:21 {"trace_id":"18732dd9-dbad-4aea-8d51-dc72eb31dd2e","is_console_command":true} 
[2026-02-09 11:00:21] testing.INFO: AIGWorkflow already executed: 2026-02-09 11:00:21 for lead Ref-ID: test-car-quote-uuid-698986053977a | Time: 2026-02-09 11:00:21 {"trace_id":"18732dd9-dbad-4aea-8d51-dc72eb31dd2e","is_console_command":true} 
[2026-02-09 11:00:21] testing.INFO: AIGWorkflow already executed: 2026-02-09 11:00:21 for lead Ref-ID: test-car-quote-uuid-698986053977a | Time: 2026-02-09 11:00:21 {"trace_id":"18732dd9-dbad-4aea-8d51-dc72eb31dd2e","is_console_command":true} 
[2026-02-09 11:00:21] testing.INFO: User with ID: 1 and email : admin@example.com logged in. {"trace_id":"2f205ea1-92df-4b8f-b1c0-826452578b28","is_console_command":true} 
[2026-02-09 11:00:21] testing.INFO: User with ID: 1 and email : admin@example.com logged in. {"trace_id":"2f205ea1-92df-4b8f-b1c0-826452578b28","is_console_command":true} 
[2026-02-09 11:00:21] testing.INFO: Sending AIGWorkflow for lead: test-car-quote-uuid-6989860560540 | Time: 2026-02-09 11:00:21 {"trace_id":"2f205ea1-92df-4b8f-b1c0-826452578b28","is_console_command":true} 
[2026-02-09 11:00:21] testing.INFO: Sending AIGWorkflow for lead: test-car-quote-uuid-6989860560540 | Time: 2026-02-09 11:00:21 {"trace_id":"2f205ea1-92df-4b8f-b1c0-826452578b28","is_console_command":true} 
[2026-02-09 11:00:21] testing.INFO: AIGWorkflow key not found for lead: Ref-ID: test-car-quote-uuid-6989860560540 | Time: 2026-02-09 11:00:21 {"trace_id":"2f205ea1-92df-4b8f-b1c0-826452578b28","is_console_command":true} 
[2026-02-09 11:00:21] testing.INFO: AIGWorkflow key not found for lead: Ref-ID: test-car-quote-uuid-6989860560540 | Time: 2026-02-09 11:00:21 {"trace_id":"2f205ea1-92df-4b8f-b1c0-826452578b28","is_console_command":true} 
[2026-02-09 11:00:21] testing.INFO: fn:updatePersonalQuote - Code : 4c85c2aa-d674-372c-991e-9951115d82c2 {"trace_id":"21f654d9-ba6f-4d8e-a553-fc836112854f","is_console_command":true} 
[2026-02-09 11:00:21] testing.INFO: fn:updatePersonalQuote - Code : 4c85c2aa-d674-372c-991e-9951115d82c2 {"trace_id":"21f654d9-ba6f-4d8e-a553-fc836112854f","is_console_command":true} 
[2026-02-09 11:00:21] testing.ERROR: CarQuoteObserver - update personal quote failed {"trace_id":"21f654d9-ba6f-4d8e-a553-fc836112854f","is_console_command":true,"error":"SQLSTATE[HY000]: General error: 1 no such table: personal_quote_details (Connection: sqlite, Database: :memory:, SQL: select * from \"personal_quote_details\" where (\"personal_quote_id\" = 1) limit 1)","uuid":"4c85c2aa-d674-372c-991e-9951115d82c2"} 
[2026-02-09 11:00:21] testing.ERROR: CarQuoteObserver - update personal quote failed {"trace_id":"21f654d9-ba6f-4d8e-a553-fc836112854f","is_console_command":true,"error":"SQLSTATE[HY000]: General error: 1 no such table: personal_quote_details (Connection: sqlite, Database: :memory:, SQL: select * from \"personal_quote_details\" where (\"personal_quote_id\" = 1) limit 1)","uuid":"4c85c2aa-d674-372c-991e-9951115d82c2"} 
[2026-02-09 11:00:21] testing.ERROR: CarQuoteObserver - save branch data failed {"trace_id":"21f654d9-ba6f-4d8e-a553-fc836112854f","is_console_command":true,"exception":{"message":"SQLSTATE[HY000]: General error: 1 no such column: branch_id (Connection: sqlite, Database: :memory:, SQL: update \"car_quote_request\" set \"quote_status_id\" = 71, \"quote_status_date\" = 2026-02-09 11:00:21, \"branch_id\" = 1, \"updated_at\" = 2026-02-09 11:00:21 where \"id\" = 1)","trace":"#0 /home/runner/work/blanka/blanka/vendor/laravel/framework/src/Illuminate/Database/Connection.php(794): Illuminate\\Database\\Connection->runQueryCallback()
#1 /home/runner/work/blanka/blanka/vendor/laravel/framework/src/Illuminate/Database/Connection.php(597): Illuminate\\Database\\Connection->run()
#2 /home/runner/work/blanka/blanka/vendor/laravel/framework/src/Illuminate/Database/Connection.php(549): Illuminate\\Database\\Connection->affectingStatement()
#3 /home/runner/work/blanka/blanka/vendor/staudenmeir/laravel-cte/src/Query/Traits/BuildsExpressionQueries.php(264): Illuminate\\Database\\Connection->update()
#4 /home/runner/work/blanka/blanka/vendor/laravel/framework/src/Illuminate/Database/Eloquent/Builder.php(1266): Staudenmeir\\LaravelCte\\Query\\Builder->update()
#5 /home/runner/work/blanka/blanka/vendor/laravel/framework/src/Illuminate/Database/Eloquent/Model.php(1316): Illuminate\\Database\\Eloquent\\Builder->update()
#6 /home/runner/work/blanka/blanka/vendor/laravel/framework/src/Illuminate/Database/Eloquent/Model.php(1233): Illuminate\\Database\\Eloquent\\Model->performUpdate()
#7 /home/runner/work/blanka/blanka/vendor/laravel/framework/src/Illuminate/Database/Eloquent/Model.php(1090): Illuminate\\Database\\Eloquent\\Model->save()
#8 /home/runner/work/blanka/blanka/app/Observers/CarQuoteObserver.php(138): Illuminate\\Database\\Eloquent\\Model->update()
#9 /home/runner/work/blanka/blanka/vendor/laravel/framework/src/Illuminate/Database/Eloquent/Concerns/HasEvents.php(454): App\\Observers\\CarQuoteObserver->{closure:App\\Observers\\CarQuoteObserver::updated():127}()
#10 /home/runner/work/blanka/blanka/app/Observers/CarQuoteObserver.php(127): Illuminate\\Database\\Eloquent\\Model::withoutEvents()
#11 /home/runner/work/blanka/blanka/vendor/laravel/framework/src/Illuminate/Events/Dispatcher.php(508): App\\Observers\\CarQuoteObserver->updated()
#12 /home/runner/work/blanka/blanka/vendor/laravel/framework/src/Illuminate/Events/Dispatcher.php(315): Illuminate\\Events\\Dispatcher->{closure:Illuminate\\Events\\Dispatcher::createClassListener():501}()
#13 /home/runner/work/blanka/blanka/vendor/laravel/framework/src/Illuminate/Events/Dispatcher.php(295): Illuminate\\Events\\Dispatcher->invokeListeners()
#14 /home/runner/work/blanka/blanka/vendor/laravel/framework/src/Illuminate/Support/Testing/Fakes/EventFake.php(329): Illuminate\\Events\\Dispatcher->dispatch()
#15 /home/runner/work/blanka/blanka/vendor/laravel/framework/src/Illuminate/Database/Eloquent/Concerns/HasEvents.php(224): Illuminate\\Support\\Testing\\Fakes\\EventFake->dispatch()
#16 /home/runner/work/blanka/blanka/vendor/laravel/framework/src/Illuminate/Database/Eloquent/Model.php(1320): Illuminate\\Database\\Eloquent\\Model->fireModelEvent()
#17 /home/runner/work/blanka/blanka/vendor/laravel/framework/src/Illuminate/Database/Eloquent/Model.php(1233): Illuminate\\Database\\Eloquent\\Model->performUpdate()
#18 /home/runner/work/blanka/blanka/vendor/laravel/framework/src/Illuminate/Database/Eloquent/Model.php(1090): Illuminate\\Database\\Eloquent\\Model->save()
#19 /home/runner/work/blanka/blanka/tests/Feature/ConversionApiTest.php(57): Illuminate\\Database\\Eloquent\\Model->update()
#20 /home/runner/work/blanka/blanka/vendor/pestphp/pest/src/Factories/TestCaseMethodFactory.php(168): P\\Tests\\Feature\\ConversionApiTest->{closure:/home/runner/work/blanka/blanka/tests/Feature/ConversionApiTest.php:43}()
#21 [internal function]: P\\Tests\\Feature\\ConversionApiTest->{closure:Pest\\Factories\\TestCaseMethodFactory::getClosure():158}()
#22 /home/runner/work/blanka/blanka/vendor/pestphp/pest/src/Concerns/Testable.php(419): call_user_func_array()
#23 /home/runner/work/blanka/blanka/vendor/pestphp/pest/src/Support/ExceptionTrace.php(26): P\\Tests\\Feature\\ConversionApiTest->{closure:Pest\\Concerns\\Testable::__callClosure():419}()
#24 /home/runner/work/blanka/blanka/vendor/pestphp/pest/src/Concerns/Testable.php(419): Pest\\Support\\ExceptionTrace::ensure()
#25 /home/runner/work/blanka/blanka/vendor/pestphp/pest/src/Concerns/Testable.php(321): P\\Tests\\Feature\\ConversionApiTest->__callClosure()
#26 /home/runner/work/blanka/blanka/vendor/pestphp/pest/src/Factories/TestCaseFactory.php(169) : eval()'d code(17): P\\Tests\\Feature\\ConversionApiTest->__runTest()
#27 /home/runner/work/blanka/blanka/vendor/phpunit/phpunit/src/Framework/TestCase.php(1656): P\\Tests\\Feature\\ConversionApiTest->__pest_evaluable_dispatches_QuotePolicyBooked_event_when_car_quote_status_changes_to_PolicyBooked()
#28 /home/runner/work/blanka/blanka/vendor/phpunit/phpunit/src/Framework/TestCase.php(514): PHPUnit\\Framework\\TestCase->runTest()
#29 /home/runner/work/blanka/blanka/vendor/phpunit/phpunit/src/Framework/TestRunner/TestRunner.php(87): PHPUnit\\Framework\\TestCase->runBare()
#30 /home/runner/work/blanka/blanka/vendor/phpunit/phpunit/src/Framework/TestCase.php(361): PHPUnit\\Framework\\TestRunner->run()
#31 /home/runner/work/blanka/blanka/vendor/phpunit/phpunit/src/Framework/TestSuite.php(369): PHPUnit\\Framework\\TestCase->run()
#32 /home/runner/work/blanka/blanka/vendor/phpunit/phpunit/src/Framework/TestSuite.php(369): PHPUnit\\Framework\\TestSuite->run()
#33 /home/runner/work/blanka/blanka/vendor/phpunit/phpunit/src/Framework/TestSuite.php(369): PHPUnit\\Framework\\TestSuite->run()
#34 /home/runner/work/blanka/blanka/vendor/phpunit/phpunit/src/TextUI/TestRunner.php(64): PHPUnit\\Framework\\TestSuite->run()
#35 /home/runner/work/blanka/blanka/vendor/phpunit/phpunit/src/TextUI/Application.php(211): PHPUnit\\TextUI\\TestRunner->run()
#36 /home/runner/work/blanka/blanka/vendor/pestphp/pest/src/Kernel.php(103): PHPUnit\\TextUI\\Application->run()
#37 /home/runner/work/blanka/blanka/vendor/pestphp/pest/bin/pest(184): Pest\\Kernel->handle()
#38 /home/runner/work/blanka/blanka/vendor/pestphp/pest/bin/pest(192): {closure:/home/runner/work/blanka/blanka/vendor/pestphp/pest/bin/pest:18}()
#39 /home/runner/work/blanka/blanka/vendor/bin/pest(119): include('...')
#40 {main}","code":"HY000"}} 
[2026-02-09 11:00:21] testing.ERROR: CarQuoteObserver - save branch data failed {"trace_id":"21f654d9-ba6f-4d8e-a553-fc836112854f","is_console_command":true,"exception":{"message":"SQLSTATE[HY000]: General error: 1 no such column: branch_id (Connection: sqlite, Database: :memory:, SQL: update \"car_quote_request\" set \"quote_status_id\" = 71, \"quote_status_date\" = 2026-02-09 11:00:21, \"branch_id\" = 1, \"updated_at\" = 2026-02-09 11:00:21 where \"id\" = 1)","trace":"#0 /home/runner/work/blanka/blanka/vendor/laravel/framework/src/Illuminate/Database/Connection.php(794): Illuminate\\Database\\Connection->runQueryCallback()
#1 /home/runner/work/blanka/blanka/vendor/laravel/framework/src/Illuminate/Database/Connection.php(597): Illuminate\\Database\\Connection->run()
#2 /home/runner/work/blanka/blanka/vendor/laravel/framework/src/Illuminate/Database/Connection.php(549): Illuminate\\Database\\Connection->affectingStatement()
#3 /home/runner/work/blanka/blanka/vendor/staudenmeir/laravel-cte/src/Query/Traits/BuildsExpressionQueries.php(264): Illuminate\\Database\\Connection->update()
#4 /home/runner/work/blanka/blanka/vendor/laravel/framework/src/Illuminate/Database/Eloquent/Builder.php(1266): Staudenmeir\\LaravelCte\\Query\\Builder->update()
#5 /home/runner/work/blanka/blanka/vendor/laravel/framework/src/Illuminate/Database/Eloquent/Model.php(1316): Illuminate\\Database\\Eloquent\\Builder->update()
#6 /home/runner/work/blanka/blanka/vendor/laravel/framework/src/Illuminate/Database/Eloquent/Model.php(1233): Illuminate\\Database\\Eloquent\\Model->performUpdate()
#7 /home/runner/work/blanka/blanka/vendor/laravel/framework/src/Illuminate/Database/Eloquent/Model.php(1090): Illuminate\\Database\\Eloquent\\Model->save()
#8 /home/runner/work/blanka/blanka/app/Observers/CarQuoteObserver.php(138): Illuminate\\Database\\Eloquent\\Model->update()
#9 /home/runner/work/blanka/blanka/vendor/laravel/framework/src/Illuminate/Database/Eloquent/Concerns/HasEvents.php(454): App\\Observers\\CarQuoteObserver->{closure:App\\Observers\\CarQuoteObserver::updated():127}()
#10 /home/runner/work/blanka/blanka/app/Observers/CarQuoteObserver.php(127): Illuminate\\Database\\Eloquent\\Model::withoutEvents()
#11 /home/runner/work/blanka/blanka/vendor/laravel/framework/src/Illuminate/Events/Dispatcher.php(508): App\\Observers\\CarQuoteObserver->updated()
#12 /home/runner/work/blanka/blanka/vendor/laravel/framework/src/Illuminate/Events/Dispatcher.php(315): Illuminate\\Events\\Dispatcher->{closure:Illuminate\\Events\\Dispatcher::createClassListener():501}()
#13 /home/runner/work/blanka/blanka/vendor/laravel/framework/src/Illuminate/Events/Dispatcher.php(295): Illuminate\\Events\\Dispatcher->invokeListeners()
#14 /home/runner/work/blanka/blanka/vendor/laravel/framework/src/Illuminate/Support/Testing/Fakes/EventFake.php(329): Illuminate\\Events\\Dispatcher->dispatch()
#15 /home/runner/work/blanka/blanka/vendor/laravel/framework/src/Illuminate/Database/Eloquent/Concerns/HasEvents.php(224): Illuminate\\Support\\Testing\\Fakes\\EventFake->dispatch()
#16 /home/runner/work/blanka/blanka/vendor/laravel/framework/src/Illuminate/Database/Eloquent/Model.php(1320): Illuminate\\Database\\Eloquent\\Model->fireModelEvent()
#17 /home/runner/work/blanka/blanka/vendor/laravel/framework/src/Illuminate/Database/Eloquent/Model.php(1233): Illuminate\\Database\\Eloquent\\Model->performUpdate()
#18 /home/runner/work/blanka/blanka/vendor/laravel/framework/src/Illuminate/Database/Eloquent/Model.php(1090): Illuminate\\Database\\Eloquent\\Model->save()
#19 /home/runner/work/blanka/blanka/tests/Feature/ConversionApiTest.php(57): Illuminate\\Database\\Eloquent\\Model->update()
#20 /home/runner/work/blanka/blanka/vendor/pestphp/pest/src/Factories/TestCaseMethodFactory.php(168): P\\Tests\\Feature\\ConversionApiTest->{closure:/home/runner/work/blanka/blanka/tests/Feature/ConversionApiTest.php:43}()
#21 [internal function]: P\\Tests\\Feature\\ConversionApiTest->{closure:Pest\\Factories\\TestCaseMethodFactory::getClosure():158}()
#22 /home/runner/work/blanka/blanka/vendor/pestphp/pest/src/Concerns/Testable.php(419): call_user_func_array()
#23 /home/runner/work/blanka/blanka/vendor/pestphp/pest/src/Support/ExceptionTrace.php(26): P\\Tests\\Feature\\ConversionApiTest->{closure:Pest\\Concerns\\Testable::__callClosure():419}()
#24 /home/runner/work/blanka/blanka/vendor/pestphp/pest/src/Concerns/Testable.php(419): Pest\\Support\\ExceptionTrace::ensure()
#25 /home/runner/work/blanka/blanka/vendor/pestphp/pest/src/Concerns/Testable.php(321): P\\Tests\\Feature\\ConversionApiTest->__callClosure()
#26 /home/runner/work/blanka/blanka/vendor/pestphp/pest/src/Factories/TestCaseFactory.php(169) : eval()'d code(17): P\\Tests\\Feature\\ConversionApiTest->__runTest()
#27 /home/runner/work/blanka/blanka/vendor/phpunit/phpunit/src/Framework/TestCase.php(1656): P\\Tests\\Feature\\ConversionApiTest->__pest_evaluable_dispatches_QuotePolicyBooked_event_when_car_quote_status_changes_to_PolicyBooked()
#28 /home/runner/work/blanka/blanka/vendor/phpunit/phpunit/src/Framework/TestCase.php(514): PHPUnit\\Framework\\TestCase->runTest()
#29 /home/runner/work/blanka/blanka/vendor/phpunit/phpunit/src/Framework/TestRunner/TestRunner.php(87): PHPUnit\\Framework\\TestCase->runBare()
#30 /home/runner/work/blanka/blanka/vendor/phpunit/phpunit/src/Framework/TestCase.php(361): PHPUnit\\Framework\\TestRunner->run()
#31 /home/runner/work/blanka/blanka/vendor/phpunit/phpunit/src/Framework/TestSuite.php(369): PHPUnit\\Framework\\TestCase->run()
#32 /home/runner/work/blanka/blanka/vendor/phpunit/phpunit/src/Framework/TestSuite.php(369): PHPUnit\\Framework\\TestSuite->run()
#33 /home/runner/work/blanka/blanka/vendor/phpunit/phpunit/src/Framework/TestSuite.php(369): PHPUnit\\Framework\\TestSuite->run()
#34 /home/runner/work/blanka/blanka/vendor/phpunit/phpunit/src/TextUI/TestRunner.php(64): PHPUnit\\Framework\\TestSuite->run()
#35 /home/runner/work/blanka/blanka/vendor/phpunit/phpunit/src/TextUI/Application.php(211): PHPUnit\\TextUI\\TestRunner->run()
#36 /home/runner/work/blanka/blanka/vendor/pestphp/pest/src/Kernel.php(103): PHPUnit\\TextUI\\Application->run()
#37 /home/runner/work/blanka/blanka/vendor/pestphp/pest/bin/pest(184): Pest\\Kernel->handle()
#38 /home/runner/work/blanka/blanka/vendor/pestphp/pest/bin/pest(192): {closure:/home/runner/work/blanka/blanka/vendor/pestphp/pest/bin/pest:18}()
#39 /home/runner/work/blanka/blanka/vendor/bin/pest(119): include('...')
#40 {main}","code":"HY000"},"extra":"{\"uuid\":\"4c85c2aa-d674-372c-991e-9951115d82c2\"}"} 
[2026-02-09 11:00:23] testing.INFO: saveLifeQuote:  {"trace_id":"6af5a835-f4c2-40e2-a443-1abbb0d5da46","is_console_command":true,"request_path":"POST personal-quotes/life","request_ip":"127.0.0.1","user_agent":"Symfony","execution_time_ms":null} 
[2026-02-09 11:00:23] testing.INFO: saveLifeQuote:  {"trace_id":"6af5a835-f4c2-40e2-a443-1abbb0d5da46","is_console_command":true,"request_path":"POST personal-quotes/life","request_ip":"127.0.0.1","user_agent":"Symfony","execution_time_ms":null,"extra":"{\"subSourceId\":null,\"subSourceOptionsId\":null,\"notes\":null}"} 
[2026-02-09 11:00:23] testing.WARNING: MetLife API - Test action failed {"trace_id":"a8da4d15-51f5-44f0-80e4-1f6da454b63c","is_console_command":true} 
[2026-02-09 11:00:23] testing.WARNING: MetLife API - Test action failed {"trace_id":"a8da4d15-51f5-44f0-80e4-1f6da454b63c","is_console_command":true,"extra":"{\"error\":\"Test error message\"}"} 
[2026-02-09 11:00:24] testing.INFO: Payment:Observer - Starting VAT calculation for payment code: CAR-ABCDEF12345 {"trace_id":"5607285a-9494-4fa9-8429-6c9f782432c4","is_console_command":true} 
[2026-02-09 11:00:24] testing.INFO: Payment:Observer - Starting VAT calculation for payment code: CAR-ABCDEF12345 {"trace_id":"5607285a-9494-4fa9-8429-6c9f782432c4","is_console_command":true,"extra":"{\"total_price\":1000}"} 
[2026-02-09 11:00:24] testing.INFO: Payment:Observer - Other quote type detected for payment code: CAR-ABCDEF12345 {"trace_id":"5607285a-9494-4fa9-8429-6c9f782432c4","is_console_command":true} 
[2026-02-09 11:00:24] testing.INFO: Payment:Observer - Other quote type detected for payment code: CAR-ABCDEF12345 {"trace_id":"5607285a-9494-4fa9-8429-6c9f782432c4","is_console_command":true} 
[2026-02-09 11:00:24] testing.INFO: SplitPaymentService - Processing ecommLob quote for payment code: CAR-ABCDEF12345 {"trace_id":"5607285a-9494-4fa9-8429-6c9f782432c4","is_console_command":true} 
[2026-02-09 11:00:24] testing.INFO: SplitPaymentService - Processing ecommLob quote for payment code: CAR-ABCDEF12345 {"trace_id":"5607285a-9494-4fa9-8429-6c9f782432c4","is_console_command":true,"extra":"{\"modelType\":\"Car\",\"computedPrice\":1000}"} 
[2026-02-09 11:00:24] testing.INFO: SplitPaymentService - ecommLob VAT calculation for payment code: CAR-ABCDEF12345 {"trace_id":"5607285a-9494-4fa9-8429-6c9f782432c4","is_console_command":true} 
[2026-02-09 11:00:24] testing.INFO: SplitPaymentService - ecommLob VAT calculation for payment code: CAR-ABCDEF12345 {"trace_id":"5607285a-9494-4fa9-8429-6c9f782432c4","is_console_command":true,"extra":"{\"modelType\":\"Car\",\"priceWithoutVat\":952.3809523809523,\"vat\":47.61904761904761}"} 
[2026-02-09 11:00:24] testing.INFO: SplitPaymentService - Final price after adding non-applicable VAT amount for payment code: CAR-ABCDEF12345 {"trace_id":"5607285a-9494-4fa9-8429-6c9f782432c4","is_console_command":true} 
[2026-02-09 11:00:24] testing.INFO: SplitPaymentService - Final price after adding non-applicable VAT amount for payment code: CAR-ABCDEF12345 {"trace_id":"5607285a-9494-4fa9-8429-6c9f782432c4","is_console_command":true,"extra":"{\"final_priceWithoutVat\":952.3809523809523,\"priceVatNotApplicable\":0,\"vat\":47.61904761904761}"} 
[2026-02-09 11:00:24] testing.INFO: Payment:Observer - VAT calculation completed for payment code: CAR-ABCDEF12345 {"trace_id":"5607285a-9494-4fa9-8429-6c9f782432c4","is_console_command":true} 
[2026-02-09 11:00:24] testing.INFO: Payment:Observer - VAT calculation completed for payment code: CAR-ABCDEF12345 {"trace_id":"5607285a-9494-4fa9-8429-6c9f782432c4","is_console_command":true,"extra":"{\"price_without_vat\":952.38,\"vat\":47.62,\"total_price\":1000,\"model_type\":\"Car\",\"quote_id\":1,\"send_update_log_id\":null}"} 
[2026-02-09 11:00:24] testing.INFO: Payment:Observer complete - update VAT and Price  for payment code: CAR-ABCDEF12345 {"trace_id":"5607285a-9494-4fa9-8429-6c9f782432c4","is_console_command":true} 
[2026-02-09 11:00:24] testing.INFO: Payment:Observer complete - update VAT and Price  for payment code: CAR-ABCDEF12345 {"trace_id":"5607285a-9494-4fa9-8429-6c9f782432c4","is_console_command":true} 
[2026-02-09 11:00:24] testing.INFO: PaymentSplits:Observer - Starting VAT calculation for payment code: CAR-ABCDEF12345 {"trace_id":"5607285a-9494-4fa9-8429-6c9f782432c4","is_console_command":true} 
[2026-02-09 11:00:24] testing.INFO: PaymentSplits:Observer - Starting VAT calculation for payment code: CAR-ABCDEF12345 {"trace_id":"5607285a-9494-4fa9-8429-6c9f782432c4","is_console_command":true,"extra":"{\"sr_no\":1}"} 
[2026-02-09 11:00:24] testing.INFO: PaymentSplits:Observer - Found non perosnal for payment code: CAR-ABCDEF12345 {"trace_id":"5607285a-9494-4fa9-8429-6c9f782432c4","is_console_command":true} 
[2026-02-09 11:00:24] testing.INFO: PaymentSplits:Observer - Found non perosnal for payment code: CAR-ABCDEF12345 {"trace_id":"5607285a-9494-4fa9-8429-6c9f782432c4","is_console_command":true,"extra":"{\"sr_no\":1}"} 
[2026-02-09 11:00:24] testing.INFO: PaymentSplits:Observer - Applied discount to first split for payment code: CAR-ABCDEF12345 {"trace_id":"5607285a-9494-4fa9-8429-6c9f782432c4","is_console_command":true} 
[2026-02-09 11:00:24] testing.INFO: PaymentSplits:Observer - Applied discount to first split for payment code: CAR-ABCDEF12345 {"trace_id":"5607285a-9494-4fa9-8429-6c9f782432c4","is_console_command":true,"extra":"{\"sr_no\":1,\"original_amount\":1000,\"discount_value\":0,\"final_split_amount\":1000}"} 
[2026-02-09 11:00:24] testing.INFO: PaymentSplits:Observer - Calculating price and VAT for payment code: CAR-ABCDEF12345 {"trace_id":"5607285a-9494-4fa9-8429-6c9f782432c4","is_console_command":true} 
[2026-02-09 11:00:24] testing.INFO: PaymentSplits:Observer - Calculating price and VAT for payment code: CAR-ABCDEF12345 {"trace_id":"5607285a-9494-4fa9-8429-6c9f782432c4","is_console_command":true,"extra":"{\"sr_no\":1,\"total_payments\":1,\"frequency\":\"upfront\",\"total_price\":1000,\"split_amount\":1000}"} 
[2026-02-09 11:00:24] testing.INFO: SplitPaymentService - Processing ecommLob quote for payment code: CAR-ABCDEF12345 {"trace_id":"5607285a-9494-4fa9-8429-6c9f782432c4","is_console_command":true} 
[2026-02-09 11:00:24] testing.INFO: SplitPaymentService - Processing ecommLob quote for payment code: CAR-ABCDEF12345 {"trace_id":"5607285a-9494-4fa9-8429-6c9f782432c4","is_console_command":true,"extra":"{\"modelType\":\"Car\",\"computedPrice\":1000}"} 
[2026-02-09 11:00:24] testing.INFO: SplitPaymentService - ecommLob VAT calculation for payment code: CAR-ABCDEF12345 {"trace_id":"5607285a-9494-4fa9-8429-6c9f782432c4","is_console_command":true} 
[2026-02-09 11:00:24] testing.INFO: SplitPaymentService - ecommLob VAT calculation for payment code: CAR-ABCDEF12345 {"trace_id":"5607285a-9494-4fa9-8429-6c9f782432c4","is_console_command":true,"extra":"{\"modelType\":\"Car\",\"priceWithoutVat\":952.3809523809523,\"vat\":47.61904761904761}"} 
[2026-02-09 11:00:24] testing.INFO: SplitPaymentService - Final price after adding non-applicable VAT amount for payment code: CAR-ABCDEF12345 {"trace_id":"5607285a-9494-4fa9-8429-6c9f782432c4","is_console_command":true} 
[2026-02-09 11:00:24] testing.INFO: SplitPaymentService - Final price after adding non-applicable VAT amount for payment code: CAR-ABCDEF12345 {"trace_id":"5607285a-9494-4fa9-8429-6c9f782432c4","is_console_command":true,"extra":"{\"final_priceWithoutVat\":952.3809523809523,\"priceVatNotApplicable\":0,\"vat\":47.61904761904761}"} 
[2026-02-09 11:00:24] testing.INFO: PaymentSplits:Observer - VAT calculation completed for payment code: CAR-ABCDEF12345 {"trace_id":"5607285a-9494-4fa9-8429-6c9f782432c4","is_console_command":true} 
[2026-02-09 11:00:24] testing.INFO: PaymentSplits:Observer - VAT calculation completed for payment code: CAR-ABCDEF12345 {"trace_id":"5607285a-9494-4fa9-8429-6c9f782432c4","is_console_command":true,"extra":"{\"sr_no\":1,\"price_without_vat\":952.38,\"vat\":47.62}"} 
[2026-02-09 11:00:24] testing.INFO: PaymentSplits:Observer - Payment split updated for payment code: CAR-ABCDEF12345 {"trace_id":"5607285a-9494-4fa9-8429-6c9f782432c4","is_console_command":true} 
[2026-02-09 11:00:24] testing.INFO: PaymentSplits:Observer - Payment split updated for payment code: CAR-ABCDEF12345 {"trace_id":"5607285a-9494-4fa9-8429-6c9f782432c4","is_console_command":true,"extra":"{\"sr_no\":1}"} 
[2026-02-09 11:00:24] testing.INFO: Starting manual payment creation process for quote code: CAR-ABCDEF12345 {"ref_id":"CAR-ABCDEF12345","feature":"create-payment"} {"feature":"create-payment","code":"CAR-ABCDEF12345"}
[2026-02-09 11:00:24] testing.INFO: Starting manual payment creation process for quote code: CAR-ABCDEF12345 {"ref_id":"CAR-ABCDEF12345","feature":"create-payment"} {"feature":"create-payment","code":"CAR-ABCDEF12345"}
[2026-02-09 11:00:24] testing.INFO: Generated payment code CAR-ABCDEF12345 for quote CAR-ABCDEF12345 (payment #0 for this quote) {"ref_id":"CAR-ABCDEF12345","feature":"create-payment"} {"feature":"create-payment","code":"CAR-ABCDEF12345"}
[2026-02-09 11:00:24] testing.INFO: Generated payment code CAR-ABCDEF12345 for quote CAR-ABCDEF12345 (payment #0 for this quote) {"ref_id":"CAR-ABCDEF12345","feature":"create-payment"} {"feature":"create-payment","code":"CAR-ABCDEF12345"}
[2026-02-09 11:00:24] testing.INFO: Payment pre-authorized for payment method: IP {"ref_id":"CAR-ABCDEF12345","feature":"create-payment"} {"feature":"create-payment","code":"CAR-ABCDEF12345"}
[2026-02-09 11:00:24] testing.INFO: Payment pre-authorized for payment method: IP {"ref_id":"CAR-ABCDEF12345","feature":"create-payment"} {"feature":"create-payment","code":"CAR-ABCDEF12345"}
[2026-02-09 11:00:24] testing.INFO: Payment:Observer - Starting VAT calculation for payment code: CAR-ABCDEF12345 {"ref_id":"CAR-ABCDEF12345","feature":"create-payment"} {"feature":"create-payment","code":"CAR-ABCDEF12345"}
[2026-02-09 11:00:24] testing.INFO: Payment:Observer - Starting VAT calculation for payment code: CAR-ABCDEF12345 {"ref_id":"CAR-ABCDEF12345","feature":"create-payment","extra":"{\"total_price\":\"1000\"}"} {"feature":"create-payment","code":"CAR-ABCDEF12345"}
[2026-02-09 11:00:24] testing.INFO: Payment:Observer - Other quote type detected for payment code: CAR-ABCDEF12345 {"ref_id":"CAR-ABCDEF12345","feature":"create-payment"} {"feature":"create-payment","code":"CAR-ABCDEF12345"}
[2026-02-09 11:00:24] testing.INFO: Payment:Observer - Other quote type detected for payment code: CAR-ABCDEF12345 {"ref_id":"CAR-ABCDEF12345","feature":"create-payment"} {"feature":"create-payment","code":"CAR-ABCDEF12345"}
[2026-02-09 11:00:24] testing.INFO: SplitPaymentService - Processing ecommLob quote for payment code: CAR-ABCDEF12345 {"ref_id":"CAR-ABCDEF12345","feature":"create-payment"} {"feature":"create-payment","code":"CAR-ABCDEF12345"}
[2026-02-09 11:00:24] testing.INFO: SplitPaymentService - Processing ecommLob quote for payment code: CAR-ABCDEF12345 {"ref_id":"CAR-ABCDEF12345","feature":"create-payment","extra":"{\"modelType\":\"Car\",\"computedPrice\":\"1000\"}"} {"feature":"create-payment","code":"CAR-ABCDEF12345"}
[2026-02-09 11:00:24] testing.INFO: SplitPaymentService - ecommLob VAT calculation for payment code: CAR-ABCDEF12345 {"ref_id":"CAR-ABCDEF12345","feature":"create-payment"} {"feature":"create-payment","code":"CAR-ABCDEF12345"}
[2026-02-09 11:00:24] testing.INFO: SplitPaymentService - ecommLob VAT calculation for payment code: CAR-ABCDEF12345 {"ref_id":"CAR-ABCDEF12345","feature":"create-payment","extra":"{\"modelType\":\"Car\",\"priceWithoutVat\":952.3809523809523,\"vat\":47.61904761904761}"} {"feature":"create-payment","code":"CAR-ABCDEF12345"}
[2026-02-09 11:00:24] testing.INFO: SplitPaymentService - Final price after adding non-applicable VAT amount for payment code: CAR-ABCDEF12345 {"ref_id":"CAR-ABCDEF12345","feature":"create-payment"} {"feature":"create-payment","code":"CAR-ABCDEF12345"}
[2026-02-09 11:00:24] testing.INFO: SplitPaymentService - Final price after adding non-applicable VAT amount for payment code: CAR-ABCDEF12345 {"ref_id":"CAR-ABCDEF12345","feature":"create-payment","extra":"{\"final_priceWithoutVat\":952.3809523809523,\"priceVatNotApplicable\":0,\"vat\":47.61904761904761}"} {"feature":"create-payment","code":"CAR-ABCDEF12345"}
[2026-02-09 11:00:24] testing.INFO: Payment:Observer - VAT calculation completed for payment code: CAR-ABCDEF12345 {"ref_id":"CAR-ABCDEF12345","feature":"create-payment"} {"feature":"create-payment","code":"CAR-ABCDEF12345"}
[2026-02-09 11:00:24] testing.INFO: Payment:Observer - VAT calculation completed for payment code: CAR-ABCDEF12345 {"ref_id":"CAR-ABCDEF12345","feature":"create-payment","extra":"{\"price_without_vat\":952.38,\"vat\":47.62,\"total_price\":\"1000\",\"model_type\":\"Car\",\"quote_id\":1,\"send_update_log_id\":null}"} {"feature":"create-payment","code":"CAR-ABCDEF12345"}
[2026-02-09 11:00:24] testing.INFO: Payment:Observer complete - update VAT and Price  for payment code: CAR-ABCDEF12345 {"ref_id":"CAR-ABCDEF12345","feature":"create-payment"} {"feature":"create-payment","code":"CAR-ABCDEF12345"}
[2026-02-09 11:00:24] testing.INFO: Payment:Observer complete - update VAT and Price  for payment code: CAR-ABCDEF12345 {"ref_id":"CAR-ABCDEF12345","feature":"create-payment"} {"feature":"create-payment","code":"CAR-ABCDEF12345"}
[2026-02-09 11:00:24] testing.INFO: Main Lead Payment created with Code: CAR-ABCDEF12345 {"ref_id":"CAR-ABCDEF12345","feature":"create-payment"} {"feature":"create-payment","code":"CAR-ABCDEF12345"}
[2026-02-09 11:00:24] testing.INFO: Main Lead Payment created with Code: CAR-ABCDEF12345 {"ref_id":"CAR-ABCDEF12345","feature":"create-payment"} {"feature":"create-payment","code":"CAR-ABCDEF12345"}
[2026-02-09 11:00:24] testing.INFO: Starting to add payment splits for payment code: CAR-ABCDEF12345 {"ref_id":"CAR-ABCDEF12345","feature":"create-payment"} {"feature":"create-payment","code":"CAR-ABCDEF12345"}
[2026-02-09 11:00:24] testing.INFO: Starting to add payment splits for payment code: CAR-ABCDEF12345 {"ref_id":"CAR-ABCDEF12345","feature":"create-payment"} {"feature":"create-payment","code":"CAR-ABCDEF12345"}
[2026-02-09 11:00:24] testing.INFO: Starting split payment creation for payment code: CAR-ABCDEF12345 {"ref_id":"CAR-ABCDEF12345","feature":"create-payment"} {"feature":"create-payment","code":"CAR-ABCDEF12345"}
[2026-02-09 11:00:24] testing.INFO: Starting split payment creation for payment code: CAR-ABCDEF12345 {"ref_id":"CAR-ABCDEF12345","feature":"create-payment"} {"feature":"create-payment","code":"CAR-ABCDEF12345"}
[2026-02-09 11:00:24] testing.INFO: PaymentSplits:Observer - Starting VAT calculation for payment code: CAR-ABCDEF12345 {"ref_id":"CAR-ABCDEF12345","feature":"create-payment"} {"feature":"create-payment","code":"CAR-ABCDEF12345"}
[2026-02-09 11:00:24] testing.INFO: PaymentSplits:Observer - Starting VAT calculation for payment code: CAR-ABCDEF12345 {"ref_id":"CAR-ABCDEF12345","feature":"create-payment","extra":"{\"sr_no\":1}"} {"feature":"create-payment","code":"CAR-ABCDEF12345"}
[2026-02-09 11:00:24] testing.INFO: PaymentSplits:Observer - Found non perosnal for payment code: CAR-ABCDEF12345 {"ref_id":"CAR-ABCDEF12345","feature":"create-payment"} {"feature":"create-payment","code":"CAR-ABCDEF12345"}
[2026-02-09 11:00:24] testing.INFO: PaymentSplits:Observer - Found non perosnal for payment code: CAR-ABCDEF12345 {"ref_id":"CAR-ABCDEF12345","feature":"create-payment","extra":"{\"sr_no\":1}"} {"feature":"create-payment","code":"CAR-ABCDEF12345"}
[2026-02-09 11:00:24] testing.INFO: PaymentSplits:Observer - Applied discount to first split for payment code: CAR-ABCDEF12345 {"ref_id":"CAR-ABCDEF12345","feature":"create-payment"} {"feature":"create-payment","code":"CAR-ABCDEF12345"}
[2026-02-09 11:00:24] testing.INFO: PaymentSplits:Observer - Applied discount to first split for payment code: CAR-ABCDEF12345 {"ref_id":"CAR-ABCDEF12345","feature":"create-payment","extra":"{\"sr_no\":1,\"original_amount\":\"1000\",\"discount_value\":0,\"final_split_amount\":1000}"} {"feature":"create-payment","code":"CAR-ABCDEF12345"}
[2026-02-09 11:00:24] testing.INFO: PaymentSplits:Observer - Calculating price and VAT for payment code: CAR-ABCDEF12345 {"ref_id":"CAR-ABCDEF12345","feature":"create-payment"} {"feature":"create-payment","code":"CAR-ABCDEF12345"}
[2026-02-09 11:00:24] testing.INFO: PaymentSplits:Observer - Calculating price and VAT for payment code: CAR-ABCDEF12345 {"ref_id":"CAR-ABCDEF12345","feature":"create-payment","extra":"{\"sr_no\":1,\"total_payments\":1,\"frequency\":\"upfront\",\"total_price\":1000,\"split_amount\":1000}"} {"feature":"create-payment","code":"CAR-ABCDEF12345"}
[2026-02-09 11:00:24] testing.INFO: SplitPaymentService - Processing ecommLob quote for payment code: CAR-ABCDEF12345 {"ref_id":"CAR-ABCDEF12345","feature":"create-payment"} {"feature":"create-payment","code":"CAR-ABCDEF12345"}
[2026-02-09 11:00:24] testing.INFO: SplitPaymentService - Processing ecommLob quote for payment code: CAR-ABCDEF12345 {"ref_id":"CAR-ABCDEF12345","feature":"create-payment","extra":"{\"modelType\":\"Car\",\"computedPrice\":1000}"} {"feature":"create-payment","code":"CAR-ABCDEF12345"}
[2026-02-09 11:00:24] testing.INFO: SplitPaymentService - ecommLob VAT calculation for payment code: CAR-ABCDEF12345 {"ref_id":"CAR-ABCDEF12345","feature":"create-payment"} {"feature":"create-payment","code":"CAR-ABCDEF12345"}
[2026-02-09 11:00:24] testing.INFO: SplitPaymentService - ecommLob VAT calculation for payment code: CAR-ABCDEF12345 {"ref_id":"CAR-ABCDEF12345","feature":"create-payment","extra":"{\"modelType\":\"Car\",\"priceWithoutVat\":952.3809523809523,\"vat\":47.61904761904761}"} {"feature":"create-payment","code":"CAR-ABCDEF12345"}
[2026-02-09 11:00:24] testing.INFO: SplitPaymentService - Final price after adding non-applicable VAT amount for payment code: CAR-ABCDEF12345 {"ref_id":"CAR-ABCDEF12345","feature":"create-payment"} {"feature":"create-payment","code":"CAR-ABCDEF12345"}
[2026-02-09 11:00:24] testing.INFO: SplitPaymentService - Final price after adding non-applicable VAT amount for payment code: CAR-ABCDEF12345 {"ref_id":"CAR-ABCDEF12345","feature":"create-payment","extra":"{\"final_priceWithoutVat\":952.3809523809523,\"priceVatNotApplicable\":0,\"vat\":47.61904761904761}"} {"feature":"create-payment","code":"CAR-ABCDEF12345"}
[2026-02-09 11:00:24] testing.INFO: PaymentSplits:Observer - VAT calculation completed for payment code: CAR-ABCDEF12345 {"ref_id":"CAR-ABCDEF12345","feature":"create-payment"} {"feature":"create-payment","code":"CAR-ABCDEF12345"}
[2026-02-09 11:00:24] testing.INFO: PaymentSplits:Observer - VAT calculation completed for payment code: CAR-ABCDEF12345 {"ref_id":"CAR-ABCDEF12345","feature":"create-payment","extra":"{\"sr_no\":1,\"price_without_vat\":952.38,\"vat\":47.62}"} {"feature":"create-payment","code":"CAR-ABCDEF12345"}
[2026-02-09 11:00:24] testing.INFO: PaymentSplits:Observer - Payment split updated for payment code: CAR-ABCDEF12345 {"ref_id":"CAR-ABCDEF12345","feature":"create-payment"} {"feature":"create-payment","code":"CAR-ABCDEF12345"}
[2026-02-09 11:00:24] testing.INFO: PaymentSplits:Observer - Payment split updated for payment code: CAR-ABCDEF12345 {"ref_id":"CAR-ABCDEF12345","feature":"create-payment","extra":"{\"sr_no\":1}"} {"feature":"create-payment","code":"CAR-ABCDEF12345"}
[2026-02-09 11:00:24] testing.INFO: Created payment split #1 for payment CAR-ABCDEF12345 with method IP {"ref_id":"CAR-ABCDEF12345","feature":"create-payment"} {"feature":"create-payment","code":"CAR-ABCDEF12345"}
[2026-02-09 11:00:24] testing.INFO: Created payment split #1 for payment CAR-ABCDEF12345 with method IP {"ref_id":"CAR-ABCDEF12345","feature":"create-payment"} {"feature":"create-payment","code":"CAR-ABCDEF12345"}
[2026-02-09 11:00:24] testing.INFO: Updated payment split #1 status to 14 for CAR-ABCDEF12345 {"ref_id":"CAR-ABCDEF12345","feature":"create-payment"} {"feature":"create-payment","code":"CAR-ABCDEF12345"}
[2026-02-09 11:00:24] testing.INFO: Updated payment split #1 status to 14 for CAR-ABCDEF12345 {"ref_id":"CAR-ABCDEF12345","feature":"create-payment"} {"feature":"create-payment","code":"CAR-ABCDEF12345"}
[2026-02-09 11:00:24] testing.INFO: Master payment code: CAR-ABCDEF12345 - setMasterPaymentStatus called {"ref_id":"CAR-ABCDEF12345","feature":"create-payment"} {"feature":"create-payment","code":"CAR-ABCDEF12345"}
[2026-02-09 11:00:24] testing.INFO: Master payment code: CAR-ABCDEF12345 - setMasterPaymentStatus called {"ref_id":"CAR-ABCDEF12345","feature":"create-payment"} {"feature":"create-payment","code":"CAR-ABCDEF12345"}
[2026-02-09 11:00:24] testing.INFO: Master payment code: CAR-ABCDEF12345 - Payment status updated from 14 to 14 {"ref_id":"CAR-ABCDEF12345","feature":"create-payment"} {"feature":"create-payment","code":"CAR-ABCDEF12345"}
[2026-02-09 11:00:24] testing.INFO: Master payment code: CAR-ABCDEF12345 - Payment status updated from 14 to 14 {"ref_id":"CAR-ABCDEF12345","feature":"create-payment"} {"feature":"create-payment","code":"CAR-ABCDEF12345"}
[2026-02-09 11:00:24] testing.WARNING: Quote not synced from quote_sync table, uuid: ABCDEF12345 {"ref_id":"CAR-ABCDEF12345","feature":"create-payment"} {"feature":"create-payment","code":"CAR-ABCDEF12345"}
[2026-02-09 11:00:24] testing.WARNING: Quote not synced from quote_sync table, uuid: ABCDEF12345 {"ref_id":"CAR-ABCDEF12345","feature":"create-payment"} {"feature":"create-payment","code":"CAR-ABCDEF12345"}
[2026-02-09 11:00:24] testing.INFO: Master payment code: CAR-ABCDEF12345 quote payment status updated from  to 14 {"ref_id":"CAR-ABCDEF12345","feature":"create-payment"} {"feature":"create-payment","code":"CAR-ABCDEF12345"}
[2026-02-09 11:00:24] testing.INFO: Master payment code: CAR-ABCDEF12345 quote payment status updated from  to 14 {"ref_id":"CAR-ABCDEF12345","feature":"create-payment"} {"feature":"create-payment","code":"CAR-ABCDEF12345"}
[2026-02-09 11:00:24] testing.INFO: Updated master payment status completed for CAR-ABCDEF12345 {"ref_id":"CAR-ABCDEF12345","feature":"create-payment"} {"feature":"create-payment","code":"CAR-ABCDEF12345"}
[2026-02-09 11:00:24] testing.INFO: Updated master payment status completed for CAR-ABCDEF12345 {"ref_id":"CAR-ABCDEF12345","feature":"create-payment"} {"feature":"create-payment","code":"CAR-ABCDEF12345"}
[2026-02-09 11:00:24] testing.INFO: Completed split payment creation for CAR-ABCDEF12345 {"ref_id":"CAR-ABCDEF12345","feature":"create-payment"} {"feature":"create-payment","code":"CAR-ABCDEF12345"}
[2026-02-09 11:00:24] testing.INFO: Completed split payment creation for CAR-ABCDEF12345 {"ref_id":"CAR-ABCDEF12345","feature":"create-payment"} {"feature":"create-payment","code":"CAR-ABCDEF12345"}
[2026-02-09 11:00:24] testing.INFO: Payment splits successfully added for payment code: CAR-ABCDEF12345 {"ref_id":"CAR-ABCDEF12345","feature":"create-payment"} {"feature":"create-payment","code":"CAR-ABCDEF12345"}
[2026-02-09 11:00:24] testing.INFO: Payment splits successfully added for payment code: CAR-ABCDEF12345 {"ref_id":"CAR-ABCDEF12345","feature":"create-payment"} {"feature":"create-payment","code":"CAR-ABCDEF12345"}
[2026-02-09 11:00:24] testing.INFO: Payment status log created for payment code: CAR-ABCDEF12345 {"ref_id":"CAR-ABCDEF12345","feature":"create-payment"} {"feature":"create-payment","code":"CAR-ABCDEF12345"}
[2026-02-09 11:00:24] testing.INFO: Payment status log created for payment code: CAR-ABCDEF12345 {"ref_id":"CAR-ABCDEF12345","feature":"create-payment"} {"feature":"create-payment","code":"CAR-ABCDEF12345"}
[2026-02-09 11:00:24] testing.INFO: Quote status updated to Payment Pending for quote code: CAR-ABCDEF12345 {"ref_id":"CAR-ABCDEF12345","feature":"create-payment"} {"feature":"create-payment","code":"CAR-ABCDEF12345"}
[2026-02-09 11:00:24] testing.INFO: Quote status updated to Payment Pending for quote code: CAR-ABCDEF12345 {"ref_id":"CAR-ABCDEF12345","feature":"create-payment"} {"feature":"create-payment","code":"CAR-ABCDEF12345"}
[2026-02-09 11:00:24] testing.INFO: Payment creation transaction committed successfully for payment code: CAR-ABCDEF12345 {"ref_id":"CAR-ABCDEF12345","feature":"create-payment"} {"feature":"create-payment","code":"CAR-ABCDEF12345"}
[2026-02-09 11:00:24] testing.INFO: Payment creation transaction committed successfully for payment code: CAR-ABCDEF12345 {"ref_id":"CAR-ABCDEF12345","feature":"create-payment"} {"feature":"create-payment","code":"CAR-ABCDEF12345"}
[2026-02-09 11:00:24] testing.INFO: Payment:Observer - Starting VAT calculation for payment code: CAR-ABCDEF12345 {"trace_id":"6856938a-fc58-4da4-9045-b9842fafa346","is_console_command":true} 
[2026-02-09 11:00:24] testing.INFO: Payment:Observer - Starting VAT calculation for payment code: CAR-ABCDEF12345 {"trace_id":"6856938a-fc58-4da4-9045-b9842fafa346","is_console_command":true,"extra":"{\"total_price\":1000}"} 
[2026-02-09 11:00:24] testing.INFO: Payment:Observer - Other quote type detected for payment code: CAR-ABCDEF12345 {"trace_id":"6856938a-fc58-4da4-9045-b9842fafa346","is_console_command":true} 
[2026-02-09 11:00:24] testing.INFO: Payment:Observer - Other quote type detected for payment code: CAR-ABCDEF12345 {"trace_id":"6856938a-fc58-4da4-9045-b9842fafa346","is_console_command":true} 
[2026-02-09 11:00:24] testing.INFO: SplitPaymentService - Processing ecommLob quote for payment code: CAR-ABCDEF12345 {"trace_id":"6856938a-fc58-4da4-9045-b9842fafa346","is_console_command":true} 
[2026-02-09 11:00:24] testing.INFO: SplitPaymentService - Processing ecommLob quote for payment code: CAR-ABCDEF12345 {"trace_id":"6856938a-fc58-4da4-9045-b9842fafa346","is_console_command":true,"extra":"{\"modelType\":\"Car\",\"computedPrice\":1000}"} 
[2026-02-09 11:00:24] testing.INFO: SplitPaymentService - ecommLob VAT calculation for payment code: CAR-ABCDEF12345 {"trace_id":"6856938a-fc58-4da4-9045-b9842fafa346","is_console_command":true} 
[2026-02-09 11:00:24] testing.INFO: SplitPaymentService - ecommLob VAT calculation for payment code: CAR-ABCDEF12345 {"trace_id":"6856938a-fc58-4da4-9045-b9842fafa346","is_console_command":true,"extra":"{\"modelType\":\"Car\",\"priceWithoutVat\":952.3809523809523,\"vat\":47.61904761904761}"} 
[2026-02-09 11:00:24] testing.INFO: SplitPaymentService - Final price after adding non-applicable VAT amount for payment code: CAR-ABCDEF12345 {"trace_id":"6856938a-fc58-4da4-9045-b9842fafa346","is_console_command":true} 
[2026-02-09 11:00:24] testing.INFO: SplitPaymentService - Final price after adding non-applicable VAT amount for payment code: CAR-ABCDEF12345 {"trace_id":"6856938a-fc58-4da4-9045-b9842fafa346","is_console_command":true,"extra":"{\"final_priceWithoutVat\":952.3809523809523,\"priceVatNotApplicable\":0,\"vat\":47.61904761904761}"} 
[2026-02-09 11:00:24] testing.INFO: Payment:Observer - VAT calculation completed for payment code: CAR-ABCDEF12345 {"trace_id":"6856938a-fc58-4da4-9045-b9842fafa346","is_console_command":true} 
[2026-02-09 11:00:24] testing.INFO: Payment:Observer - VAT calculation completed for payment code: CAR-ABCDEF12345 {"trace_id":"6856938a-fc58-4da4-9045-b9842fafa346","is_console_command":true,"extra":"{\"price_without_vat\":952.38,\"vat\":47.62,\"total_price\":1000,\"model_type\":\"Car\",\"quote_id\":1,\"send_update_log_id\":null}"} 
[2026-02-09 11:00:24] testing.INFO: Payment:Observer complete - update VAT and Price  for payment code: CAR-ABCDEF12345 {"trace_id":"6856938a-fc58-4da4-9045-b9842fafa346","is_console_command":true} 
[2026-02-09 11:00:24] testing.INFO: Payment:Observer complete - update VAT and Price  for payment code: CAR-ABCDEF12345 {"trace_id":"6856938a-fc58-4da4-9045-b9842fafa346","is_console_command":true} 
[2026-02-09 11:00:24] testing.INFO: PaymentSplits:Observer - Starting VAT calculation for payment code: CAR-ABCDEF12345 {"trace_id":"6856938a-fc58-4da4-9045-b9842fafa346","is_console_command":true} 
[2026-02-09 11:00:24] testing.INFO: PaymentSplits:Observer - Starting VAT calculation for payment code: CAR-ABCDEF12345 {"trace_id":"6856938a-fc58-4da4-9045-b9842fafa346","is_console_command":true,"extra":"{\"sr_no\":1}"} 
[2026-02-09 11:00:24] testing.INFO: PaymentSplits:Observer - Found non perosnal for payment code: CAR-ABCDEF12345 {"trace_id":"6856938a-fc58-4da4-9045-b9842fafa346","is_console_command":true} 
[2026-02-09 11:00:24] testing.INFO: PaymentSplits:Observer - Found non perosnal for payment code: CAR-ABCDEF12345 {"trace_id":"6856938a-fc58-4da4-9045-b9842fafa346","is_console_command":true,"extra":"{\"sr_no\":1}"} 
[2026-02-09 11:00:24] testing.INFO: PaymentSplits:Observer - Applied discount to first split for payment code: CAR-ABCDEF12345 {"trace_id":"6856938a-fc58-4da4-9045-b9842fafa346","is_console_command":true} 
[2026-02-09 11:00:24] testing.INFO: PaymentSplits:Observer - Applied discount to first split for payment code: CAR-ABCDEF12345 {"trace_id":"6856938a-fc58-4da4-9045-b9842fafa346","is_console_command":true,"extra":"{\"sr_no\":1,\"original_amount\":1000,\"discount_value\":0,\"final_split_amount\":1000}"} 
[2026-02-09 11:00:24] testing.INFO: PaymentSplits:Observer - Calculating price and VAT for payment code: CAR-ABCDEF12345 {"trace_id":"6856938a-fc58-4da4-9045-b9842fafa346","is_console_command":true} 
[2026-02-09 11:00:24] testing.INFO: PaymentSplits:Observer - Calculating price and VAT for payment code: CAR-ABCDEF12345 {"trace_id":"6856938a-fc58-4da4-9045-b9842fafa346","is_console_command":true,"extra":"{\"sr_no\":1,\"total_payments\":1,\"frequency\":\"upfront\",\"total_price\":1000,\"split_amount\":1000}"} 
[2026-02-09 11:00:24] testing.INFO: SplitPaymentService - Processing ecommLob quote for payment code: CAR-ABCDEF12345 {"trace_id":"6856938a-fc58-4da4-9045-b9842fafa346","is_console_command":true} 
[2026-02-09 11:00:24] testing.INFO: SplitPaymentService - Processing ecommLob quote for payment code: CAR-ABCDEF12345 {"trace_id":"6856938a-fc58-4da4-9045-b9842fafa346","is_console_command":true,"extra":"{\"modelType\":\"Car\",\"computedPrice\":1000}"} 
[2026-02-09 11:00:24] testing.INFO: SplitPaymentService - ecommLob VAT calculation for payment code: CAR-ABCDEF12345 {"trace_id":"6856938a-fc58-4da4-9045-b9842fafa346","is_console_command":true} 
[2026-02-09 11:00:24] testing.INFO: SplitPaymentService - ecommLob VAT calculation for payment code: CAR-ABCDEF12345 {"trace_id":"6856938a-fc58-4da4-9045-b9842fafa346","is_console_command":true,"extra":"{\"modelType\":\"Car\",\"priceWithoutVat\":952.3809523809523,\"vat\":47.61904761904761}"} 
[2026-02-09 11:00:24] testing.INFO: SplitPaymentService - Final price after adding non-applicable VAT amount for payment code: CAR-ABCDEF12345 {"trace_id":"6856938a-fc58-4da4-9045-b9842fafa346","is_console_command":true} 
[2026-02-09 11:00:24] testing.INFO: SplitPaymentService - Final price after adding non-applicable VAT amount for payment code: CAR-ABCDEF12345 {"trace_id":"6856938a-fc58-4da4-9045-b9842fafa346","is_console_command":true,"extra":"{\"final_priceWithoutVat\":952.3809523809523,\"priceVatNotApplicable\":0,\"vat\":47.61904761904761}"} 
[2026-02-09 11:00:24] testing.INFO: PaymentSplits:Observer - VAT calculation completed for payment code: CAR-ABCDEF12345 {"trace_id":"6856938a-fc58-4da4-9045-b9842fafa346","is_console_command":true} 
[2026-02-09 11:00:24] testing.INFO: PaymentSplits:Observer - VAT calculation completed for payment code: CAR-ABCDEF12345 {"trace_id":"6856938a-fc58-4da4-9045-b9842fafa346","is_console_command":true,"extra":"{\"sr_no\":1,\"price_without_vat\":952.38,\"vat\":47.62}"} 
[2026-02-09 11:00:24] testing.INFO: PaymentSplits:Observer - Payment split updated for payment code: CAR-ABCDEF12345 {"trace_id":"6856938a-fc58-4da4-9045-b9842fafa346","is_console_command":true} 
[2026-02-09 11:00:24] testing.INFO: PaymentSplits:Observer - Payment split updated for payment code: CAR-ABCDEF12345 {"trace_id":"6856938a-fc58-4da4-9045-b9842fafa346","is_console_command":true,"extra":"{\"sr_no\":1}"} 
[2026-02-09 11:00:24] testing.INFO: Starting payment update process for code: CAR-ABCDEF12345 is payment locked:  {"trace_id":"7dddef1e-57ee-40f7-b9d2-cf4e06004965","is_console_command":true,"request_path":"POST payments/Car/update-new","request_ip":"127.0.0.1","user_agent":"Symfony","execution_time_ms":null,"feature":"update-payment"} {"feature":"update-payment","code":"CAR-ABCDEF12345"}
[2026-02-09 11:00:24] testing.INFO: Starting payment update process for code: CAR-ABCDEF12345 is payment locked:  {"trace_id":"7dddef1e-57ee-40f7-b9d2-cf4e06004965","is_console_command":true,"request_path":"POST payments/Car/update-new","request_ip":"127.0.0.1","user_agent":"Symfony","execution_time_ms":null,"feature":"update-payment"} {"feature":"update-payment","code":"CAR-ABCDEF12345"}
[2026-02-09 11:00:24] testing.INFO: Processing full payment update for code: CAR-ABCDEF12345 {"trace_id":"7dddef1e-57ee-40f7-b9d2-cf4e06004965","is_console_command":true,"request_path":"POST payments/Car/update-new","request_ip":"127.0.0.1","user_agent":"Symfony","execution_time_ms":null,"feature":"update-payment"} {"feature":"update-payment","code":"CAR-ABCDEF12345"}
[2026-02-09 11:00:24] testing.INFO: Processing full payment update for code: CAR-ABCDEF12345 {"trace_id":"7dddef1e-57ee-40f7-b9d2-cf4e06004965","is_console_command":true,"request_path":"POST payments/Car/update-new","request_ip":"127.0.0.1","user_agent":"Symfony","execution_time_ms":null,"feature":"update-payment"} {"feature":"update-payment","code":"CAR-ABCDEF12345"}
[2026-02-09 11:00:24] testing.INFO: Payment updated successfully for Payment Code: CAR-ABCDEF12345 {"trace_id":"7dddef1e-57ee-40f7-b9d2-cf4e06004965","is_console_command":true,"request_path":"POST payments/Car/update-new","request_ip":"127.0.0.1","user_agent":"Symfony","execution_time_ms":null,"feature":"update-payment"} {"feature":"update-payment","code":"CAR-ABCDEF12345"}
[2026-02-09 11:00:24] testing.INFO: Payment updated successfully for Payment Code: CAR-ABCDEF12345 {"trace_id":"7dddef1e-57ee-40f7-b9d2-cf4e06004965","is_console_command":true,"request_path":"POST payments/Car/update-new","request_ip":"127.0.0.1","user_agent":"Symfony","execution_time_ms":null,"feature":"update-payment"} {"feature":"update-payment","code":"CAR-ABCDEF12345"}
[2026-02-09 11:00:24] testing.INFO: Starting update payment splits for payment code: CAR-ABCDEF12345 {"trace_id":"7dddef1e-57ee-40f7-b9d2-cf4e06004965","is_console_command":true,"request_path":"POST payments/Car/update-new","request_ip":"127.0.0.1","user_agent":"Symfony","execution_time_ms":null,"feature":"update-payment"} {"feature":"update-payment","code":"CAR-ABCDEF12345"}
[2026-02-09 11:00:24] testing.INFO: Starting update payment splits for payment code: CAR-ABCDEF12345 {"trace_id":"7dddef1e-57ee-40f7-b9d2-cf4e06004965","is_console_command":true,"request_path":"POST payments/Car/update-new","request_ip":"127.0.0.1","user_agent":"Symfony","execution_time_ms":null,"feature":"update-payment"} {"feature":"update-payment","code":"CAR-ABCDEF12345"}
[2026-02-09 11:00:24] testing.INFO: Processing payment split #1 for payment CAR-ABCDEF12345 with method CC {"trace_id":"7dddef1e-57ee-40f7-b9d2-cf4e06004965","is_console_command":true,"request_path":"POST payments/Car/update-new","request_ip":"127.0.0.1","user_agent":"Symfony","execution_time_ms":null,"feature":"update-payment"} {"feature":"update-payment","code":"CAR-ABCDEF12345"}
[2026-02-09 11:00:24] testing.INFO: Processing payment split #1 for payment CAR-ABCDEF12345 with method CC {"trace_id":"7dddef1e-57ee-40f7-b9d2-cf4e06004965","is_console_command":true,"request_path":"POST payments/Car/update-new","request_ip":"127.0.0.1","user_agent":"Symfony","execution_time_ms":null,"feature":"update-payment"} {"feature":"update-payment","code":"CAR-ABCDEF12345"}
[2026-02-09 11:00:24] testing.INFO: Processing full payment split update for code: CAR-ABCDEF12345 {"trace_id":"7dddef1e-57ee-40f7-b9d2-cf4e06004965","is_console_command":true,"request_path":"POST payments/Car/update-new","request_ip":"127.0.0.1","user_agent":"Symfony","execution_time_ms":null,"feature":"update-payment"} {"feature":"update-payment","code":"CAR-ABCDEF12345"}
[2026-02-09 11:00:24] testing.INFO: Processing full payment split update for code: CAR-ABCDEF12345 {"trace_id":"7dddef1e-57ee-40f7-b9d2-cf4e06004965","is_console_command":true,"request_path":"POST payments/Car/update-new","request_ip":"127.0.0.1","user_agent":"Symfony","execution_time_ms":null,"feature":"update-payment"} {"feature":"update-payment","code":"CAR-ABCDEF12345"}
[2026-02-09 11:00:24] testing.INFO: PaymentSplits:Observer - Starting VAT calculation for payment code: CAR-ABCDEF12345 {"trace_id":"7dddef1e-57ee-40f7-b9d2-cf4e06004965","is_console_command":true,"request_path":"POST payments/Car/update-new","request_ip":"127.0.0.1","user_agent":"Symfony","execution_time_ms":null,"feature":"update-payment"} {"feature":"update-payment","code":"CAR-ABCDEF12345"}
[2026-02-09 11:00:24] testing.INFO: PaymentSplits:Observer - Starting VAT calculation for payment code: CAR-ABCDEF12345 {"trace_id":"7dddef1e-57ee-40f7-b9d2-cf4e06004965","is_console_command":true,"request_path":"POST payments/Car/update-new","request_ip":"127.0.0.1","user_agent":"Symfony","execution_time_ms":null,"feature":"update-payment","extra":"{\"sr_no\":1}"} {"feature":"update-payment","code":"CAR-ABCDEF12345"}
[2026-02-09 11:00:24] testing.INFO: PaymentSplits:Observer - Found non perosnal for payment code: CAR-ABCDEF12345 {"trace_id":"7dddef1e-57ee-40f7-b9d2-cf4e06004965","is_console_command":true,"request_path":"POST payments/Car/update-new","request_ip":"127.0.0.1","user_agent":"Symfony","execution_time_ms":null,"feature":"update-payment"} {"feature":"update-payment","code":"CAR-ABCDEF12345"}
[2026-02-09 11:00:24] testing.INFO: PaymentSplits:Observer - Found non perosnal for payment code: CAR-ABCDEF12345 {"trace_id":"7dddef1e-57ee-40f7-b9d2-cf4e06004965","is_console_command":true,"request_path":"POST payments/Car/update-new","request_ip":"127.0.0.1","user_agent":"Symfony","execution_time_ms":null,"feature":"update-payment","extra":"{\"sr_no\":1}"} {"feature":"update-payment","code":"CAR-ABCDEF12345"}
[2026-02-09 11:00:24] testing.INFO: PaymentSplits:Observer - Applied discount to first split for payment code: CAR-ABCDEF12345 {"trace_id":"7dddef1e-57ee-40f7-b9d2-cf4e06004965","is_console_command":true,"request_path":"POST payments/Car/update-new","request_ip":"127.0.0.1","user_agent":"Symfony","execution_time_ms":null,"feature":"update-payment"} {"feature":"update-payment","code":"CAR-ABCDEF12345"}
[2026-02-09 11:00:24] testing.INFO: PaymentSplits:Observer - Applied discount to first split for payment code: CAR-ABCDEF12345 {"trace_id":"7dddef1e-57ee-40f7-b9d2-cf4e06004965","is_console_command":true,"request_path":"POST payments/Car/update-new","request_ip":"127.0.0.1","user_agent":"Symfony","execution_time_ms":null,"feature":"update-payment","extra":"{\"sr_no\":1,\"original_amount\":500,\"discount_value\":0,\"final_split_amount\":500}"} {"feature":"update-payment","code":"CAR-ABCDEF12345"}
[2026-02-09 11:00:24] testing.INFO: PaymentSplits:Observer - Calculating price and VAT for payment code: CAR-ABCDEF12345 {"trace_id":"7dddef1e-57ee-40f7-b9d2-cf4e06004965","is_console_command":true,"request_path":"POST payments/Car/update-new","request_ip":"127.0.0.1","user_agent":"Symfony","execution_time_ms":null,"feature":"update-payment"} {"feature":"update-payment","code":"CAR-ABCDEF12345"}
[2026-02-09 11:00:24] testing.INFO: PaymentSplits:Observer - Calculating price and VAT for payment code: CAR-ABCDEF12345 {"trace_id":"7dddef1e-57ee-40f7-b9d2-cf4e06004965","is_console_command":true,"request_path":"POST payments/Car/update-new","request_ip":"127.0.0.1","user_agent":"Symfony","execution_time_ms":null,"feature":"update-payment","extra":"{\"sr_no\":1,\"total_payments\":2,\"frequency\":\"split_payments\",\"total_price\":1000,\"split_amount\":500}"} {"feature":"update-payment","code":"CAR-ABCDEF12345"}
[2026-02-09 11:00:24] testing.INFO: SplitPaymentService - Processing ecommLob quote for payment code: CAR-ABCDEF12345 {"trace_id":"7dddef1e-57ee-40f7-b9d2-cf4e06004965","is_console_command":true,"request_path":"POST payments/Car/update-new","request_ip":"127.0.0.1","user_agent":"Symfony","execution_time_ms":null,"feature":"update-payment"} {"feature":"update-payment","code":"CAR-ABCDEF12345"}
[2026-02-09 11:00:24] testing.INFO: SplitPaymentService - Processing ecommLob quote for payment code: CAR-ABCDEF12345 {"trace_id":"7dddef1e-57ee-40f7-b9d2-cf4e06004965","is_console_command":true,"request_path":"POST payments/Car/update-new","request_ip":"127.0.0.1","user_agent":"Symfony","execution_time_ms":null,"feature":"update-payment","extra":"{\"modelType\":\"Car\",\"computedPrice\":1000}"} {"feature":"update-payment","code":"CAR-ABCDEF12345"}
[2026-02-09 11:00:24] testing.INFO: SplitPaymentService - ecommLob VAT calculation for payment code: CAR-ABCDEF12345 {"trace_id":"7dddef1e-57ee-40f7-b9d2-cf4e06004965","is_console_command":true,"request_path":"POST payments/Car/update-new","request_ip":"127.0.0.1","user_agent":"Symfony","execution_time_ms":null,"feature":"update-payment"} {"feature":"update-payment","code":"CAR-ABCDEF12345"}
[2026-02-09 11:00:24] testing.INFO: SplitPaymentService - ecommLob VAT calculation for payment code: CAR-ABCDEF12345 {"trace_id":"7dddef1e-57ee-40f7-b9d2-cf4e06004965","is_console_command":true,"request_path":"POST payments/Car/update-new","request_ip":"127.0.0.1","user_agent":"Symfony","execution_time_ms":null,"feature":"update-payment","extra":"{\"modelType\":\"Car\",\"priceWithoutVat\":952.3809523809523,\"vat\":47.61904761904761}"} {"feature":"update-payment","code":"CAR-ABCDEF12345"}
[2026-02-09 11:00:24] testing.INFO: SplitPaymentService - Final price after adding non-applicable VAT amount for payment code: CAR-ABCDEF12345 {"trace_id":"7dddef1e-57ee-40f7-b9d2-cf4e06004965","is_console_command":true,"request_path":"POST payments/Car/update-new","request_ip":"127.0.0.1","user_agent":"Symfony","execution_time_ms":null,"feature":"update-payment"} {"feature":"update-payment","code":"CAR-ABCDEF12345"}
[2026-02-09 11:00:24] testing.INFO: SplitPaymentService - Final price after adding non-applicable VAT amount for payment code: CAR-ABCDEF12345 {"trace_id":"7dddef1e-57ee-40f7-b9d2-cf4e06004965","is_console_command":true,"request_path":"POST payments/Car/update-new","request_ip":"127.0.0.1","user_agent":"Symfony","execution_time_ms":null,"feature":"update-payment","extra":"{\"final_priceWithoutVat\":952.3809523809523,\"priceVatNotApplicable\":0,\"vat\":47.61904761904761}"} {"feature":"update-payment","code":"CAR-ABCDEF12345"}
[2026-02-09 11:00:24] testing.INFO: PaymentSplits:Observer - VAT calculation completed for payment code: CAR-ABCDEF12345 {"trace_id":"7dddef1e-57ee-40f7-b9d2-cf4e06004965","is_console_command":true,"request_path":"POST payments/Car/update-new","request_ip":"127.0.0.1","user_agent":"Symfony","execution_time_ms":null,"feature":"update-payment"} {"feature":"update-payment","code":"CAR-ABCDEF12345"}
[2026-02-09 11:00:24] testing.INFO: PaymentSplits:Observer - VAT calculation completed for payment code: CAR-ABCDEF12345 {"trace_id":"7dddef1e-57ee-40f7-b9d2-cf4e06004965","is_console_command":true,"request_path":"POST payments/Car/update-new","request_ip":"127.0.0.1","user_agent":"Symfony","execution_time_ms":null,"feature":"update-payment","extra":"{\"sr_no\":1,\"price_without_vat\":476.19,\"vat\":23.81}"} {"feature":"update-payment","code":"CAR-ABCDEF12345"}
[2026-02-09 11:00:24] testing.INFO: PaymentSplits:Observer - Payment split updated for payment code: CAR-ABCDEF12345 {"trace_id":"7dddef1e-57ee-40f7-b9d2-cf4e06004965","is_console_command":true,"request_path":"POST payments/Car/update-new","request_ip":"127.0.0.1","user_agent":"Symfony","execution_time_ms":null,"feature":"update-payment"} {"feature":"update-payment","code":"CAR-ABCDEF12345"}
[2026-02-09 11:00:24] testing.INFO: PaymentSplits:Observer - Payment split updated for payment code: CAR-ABCDEF12345 {"trace_id":"7dddef1e-57ee-40f7-b9d2-cf4e06004965","is_console_command":true,"request_path":"POST payments/Car/update-new","request_ip":"127.0.0.1","user_agent":"Symfony","execution_time_ms":null,"feature":"update-payment","extra":"{\"sr_no\":1}"} {"feature":"update-payment","code":"CAR-ABCDEF12345"}
[2026-02-09 11:00:24] testing.INFO: Updating payment split #1 status to 14 for payment CAR-ABCDEF12345 {"trace_id":"7dddef1e-57ee-40f7-b9d2-cf4e06004965","is_console_command":true,"request_path":"POST payments/Car/update-new","request_ip":"127.0.0.1","user_agent":"Symfony","execution_time_ms":null,"feature":"update-payment"} {"feature":"update-payment","code":"CAR-ABCDEF12345"}
[2026-02-09 11:00:24] testing.INFO: Updating payment split #1 status to 14 for payment CAR-ABCDEF12345 {"trace_id":"7dddef1e-57ee-40f7-b9d2-cf4e06004965","is_console_command":true,"request_path":"POST payments/Car/update-new","request_ip":"127.0.0.1","user_agent":"Symfony","execution_time_ms":null,"feature":"update-payment"} {"feature":"update-payment","code":"CAR-ABCDEF12345"}
[2026-02-09 11:00:24] testing.INFO: Processing payment split #2 for payment CAR-ABCDEF12345 with method IP {"trace_id":"7dddef1e-57ee-40f7-b9d2-cf4e06004965","is_console_command":true,"request_path":"POST payments/Car/update-new","request_ip":"127.0.0.1","user_agent":"Symfony","execution_time_ms":null,"feature":"update-payment"} {"feature":"update-payment","code":"CAR-ABCDEF12345"}
[2026-02-09 11:00:24] testing.INFO: Processing payment split #2 for payment CAR-ABCDEF12345 with method IP {"trace_id":"7dddef1e-57ee-40f7-b9d2-cf4e06004965","is_console_command":true,"request_path":"POST payments/Car/update-new","request_ip":"127.0.0.1","user_agent":"Symfony","execution_time_ms":null,"feature":"update-payment"} {"feature":"update-payment","code":"CAR-ABCDEF12345"}
[2026-02-09 11:00:24] testing.INFO: Processing full payment split update for code: CAR-ABCDEF12345 {"trace_id":"7dddef1e-57ee-40f7-b9d2-cf4e06004965","is_console_command":true,"request_path":"POST payments/Car/update-new","request_ip":"127.0.0.1","user_agent":"Symfony","execution_time_ms":null,"feature":"update-payment"} {"feature":"update-payment","code":"CAR-ABCDEF12345"}
[2026-02-09 11:00:24] testing.INFO: Processing full payment split update for code: CAR-ABCDEF12345 {"trace_id":"7dddef1e-57ee-40f7-b9d2-cf4e06004965","is_console_command":true,"request_path":"POST payments/Car/update-new","request_ip":"127.0.0.1","user_agent":"Symfony","execution_time_ms":null,"feature":"update-payment"} {"feature":"update-payment","code":"CAR-ABCDEF12345"}
[2026-02-09 11:00:24] testing.INFO: Creating new payment split #2 for payment CAR-ABCDEF12345 {"trace_id":"7dddef1e-57ee-40f7-b9d2-cf4e06004965","is_console_command":true,"request_path":"POST payments/Car/update-new","request_ip":"127.0.0.1","user_agent":"Symfony","execution_time_ms":null,"feature":"update-payment"} {"feature":"update-payment","code":"CAR-ABCDEF12345"}
[2026-02-09 11:00:24] testing.INFO: Creating new payment split #2 for payment CAR-ABCDEF12345 {"trace_id":"7dddef1e-57ee-40f7-b9d2-cf4e06004965","is_console_command":true,"request_path":"POST payments/Car/update-new","request_ip":"127.0.0.1","user_agent":"Symfony","execution_time_ms":null,"feature":"update-payment"} {"feature":"update-payment","code":"CAR-ABCDEF12345"}
[2026-02-09 11:00:24] testing.INFO: PaymentSplits:Observer - Starting VAT calculation for payment code: CAR-ABCDEF12345 {"trace_id":"7dddef1e-57ee-40f7-b9d2-cf4e06004965","is_console_command":true,"request_path":"POST payments/Car/update-new","request_ip":"127.0.0.1","user_agent":"Symfony","execution_time_ms":null,"feature":"update-payment"} {"feature":"update-payment","code":"CAR-ABCDEF12345"}
[2026-02-09 11:00:24] testing.INFO: PaymentSplits:Observer - Starting VAT calculation for payment code: CAR-ABCDEF12345 {"trace_id":"7dddef1e-57ee-40f7-b9d2-cf4e06004965","is_console_command":true,"request_path":"POST payments/Car/update-new","request_ip":"127.0.0.1","user_agent":"Symfony","execution_time_ms":null,"feature":"update-payment","extra":"{\"sr_no\":2}"} {"feature":"update-payment","code":"CAR-ABCDEF12345"}
[2026-02-09 11:00:24] testing.INFO: PaymentSplits:Observer - Found non perosnal for payment code: CAR-ABCDEF12345 {"trace_id":"7dddef1e-57ee-40f7-b9d2-cf4e06004965","is_console_command":true,"request_path":"POST payments/Car/update-new","request_ip":"127.0.0.1","user_agent":"Symfony","execution_time_ms":null,"feature":"update-payment"} {"feature":"update-payment","code":"CAR-ABCDEF12345"}
[2026-02-09 11:00:24] testing.INFO: PaymentSplits:Observer - Found non perosnal for payment code: CAR-ABCDEF12345 {"trace_id":"7dddef1e-57ee-40f7-b9d2-cf4e06004965","is_console_command":true,"request_path":"POST payments/Car/update-new","request_ip":"127.0.0.1","user_agent":"Symfony","execution_time_ms":null,"feature":"update-payment","extra":"{\"sr_no\":2}"} {"feature":"update-payment","code":"CAR-ABCDEF12345"}
[2026-02-09 11:00:24] testing.INFO: PaymentSplits:Observer - Calculating price and VAT for payment code: CAR-ABCDEF12345 {"trace_id":"7dddef1e-57ee-40f7-b9d2-cf4e06004965","is_console_command":true,"request_path":"POST payments/Car/update-new","request_ip":"127.0.0.1","user_agent":"Symfony","execution_time_ms":null,"feature":"update-payment"} {"feature":"update-payment","code":"CAR-ABCDEF12345"}
[2026-02-09 11:00:24] testing.INFO: PaymentSplits:Observer - Calculating price and VAT for payment code: CAR-ABCDEF12345 {"trace_id":"7dddef1e-57ee-40f7-b9d2-cf4e06004965","is_console_command":true,"request_path":"POST payments/Car/update-new","request_ip":"127.0.0.1","user_agent":"Symfony","execution_time_ms":null,"feature":"update-payment","extra":"{\"sr_no\":2,\"total_payments\":2,\"frequency\":\"split_payments\",\"total_price\":1000,\"split_amount\":500}"} {"feature":"update-payment","code":"CAR-ABCDEF12345"}
[2026-02-09 11:00:24] testing.INFO: SplitPaymentService - Processing ecommLob quote for payment code: CAR-ABCDEF12345 {"trace_id":"7dddef1e-57ee-40f7-b9d2-cf4e06004965","is_console_command":true,"request_path":"POST payments/Car/update-new","request_ip":"127.0.0.1","user_agent":"Symfony","execution_time_ms":null,"feature":"update-payment"} {"feature":"update-payment","code":"CAR-ABCDEF12345"}
[2026-02-09 11:00:24] testing.INFO: SplitPaymentService - Processing ecommLob quote for payment code: CAR-ABCDEF12345 {"trace_id":"7dddef1e-57ee-40f7-b9d2-cf4e06004965","is_console_command":true,"request_path":"POST payments/Car/update-new","request_ip":"127.0.0.1","user_agent":"Symfony","execution_time_ms":null,"feature":"update-payment","extra":"{\"modelType\":\"Car\",\"computedPrice\":1000}"} {"feature":"update-payment","code":"CAR-ABCDEF12345"}
[2026-02-09 11:00:24] testing.INFO: SplitPaymentService - ecommLob VAT calculation for payment code: CAR-ABCDEF12345 {"trace_id":"7dddef1e-57ee-40f7-b9d2-cf4e06004965","is_console_command":true,"request_path":"POST payments/Car/update-new","request_ip":"127.0.0.1","user_agent":"Symfony","execution_time_ms":null,"feature":"update-payment"} {"feature":"update-payment","code":"CAR-ABCDEF12345"}
[2026-02-09 11:00:24] testing.INFO: SplitPaymentService - ecommLob VAT calculation for payment code: CAR-ABCDEF12345 {"trace_id":"7dddef1e-57ee-40f7-b9d2-cf4e06004965","is_console_command":true,"request_path":"POST payments/Car/update-new","request_ip":"127.0.0.1","user_agent":"Symfony","execution_time_ms":null,"feature":"update-payment","extra":"{\"modelType\":\"Car\",\"priceWithoutVat\":952.3809523809523,\"vat\":47.61904761904761}"} {"feature":"update-payment","code":"CAR-ABCDEF12345"}
[2026-02-09 11:00:24] testing.INFO: SplitPaymentService - Final price after adding non-applicable VAT amount for payment code: CAR-ABCDEF12345 {"trace_id":"7dddef1e-57ee-40f7-b9d2-cf4e06004965","is_console_command":true,"request_path":"POST payments/Car/update-new","request_ip":"127.0.0.1","user_agent":"Symfony","execution_time_ms":null,"feature":"update-payment"} {"feature":"update-payment","code":"CAR-ABCDEF12345"}
[2026-02-09 11:00:24] testing.INFO: SplitPaymentService - Final price after adding non-applicable VAT amount for payment code: CAR-ABCDEF12345 {"trace_id":"7dddef1e-57ee-40f7-b9d2-cf4e06004965","is_console_command":true,"request_path":"POST payments/Car/update-new","request_ip":"127.0.0.1","user_agent":"Symfony","execution_time_ms":null,"feature":"update-payment","extra":"{\"final_priceWithoutVat\":952.3809523809523,\"priceVatNotApplicable\":0,\"vat\":47.61904761904761}"} {"feature":"update-payment","code":"CAR-ABCDEF12345"}
[2026-02-09 11:00:24] testing.INFO: PaymentSplits:Observer - VAT calculation completed for payment code: CAR-ABCDEF12345 {"trace_id":"7dddef1e-57ee-40f7-b9d2-cf4e06004965","is_console_command":true,"request_path":"POST payments/Car/update-new","request_ip":"127.0.0.1","user_agent":"Symfony","execution_time_ms":null,"feature":"update-payment"} {"feature":"update-payment","code":"CAR-ABCDEF12345"}
[2026-02-09 11:00:24] testing.INFO: PaymentSplits:Observer - VAT calculation completed for payment code: CAR-ABCDEF12345 {"trace_id":"7dddef1e-57ee-40f7-b9d2-cf4e06004965","is_console_command":true,"request_path":"POST payments/Car/update-new","request_ip":"127.0.0.1","user_agent":"Symfony","execution_time_ms":null,"feature":"update-payment","extra":"{\"sr_no\":2,\"price_without_vat\":476.19,\"vat\":23.81}"} {"feature":"update-payment","code":"CAR-ABCDEF12345"}
[2026-02-09 11:00:24] testing.INFO: PaymentSplits:Observer - Payment split updated for payment code: CAR-ABCDEF12345 {"trace_id":"7dddef1e-57ee-40f7-b9d2-cf4e06004965","is_console_command":true,"request_path":"POST payments/Car/update-new","request_ip":"127.0.0.1","user_agent":"Symfony","execution_time_ms":null,"feature":"update-payment"} {"feature":"update-payment","code":"CAR-ABCDEF12345"}
[2026-02-09 11:00:24] testing.INFO: PaymentSplits:Observer - Payment split updated for payment code: CAR-ABCDEF12345 {"trace_id":"7dddef1e-57ee-40f7-b9d2-cf4e06004965","is_console_command":true,"request_path":"POST payments/Car/update-new","request_ip":"127.0.0.1","user_agent":"Symfony","execution_time_ms":null,"feature":"update-payment","extra":"{\"sr_no\":2}"} {"feature":"update-payment","code":"CAR-ABCDEF12345"}
[2026-02-09 11:00:24] testing.INFO: Updating payment split #2 status to 14 for payment CAR-ABCDEF12345 {"trace_id":"7dddef1e-57ee-40f7-b9d2-cf4e06004965","is_console_command":true,"request_path":"POST payments/Car/update-new","request_ip":"127.0.0.1","user_agent":"Symfony","execution_time_ms":null,"feature":"update-payment"} {"feature":"update-payment","code":"CAR-ABCDEF12345"}
[2026-02-09 11:00:24] testing.INFO: Updating payment split #2 status to 14 for payment CAR-ABCDEF12345 {"trace_id":"7dddef1e-57ee-40f7-b9d2-cf4e06004965","is_console_command":true,"request_path":"POST payments/Car/update-new","request_ip":"127.0.0.1","user_agent":"Symfony","execution_time_ms":null,"feature":"update-payment"} {"feature":"update-payment","code":"CAR-ABCDEF12345"}
[2026-02-09 11:00:24] testing.INFO: Setting master payment status for payment code: CAR-ABCDEF12345 {"trace_id":"7dddef1e-57ee-40f7-b9d2-cf4e06004965","is_console_command":true,"request_path":"POST payments/Car/update-new","request_ip":"127.0.0.1","user_agent":"Symfony","execution_time_ms":null,"feature":"update-payment"} {"feature":"update-payment","code":"CAR-ABCDEF12345"}
[2026-02-09 11:00:24] testing.INFO: Setting master payment status for payment code: CAR-ABCDEF12345 {"trace_id":"7dddef1e-57ee-40f7-b9d2-cf4e06004965","is_console_command":true,"request_path":"POST payments/Car/update-new","request_ip":"127.0.0.1","user_agent":"Symfony","execution_time_ms":null,"feature":"update-payment"} {"feature":"update-payment","code":"CAR-ABCDEF12345"}
[2026-02-09 11:00:24] testing.INFO: Master payment code: CAR-ABCDEF12345 - setMasterPaymentStatus called {"trace_id":"7dddef1e-57ee-40f7-b9d2-cf4e06004965","is_console_command":true,"request_path":"POST payments/Car/update-new","request_ip":"127.0.0.1","user_agent":"Symfony","execution_time_ms":null,"feature":"update-payment"} {"feature":"update-payment","code":"CAR-ABCDEF12345"}
[2026-02-09 11:00:24] testing.INFO: Master payment code: CAR-ABCDEF12345 - setMasterPaymentStatus called {"trace_id":"7dddef1e-57ee-40f7-b9d2-cf4e06004965","is_console_command":true,"request_path":"POST payments/Car/update-new","request_ip":"127.0.0.1","user_agent":"Symfony","execution_time_ms":null,"feature":"update-payment"} {"feature":"update-payment","code":"CAR-ABCDEF12345"}
[2026-02-09 11:00:24] testing.INFO: Master payment code: CAR-ABCDEF12345 Total paid payments: 0 out of 2 {"trace_id":"7dddef1e-57ee-40f7-b9d2-cf4e06004965","is_console_command":true,"request_path":"POST payments/Car/update-new","request_ip":"127.0.0.1","user_agent":"Symfony","execution_time_ms":null,"feature":"update-payment"} {"feature":"update-payment","code":"CAR-ABCDEF12345"}
[2026-02-09 11:00:24] testing.INFO: Master payment code: CAR-ABCDEF12345 Total paid payments: 0 out of 2 {"trace_id":"7dddef1e-57ee-40f7-b9d2-cf4e06004965","is_console_command":true,"request_path":"POST payments/Car/update-new","request_ip":"127.0.0.1","user_agent":"Symfony","execution_time_ms":null,"feature":"update-payment"} {"feature":"update-payment","code":"CAR-ABCDEF12345"}
[2026-02-09 11:00:24] testing.INFO: Master payment code: CAR-ABCDEF12345 Total credit approved payments: 0 {"trace_id":"7dddef1e-57ee-40f7-b9d2-cf4e06004965","is_console_command":true,"request_path":"POST payments/Car/update-new","request_ip":"127.0.0.1","user_agent":"Symfony","execution_time_ms":null,"feature":"update-payment"} {"feature":"update-payment","code":"CAR-ABCDEF12345"}
[2026-02-09 11:00:24] testing.INFO: Master payment code: CAR-ABCDEF12345 Total credit approved payments: 0 {"trace_id":"7dddef1e-57ee-40f7-b9d2-cf4e06004965","is_console_command":true,"request_path":"POST payments/Car/update-new","request_ip":"127.0.0.1","user_agent":"Symfony","execution_time_ms":null,"feature":"update-payment"} {"feature":"update-payment","code":"CAR-ABCDEF12345"}
[2026-02-09 11:00:24] testing.INFO: Master payment code: CAR-ABCDEF12345 Updating payment status to NEW {"trace_id":"7dddef1e-57ee-40f7-b9d2-cf4e06004965","is_console_command":true,"request_path":"POST payments/Car/update-new","request_ip":"127.0.0.1","user_agent":"Symfony","execution_time_ms":null,"feature":"update-payment"} {"feature":"update-payment","code":"CAR-ABCDEF12345"}
[2026-02-09 11:00:24] testing.INFO: Master payment code: CAR-ABCDEF12345 Updating payment status to NEW {"trace_id":"7dddef1e-57ee-40f7-b9d2-cf4e06004965","is_console_command":true,"request_path":"POST payments/Car/update-new","request_ip":"127.0.0.1","user_agent":"Symfony","execution_time_ms":null,"feature":"update-payment"} {"feature":"update-payment","code":"CAR-ABCDEF12345"}
[2026-02-09 11:00:24] testing.INFO: Master payment code: CAR-ABCDEF12345 - Payment status updated from 14 to 14 {"trace_id":"7dddef1e-57ee-40f7-b9d2-cf4e06004965","is_console_command":true,"request_path":"POST payments/Car/update-new","request_ip":"127.0.0.1","user_agent":"Symfony","execution_time_ms":null,"feature":"update-payment"} {"feature":"update-payment","code":"CAR-ABCDEF12345"}
[2026-02-09 11:00:24] testing.INFO: Master payment code: CAR-ABCDEF12345 - Payment status updated from 14 to 14 {"trace_id":"7dddef1e-57ee-40f7-b9d2-cf4e06004965","is_console_command":true,"request_path":"POST payments/Car/update-new","request_ip":"127.0.0.1","user_agent":"Symfony","execution_time_ms":null,"feature":"update-payment"} {"feature":"update-payment","code":"CAR-ABCDEF12345"}
[2026-02-09 11:00:24] testing.WARNING: Quote not synced from quote_sync table, uuid: ABCDEF12345 {"trace_id":"7dddef1e-57ee-40f7-b9d2-cf4e06004965","is_console_command":true,"request_path":"POST payments/Car/update-new","request_ip":"127.0.0.1","user_agent":"Symfony","execution_time_ms":null,"feature":"update-payment"} {"feature":"update-payment","code":"CAR-ABCDEF12345"}
[2026-02-09 11:00:24] testing.WARNING: Quote not synced from quote_sync table, uuid: ABCDEF12345 {"trace_id":"7dddef1e-57ee-40f7-b9d2-cf4e06004965","is_console_command":true,"request_path":"POST payments/Car/update-new","request_ip":"127.0.0.1","user_agent":"Symfony","execution_time_ms":null,"feature":"update-payment"} {"feature":"update-payment","code":"CAR-ABCDEF12345"}
[2026-02-09 11:00:24] testing.INFO: Master payment code: CAR-ABCDEF12345 quote payment status updated from  to 14 {"trace_id":"7dddef1e-57ee-40f7-b9d2-cf4e06004965","is_console_command":true,"request_path":"POST payments/Car/update-new","request_ip":"127.0.0.1","user_agent":"Symfony","execution_time_ms":null,"feature":"update-payment"} {"feature":"update-payment","code":"CAR-ABCDEF12345"}
[2026-02-09 11:00:24] testing.INFO: Master payment code: CAR-ABCDEF12345 quote payment status updated from  to 14 {"trace_id":"7dddef1e-57ee-40f7-b9d2-cf4e06004965","is_console_command":true,"request_path":"POST payments/Car/update-new","request_ip":"127.0.0.1","user_agent":"Symfony","execution_time_ms":null,"feature":"update-payment"} {"feature":"update-payment","code":"CAR-ABCDEF12345"}
[2026-02-09 11:00:24] testing.INFO: Payment update process completed for code: CAR-ABCDEF12345 {"trace_id":"7dddef1e-57ee-40f7-b9d2-cf4e06004965","is_console_command":true,"request_path":"POST payments/Car/update-new","request_ip":"127.0.0.1","user_agent":"Symfony","execution_time_ms":null,"feature":"update-payment"} {"feature":"update-payment","code":"CAR-ABCDEF12345"}
[2026-02-09 11:00:24] testing.INFO: Payment update process completed for code: CAR-ABCDEF12345 {"trace_id":"7dddef1e-57ee-40f7-b9d2-cf4e06004965","is_console_command":true,"request_path":"POST payments/Car/update-new","request_ip":"127.0.0.1","user_agent":"Symfony","execution_time_ms":null,"feature":"update-payment"} {"feature":"update-payment","code":"CAR-ABCDEF12345"}
[2026-02-09 11:00:24] testing.INFO: Payment:Observer - Starting VAT calculation for payment code: CAR-ABCDEF12345 {"trace_id":"09f06ddb-d14e-4172-9d90-7c6b64824b5e","is_console_command":true} 
[2026-02-09 11:00:24] testing.INFO: Payment:Observer - Starting VAT calculation for payment code: CAR-ABCDEF12345 {"trace_id":"09f06ddb-d14e-4172-9d90-7c6b64824b5e","is_console_command":true,"extra":"{\"total_price\":1000}"} 
[2026-02-09 11:00:24] testing.INFO: Payment:Observer - Other quote type detected for payment code: CAR-ABCDEF12345 {"trace_id":"09f06ddb-d14e-4172-9d90-7c6b64824b5e","is_console_command":true} 
[2026-02-09 11:00:24] testing.INFO: Payment:Observer - Other quote type detected for payment code: CAR-ABCDEF12345 {"trace_id":"09f06ddb-d14e-4172-9d90-7c6b64824b5e","is_console_command":true} 
[2026-02-09 11:00:24] testing.INFO: SplitPaymentService - Processing ecommLob quote for payment code: CAR-ABCDEF12345 {"trace_id":"09f06ddb-d14e-4172-9d90-7c6b64824b5e","is_console_command":true} 
[2026-02-09 11:00:24] testing.INFO: SplitPaymentService - Processing ecommLob quote for payment code: CAR-ABCDEF12345 {"trace_id":"09f06ddb-d14e-4172-9d90-7c6b64824b5e","is_console_command":true,"extra":"{\"modelType\":\"Car\",\"computedPrice\":1000}"} 
[2026-02-09 11:00:24] testing.INFO: SplitPaymentService - ecommLob VAT calculation for payment code: CAR-ABCDEF12345 {"trace_id":"09f06ddb-d14e-4172-9d90-7c6b64824b5e","is_console_command":true} 
[2026-02-09 11:00:24] testing.INFO: SplitPaymentService - ecommLob VAT calculation for payment code: CAR-ABCDEF12345 {"trace_id":"09f06ddb-d14e-4172-9d90-7c6b64824b5e","is_console_command":true,"extra":"{\"modelType\":\"Car\",\"priceWithoutVat\":952.3809523809523,\"vat\":47.61904761904761}"} 
[2026-02-09 11:00:24] testing.INFO: SplitPaymentService - Final price after adding non-applicable VAT amount for payment code: CAR-ABCDEF12345 {"trace_id":"09f06ddb-d14e-4172-9d90-7c6b64824b5e","is_console_command":true} 
[2026-02-09 11:00:24] testing.INFO: SplitPaymentService - Final price after adding non-applicable VAT amount for payment code: CAR-ABCDEF12345 {"trace_id":"09f06ddb-d14e-4172-9d90-7c6b64824b5e","is_console_command":true,"extra":"{\"final_priceWithoutVat\":952.3809523809523,\"priceVatNotApplicable\":0,\"vat\":47.61904761904761}"} 
[2026-02-09 11:00:24] testing.INFO: Payment:Observer - VAT calculation completed for payment code: CAR-ABCDEF12345 {"trace_id":"09f06ddb-d14e-4172-9d90-7c6b64824b5e","is_console_command":true} 
[2026-02-09 11:00:24] testing.INFO: Payment:Observer - VAT calculation completed for payment code: CAR-ABCDEF12345 {"trace_id":"09f06ddb-d14e-4172-9d90-7c6b64824b5e","is_console_command":true,"extra":"{\"price_without_vat\":952.38,\"vat\":47.62,\"total_price\":1000,\"model_type\":\"Car\",\"quote_id\":1,\"send_update_log_id\":null}"} 
[2026-02-09 11:00:24] testing.INFO: Payment:Observer complete - update VAT and Price  for payment code: CAR-ABCDEF12345 {"trace_id":"09f06ddb-d14e-4172-9d90-7c6b64824b5e","is_console_command":true} 
[2026-02-09 11:00:24] testing.INFO: Payment:Observer complete - update VAT and Price  for payment code: CAR-ABCDEF12345 {"trace_id":"09f06ddb-d14e-4172-9d90-7c6b64824b5e","is_console_command":true} 
[2026-02-09 11:00:24] testing.INFO: PaymentSplits:Observer - Starting VAT calculation for payment code: CAR-ABCDEF12345 {"trace_id":"09f06ddb-d14e-4172-9d90-7c6b64824b5e","is_console_command":true} 
[2026-02-09 11:00:24] testing.INFO: PaymentSplits:Observer - Starting VAT calculation for payment code: CAR-ABCDEF12345 {"trace_id":"09f06ddb-d14e-4172-9d90-7c6b64824b5e","is_console_command":true,"extra":"{\"sr_no\":1}"} 
[2026-02-09 11:00:24] testing.INFO: PaymentSplits:Observer - Found non perosnal for payment code: CAR-ABCDEF12345 {"trace_id":"09f06ddb-d14e-4172-9d90-7c6b64824b5e","is_console_command":true} 
[2026-02-09 11:00:24] testing.INFO: PaymentSplits:Observer - Found non perosnal for payment code: CAR-ABCDEF12345 {"trace_id":"09f06ddb-d14e-4172-9d90-7c6b64824b5e","is_console_command":true,"extra":"{\"sr_no\":1}"} 
[2026-02-09 11:00:24] testing.INFO: PaymentSplits:Observer - Applied discount to first split for payment code: CAR-ABCDEF12345 {"trace_id":"09f06ddb-d14e-4172-9d90-7c6b64824b5e","is_console_command":true} 
[2026-02-09 11:00:24] testing.INFO: PaymentSplits:Observer - Applied discount to first split for payment code: CAR-ABCDEF12345 {"trace_id":"09f06ddb-d14e-4172-9d90-7c6b64824b5e","is_console_command":true,"extra":"{\"sr_no\":1,\"original_amount\":1000,\"discount_value\":0,\"final_split_amount\":1000}"} 
[2026-02-09 11:00:24] testing.INFO: PaymentSplits:Observer - Calculating price and VAT for payment code: CAR-ABCDEF12345 {"trace_id":"09f06ddb-d14e-4172-9d90-7c6b64824b5e","is_console_command":true} 
[2026-02-09 11:00:24] testing.INFO: PaymentSplits:Observer - Calculating price and VAT for payment code: CAR-ABCDEF12345 {"trace_id":"09f06ddb-d14e-4172-9d90-7c6b64824b5e","is_console_command":true,"extra":"{\"sr_no\":1,\"total_payments\":1,\"frequency\":\"upfront\",\"total_price\":1000,\"split_amount\":1000}"} 
[2026-02-09 11:00:24] testing.INFO: SplitPaymentService - Processing ecommLob quote for payment code: CAR-ABCDEF12345 {"trace_id":"09f06ddb-d14e-4172-9d90-7c6b64824b5e","is_console_command":true} 
[2026-02-09 11:00:24] testing.INFO: SplitPaymentService - Processing ecommLob quote for payment code: CAR-ABCDEF12345 {"trace_id":"09f06ddb-d14e-4172-9d90-7c6b64824b5e","is_console_command":true,"extra":"{\"modelType\":\"Car\",\"computedPrice\":1000}"} 
[2026-02-09 11:00:24] testing.INFO: SplitPaymentService - ecommLob VAT calculation for payment code: CAR-ABCDEF12345 {"trace_id":"09f06ddb-d14e-4172-9d90-7c6b64824b5e","is_console_command":true} 
[2026-02-09 11:00:24] testing.INFO: SplitPaymentService - ecommLob VAT calculation for payment code: CAR-ABCDEF12345 {"trace_id":"09f06ddb-d14e-4172-9d90-7c6b64824b5e","is_console_command":true,"extra":"{\"modelType\":\"Car\",\"priceWithoutVat\":952.3809523809523,\"vat\":47.61904761904761}"} 
[2026-02-09 11:00:24] testing.INFO: SplitPaymentService - Final price after adding non-applicable VAT amount for payment code: CAR-ABCDEF12345 {"trace_id":"09f06ddb-d14e-4172-9d90-7c6b64824b5e","is_console_command":true} 
[2026-02-09 11:00:24] testing.INFO: SplitPaymentService - Final price after adding non-applicable VAT amount for payment code: CAR-ABCDEF12345 {"trace_id":"09f06ddb-d14e-4172-9d90-7c6b64824b5e","is_console_command":true,"extra":"{\"final_priceWithoutVat\":952.3809523809523,\"priceVatNotApplicable\":0,\"vat\":47.61904761904761}"} 
[2026-02-09 11:00:24] testing.INFO: PaymentSplits:Observer - VAT calculation completed for payment code: CAR-ABCDEF12345 {"trace_id":"09f06ddb-d14e-4172-9d90-7c6b64824b5e","is_console_command":true} 
[2026-02-09 11:00:24] testing.INFO: PaymentSplits:Observer - VAT calculation completed for payment code: CAR-ABCDEF12345 {"trace_id":"09f06ddb-d14e-4172-9d90-7c6b64824b5e","is_console_command":true,"extra":"{\"sr_no\":1,\"price_without_vat\":952.38,\"vat\":47.62}"} 
[2026-02-09 11:00:24] testing.INFO: PaymentSplits:Observer - Payment split updated for payment code: CAR-ABCDEF12345 {"trace_id":"09f06ddb-d14e-4172-9d90-7c6b64824b5e","is_console_command":true} 
[2026-02-09 11:00:24] testing.INFO: PaymentSplits:Observer - Payment split updated for payment code: CAR-ABCDEF12345 {"trace_id":"09f06ddb-d14e-4172-9d90-7c6b64824b5e","is_console_command":true,"extra":"{\"sr_no\":1}"} 
[2026-02-09 11:00:24] testing.INFO: PaymentSplits:Observer - Starting VAT calculation for payment code: CAR-ABCDEF12345 {"trace_id":"09f06ddb-d14e-4172-9d90-7c6b64824b5e","is_console_command":true} 
[2026-02-09 11:00:24] testing.INFO: PaymentSplits:Observer - Starting VAT calculation for payment code: CAR-ABCDEF12345 {"trace_id":"09f06ddb-d14e-4172-9d90-7c6b64824b5e","is_console_command":true,"extra":"{\"sr_no\":1}"} 
[2026-02-09 11:00:24] testing.INFO: PaymentSplits:Observer - Found non perosnal for payment code: CAR-ABCDEF12345 {"trace_id":"09f06ddb-d14e-4172-9d90-7c6b64824b5e","is_console_command":true} 
[2026-02-09 11:00:24] testing.INFO: PaymentSplits:Observer - Found non perosnal for payment code: CAR-ABCDEF12345 {"trace_id":"09f06ddb-d14e-4172-9d90-7c6b64824b5e","is_console_command":true,"extra":"{\"sr_no\":1}"} 
[2026-02-09 11:00:24] testing.INFO: PaymentSplits:Observer - Applied discount to first split for payment code: CAR-ABCDEF12345 {"trace_id":"09f06ddb-d14e-4172-9d90-7c6b64824b5e","is_console_command":true} 
[2026-02-09 11:00:24] testing.INFO: PaymentSplits:Observer - Applied discount to first split for payment code: CAR-ABCDEF12345 {"trace_id":"09f06ddb-d14e-4172-9d90-7c6b64824b5e","is_console_command":true,"extra":"{\"sr_no\":1,\"original_amount\":1000,\"discount_value\":0,\"final_split_amount\":1000}"} 
[2026-02-09 11:00:24] testing.INFO: PaymentSplits:Observer - Calculating price and VAT for payment code: CAR-ABCDEF12345 {"trace_id":"09f06ddb-d14e-4172-9d90-7c6b64824b5e","is_console_command":true} 
[2026-02-09 11:00:24] testing.INFO: PaymentSplits:Observer - Calculating price and VAT for payment code: CAR-ABCDEF12345 {"trace_id":"09f06ddb-d14e-4172-9d90-7c6b64824b5e","is_console_command":true,"extra":"{\"sr_no\":1,\"total_payments\":1,\"frequency\":\"upfront\",\"total_price\":1000,\"split_amount\":1000}"} 
[2026-02-09 11:00:24] testing.INFO: SplitPaymentService - Processing ecommLob quote for payment code: CAR-ABCDEF12345 {"trace_id":"09f06ddb-d14e-4172-9d90-7c6b64824b5e","is_console_command":true} 
[2026-02-09 11:00:24] testing.INFO: SplitPaymentService - Processing ecommLob quote for payment code: CAR-ABCDEF12345 {"trace_id":"09f06ddb-d14e-4172-9d90-7c6b64824b5e","is_console_command":true,"extra":"{\"modelType\":\"Car\",\"computedPrice\":1000}"} 
[2026-02-09 11:00:24] testing.INFO: SplitPaymentService - ecommLob VAT calculation for payment code: CAR-ABCDEF12345 {"trace_id":"09f06ddb-d14e-4172-9d90-7c6b64824b5e","is_console_command":true} 
[2026-02-09 11:00:24] testing.INFO: SplitPaymentService - ecommLob VAT calculation for payment code: CAR-ABCDEF12345 {"trace_id":"09f06ddb-d14e-4172-9d90-7c6b64824b5e","is_console_command":true,"extra":"{\"modelType\":\"Car\",\"priceWithoutVat\":952.3809523809523,\"vat\":47.61904761904761}"} 
[2026-02-09 11:00:24] testing.INFO: SplitPaymentService - Final price after adding non-applicable VAT amount for payment code: CAR-ABCDEF12345 {"trace_id":"09f06ddb-d14e-4172-9d90-7c6b64824b5e","is_console_command":true} 
[2026-02-09 11:00:24] testing.INFO: SplitPaymentService - Final price after adding non-applicable VAT amount for payment code: CAR-ABCDEF12345 {"trace_id":"09f06ddb-d14e-4172-9d90-7c6b64824b5e","is_console_command":true,"extra":"{\"final_priceWithoutVat\":952.3809523809523,\"priceVatNotApplicable\":0,\"vat\":47.61904761904761}"} 
[2026-02-09 11:00:24] testing.INFO: PaymentSplits:Observer - VAT calculation completed for payment code: CAR-ABCDEF12345 {"trace_id":"09f06ddb-d14e-4172-9d90-7c6b64824b5e","is_console_command":true} 
[2026-02-09 11:00:24] testing.INFO: PaymentSplits:Observer - VAT calculation completed for payment code: CAR-ABCDEF12345 {"trace_id":"09f06ddb-d14e-4172-9d90-7c6b64824b5e","is_console_command":true,"extra":"{\"sr_no\":1,\"price_without_vat\":952.38,\"vat\":47.62}"} 
[2026-02-09 11:00:24] testing.INFO: PaymentSplits:Observer - Payment split updated for payment code: CAR-ABCDEF12345 {"trace_id":"09f06ddb-d14e-4172-9d90-7c6b64824b5e","is_console_command":true} 
[2026-02-09 11:00:24] testing.INFO: PaymentSplits:Observer - Payment split updated for payment code: CAR-ABCDEF12345 {"trace_id":"09f06ddb-d14e-4172-9d90-7c6b64824b5e","is_console_command":true,"extra":"{\"sr_no\":1}"} 
[2026-02-09 11:00:24] testing.INFO: fn:checkInsurerReceiptNumber - Receipt number does not exist: INS-REC-NONEXISTENT {"trace_id":"06f12fdc-0ace-4de5-b8c1-fcd57eb2c407","is_console_command":true,"request_path":"POST payments/Car/check-insurer-receipt-number","request_ip":"127.0.0.1","user_agent":"Symfony","execution_time_ms":null,"response_status":422} 
[2026-02-09 11:00:24] testing.INFO: fn:checkInsurerReceiptNumber - Receipt number does not exist: INS-REC-NONEXISTENT {"trace_id":"06f12fdc-0ace-4de5-b8c1-fcd57eb2c407","is_console_command":true,"request_path":"POST payments/Car/check-insurer-receipt-number","request_ip":"127.0.0.1","user_agent":"Symfony","execution_time_ms":null,"response_status":422} 
[2026-02-09 11:00:24] testing.INFO: fn:checkInsurerReceiptNumber - Receipt number already exists: INS-REC-EXISTING {"trace_id":"290d434d-52d0-4f02-90db-98f74f47ac41","is_console_command":true,"request_path":"POST payments/Car/check-insurer-receipt-number","request_ip":"127.0.0.1","user_agent":"Symfony","execution_time_ms":null,"response_status":200} 
[2026-02-09 11:00:24] testing.INFO: fn:checkInsurerReceiptNumber - Receipt number already exists: INS-REC-EXISTING {"trace_id":"290d434d-52d0-4f02-90db-98f74f47ac41","is_console_command":true,"request_path":"POST payments/Car/check-insurer-receipt-number","request_ip":"127.0.0.1","user_agent":"Symfony","execution_time_ms":null,"response_status":200} 
[2026-02-09 11:00:25] testing.INFO: Payment:Observer - Starting VAT calculation for payment code: CAR-ABCDEF12345 {"trace_id":"099a7c41-ae4a-4eab-9adf-6d665c63a0cb","is_console_command":true} 
[2026-02-09 11:00:25] testing.INFO: Payment:Observer - Starting VAT calculation for payment code: CAR-ABCDEF12345 {"trace_id":"099a7c41-ae4a-4eab-9adf-6d665c63a0cb","is_console_command":true,"extra":"{\"total_price\":1000}"} 
[2026-02-09 11:00:25] testing.INFO: Payment:Observer - Other quote type detected for payment code: CAR-ABCDEF12345 {"trace_id":"099a7c41-ae4a-4eab-9adf-6d665c63a0cb","is_console_command":true} 
[2026-02-09 11:00:25] testing.INFO: Payment:Observer - Other quote type detected for payment code: CAR-ABCDEF12345 {"trace_id":"099a7c41-ae4a-4eab-9adf-6d665c63a0cb","is_console_command":true} 
[2026-02-09 11:00:25] testing.INFO: SplitPaymentService - Processing ecommLob quote for payment code: CAR-ABCDEF12345 {"trace_id":"099a7c41-ae4a-4eab-9adf-6d665c63a0cb","is_console_command":true} 
[2026-02-09 11:00:25] testing.INFO: SplitPaymentService - Processing ecommLob quote for payment code: CAR-ABCDEF12345 {"trace_id":"099a7c41-ae4a-4eab-9adf-6d665c63a0cb","is_console_command":true,"extra":"{\"modelType\":\"Car\",\"computedPrice\":1000}"} 
[2026-02-09 11:00:25] testing.INFO: SplitPaymentService - ecommLob VAT calculation for payment code: CAR-ABCDEF12345 {"trace_id":"099a7c41-ae4a-4eab-9adf-6d665c63a0cb","is_console_command":true} 
[2026-02-09 11:00:25] testing.INFO: SplitPaymentService - ecommLob VAT calculation for payment code: CAR-ABCDEF12345 {"trace_id":"099a7c41-ae4a-4eab-9adf-6d665c63a0cb","is_console_command":true,"extra":"{\"modelType\":\"Car\",\"priceWithoutVat\":952.3809523809523,\"vat\":47.61904761904761}"} 
[2026-02-09 11:00:25] testing.INFO: SplitPaymentService - Final price after adding non-applicable VAT amount for payment code: CAR-ABCDEF12345 {"trace_id":"099a7c41-ae4a-4eab-9adf-6d665c63a0cb","is_console_command":true} 
[2026-02-09 11:00:25] testing.INFO: SplitPaymentService - Final price after adding non-applicable VAT amount for payment code: CAR-ABCDEF12345 {"trace_id":"099a7c41-ae4a-4eab-9adf-6d665c63a0cb","is_console_command":true,"extra":"{\"final_priceWithoutVat\":952.3809523809523,\"priceVatNotApplicable\":0,\"vat\":47.61904761904761}"} 
[2026-02-09 11:00:25] testing.INFO: Payment:Observer - VAT calculation completed for payment code: CAR-ABCDEF12345 {"trace_id":"099a7c41-ae4a-4eab-9adf-6d665c63a0cb","is_console_command":true} 
[2026-02-09 11:00:25] testing.INFO: Payment:Observer - VAT calculation completed for payment code: CAR-ABCDEF12345 {"trace_id":"099a7c41-ae4a-4eab-9adf-6d665c63a0cb","is_console_command":true,"extra":"{\"price_without_vat\":952.38,\"vat\":47.62,\"total_price\":1000,\"model_type\":\"Car\",\"quote_id\":1,\"send_update_log_id\":null}"} 
[2026-02-09 11:00:25] testing.INFO: Payment:Observer complete - update VAT and Price  for payment code: CAR-ABCDEF12345 {"trace_id":"099a7c41-ae4a-4eab-9adf-6d665c63a0cb","is_console_command":true} 
[2026-02-09 11:00:25] testing.INFO: Payment:Observer complete - update VAT and Price  for payment code: CAR-ABCDEF12345 {"trace_id":"099a7c41-ae4a-4eab-9adf-6d665c63a0cb","is_console_command":true} 
[2026-02-09 11:00:25] testing.INFO: PaymentSplits:Observer - Starting VAT calculation for payment code: CAR-ABCDEF12345 {"trace_id":"099a7c41-ae4a-4eab-9adf-6d665c63a0cb","is_console_command":true} 
[2026-02-09 11:00:25] testing.INFO: PaymentSplits:Observer - Starting VAT calculation for payment code: CAR-ABCDEF12345 {"trace_id":"099a7c41-ae4a-4eab-9adf-6d665c63a0cb","is_console_command":true,"extra":"{\"sr_no\":1}"} 
[2026-02-09 11:00:25] testing.INFO: PaymentSplits:Observer - Found non perosnal for payment code: CAR-ABCDEF12345 {"trace_id":"099a7c41-ae4a-4eab-9adf-6d665c63a0cb","is_console_command":true} 
[2026-02-09 11:00:25] testing.INFO: PaymentSplits:Observer - Found non perosnal for payment code: CAR-ABCDEF12345 {"trace_id":"099a7c41-ae4a-4eab-9adf-6d665c63a0cb","is_console_command":true,"extra":"{\"sr_no\":1}"} 
[2026-02-09 11:00:25] testing.INFO: PaymentSplits:Observer - Applied discount to first split for payment code: CAR-ABCDEF12345 {"trace_id":"099a7c41-ae4a-4eab-9adf-6d665c63a0cb","is_console_command":true} 
[2026-02-09 11:00:25] testing.INFO: PaymentSplits:Observer - Applied discount to first split for payment code: CAR-ABCDEF12345 {"trace_id":"099a7c41-ae4a-4eab-9adf-6d665c63a0cb","is_console_command":true,"extra":"{\"sr_no\":1,\"original_amount\":1000,\"discount_value\":0,\"final_split_amount\":1000}"} 
[2026-02-09 11:00:25] testing.INFO: PaymentSplits:Observer - Calculating price and VAT for payment code: CAR-ABCDEF12345 {"trace_id":"099a7c41-ae4a-4eab-9adf-6d665c63a0cb","is_console_command":true} 
[2026-02-09 11:00:25] testing.INFO: PaymentSplits:Observer - Calculating price and VAT for payment code: CAR-ABCDEF12345 {"trace_id":"099a7c41-ae4a-4eab-9adf-6d665c63a0cb","is_console_command":true,"extra":"{\"sr_no\":1,\"total_payments\":1,\"frequency\":\"upfront\",\"total_price\":1000,\"split_amount\":1000}"} 
[2026-02-09 11:00:25] testing.INFO: SplitPaymentService - Processing ecommLob quote for payment code: CAR-ABCDEF12345 {"trace_id":"099a7c41-ae4a-4eab-9adf-6d665c63a0cb","is_console_command":true} 
[2026-02-09 11:00:25] testing.INFO: SplitPaymentService - Processing ecommLob quote for payment code: CAR-ABCDEF12345 {"trace_id":"099a7c41-ae4a-4eab-9adf-6d665c63a0cb","is_console_command":true,"extra":"{\"modelType\":\"Car\",\"computedPrice\":1000}"} 
[2026-02-09 11:00:25] testing.INFO: SplitPaymentService - ecommLob VAT calculation for payment code: CAR-ABCDEF12345 {"trace_id":"099a7c41-ae4a-4eab-9adf-6d665c63a0cb","is_console_command":true} 
[2026-02-09 11:00:25] testing.INFO: SplitPaymentService - ecommLob VAT calculation for payment code: CAR-ABCDEF12345 {"trace_id":"099a7c41-ae4a-4eab-9adf-6d665c63a0cb","is_console_command":true,"extra":"{\"modelType\":\"Car\",\"priceWithoutVat\":952.3809523809523,\"vat\":47.61904761904761}"} 
[2026-02-09 11:00:25] testing.INFO: SplitPaymentService - Final price after adding non-applicable VAT amount for payment code: CAR-ABCDEF12345 {"trace_id":"099a7c41-ae4a-4eab-9adf-6d665c63a0cb","is_console_command":true} 
[2026-02-09 11:00:25] testing.INFO: SplitPaymentService - Final price after adding non-applicable VAT amount for payment code: CAR-ABCDEF12345 {"trace_id":"099a7c41-ae4a-4eab-9adf-6d665c63a0cb","is_console_command":true,"extra":"{\"final_priceWithoutVat\":952.3809523809523,\"priceVatNotApplicable\":0,\"vat\":47.61904761904761}"} 
[2026-02-09 11:00:25] testing.INFO: PaymentSplits:Observer - VAT calculation completed for payment code: CAR-ABCDEF12345 {"trace_id":"099a7c41-ae4a-4eab-9adf-6d665c63a0cb","is_console_command":true} 
[2026-02-09 11:00:25] testing.INFO: PaymentSplits:Observer - VAT calculation completed for payment code: CAR-ABCDEF12345 {"trace_id":"099a7c41-ae4a-4eab-9adf-6d665c63a0cb","is_console_command":true,"extra":"{\"sr_no\":1,\"price_without_vat\":952.38,\"vat\":47.62}"} 
[2026-02-09 11:00:25] testing.INFO: PaymentSplits:Observer - Payment split updated for payment code: CAR-ABCDEF12345 {"trace_id":"099a7c41-ae4a-4eab-9adf-6d665c63a0cb","is_console_command":true} 
[2026-02-09 11:00:25] testing.INFO: PaymentSplits:Observer - Payment split updated for payment code: CAR-ABCDEF12345 {"trace_id":"099a7c41-ae4a-4eab-9adf-6d665c63a0cb","is_console_command":true,"extra":"{\"sr_no\":1}"} 
[2026-02-09 11:00:25] testing.INFO: App\Repositories\PaymentRepository fn:fetchSplitPaymentApproveDecline Child payment code: CAR-ABCDEF12345 with serial no: 1 trigger creation of Premium Sage receipt  :  {"trace_id":"325ec466-f47e-491e-9aeb-954a42cdaf11","is_console_command":true,"request_path":"POST payments/Car/split-payment-approve-decline","request_ip":"127.0.0.1","user_agent":"Symfony","execution_time_ms":null,"feature":"approve-decline-child-payment","$shouldCreatePrepaymentPremiumReceipt":false} {"feature":"approve-decline-child-payment"}
[2026-02-09 11:00:25] testing.INFO: App\Repositories\PaymentRepository fn:fetchSplitPaymentApproveDecline Child payment code: CAR-ABCDEF12345 with serial no: 1 trigger creation of Premium Sage receipt  :  {"trace_id":"325ec466-f47e-491e-9aeb-954a42cdaf11","is_console_command":true,"request_path":"POST payments/Car/split-payment-approve-decline","request_ip":"127.0.0.1","user_agent":"Symfony","execution_time_ms":null,"feature":"approve-decline-child-payment","$shouldCreatePrepaymentPremiumReceipt":false} {"feature":"approve-decline-child-payment"}
[2026-02-09 11:00:25] testing.INFO: Split payment approval started for code: CAR-ABCDEF12345, SR No: 1 {"trace_id":"325ec466-f47e-491e-9aeb-954a42cdaf11","is_console_command":true,"request_path":"POST payments/Car/split-payment-approve-decline","request_ip":"127.0.0.1","user_agent":"Symfony","execution_time_ms":null,"feature":"approve-decline-child-payment"} {"feature":"approve-decline-child-payment"}
[2026-02-09 11:00:25] testing.INFO: Split payment approval started for code: CAR-ABCDEF12345, SR No: 1 {"trace_id":"325ec466-f47e-491e-9aeb-954a42cdaf11","is_console_command":true,"request_path":"POST payments/Car/split-payment-approve-decline","request_ip":"127.0.0.1","user_agent":"Symfony","execution_time_ms":null,"feature":"approve-decline-child-payment"} {"feature":"approve-decline-child-payment"}
[2026-02-09 11:00:25] testing.INFO: PaymentSplits:Observer - Starting VAT calculation for payment code: CAR-ABCDEF12345 {"trace_id":"325ec466-f47e-491e-9aeb-954a42cdaf11","is_console_command":true,"request_path":"POST payments/Car/split-payment-approve-decline","request_ip":"127.0.0.1","user_agent":"Symfony","execution_time_ms":null,"feature":"approve-decline-child-payment"} {"feature":"approve-decline-child-payment"}
[2026-02-09 11:00:25] testing.INFO: PaymentSplits:Observer - Starting VAT calculation for payment code: CAR-ABCDEF12345 {"trace_id":"325ec466-f47e-491e-9aeb-954a42cdaf11","is_console_command":true,"request_path":"POST payments/Car/split-payment-approve-decline","request_ip":"127.0.0.1","user_agent":"Symfony","execution_time_ms":null,"feature":"approve-decline-child-payment","extra":"{\"sr_no\":1}"} {"feature":"approve-decline-child-payment"}
[2026-02-09 11:00:25] testing.INFO: PaymentSplits:Observer - Found non perosnal for payment code: CAR-ABCDEF12345 {"trace_id":"325ec466-f47e-491e-9aeb-954a42cdaf11","is_console_command":true,"request_path":"POST payments/Car/split-payment-approve-decline","request_ip":"127.0.0.1","user_agent":"Symfony","execution_time_ms":null,"feature":"approve-decline-child-payment"} {"feature":"approve-decline-child-payment"}
[2026-02-09 11:00:25] testing.INFO: PaymentSplits:Observer - Found non perosnal for payment code: CAR-ABCDEF12345 {"trace_id":"325ec466-f47e-491e-9aeb-954a42cdaf11","is_console_command":true,"request_path":"POST payments/Car/split-payment-approve-decline","request_ip":"127.0.0.1","user_agent":"Symfony","execution_time_ms":null,"feature":"approve-decline-child-payment","extra":"{\"sr_no\":1}"} {"feature":"approve-decline-child-payment"}
[2026-02-09 11:00:25] testing.INFO: PaymentSplits:Observer - Applied discount to first split for payment code: CAR-ABCDEF12345 {"trace_id":"325ec466-f47e-491e-9aeb-954a42cdaf11","is_console_command":true,"request_path":"POST payments/Car/split-payment-approve-decline","request_ip":"127.0.0.1","user_agent":"Symfony","execution_time_ms":null,"feature":"approve-decline-child-payment"} {"feature":"approve-decline-child-payment"}
[2026-02-09 11:00:25] testing.INFO: PaymentSplits:Observer - Applied discount to first split for payment code: CAR-ABCDEF12345 {"trace_id":"325ec466-f47e-491e-9aeb-954a42cdaf11","is_console_command":true,"request_path":"POST payments/Car/split-payment-approve-decline","request_ip":"127.0.0.1","user_agent":"Symfony","execution_time_ms":null,"feature":"approve-decline-child-payment","extra":"{\"sr_no\":1,\"original_amount\":1000,\"discount_value\":0,\"final_split_amount\":1000}"} {"feature":"approve-decline-child-payment"}
[2026-02-09 11:00:25] testing.INFO: PaymentSplits:Observer - Calculating price and VAT for payment code: CAR-ABCDEF12345 {"trace_id":"325ec466-f47e-491e-9aeb-954a42cdaf11","is_console_command":true,"request_path":"POST payments/Car/split-payment-approve-decline","request_ip":"127.0.0.1","user_agent":"Symfony","execution_time_ms":null,"feature":"approve-decline-child-payment"} {"feature":"approve-decline-child-payment"}
[2026-02-09 11:00:25] testing.INFO: PaymentSplits:Observer - Calculating price and VAT for payment code: CAR-ABCDEF12345 {"trace_id":"325ec466-f47e-491e-9aeb-954a42cdaf11","is_console_command":true,"request_path":"POST payments/Car/split-payment-approve-decline","request_ip":"127.0.0.1","user_agent":"Symfony","execution_time_ms":null,"feature":"approve-decline-child-payment","extra":"{\"sr_no\":1,\"total_payments\":1,\"frequency\":\"upfront\",\"total_price\":1000,\"split_amount\":1000}"} {"feature":"approve-decline-child-payment"}
[2026-02-09 11:00:25] testing.INFO: SplitPaymentService - Processing ecommLob quote for payment code: CAR-ABCDEF12345 {"trace_id":"325ec466-f47e-491e-9aeb-954a42cdaf11","is_console_command":true,"request_path":"POST payments/Car/split-payment-approve-decline","request_ip":"127.0.0.1","user_agent":"Symfony","execution_time_ms":null,"feature":"approve-decline-child-payment"} {"feature":"approve-decline-child-payment"}
[2026-02-09 11:00:25] testing.INFO: SplitPaymentService - Processing ecommLob quote for payment code: CAR-ABCDEF12345 {"trace_id":"325ec466-f47e-491e-9aeb-954a42cdaf11","is_console_command":true,"request_path":"POST payments/Car/split-payment-approve-decline","request_ip":"127.0.0.1","user_agent":"Symfony","execution_time_ms":null,"feature":"approve-decline-child-payment","extra":"{\"modelType\":\"Car\",\"computedPrice\":1000}"} {"feature":"approve-decline-child-payment"}
[2026-02-09 11:00:25] testing.INFO: SplitPaymentService - ecommLob VAT calculation for payment code: CAR-ABCDEF12345 {"trace_id":"325ec466-f47e-491e-9aeb-954a42cdaf11","is_console_command":true,"request_path":"POST payments/Car/split-payment-approve-decline","request_ip":"127.0.0.1","user_agent":"Symfony","execution_time_ms":null,"feature":"approve-decline-child-payment"} {"feature":"approve-decline-child-payment"}
[2026-02-09 11:00:25] testing.INFO: SplitPaymentService - ecommLob VAT calculation for payment code: CAR-ABCDEF12345 {"trace_id":"325ec466-f47e-491e-9aeb-954a42cdaf11","is_console_command":true,"request_path":"POST payments/Car/split-payment-approve-decline","request_ip":"127.0.0.1","user_agent":"Symfony","execution_time_ms":null,"feature":"approve-decline-child-payment","extra":"{\"modelType\":\"Car\",\"priceWithoutVat\":952.3809523809523,\"vat\":47.61904761904761}"} {"feature":"approve-decline-child-payment"}
[2026-02-09 11:00:25] testing.INFO: SplitPaymentService - Final price after adding non-applicable VAT amount for payment code: CAR-ABCDEF12345 {"trace_id":"325ec466-f47e-491e-9aeb-954a42cdaf11","is_console_command":true,"request_path":"POST payments/Car/split-payment-approve-decline","request_ip":"127.0.0.1","user_agent":"Symfony","execution_time_ms":null,"feature":"approve-decline-child-payment"} {"feature":"approve-decline-child-payment"}
[2026-02-09 11:00:25] testing.INFO: SplitPaymentService - Final price after adding non-applicable VAT amount for payment code: CAR-ABCDEF12345 {"trace_id":"325ec466-f47e-491e-9aeb-954a42cdaf11","is_console_command":true,"request_path":"POST payments/Car/split-payment-approve-decline","request_ip":"127.0.0.1","user_agent":"Symfony","execution_time_ms":null,"feature":"approve-decline-child-payment","extra":"{\"final_priceWithoutVat\":952.3809523809523,\"priceVatNotApplicable\":0,\"vat\":47.61904761904761}"} {"feature":"approve-decline-child-payment"}
[2026-02-09 11:00:25] testing.INFO: PaymentSplits:Observer - VAT calculation completed for payment code: CAR-ABCDEF12345 {"trace_id":"325ec466-f47e-491e-9aeb-954a42cdaf11","is_console_command":true,"request_path":"POST payments/Car/split-payment-approve-decline","request_ip":"127.0.0.1","user_agent":"Symfony","execution_time_ms":null,"feature":"approve-decline-child-payment"} {"feature":"approve-decline-child-payment"}
[2026-02-09 11:00:25] testing.INFO: PaymentSplits:Observer - VAT calculation completed for payment code: CAR-ABCDEF12345 {"trace_id":"325ec466-f47e-491e-9aeb-954a42cdaf11","is_console_command":true,"request_path":"POST payments/Car/split-payment-approve-decline","request_ip":"127.0.0.1","user_agent":"Symfony","execution_time_ms":null,"feature":"approve-decline-child-payment","extra":"{\"sr_no\":1,\"price_without_vat\":952.38,\"vat\":47.62}"} {"feature":"approve-decline-child-payment"}
[2026-02-09 11:00:25] testing.INFO: PaymentSplits:Observer - Payment split updated for payment code: CAR-ABCDEF12345 {"trace_id":"325ec466-f47e-491e-9aeb-954a42cdaf11","is_console_command":true,"request_path":"POST payments/Car/split-payment-approve-decline","request_ip":"127.0.0.1","user_agent":"Symfony","execution_time_ms":null,"feature":"approve-decline-child-payment"} {"feature":"approve-decline-child-payment"}
[2026-02-09 11:00:25] testing.INFO: PaymentSplits:Observer - Payment split updated for payment code: CAR-ABCDEF12345 {"trace_id":"325ec466-f47e-491e-9aeb-954a42cdaf11","is_console_command":true,"request_path":"POST payments/Car/split-payment-approve-decline","request_ip":"127.0.0.1","user_agent":"Symfony","execution_time_ms":null,"feature":"approve-decline-child-payment","extra":"{\"sr_no\":1}"} {"feature":"approve-decline-child-payment"}
[2026-02-09 11:00:25] testing.INFO: Split payment approval completed successfully - code: CAR-ABCDEF12345, SR No: 1 {"trace_id":"325ec466-f47e-491e-9aeb-954a42cdaf11","is_console_command":true,"request_path":"POST payments/Car/split-payment-approve-decline","request_ip":"127.0.0.1","user_agent":"Symfony","execution_time_ms":null,"feature":"approve-decline-child-payment"} {"feature":"approve-decline-child-payment"}
[2026-02-09 11:00:25] testing.INFO: Split payment approval completed successfully - code: CAR-ABCDEF12345, SR No: 1 {"trace_id":"325ec466-f47e-491e-9aeb-954a42cdaf11","is_console_command":true,"request_path":"POST payments/Car/split-payment-approve-decline","request_ip":"127.0.0.1","user_agent":"Symfony","execution_time_ms":null,"feature":"approve-decline-child-payment"} {"feature":"approve-decline-child-payment"}
[2026-02-09 11:00:25] testing.INFO: Master payment code: CAR-ABCDEF12345 - setMasterPaymentStatus called {"trace_id":"325ec466-f47e-491e-9aeb-954a42cdaf11","is_console_command":true,"request_path":"POST payments/Car/split-payment-approve-decline","request_ip":"127.0.0.1","user_agent":"Symfony","execution_time_ms":null,"feature":"approve-decline-child-payment"} {"feature":"approve-decline-child-payment"}
[2026-02-09 11:00:25] testing.INFO: Master payment code: CAR-ABCDEF12345 - setMasterPaymentStatus called {"trace_id":"325ec466-f47e-491e-9aeb-954a42cdaf11","is_console_command":true,"request_path":"POST payments/Car/split-payment-approve-decline","request_ip":"127.0.0.1","user_agent":"Symfony","execution_time_ms":null,"feature":"approve-decline-child-payment"} {"feature":"approve-decline-child-payment"}
[2026-02-09 11:00:25] testing.INFO: Payment:Observer - Payment status changed to 10 for payment code: CAR-ABCDEF12345 {"trace_id":"325ec466-f47e-491e-9aeb-954a42cdaf11","is_console_command":true,"request_path":"POST payments/Car/split-payment-approve-decline","request_ip":"127.0.0.1","user_agent":"Symfony","execution_time_ms":null,"feature":"approve-decline-child-payment"} {"feature":"approve-decline-child-payment"}
[2026-02-09 11:00:25] testing.INFO: Payment:Observer - Payment status changed to 10 for payment code: CAR-ABCDEF12345 {"trace_id":"325ec466-f47e-491e-9aeb-954a42cdaf11","is_console_command":true,"request_path":"POST payments/Car/split-payment-approve-decline","request_ip":"127.0.0.1","user_agent":"Symfony","execution_time_ms":null,"feature":"approve-decline-child-payment"} {"feature":"approve-decline-child-payment"}
[2026-02-09 11:00:25] testing.INFO: Master payment code: CAR-ABCDEF12345 - Payment status updated from 14 to 10 {"trace_id":"325ec466-f47e-491e-9aeb-954a42cdaf11","is_console_command":true,"request_path":"POST payments/Car/split-payment-approve-decline","request_ip":"127.0.0.1","user_agent":"Symfony","execution_time_ms":null,"feature":"approve-decline-child-payment"} {"feature":"approve-decline-child-payment"}
[2026-02-09 11:00:25] testing.INFO: Master payment code: CAR-ABCDEF12345 - Payment status updated from 14 to 10 {"trace_id":"325ec466-f47e-491e-9aeb-954a42cdaf11","is_console_command":true,"request_path":"POST payments/Car/split-payment-approve-decline","request_ip":"127.0.0.1","user_agent":"Symfony","execution_time_ms":null,"feature":"approve-decline-child-payment"} {"feature":"approve-decline-child-payment"}
[2026-02-09 11:00:25] testing.INFO: Master payment code: CAR-ABCDEF12345 - Quote type: App\Models\CarQuote {"trace_id":"325ec466-f47e-491e-9aeb-954a42cdaf11","is_console_command":true,"request_path":"POST payments/Car/split-payment-approve-decline","request_ip":"127.0.0.1","user_agent":"Symfony","execution_time_ms":null,"feature":"approve-decline-child-payment"} {"feature":"approve-decline-child-payment"}
[2026-02-09 11:00:25] testing.INFO: Master payment code: CAR-ABCDEF12345 - Quote type: App\Models\CarQuote {"trace_id":"325ec466-f47e-491e-9aeb-954a42cdaf11","is_console_command":true,"request_path":"POST payments/Car/split-payment-approve-decline","request_ip":"127.0.0.1","user_agent":"Symfony","execution_time_ms":null,"feature":"approve-decline-child-payment"} {"feature":"approve-decline-child-payment"}
[2026-02-09 11:00:25] testing.WARNING: Quote not synced from quote_sync table, uuid: ABCDEF12345 {"trace_id":"325ec466-f47e-491e-9aeb-954a42cdaf11","is_console_command":true,"request_path":"POST payments/Car/split-payment-approve-decline","request_ip":"127.0.0.1","user_agent":"Symfony","execution_time_ms":null,"feature":"approve-decline-child-payment"} {"feature":"approve-decline-child-payment"}
[2026-02-09 11:00:25] testing.WARNING: Quote not synced from quote_sync table, uuid: ABCDEF12345 {"trace_id":"325ec466-f47e-491e-9aeb-954a42cdaf11","is_console_command":true,"request_path":"POST payments/Car/split-payment-approve-decline","request_ip":"127.0.0.1","user_agent":"Symfony","execution_time_ms":null,"feature":"approve-decline-child-payment"} {"feature":"approve-decline-child-payment"}
[2026-02-09 11:00:25] testing.INFO: Master payment code: CAR-ABCDEF12345 quote payment status updated from  to 10 {"trace_id":"325ec466-f47e-491e-9aeb-954a42cdaf11","is_console_command":true,"request_path":"POST payments/Car/split-payment-approve-decline","request_ip":"127.0.0.1","user_agent":"Symfony","execution_time_ms":null,"feature":"approve-decline-child-payment"} {"feature":"approve-decline-child-payment"}
[2026-02-09 11:00:25] testing.INFO: Master payment code: CAR-ABCDEF12345 quote payment status updated from  to 10 {"trace_id":"325ec466-f47e-491e-9aeb-954a42cdaf11","is_console_command":true,"request_path":"POST payments/Car/split-payment-approve-decline","request_ip":"127.0.0.1","user_agent":"Symfony","execution_time_ms":null,"feature":"approve-decline-child-payment"} {"feature":"approve-decline-child-payment"}
[2026-02-09 11:00:26] testing.INFO: fn:fetchByQuoteTypeMapping - Start - InsuranceProviderRepository {"trace_id":"35614927-8345-4136-b152-860381c3acf3","is_console_command":true,"request_path":"GET quotes/travel","request_ip":"127.0.0.1","user_agent":"Symfony","execution_time_ms":null} 
[2026-02-09 11:00:26] testing.INFO: fn:fetchByQuoteTypeMapping - Start - InsuranceProviderRepository {"trace_id":"35614927-8345-4136-b152-860381c3acf3","is_console_command":true,"request_path":"GET quotes/travel","request_ip":"127.0.0.1","user_agent":"Symfony","execution_time_ms":null} 
[2026-02-09 11:00:26] testing.INFO: Driver Emirates ID data processor started {"trace_id":"3538f047-c974-4bb4-ae21-ab44b7a2378c","is_console_command":true} 
[2026-02-09 11:00:26] testing.INFO: Driver Emirates ID data processor started {"trace_id":"3538f047-c974-4bb4-ae21-ab44b7a2378c","is_console_command":true} 
[2026-02-09 11:00:26] testing.INFO: VehicleDriverDetail updated/created successfully for Driver Emirates ID {"trace_id":"3538f047-c974-4bb4-ae21-ab44b7a2378c","is_console_command":true} 
[2026-02-09 11:00:26] testing.INFO: VehicleDriverDetail updated/created successfully for Driver Emirates ID {"trace_id":"3538f047-c974-4bb4-ae21-ab44b7a2378c","is_console_command":true} 
[2026-02-09 11:00:26] testing.INFO: Driver Emirates ID data validation result for document type: DRIVER_EID is: true {"trace_id":"3538f047-c974-4bb4-ae21-ab44b7a2378c","is_console_command":true} 
[2026-02-09 11:00:26] testing.INFO: Driver Emirates ID data validation result for document type: DRIVER_EID is: true {"trace_id":"3538f047-c974-4bb4-ae21-ab44b7a2378c","is_console_command":true,"extra":"{\"eid_number\":\"784-1985-1234567-1\",\"driver_name\":\"John Doe Smith\",\"date_of_birth\":\"1985-05-15\",\"nationality\":\"United Arab Emirates\",\"sex\":\"male\",\"ocr_processed_at\":\"2026-02-09 11:00:26\",\"ocr_model\":null,\"ocr_provider\":null}"} 
[2026-02-09 11:00:26] testing.INFO: Driver Emirates ID data processing completed successfully {"trace_id":"3538f047-c974-4bb4-ae21-ab44b7a2378c","is_console_command":true} 
[2026-02-09 11:00:26] testing.INFO: Driver Emirates ID data processing completed successfully {"trace_id":"3538f047-c974-4bb4-ae21-ab44b7a2378c","is_console_command":true} 
[2026-02-09 11:00:26] testing.INFO: Driver Emirates ID data processor started {"trace_id":"28b699fa-9742-4460-91b9-e251ae000eab","is_console_command":true} 
[2026-02-09 11:00:26] testing.INFO: Driver Emirates ID data processor started {"trace_id":"28b699fa-9742-4460-91b9-e251ae000eab","is_console_command":true} 
[2026-02-09 11:00:27] testing.INFO: VehicleDriverDetail updated/created successfully for Driver Emirates ID {"trace_id":"28b699fa-9742-4460-91b9-e251ae000eab","is_console_command":true} 
[2026-02-09 11:00:27] testing.INFO: VehicleDriverDetail updated/created successfully for Driver Emirates ID {"trace_id":"28b699fa-9742-4460-91b9-e251ae000eab","is_console_command":true} 
[2026-02-09 11:00:27] testing.INFO: Getting nationality ID for nationality: United Arab Emirates {"trace_id":"28b699fa-9742-4460-91b9-e251ae000eab","is_console_command":true} 
[2026-02-09 11:00:27] testing.INFO: Getting nationality ID for nationality: United Arab Emirates {"trace_id":"28b699fa-9742-4460-91b9-e251ae000eab","is_console_command":true} 
[2026-02-09 11:00:27] testing.WARNING: Quote not synced from quote_sync table, uuid: 59102cf6-fb27-3843-a48e-068d3329e8c1 {"trace_id":"28b699fa-9742-4460-91b9-e251ae000eab","is_console_command":true} 
[2026-02-09 11:00:27] testing.WARNING: Quote not synced from quote_sync table, uuid: 59102cf6-fb27-3843-a48e-068d3329e8c1 {"trace_id":"28b699fa-9742-4460-91b9-e251ae000eab","is_console_command":true} 
[2026-02-09 11:00:27] testing.INFO: CarQuote updated successfully with Driver Emirates ID {"trace_id":"28b699fa-9742-4460-91b9-e251ae000eab","is_console_command":true} 
[2026-02-09 11:00:27] testing.INFO: CarQuote updated successfully with Driver Emirates ID {"trace_id":"28b699fa-9742-4460-91b9-e251ae000eab","is_console_command":true} 
[2026-02-09 11:00:27] testing.INFO: Driver Emirates ID data validation result for document type: DRIVER_EID is: true {"trace_id":"28b699fa-9742-4460-91b9-e251ae000eab","is_console_command":true} 
[2026-02-09 11:00:27] testing.INFO: Driver Emirates ID data validation result for document type: DRIVER_EID is: true {"trace_id":"28b699fa-9742-4460-91b9-e251ae000eab","is_console_command":true,"extra":"{\"eid_number\":\"784-1985-1234567-1\",\"driver_name\":\"Jane Smith\",\"date_of_birth\":\"1990-08-20\",\"nationality\":\"United Arab Emirates\",\"sex\":\"female\",\"ocr_processed_at\":\"2026-02-09 11:00:26\",\"ocr_model\":null,\"ocr_provider\":null}"} 
[2026-02-09 11:00:27] testing.INFO: Driver Emirates ID data processing completed successfully {"trace_id":"28b699fa-9742-4460-91b9-e251ae000eab","is_console_command":true} 
[2026-02-09 11:00:27] testing.INFO: Driver Emirates ID data processing completed successfully {"trace_id":"28b699fa-9742-4460-91b9-e251ae000eab","is_console_command":true} 
[2026-02-09 11:00:27] testing.INFO: Driver Emirates ID data processor started {"trace_id":"28e26e0c-3f37-4f8f-acee-721446feae64","is_console_command":true} 
[2026-02-09 11:00:27] testing.INFO: Driver Emirates ID data processor started {"trace_id":"28e26e0c-3f37-4f8f-acee-721446feae64","is_console_command":true} 
[2026-02-09 11:00:27] testing.INFO: VehicleDriverDetail updated/created successfully for Driver Emirates ID {"trace_id":"28e26e0c-3f37-4f8f-acee-721446feae64","is_console_command":true} 
[2026-02-09 11:00:27] testing.INFO: VehicleDriverDetail updated/created successfully for Driver Emirates ID {"trace_id":"28e26e0c-3f37-4f8f-acee-721446feae64","is_console_command":true} 
[2026-02-09 11:00:27] testing.INFO: Driver Emirates ID data validation result for document type: DRIVER_EID is: true {"trace_id":"28e26e0c-3f37-4f8f-acee-721446feae64","is_console_command":true} 
[2026-02-09 11:00:27] testing.INFO: Driver Emirates ID data validation result for document type: DRIVER_EID is: true {"trace_id":"28e26e0c-3f37-4f8f-acee-721446feae64","is_console_command":true,"extra":"{\"eid_number\":\"784-1985-1234567-1\",\"driver_name\":\"Bob Johnson\",\"date_of_birth\":\"1988-03-10\",\"nationality\":\"United Arab Emirates\",\"sex\":\"male\",\"ocr_processed_at\":\"2026-02-09 11:00:27\",\"ocr_model\":null,\"ocr_provider\":null}"} 
[2026-02-09 11:00:27] testing.INFO: Driver Emirates ID data processing completed successfully {"trace_id":"28e26e0c-3f37-4f8f-acee-721446feae64","is_console_command":true} 
[2026-02-09 11:00:27] testing.INFO: Driver Emirates ID data processing completed successfully {"trace_id":"28e26e0c-3f37-4f8f-acee-721446feae64","is_console_command":true} 
[2026-02-09 11:00:27] testing.INFO: Driver Emirates ID data processor started {"trace_id":"63779f5f-5753-40ef-a272-ad4d37a56a2c","is_console_command":true} 
[2026-02-09 11:00:27] testing.INFO: Driver Emirates ID data processor started {"trace_id":"63779f5f-5753-40ef-a272-ad4d37a56a2c","is_console_command":true} 
[2026-02-09 11:00:27] testing.INFO: VehicleDriverDetail - No OCR data to update for Driver Emirates ID {"trace_id":"63779f5f-5753-40ef-a272-ad4d37a56a2c","is_console_command":true} 
[2026-02-09 11:00:27] testing.INFO: VehicleDriverDetail - No OCR data to update for Driver Emirates ID {"trace_id":"63779f5f-5753-40ef-a272-ad4d37a56a2c","is_console_command":true} 
[2026-02-09 11:00:27] testing.INFO: Driver Emirates ID data validation result for document type: DRIVER_EID is: false {"trace_id":"63779f5f-5753-40ef-a272-ad4d37a56a2c","is_console_command":true} 
[2026-02-09 11:00:27] testing.INFO: Driver Emirates ID data validation result for document type: DRIVER_EID is: false {"trace_id":"63779f5f-5753-40ef-a272-ad4d37a56a2c","is_console_command":true,"extra":"{\"eid_number\":null,\"driver_name\":null,\"date_of_birth\":null,\"nationality\":null,\"sex\":null,\"ocr_processed_at\":\"2026-02-09 11:00:27\",\"ocr_model\":null,\"ocr_provider\":null}"} 
[2026-02-09 11:00:27] testing.INFO: Driver Emirates ID data processing completed successfully {"trace_id":"63779f5f-5753-40ef-a272-ad4d37a56a2c","is_console_command":true} 
[2026-02-09 11:00:27] testing.INFO: Driver Emirates ID data processing completed successfully {"trace_id":"63779f5f-5753-40ef-a272-ad4d37a56a2c","is_console_command":true} 
[2026-02-09 11:00:27] testing.INFO: Driver Emirates ID data processor started {"trace_id":"dc92a5ef-52be-4fd3-b459-a415a27b5875","is_console_command":true} 
[2026-02-09 11:00:27] testing.INFO: Driver Emirates ID data processor started {"trace_id":"dc92a5ef-52be-4fd3-b459-a415a27b5875","is_console_command":true} 
[2026-02-09 11:00:27] testing.INFO: VehicleDriverDetail - No OCR data to update for Driver Emirates ID {"trace_id":"dc92a5ef-52be-4fd3-b459-a415a27b5875","is_console_command":true} 
[2026-02-09 11:00:27] testing.INFO: VehicleDriverDetail - No OCR data to update for Driver Emirates ID {"trace_id":"dc92a5ef-52be-4fd3-b459-a415a27b5875","is_console_command":true} 
[2026-02-09 11:00:27] testing.INFO: Driver Emirates ID data validation result for document type: DRIVER_EID is: false {"trace_id":"dc92a5ef-52be-4fd3-b459-a415a27b5875","is_console_command":true} 
[2026-02-09 11:00:27] testing.INFO: Driver Emirates ID data validation result for document type: DRIVER_EID is: false {"trace_id":"dc92a5ef-52be-4fd3-b459-a415a27b5875","is_console_command":true,"extra":"{\"eid_number\":null,\"driver_name\":null,\"date_of_birth\":null,\"nationality\":null,\"sex\":null,\"ocr_processed_at\":\"2026-02-09 11:00:27\",\"ocr_model\":null,\"ocr_provider\":null}"} 
[2026-02-09 11:00:27] testing.INFO: Driver Emirates ID data processing completed successfully {"trace_id":"dc92a5ef-52be-4fd3-b459-a415a27b5875","is_console_command":true} 
[2026-02-09 11:00:27] testing.INFO: Driver Emirates ID data processing completed successfully {"trace_id":"dc92a5ef-52be-4fd3-b459-a415a27b5875","is_console_command":true} 
[2026-02-09 11:00:27] testing.INFO: Driver Emirates ID data processor started {"trace_id":"5cb4a002-c9d1-4bde-8049-67c2b65034c3","is_console_command":true} 
[2026-02-09 11:00:27] testing.INFO: Driver Emirates ID data processor started {"trace_id":"5cb4a002-c9d1-4bde-8049-67c2b65034c3","is_console_command":true} 
[2026-02-09 11:00:27] testing.INFO: VehicleDriverDetail updated/created successfully for Driver Emirates ID {"trace_id":"5cb4a002-c9d1-4bde-8049-67c2b65034c3","is_console_command":true} 
[2026-02-09 11:00:27] testing.INFO: VehicleDriverDetail updated/created successfully for Driver Emirates ID {"trace_id":"5cb4a002-c9d1-4bde-8049-67c2b65034c3","is_console_command":true} 
[2026-02-09 11:00:27] testing.INFO: Driver Emirates ID data validation result for document type: DRIVER_EID is: true {"trace_id":"5cb4a002-c9d1-4bde-8049-67c2b65034c3","is_console_command":true} 
[2026-02-09 11:00:27] testing.INFO: Driver Emirates ID data validation result for document type: DRIVER_EID is: true {"trace_id":"5cb4a002-c9d1-4bde-8049-67c2b65034c3","is_console_command":true,"extra":"{\"eid_number\":\"784-1985-1234567-1\",\"driver_name\":null,\"date_of_birth\":null,\"nationality\":null,\"sex\":\"female\",\"ocr_processed_at\":\"2026-02-09 11:00:27\",\"ocr_model\":null,\"ocr_provider\":null}"} 
[2026-02-09 11:00:27] testing.INFO: Driver Emirates ID data processing completed successfully {"trace_id":"5cb4a002-c9d1-4bde-8049-67c2b65034c3","is_console_command":true} 
[2026-02-09 11:00:27] testing.INFO: Driver Emirates ID data processing completed successfully {"trace_id":"5cb4a002-c9d1-4bde-8049-67c2b65034c3","is_console_command":true} 
[2026-02-09 11:00:27] testing.INFO: Driver Emirates ID data processor started {"trace_id":"2bc3d974-34a9-49dc-b576-b165e619ba09","is_console_command":true} 
[2026-02-09 11:00:27] testing.INFO: Driver Emirates ID data processor started {"trace_id":"2bc3d974-34a9-49dc-b576-b165e619ba09","is_console_command":true} 
[2026-02-09 11:00:27] testing.INFO: VehicleDriverDetail updated/created successfully for Driver Emirates ID {"trace_id":"2bc3d974-34a9-49dc-b576-b165e619ba09","is_console_command":true} 
[2026-02-09 11:00:27] testing.INFO: VehicleDriverDetail updated/created successfully for Driver Emirates ID {"trace_id":"2bc3d974-34a9-49dc-b576-b165e619ba09","is_console_command":true} 
[2026-02-09 11:00:27] testing.INFO: Getting nationality ID for nationality: United Arab Emirates {"trace_id":"2bc3d974-34a9-49dc-b576-b165e619ba09","is_console_command":true} 
[2026-02-09 11:00:27] testing.INFO: Getting nationality ID for nationality: United Arab Emirates {"trace_id":"2bc3d974-34a9-49dc-b576-b165e619ba09","is_console_command":true} 
[2026-02-09 11:00:27] testing.WARNING: Quote not synced from quote_sync table, uuid: 027b889e-4f1a-3c7c-bccf-9fb747da0e30 {"trace_id":"2bc3d974-34a9-49dc-b576-b165e619ba09","is_console_command":true} 
[2026-02-09 11:00:27] testing.WARNING: Quote not synced from quote_sync table, uuid: 027b889e-4f1a-3c7c-bccf-9fb747da0e30 {"trace_id":"2bc3d974-34a9-49dc-b576-b165e619ba09","is_console_command":true} 
[2026-02-09 11:00:27] testing.INFO: CarQuote updated successfully with Driver Emirates ID {"trace_id":"2bc3d974-34a9-49dc-b576-b165e619ba09","is_console_command":true} 
[2026-02-09 11:00:27] testing.INFO: CarQuote updated successfully with Driver Emirates ID {"trace_id":"2bc3d974-34a9-49dc-b576-b165e619ba09","is_console_command":true} 
[2026-02-09 11:00:27] testing.INFO: Driver Emirates ID data validation result for document type: DRIVER_EID is: true {"trace_id":"2bc3d974-34a9-49dc-b576-b165e619ba09","is_console_command":true} 
[2026-02-09 11:00:27] testing.INFO: Driver Emirates ID data validation result for document type: DRIVER_EID is: true {"trace_id":"2bc3d974-34a9-49dc-b576-b165e619ba09","is_console_command":true,"extra":"{\"eid_number\":\"784-1985-1234567-1\",\"driver_name\":\"John Doe\",\"date_of_birth\":\"1985-05-15\",\"nationality\":\"United Arab Emirates\",\"sex\":\"male\",\"ocr_processed_at\":\"2026-02-09 11:00:27\",\"ocr_model\":null,\"ocr_provider\":null}"} 
[2026-02-09 11:00:27] testing.INFO: Driver Emirates ID data processing completed successfully {"trace_id":"2bc3d974-34a9-49dc-b576-b165e619ba09","is_console_command":true} 
[2026-02-09 11:00:27] testing.INFO: Driver Emirates ID data processing completed successfully {"trace_id":"2bc3d974-34a9-49dc-b576-b165e619ba09","is_console_command":true} 
[2026-02-09 11:00:27] testing.INFO: Driver Emirates ID data processor started {"trace_id":"af772967-06a1-4eb6-b586-edfe30489434","is_console_command":true} 
[2026-02-09 11:00:27] testing.INFO: Driver Emirates ID data processor started {"trace_id":"af772967-06a1-4eb6-b586-edfe30489434","is_console_command":true} 
[2026-02-09 11:00:27] testing.INFO: VehicleDriverDetail updated/created successfully for Driver Emirates ID {"trace_id":"af772967-06a1-4eb6-b586-edfe30489434","is_console_command":true} 
[2026-02-09 11:00:27] testing.INFO: VehicleDriverDetail updated/created successfully for Driver Emirates ID {"trace_id":"af772967-06a1-4eb6-b586-edfe30489434","is_console_command":true} 
[2026-02-09 11:00:27] testing.INFO: Driver Emirates ID data validation result for document type: DRIVER_EID is: true {"trace_id":"af772967-06a1-4eb6-b586-edfe30489434","is_console_command":true} 
[2026-02-09 11:00:27] testing.INFO: Driver Emirates ID data validation result for document type: DRIVER_EID is: true {"trace_id":"af772967-06a1-4eb6-b586-edfe30489434","is_console_command":true,"extra":"{\"eid_number\":\"784-1985-1234567-1\",\"driver_name\":null,\"date_of_birth\":null,\"nationality\":null,\"sex\":\"male\",\"ocr_processed_at\":\"2026-02-09 11:00:27\",\"ocr_model\":null,\"ocr_provider\":null}"} 
[2026-02-09 11:00:27] testing.INFO: Driver Emirates ID data processing completed successfully {"trace_id":"af772967-06a1-4eb6-b586-edfe30489434","is_console_command":true} 
[2026-02-09 11:00:27] testing.INFO: Driver Emirates ID data processing completed successfully {"trace_id":"af772967-06a1-4eb6-b586-edfe30489434","is_console_command":true} 
[2026-02-09 11:00:27] testing.INFO: Driver Emirates ID data processor started {"trace_id":"fc7fcc73-236e-450e-b127-54bc8dc8351e","is_console_command":true} 
[2026-02-09 11:00:27] testing.INFO: Driver Emirates ID data processor started {"trace_id":"fc7fcc73-236e-450e-b127-54bc8dc8351e","is_console_command":true} 
[2026-02-09 11:00:27] testing.INFO: VehicleDriverDetail updated/created successfully for Driver Emirates ID {"trace_id":"fc7fcc73-236e-450e-b127-54bc8dc8351e","is_console_command":true} 
[2026-02-09 11:00:27] testing.INFO: VehicleDriverDetail updated/created successfully for Driver Emirates ID {"trace_id":"fc7fcc73-236e-450e-b127-54bc8dc8351e","is_console_command":true} 
[2026-02-09 11:00:27] testing.INFO: Driver Emirates ID data validation result for document type: DRIVER_EID is: true {"trace_id":"fc7fcc73-236e-450e-b127-54bc8dc8351e","is_console_command":true} 
[2026-02-09 11:00:27] testing.INFO: Driver Emirates ID data validation result for document type: DRIVER_EID is: true {"trace_id":"fc7fcc73-236e-450e-b127-54bc8dc8351e","is_console_command":true,"extra":"{\"eid_number\":\"784-1985-1234567-1\",\"driver_name\":null,\"date_of_birth\":null,\"nationality\":null,\"sex\":null,\"ocr_processed_at\":\"2026-02-09 11:00:27\",\"ocr_model\":null,\"ocr_provider\":null}"} 
[2026-02-09 11:00:27] testing.INFO: Driver Emirates ID data processing completed successfully {"trace_id":"fc7fcc73-236e-450e-b127-54bc8dc8351e","is_console_command":true} 
[2026-02-09 11:00:27] testing.INFO: Driver Emirates ID data processing completed successfully {"trace_id":"fc7fcc73-236e-450e-b127-54bc8dc8351e","is_console_command":true} 
[2026-02-09 11:00:30] testing.ERROR: Error toggling policy issuance automation for quote {"ref_id":"eb3c9ea0-a275-325f-8fbf-fafbf1a17abf","feature":"disable-policy-issuance-automation"} {"feature":"disable-policy-issuance-automation"}
[2026-02-09 11:00:30] testing.ERROR: Error toggling policy issuance automation for quote {"ref_id":"eb3c9ea0-a275-325f-8fbf-fafbf1a17abf","feature":"disable-policy-issuance-automation","extra":"{\"error\":\"Something went wrong\",\"trace\":\"#0 \\/home\\/runner\\/work\\/blanka\\/blanka\\/vendor\\/pestphp\\/pest\\/src\\/Factories\\/TestCaseMethodFactory.php(168): P\\\\Tests\\\\Feature\\\\TogglePolicyIssuanceAutomationTest->{closure:\\/home\\/runner\\/work\\/blanka\\/blanka\\/tests\\/Feature\\/TogglePolicyIssuanceAutomationTest.php:237}()\\n#1 [internal function]: P\\\\Tests\\\\Feature\\\\TogglePolicyIssuanceAutomationTest->{closure:Pest\\\\Factories\\\\TestCaseMethodFactory::getClosure():158}()\\n#2 \\/home\\/runner\\/work\\/blanka\\/blanka\\/vendor\\/pestphp\\/pest\\/src\\/Concerns\\/Testable.php(419): call_user_func_array()\\n#3 \\/home\\/runner\\/work\\/blanka\\/blanka\\/vendor\\/pestphp\\/pest\\/src\\/Support\\/ExceptionTrace.php(26): P\\\\Tests\\\\Feature\\\\TogglePolicyIssuanceAutomationTest->{closure:Pest\\\\Concerns\\\\Testable::__callClosure():419}()\\n#4 \\/home\\/runner\\/work\\/blanka\\/blanka\\/vendor\\/pestphp\\/pest\\/src\\/Concerns\\/Testable.php(419): Pest\\\\Support\\\\ExceptionTrace::ensure()\\n#5 \\/home\\/runner\\/work\\/blanka\\/blanka\\/vendor\\/pestphp\\/pest\\/src\\/Concerns\\/Testable.php(321): P\\\\Tests\\\\Feature\\\\TogglePolicyIssuanceAutomationTest->__callClosure()\\n#6 \\/home\\/runner\\/work\\/blanka\\/blanka\\/vendor\\/pestphp\\/pest\\/src\\/Factories\\/TestCaseFactory.php(169) : eval()'d code(89): P\\\\Tests\\\\Feature\\\\TogglePolicyIssuanceAutomationTest->__runTest()\\n#7 \\/home\\/runner\\/work\\/blanka\\/blanka\\/vendor\\/phpunit\\/phpunit\\/src\\/Framework\\/TestCase.php(1656): P\\\\Tests\\\\Feature\\\\TogglePolicyIssuanceAutomationTest->__pest_evaluable_handles_exceptions_and_returns_500()\\n#8 \\/home\\/runner\\/work\\/blanka\\/blanka\\/vendor\\/phpunit\\/phpunit\\/src\\/Framework\\/TestCase.php(514): PHPUnit\\\\Framework\\\\TestCase->runTest()\\n#9 \\/home\\/runner\\/work\\/blanka\\/blanka\\/vendor\\/phpunit\\/phpunit\\/src\\/Framework\\/TestRunner\\/TestRunner.php(87): PHPUnit\\\\Framework\\\\TestCase->runBare()\\n#10 \\/home\\/runner\\/work\\/blanka\\/blanka\\/vendor\\/phpunit\\/phpunit\\/src\\/Framework\\/TestCase.php(361): PHPUnit\\\\Framework\\\\TestRunner->run()\\n#11 \\/home\\/runner\\/work\\/blanka\\/blanka\\/vendor\\/phpunit\\/phpunit\\/src\\/Framework\\/TestSuite.php(369): PHPUnit\\\\Framework\\\\TestCase->run()\\n#12 \\/home\\/runner\\/work\\/blanka\\/blanka\\/vendor\\/phpunit\\/phpunit\\/src\\/Framework\\/TestSuite.php(369): PHPUnit\\\\Framework\\\\TestSuite->run()\\n#13 \\/home\\/runner\\/work\\/blanka\\/blanka\\/vendor\\/phpunit\\/phpunit\\/src\\/Framework\\/TestSuite.php(369): PHPUnit\\\\Framework\\\\TestSuite->run()\\n#14 \\/home\\/runner\\/work\\/blanka\\/blanka\\/vendor\\/phpunit\\/phpunit\\/src\\/TextUI\\/TestRunner.php(64): PHPUnit\\\\Framework\\\\TestSuite->run()\\n#15 \\/home\\/runner\\/work\\/blanka\\/blanka\\/vendor\\/phpunit\\/phpunit\\/src\\/TextUI\\/Application.php(211): PHPUnit\\\\TextUI\\\\TestRunner->run()\\n#16 \\/home\\/runner\\/work\\/blanka\\/blanka\\/vendor\\/pestphp\\/pest\\/src\\/Kernel.php(103): PHPUnit\\\\TextUI\\\\Application->run()\\n#17 \\/home\\/runner\\/work\\/blanka\\/blanka\\/vendor\\/pestphp\\/pest\\/bin\\/pest(184): Pest\\\\Kernel->handle()\\n#18 \\/home\\/runner\\/work\\/blanka\\/blanka\\/vendor\\/pestphp\\/pest\\/bin\\/pest(192): {closure:\\/home\\/runner\\/work\\/blanka\\/blanka\\/vendor\\/pestphp\\/pest\\/bin\\/pest:18}()\\n#19 \\/home\\/runner\\/work\\/blanka\\/blanka\\/vendor\\/bin\\/pest(119): include('...')\\n#20 {main}\"}"} {"feature":"disable-policy-issuance-automation"}
[2026-02-09 11:00:31] testing.INFO: User with ID: 1 and email : test@example.com logged out. {"trace_id":"e28c5ac6-c79b-448c-9e91-3562e0623a33","is_console_command":true} 
[2026-02-09 11:00:31] testing.INFO: User with ID: 1 and email : test@example.com logged out. {"trace_id":"e28c5ac6-c79b-448c-9e91-3562e0623a33","is_console_command":true} 
[2026-02-09 11:00:31] testing.INFO: User with ID: 1 and email : test@example.com status changed to unavailable. {"trace_id":"e28c5ac6-c79b-448c-9e91-3562e0623a33","is_console_command":true} 
[2026-02-09 11:00:31] testing.INFO: User with ID: 1 and email : test@example.com status changed to unavailable. {"trace_id":"e28c5ac6-c79b-448c-9e91-3562e0623a33","is_console_command":true} 
[2026-02-09 11:00:31] testing.INFO: Dispatching SendManagerDeactivationAttemptEmailJob {"trace_id":"720bd9bc-63f1-4448-a1c0-ab143aa0de97","is_console_command":true,"request_path":"PUT admin/users/2","request_ip":"127.0.0.1","user_agent":"Symfony","execution_time_ms":null} 
[2026-02-09 11:00:31] testing.INFO: Dispatching SendManagerDeactivationAttemptEmailJob {"trace_id":"720bd9bc-63f1-4448-a1c0-ab143aa0de97","is_console_command":true,"request_path":"PUT admin/users/2","request_ip":"127.0.0.1","user_agent":"Symfony","execution_time_ms":null,"extra":"{\"manager_user_id\":2,\"subordinates_count\":1,\"attempted_by_user_id\":1}"} 
[2026-02-09 11:00:31] testing.INFO: Skipping SendManagerDeactivationAttemptEmailJob dispatch: manager has no subordinates {"trace_id":"f270d08e-21b1-444e-a989-9d0400b0f286","is_console_command":true,"request_path":"PUT admin/users/2","request_ip":"127.0.0.1","user_agent":"Symfony","execution_time_ms":null} 
[2026-02-09 11:00:31] testing.INFO: Skipping SendManagerDeactivationAttemptEmailJob dispatch: manager has no subordinates {"trace_id":"f270d08e-21b1-444e-a989-9d0400b0f286","is_console_command":true,"request_path":"PUT admin/users/2","request_ip":"127.0.0.1","user_agent":"Symfony","execution_time_ms":null,"extra":"{\"manager_user_id\":2}"} 
