_id,quote_id,quote_type,created_at
66e024810167c69792c5c0cc,W6WAUPZB,CAR,2024-09-10 14:50:41.903509+04:00
66e024c5f98b03153646abe2,6VHJPN8P,CAR,2024-09-10 14:51:49.096816+04:00
66e024faf98b03153646ac54,UJQ3VWZA,CAR,2024-09-10 14:52:42.586344+04:00
66e026a90035d10d8637bd86,NTMMME32,CAR,2024-09-10 14:59:53.860738+04:00
66e026b4106b1ea2b354e8d8,VBH9XJ9R,CAR,2024-09-10 15:00:04.345529+04:00
66e0271cf522c92591b1c4fa,VMK2JLLQ,CAR,2024-09-10 15:01:48.850916+04:00
66e0278adc4c254782b3ef71,7DNJ2DQ2,CAR,2024-09-10 15:03:38.111395+04:00
66e02887f522c92591b1c572,GZ55CVNP,CAR,2024-09-10 15:07:51.038874+04:00
66e028abf98b03153646ad33,C379GXT9,CAR,2024-09-10 15:08:27.180507+04:00
66e029ecdc4c254782b3f073,G2Z2UPS5,CAR,2024-09-10 15:13:48.627210+04:00
66e029fef98b03153646ad5b,YQBJESCD,CAR,2024-09-10 15:14:06.890167+04:00
66e02cb2f98b03153646af42,ZULG65QA,CAR,2024-09-10 15:25:38.065564+04:00
66e02dc9f98b03153646afeb,2N6UUGDW,CAR,2024-09-10 15:30:17.895009+04:00
66e02fb9106b1ea2b354e9de,F9GXNR3H,CAR,2024-09-10 15:38:32.991105+04:00
66e031bddc4c254782b3f390,E6XZLD7Q,CAR,2024-09-10 15:47:09.622095+04:00
66e0332edc4c254782b3f415,VGJXRDQL,CAR,2024-09-10 15:53:18.049531+04:00
66e033d2f98b03153646b0c7,8GJEMUKV,CAR,2024-09-10 15:56:02.190700+04:00
66e0345cf98b03153646b144,FXVCHZL9,CAR,2024-09-10 15:58:20.143571+04:00
66e034fbdc4c254782b3f4c4,579NAFNU,CAR,2024-09-10 16:00:59.280520+04:00
66e0352fdc4c254782b3f53c,BLN3QDLP,CAR,2024-09-10 16:01:51.121480+04:00
66e03567dc4c254782b3f61e,UQV9FWKM,CAR,2024-09-10 16:02:47.112130+04:00
66e0356d4b75a9fdfe1bec7c,2A8K9MJB,CAR,2024-09-10 16:02:52.999987+04:00
66e03594a3d6d5ecad46f760,WFZ2325J,CAR,2024-09-10 16:03:32.883697+04:00
66e035c4f98b03153646b1df,YB4A5X7S,CAR,2024-09-10 16:04:20.941690+04:00
66e036e54b75a9fdfe1bed3d,TLM3ESG4,CAR,2024-09-10 16:09:09.876854+04:00
66e03809f98b03153646b324,GWUWBN9D,CAR,2024-09-10 16:14:01.185489+04:00
66e03869f98b03153646b361,TJMHKWMA,CAR,2024-09-10 16:15:37.934589+04:00
66e038c2a3d6d5ecad46f816,L8ANYLD7,CAR,2024-09-10 16:17:05.996801+04:00
66e03955f98b03153646b3e4,X8B2K4WW,CAR,2024-09-10 16:19:33.327743+04:00
66e039ffdc4c254782b3f683,RLYYSGNY,CAR,2024-09-10 16:22:22.989359+04:00
66e03ae9dc4c254782b3f701,EYK9MUV9,CAR,2024-09-10 16:26:16.976175+04:00
66e03cf24b75a9fdfe1bee1a,ZLUULT9X,CAR,2024-09-10 16:34:58.130235+04:00
66e03d2da3d6d5ecad46f8c4,29WNGPHC,CAR,2024-09-10 16:35:57.828961+04:00
66e03d81dc4c254782b3f731,5SXJ87WY,CAR,2024-09-10 16:37:21.785425+04:00
66e0403ba3d6d5ecad46f952,KLTNLSFS,CAR,2024-09-10 16:48:59.395754+04:00
66e0409bc13e7532a9fe3746,RDXRZQDY,CAR,2024-09-10 16:50:35.562128+04:00
66e0422ff98b03153646b465,Y3TNSQH5,CAR,2024-09-10 16:57:19.873098+04:00
66e04534a3d6d5ecad46fb18,7XLQDX3T,CAR,2024-09-10 17:10:12.226353+04:00
66e04592a3d6d5ecad46fbb8,KB5C4EYC,CAR,2024-09-10 17:11:46.898275+04:00
66e04630f98b03153646b522,22DCSDUE,CAR,2024-09-10 17:14:24.250852+04:00
66e04717106b1ea2b354ec6c,97K5YU9C,CAR,2024-09-10 17:18:15.693458+04:00
66e04760dc4c254782b3f947,AU8E3AKU,CAR,2024-09-10 17:19:28.577109+04:00
66e0481ac13e7532a9fe37f0,5TQSA96A,CAR,2024-09-10 17:22:34.943814+04:00
66e04892106b1ea2b354ecd4,Y7LUR8US,CAR,2024-09-10 17:24:34.120276+04:00
66e0491bc13e7532a9fe385e,HDWNPBSC,CAR,2024-09-10 17:26:51.570192+04:00
66e04b01106b1ea2b354ed83,XTT9LXTJ,CAR,2024-09-10 17:34:57.490388+04:00
66e04c214b75a9fdfe1bef1b,RLFQZLED,CAR,2024-09-10 17:39:45.082009+04:00
66e04d2cf522c92591b1c877,CUFUZVG7,CAR,2024-09-10 17:44:12.588437+04:00
66e052b04b75a9fdfe1bf01c,4U49WP8E,CAR,2024-09-10 18:07:44.402494+04:00
66e052d4c13e7532a9fe39f2,T6UKRXV9,CAR,2024-09-10 18:08:20.700846+04:00
66e054b485ba9c13dcc3350b,39F45YM8,CAR,2024-09-10 18:16:20.692828+04:00
66e0554c85ba9c13dcc3358a,SENS5SWE,CAR,2024-09-10 18:18:52.163570+04:00
66e0555e85ba9c13dcc335f9,5TPQPRW5,CAR,2024-09-10 18:19:10.692726+04:00
66e057eda3d6d5ecad46fc08,F4TTZ825,CAR,2024-09-10 18:30:05.318893+04:00
66e0584172ce55e8713b6f3b,G663LXZ7,CAR,2024-09-10 18:31:29.599938+04:00
66e0587b106b1ea2b354ee49,DMP28894,CAR,2024-09-10 18:32:26.959619+04:00
66e058fa85ba9c13dcc336c2,JT8FEW2J,CAR,2024-09-10 18:34:34.830031+04:00
66e05d9b85ba9c13dcc33754,5QMPVF97,CAR,2024-09-10 18:54:19.007583+04:00
66e05e7cd3bc14f067f86bfe,9CT4CW3R,CAR,2024-09-10 18:58:04.718417+04:00
66e061c2045e46a1252205ec,YB492DV8,CAR,2024-09-10 19:12:02.835921+04:00
66e06211a3d6d5ecad46fca9,XF5CMNCV,CAR,2024-09-10 19:13:21.719349+04:00
66e062b91f8e16acbb7dc001,QRA9VHZB,CAR,2024-09-10 19:16:09.666129+04:00
66e06b2a9adaaabbdbde6e86,FP7CVCFS,CAR,2024-09-10 19:52:10.199307+04:00
66e06e8aa3d6d5ecad46fd38,MDYGKHDU,CAR,2024-09-10 20:06:34.759394+04:00
66e06eed85ba9c13dcc33922,T4RJHMPX,CAR,2024-09-10 20:08:13.220751+04:00
66e078caa3d6d5ecad46fe05,88GK43FD,CAR,2024-09-10 20:50:18.911233+04:00
66e079174c72c56bce6a217a,QVY2WMCN,CAR,2024-09-10 20:51:35.310863+04:00
66e079744403d0c1c63ccba9,ATVJK7XT,CAR,2024-09-10 20:53:08.239135+04:00
66e07a5517ef58abb3a7872e,PM282LM4,CAR,2024-09-10 20:56:53.722522+04:00
66e07f94168f405cf0d49382,59QP3JTE,CAR,2024-09-10 21:19:16.154625+04:00
66e0846317ef58abb3a788f6,ZUT7TJT6,CAR,2024-09-10 21:39:47.863722+04:00
66e0863c9adaaabbdbde6f68,CMPF789A,CAR,2024-09-10 21:47:40.625635+04:00
66e0882de7eb57d7efda4834,QNBBKVBE,CAR,2024-09-10 21:55:57.363717+04:00
66e089189adaaabbdbde6fe4,42GUTHW8,CAR,2024-09-10 21:59:52.794268+04:00
66e096a89adaaabbdbde709a,EV2KRFEW,CAR,2024-09-10 22:57:44.699124+04:00
66e098501f8e16acbb7dc17e,5FPLU9SR,CAR,2024-09-10 23:04:48.603505+04:00
66e09af94403d0c1c63cce6e,QWQGAJ7S,CAR,2024-09-10 23:16:09.779327+04:00
66e0a6b6e7eb57d7efda48ea,EK7XF9TV,CAR,2024-09-11 00:06:14.414949+04:00
66e0ba731f8e16acbb7dc216,TNKSTK9N,CAR,2024-09-11 01:30:27.210716+04:00
66e0d656d3bc14f067f870a8,WP9X4RCR,CAR,2024-09-11 03:29:26.698593+04:00
66e106abd3bc14f067f87184,428ZB6MZ,CAR,2024-09-11 06:55:39.628759+04:00
66e10c68d3bc14f067f87236,5FEA49CZ,CAR,2024-09-11 07:20:08.402432+04:00
66e10f32d3bc14f067f872d9,KH2U93QL,CAR,2024-09-11 07:32:02.003171+04:00
66e111e5d3bc14f067f8734f,HDJXFBAM,CAR,2024-09-11 07:43:33.590512+04:00
66e11287d3bc14f067f873cd,KEBP49AM,CAR,2024-09-11 07:46:15.499436+04:00
66e11b0c17ef58abb3a78ae4,CKZKEP95,CAR,2024-09-11 08:22:36.085957+04:00
66e11dd84403d0c1c63cd1c5,RU28B7RJ,CAR,2024-09-11 08:34:32.669045+04:00
66e1226e4403d0c1c63cd2c8,JLJEHZFC,CAR,2024-09-11 08:54:06.466522+04:00
66e122a84403d0c1c63cd338,B7M7GEV7,CAR,2024-09-11 08:55:04.671232+04:00
66e1279f9adaaabbdbde73fa,L8C3S3YK,CAR,2024-09-11 09:16:15.676661+04:00
66e12d9d4403d0c1c63cd56a,TVHFL95D,CAR,2024-09-11 09:41:49.600737+04:00
66e12ddec6df6f5023c1c86f,BKEML6VF,CAR,2024-09-11 09:42:54.950784+04:00
66e12e82c6df6f5023c1c8e1,G6BNA4VT,CAR,2024-09-11 09:45:38.490315+04:00
66e12f294403d0c1c63cd5cd,Z2C84Q6S,CAR,2024-09-11 09:48:25.744644+04:00
66e12fba4403d0c1c63cd64d,LAM3A9FB,CAR,2024-09-11 09:50:50.130416+04:00
66e12fca4403d0c1c63cd6bd,X9RD8TC4,CAR,2024-09-11 09:51:06.136701+04:00
66e13348ecd302e5ada71352,7ZUR6KGP,CAR,2024-09-11 10:06:00.334690+04:00
66e13556ecd302e5ada713e2,93TUPV9V,CAR,2024-09-11 10:14:46.694187+04:00
66e13788dc75b8f93702e50a,S378FHUF,CAR,2024-09-11 10:24:08.951989+04:00
66e137a517ef58abb3a78ba5,7XZK6EYA,CAR,2024-09-11 10:24:37.449045+04:00
66e137e8e7eb57d7efda49dd,P5A4MUQC,CAR,2024-09-11 10:25:44.745802+04:00
66e137ececd302e5ada7145c,S6KXSTFA,CAR,2024-09-11 10:25:48.803056+04:00
66e139e6fd82032d576455fd,ZJFHU2HJ,CAR,2024-09-11 10:34:14.087593+04:00
66e13a4ee7eb57d7efda4ae4,D72LPYAJ,CAR,2024-09-11 10:35:58.762180+04:00
66e13d8fdc75b8f93702e5fb,V5NTU9RA,CAR,2024-09-11 10:49:51.100159+04:00
66e13defdc75b8f93702e66b,Z6KP6BCP,CAR,2024-09-11 10:51:27.269696+04:00
66e13f4a17ef58abb3a78d2f,6QTUUAP2,CAR,2024-09-11 10:57:14.819766+04:00
66e1411fc6df6f5023c1cd00,SQHFBNB3,CAR,2024-09-11 11:05:02.982787+04:00
66e1443517ef58abb3a78e0d,4QXXDVXK,CAR,2024-09-11 11:18:13.004066+04:00
66e14498e7eb57d7efda4c8c,VLR9VWMN,CAR,2024-09-11 11:19:52.864040+04:00
66e1451e4c72c56bce6a2322,4C43JDW9,CAR,2024-09-11 11:22:06.047711+04:00
66e1453417ef58abb3a78ec2,MLSMPB73,CAR,2024-09-11 11:22:28.836429+04:00
66e14562ecd302e5ada7183d,HF33F68Y,CAR,2024-09-11 11:23:14.570993+04:00
66e14573c6df6f5023c1ce2f,UPP7SH29,CAR,2024-09-11 11:23:31.341856+04:00
66e14750862becba1e9283cf,YXZXLFP6,CAR,2024-09-11 11:31:28.215555+04:00
66e148ebcc948f45f0045847,J8RE3KZC,CAR,2024-09-11 11:38:19.370039+04:00
66e148ebecd302e5ada71a77,MNH6ABY7,CAR,2024-09-11 11:38:19.835534+04:00
66e1494fe51ff7219428ce22,MAHUW32N,CAR,2024-09-11 11:39:59.762729+04:00
66e149b0cc948f45f00458bf,8J9YN7YV,CAR,2024-09-11 11:41:36.795247+04:00
66e14b7aecd302e5ada71b64,FRWAXLZX,CAR,2024-09-11 11:49:14.472110+04:00
66e14badecd302e5ada71ba1,E3CCC62B,CAR,2024-09-11 11:50:05.393753+04:00
66e14c0ec6df6f5023c1d06d,WR8GMMVL,CAR,2024-09-11 11:51:42.085605+04:00
66e14d1fe51ff7219428cf0f,WXMSGNJ2,CAR,2024-09-11 11:56:15.416212+04:00
66e14d9a52d7d89aa6f3f391,QXD5YLMZ,CAR,2024-09-11 11:58:18.026906+04:00
66e14e355d95689219709419,5C324LAJ,CAR,2024-09-11 12:00:53.204756+04:00
66e14e6ae51ff7219428cf9e,S3ZEQF99,CAR,2024-09-11 12:01:46.476866+04:00
66e14f5d5d956892197094a5,722785LQ,CAR,2024-09-11 12:05:49.118648+04:00
66e14fcce51ff7219428cfb8,MVNXXTMT,CAR,2024-09-11 12:07:40.217367+04:00
66e151253bbfe7414667ae0a,X88G7THY,CAR,2024-09-11 12:13:25.167749+04:00
66e155a64c60fa36fed0ed87,6TFDXJBV,CAR,2024-09-11 12:32:38.051545+04:00
66e1563f616d1fc2ff3feb68,J5F43FBP,CAR,2024-09-11 12:35:11.540141+04:00
66e15688616d1fc2ff3febf1,QGY5JNSU,CAR,2024-09-11 12:36:24.038447+04:00
66e157d9616d1fc2ff3fec82,375U3WNA,CAR,2024-09-11 12:42:00.938370+04:00
66e15813f204145990f7bdfd,7KQRSHRM,CAR,2024-09-11 12:42:59.354228+04:00
66e158acb02f37a562e900c3,WLWEAZT9,CAR,2024-09-11 12:45:32.906221+04:00
66e15976f7f884140144f0e0,2447XXML,CAR,2024-09-11 12:48:54.294565+04:00
66e159d0616d1fc2ff3fed4e,4S9PY6W6,CAR,2024-09-11 12:50:24.628311+04:00
66e15a09b02f37a562e9025c,QXB3R3AD,CAR,2024-09-11 12:51:21.554885+04:00
66e15aa84230ffdfa25e34ac,NR2W625Y,CAR,2024-09-11 12:54:00.541741+04:00
66e15c914c60fa36fed0ee76,JGXVZCC2,CAR,2024-09-11 13:02:09.313410+04:00
66e15d4eb02f37a562e90352,SW3JBPAL,CAR,2024-09-11 13:05:18.286250+04:00
66e15dfcb02f37a562e903c0,NJTMVWWZ,CAR,2024-09-11 13:08:12.135290+04:00
66e15e42b02f37a562e903fa,QU4ESXWY,CAR,2024-09-11 13:09:22.422196+04:00
66e15e6952b79c6be8d288d1,B95F2G95,CAR,2024-09-11 13:10:01.466088+04:00
66e15e72b02f37a562e9046b,2GXCGHDU,CAR,2024-09-11 13:10:10.912742+04:00
66e16138b02f37a562e9052d,S9MC3ZWQ,CAR,2024-09-11 13:22:00.123943+04:00
66e16172b02f37a562e90561,QYDL3V9H,CAR,2024-09-11 13:22:58.820789+04:00
66e16215b02f37a562e9060b,639Q7VMN,CAR,2024-09-11 13:25:41.730743+04:00
66e162adb02f37a562e90627,7LQEJTV4,CAR,2024-09-11 13:28:13.672202+04:00
66e162bbb02f37a562e906c6,ASBPA9JQ,CAR,2024-09-11 13:28:27.622560+04:00
66e163a1616d1fc2ff3feee2,VWAMPXEE,CAR,2024-09-11 13:32:17.897781+04:00
66e164aff7f884140144f261,BYXGJEGX,CAR,2024-09-11 13:36:47.462983+04:00
66e1658db02f37a562e907c1,VUK3FCQZ,CAR,2024-09-11 13:40:29.052805+04:00
66e166a5616d1fc2ff3ff0ec,AVCK9JNY,CAR,2024-09-11 13:45:09.237112+04:00
66e166d7f7f884140144f2f1,JUWK5LYY,CAR,2024-09-11 13:45:59.929788+04:00
66e16754616d1fc2ff3ff169,J53NQE5D,CAR,2024-09-11 13:48:04.897996+04:00
66e1698eb02f37a562e908a0,DQER9PPH,CAR,2024-09-11 13:57:34.019645+04:00
66e16b42b02f37a562e90916,9WYDE3JS,CAR,2024-09-11 14:04:50.335806+04:00
66e16bb1616d1fc2ff3ff27a,26TM4BHE,CAR,2024-09-11 14:06:41.580904+04:00
66e16be4b02f37a562e90991,NGG3F9N5,CAR,2024-09-11 14:07:32.745687+04:00
66e16e76a904356ad456b4eb,8WPR72VT,CAR,2024-09-11 14:18:30.333455+04:00
66e16ebb0d0a1f21af31fcf3,TWA69WUG,CAR,2024-09-11 14:19:39.416020+04:00
66e170ce616d1fc2ff3ff36d,727F5H22,CAR,2024-09-11 14:28:30.537909+04:00
66e170ee0d0a1f21af31fd54,HKDQCZPU,CAR,2024-09-11 14:29:02.411240+04:00
66e17146f7f884140144f55c,AG4TUFUV,CAR,2024-09-11 14:30:30.000766+04:00
66e17167a904356ad456b562,TUMZHKUL,CAR,2024-09-11 14:31:03.015339+04:00
66e172c6616d1fc2ff3ff411,TTLVGWXX,CAR,2024-09-11 14:36:54.027920+04:00
66e1732ef7f884140144f58d,JAAB94VC,CAR,2024-09-11 14:38:38.581838+04:00
66e173620d0a1f21af31fe31,PFECNPKL,CAR,2024-09-11 14:39:30.127438+04:00
66e174650d0a1f21af31feac,KGYEWXHK,CAR,2024-09-11 14:43:49.126761+04:00
66e17568616d1fc2ff3ff516,M44VY3UX,CAR,2024-09-11 14:48:08.938829+04:00
66e175eaf7f884140144f623,W6GM2BEQ,CAR,2024-09-11 14:50:18.754136+04:00
66e17646a904356ad456b671,FZDY67FJ,CAR,2024-09-11 14:51:50.493302+04:00
66e1773f0d0a1f21af31ff80,Q6C9H9DU,CAR,2024-09-11 14:55:59.904358+04:00
66e177400d0a1f21af31ff82,F4JZE7GU,CAR,2024-09-11 14:56:00.771764+04:00
66e17979616d1fc2ff3ff5e2,ULZPDV52,CAR,2024-09-11 15:05:29.853844+04:00
66e17a06f7f884140144f6fe,5HUDDNAQ,CAR,2024-09-11 15:07:50.816446+04:00
66e17a58616d1fc2ff3ff65e,LTQFVLZT,CAR,2024-09-11 15:09:12.267171+04:00
66e17c57f7f884140144f7ca,5C8S5967,CAR,2024-09-11 15:17:43.848714+04:00
66e17d0c0d0a1f21af32005a,RKZ4SGL7,CAR,2024-09-11 15:20:44.685844+04:00
66e17d83a904356ad456b706,PT6WAA37,CAR,2024-09-11 15:22:43.120086+04:00
66e17d84616d1fc2ff3ff707,5EEESME5,CAR,2024-09-11 15:22:44.846335+04:00
66e17e37616d1fc2ff3ff74b,SJC6YM9T,CAR,2024-09-11 15:25:43.396280+04:00
66e17e6d616d1fc2ff3ff7cc,SVY3ELAL,CAR,2024-09-11 15:26:37.405670+04:00
66e17eac616d1fc2ff3ff841,HCWBPVVP,CAR,2024-09-11 15:27:40.653606+04:00
66e1807b0d0a1f21af3200fc,UR9HX8SM,CAR,2024-09-11 15:35:23.169294+04:00
66e18091616d1fc2ff3ff90c,WKQ86A2H,CAR,2024-09-11 15:35:45.667067+04:00
66e181110d0a1f21af32010a,EQSCYQ4A,CAR,2024-09-11 15:37:53.362677+04:00
66e186dc963427195930c3d9,LMBZ4K8X,CAR,2024-09-11 16:02:36.220157+04:00
66e1878d0d0a1f21af32027d,TUEPZ3QB,CAR,2024-09-11 16:05:33.168992+04:00
66e187a50d0a1f21af3202e9,UTSC3MMX,CAR,2024-09-11 16:05:57.514198+04:00
66e18896b27efe3e30a42a8e,EKP9CAU4,CAR,2024-09-11 16:09:58.336246+04:00
66e188a6b27efe3e30a42afe,CF3HVURW,CAR,2024-09-11 16:10:14.282169+04:00
66e188c30d0a1f21af32043c,5ZX5QVUV,CAR,2024-09-11 16:10:43.485699+04:00
66e189ca0d0a1f21af3204de,3SBNEXVF,CAR,2024-09-11 16:15:06.748084+04:00
66e18be7f7f884140144fb54,2EUX6AHK,CAR,2024-09-11 16:24:07.632793+04:00
66e18df50d0a1f21af3206d2,32X6LQXY,CAR,2024-09-11 16:32:53.235079+04:00
66e18e030d0a1f21af3206dd,4MTUF28R,CAR,2024-09-11 16:33:07.965296+04:00
66e18e91b27efe3e30a42c68,HBT9MG5E,CAR,2024-09-11 16:35:29.801167+04:00
66e19058f7f884140144fbad,US2XSXXH,CAR,2024-09-11 16:43:04.602276+04:00
66e19093b27efe3e30a42cec,STZKMF57,CAR,2024-09-11 16:44:03.055002+04:00
66e190b3f7f884140144fbe6,YAKVD7ZU,CAR,2024-09-11 16:44:35.579089+04:00
66e192270d0a1f21af32082b,SA3RAMTK,CAR,2024-09-11 16:50:47.754470+04:00
66e192c30d0a1f21af32089f,WLPH25G8,CAR,2024-09-11 16:53:23.072071+04:00
66e193566442d0024e4f124a,7VVJS4VV,CAR,2024-09-11 16:55:50.184259+04:00
66e196059b1c2050dd33a4cc,2FB7236E,CAR,2024-09-11 17:07:17.422889+04:00
66e19653163537189bd79abc,XCELWFNA,CAR,2024-09-11 17:08:35.051271+04:00
66e196baf7084f4a486aa513,S73EZ3BB,CAR,2024-09-11 17:10:18.862287+04:00
66e196c8163537189bd79b2d,463DHTP8,CAR,2024-09-11 17:10:32.513961+04:00
66e199f1f872b79b5029eeaa,QCTY66QY,CAR,2024-09-11 17:24:01.204418+04:00
66e19eee9b1c2050dd33a59c,45G8R847,CAR,2024-09-11 17:45:18.389381+04:00
66e19efe163537189bd79cc8,D454J27E,CAR,2024-09-11 17:45:34.832287+04:00
66e1a0ce61030b8421942abf,D5YHUWNV,CAR,2024-09-11 17:53:18.693126+04:00
66e1a28c2bb52b6fc5cad67e,DUWQM6F6,CAR,2024-09-11 18:00:44.286009+04:00
66e1a3e4f872b79b5029ef4e,JHPPSLTL,CAR,2024-09-11 18:06:28.763116+04:00
66e1a8252bb52b6fc5cad8ba,AGLQRTSR,CAR,2024-09-11 18:24:37.433630+04:00
66e1ad30a9b808517cb3585e,8R2L65PU,CAR,2024-09-11 18:46:08.359207+04:00
66e1b2b284210371afac7e15,TU8NZA4S,CAR,2024-09-11 19:09:37.994036+04:00
66e1b31984210371afac7ebe,A5V8KUBS,CAR,2024-09-11 19:11:21.823588+04:00
66e1b35084210371afac7f30,M3HKZ452,CAR,2024-09-11 19:12:16.462059+04:00
66e1b3cd84210371afac7fd4,STYK7ANN,CAR,2024-09-11 19:14:21.480499+04:00
66e1b4c7c6117d31aea76457,9HMRL5FD,CAR,2024-09-11 19:18:31.131144+04:00
66e1b50661030b8421942c25,MJSCCETT,CAR,2024-09-11 19:19:34.376641+04:00
66e1b606c6117d31aea76489,6YVC78TW,CAR,2024-09-11 19:23:50.784017+04:00
66e1b86f61030b8421942d1d,GC9DQEP5,CAR,2024-09-11 19:34:07.131040+04:00
66e1bafbc6117d31aea764ee,98HCZLUB,CAR,2024-09-11 19:44:59.867087+04:00
66e1bb0636bc432fa5bbd846,WNWBDZ6X,CAR,2024-09-11 19:45:10.072830+04:00
66e1bba0c6117d31aea76568,2FUH2AM2,CAR,2024-09-11 19:47:44.579088+04:00
66e1bd5584210371afac8102,UNCUE2Q2,CAR,2024-09-11 19:55:01.013128+04:00
66e1c254a23a69e5d80c2030,5XMHR3UH,CAR,2024-09-11 20:16:20.454268+04:00
66e1c35684210371afac8188,8FTJZPQX,CAR,2024-09-11 20:20:38.625696+04:00
66e1c35f61030b8421942ebd,Y3F5CN62,CAR,2024-09-11 20:20:47.636988+04:00
66e1c44545587ee80af4d936,NSMNJE29,CAR,2024-09-11 20:24:37.392728+04:00
66e1c5a784210371afac8220,8V8WFU9X,CAR,2024-09-11 20:30:30.998152+04:00
66e1c686c6117d31aea7677d,B3W8TEYZ,CAR,2024-09-11 20:34:14.093403+04:00
66e1c6e2d178116b0d2a469f,WY2TEY2M,CAR,2024-09-11 20:35:46.638115+04:00
66e1c72b61030b8421942f10,JXML2QXC,CAR,2024-09-11 20:36:59.196676+04:00
66e1c8a061030b8421942fdc,SYYBYLP2,CAR,2024-09-11 20:43:12.884601+04:00
66e1cd4136bc432fa5bbd8f7,2K4EXTN4,CAR,2024-09-11 21:02:57.309715+04:00
66e1cf4ec87c9065d98f8490,2DNFBNE8,CAR,2024-09-11 21:11:42.735308+04:00
66e1d32c5b6dfadf0fa9dda3,RCHFB8K2,CAR,2024-09-11 21:28:12.692760+04:00
66e1d640c6117d31aea76b72,VY8DC85N,CAR,2024-09-11 21:41:20.446503+04:00
66e1d8fac6117d31aea76c2a,47GBEC7A,CAR,2024-09-11 21:52:58.513473+04:00
66e1d921c6117d31aea76c97,MK6DQVJT,CAR,2024-09-11 21:53:37.959292+04:00
66e1db0ac6117d31aea76d40,BW3734KZ,CAR,2024-09-11 22:01:46.973076+04:00
66e1df6caf2fb4ceddf62fa7,F5A7ZLKV,CAR,2024-09-11 22:20:28.739987+04:00
66e1e58136bc432fa5bbd9b9,9PQGLCLW,CAR,2024-09-11 22:46:25.033926+04:00
66e1e78b5406f876da22016f,TH7PQUGG,CAR,2024-09-11 22:55:07.148653+04:00
66e1ee8caf2fb4ceddf63197,V5CDCE69,CAR,2024-09-11 23:25:00.082159+04:00
66e1f6bcb9f0c19bcf3b8df9,FAUE8WD7,CAR,2024-09-11 23:59:56.794982+04:00
66e243352fc7a195cdc164f0,8H3LPVGF,CAR,2024-09-12 05:26:13.149985+04:00
66e254005406f876da220309,RZP8ATPZ,CAR,2024-09-12 06:37:52.936410+04:00
66e2612daf2fb4ceddf6338d,9JYQGXN9,CAR,2024-09-12 07:34:05.055025+04:00
66e264fe2fc7a195cdc165dc,PT6UD87R,CAR,2024-09-12 07:50:22.471185+04:00
66e26510af2fb4ceddf63443,MM32AN5W,CAR,2024-09-12 07:50:40.187939+04:00
66e2695ab9f0c19bcf3b8ed1,YY6QX4LV,CAR,2024-09-12 08:08:58.520797+04:00
66e26e6b439e2da953b974da,RMJ5MPTJ,CAR,2024-09-12 08:30:35.940654+04:00
66e2715caf2fb4ceddf63480,UHDBQYTL,CAR,2024-09-12 08:43:08.800024+04:00
66e273272fc7a195cdc166fe,7B8ZBDMK,CAR,2024-09-12 08:50:47.253683+04:00
66e276512fc7a195cdc1671d,AUBHJ7SL,CAR,2024-09-12 09:04:17.746841+04:00
66e278552fc7a195cdc167d5,JX79JURP,CAR,2024-09-12 09:12:53.355487+04:00
66e2790c2fc7a195cdc1684c,VKKZWGGU,CAR,2024-09-12 09:15:56.697550+04:00
66e27a622fc7a195cdc16954,K4P3VFKG,CAR,2024-09-12 09:21:38.167970+04:00
66e27be3af2fb4ceddf63525,YR9YSQ7N,CAR,2024-09-12 09:28:03.638019+04:00
66e27c2f2fc7a195cdc169ee,3QFFJMFM,CAR,2024-09-12 09:29:19.036191+04:00
66e27d8c5406f876da220349,T8MTTYGY,CAR,2024-09-12 09:35:08.242949+04:00
66e27e792fc7a195cdc16a9f,59CFLN6E,CAR,2024-09-12 09:39:05.125231+04:00
66e27fe6af2fb4ceddf63741,AYGHEAJY,CAR,2024-09-12 09:45:10.145346+04:00
66e2803eaf2fb4ceddf637b3,YAF8RHHX,CAR,2024-09-12 09:46:38.397649+04:00
66e2822e2fc7a195cdc16b6e,T7FCC6CP,CAR,2024-09-12 09:54:54.726284+04:00
66e28255af2fb4ceddf6387c,U567TXDE,CAR,2024-09-12 09:55:33.365781+04:00
66e2829aaf2fb4ceddf638fa,AUGG8BTL,CAR,2024-09-12 09:56:42.310061+04:00
66e2836b2fc7a195cdc16c1e,YMTYCR9P,CAR,2024-09-12 10:00:11.949227+04:00
66e284712fc7a195cdc16ca6,25HB5SVS,CAR,2024-09-12 10:04:33.914168+04:00
66e285dbaf2fb4ceddf6393a,GA23KS9K,CAR,2024-09-12 10:10:35.150831+04:00
66e285de2fc7a195cdc16cf9,GQMP7H95,CAR,2024-09-12 10:10:38.819201+04:00
66e286472fc7a195cdc16da5,RFMURESH,CAR,2024-09-12 10:12:23.135874+04:00
66e28711afbd2edb21f5785a,FVUAX8K3,CAR,2024-09-12 10:15:45.303842+04:00
66e288a829cffed167910145,74MK8JLN,CAR,2024-09-12 10:22:32.102533+04:00
66e28a021da7048d3f60f531,TL4EESPB,CAR,2024-09-12 10:28:18.912027+04:00
66e28a811da7048d3f60f5a6,ZA82T4U4,CAR,2024-09-12 10:30:25.810814+04:00
66e28b9a439e2da953b975f4,CH4YDMYL,CAR,2024-09-12 10:35:06.159650+04:00
66e28e4e1da7048d3f60f6d8,CQ2X4URD,CAR,2024-09-12 10:46:38.677355+04:00
66e28fbd1da7048d3f60f795,EXHDNHVE,CAR,2024-09-12 10:52:45.331950+04:00
66e2904c439e2da953b9768b,34TVNP3R,CAR,2024-09-12 10:55:08.517315+04:00
66e290a929cffed1679104a8,Y2AGRG34,CAR,2024-09-12 10:56:41.410980+04:00
66e29207afbd2edb21f5799c,UC6E4KQS,CAR,2024-09-12 11:02:31.803587+04:00
66e2920a60237b9a8fdffe86,EQY34UST,CAR,2024-09-12 11:02:34.372146+04:00
66e2921ed14a06f6f682ac2c,X5LXYCPW,CAR,2024-09-12 11:02:54.400486+04:00
66e2921f1da7048d3f60f822,ESYTR7SF,CAR,2024-09-12 11:02:55.574842+04:00
66e2926e7b9f76c10c5d98d6,UDVE4NHJ,CAR,2024-09-12 11:04:14.104663+04:00
66e292fcd14a06f6f682ad02,5NQHP8RJ,CAR,2024-09-12 11:06:36.189885+04:00
66e2952c439e2da953b9771f,BXYF3DU3,CAR,2024-09-12 11:15:56.032766+04:00
66e295df439e2da953b97791,QMSNZGW3,CAR,2024-09-12 11:18:55.892907+04:00
66e296e660237b9a8fdfff36,DV956NCX,CAR,2024-09-12 11:23:18.413702+04:00
66e29718d14a06f6f682ade5,Z3XKHPHL,CAR,2024-09-12 11:24:08.614685+04:00
66e2971a1da7048d3f60fa15,CSGD4TR2,CAR,2024-09-12 11:24:10.666270+04:00
66e29753439e2da953b97893,3ZTEX9AY,CAR,2024-09-12 11:25:07.568737+04:00
66e29b4d439e2da953b978aa,KJYASLLB,CAR,2024-09-12 11:42:05.206891+04:00
66e29b79b7ec5270a8fdb263,82XE25ZP,CAR,2024-09-12 11:42:49.335703+04:00
66e29c31439e2da953b97900,KTTKR28J,CAR,2024-09-12 11:45:53.590392+04:00
66e29cab60237b9a8fe001d2,4HCHE32Q,CAR,2024-09-12 11:47:55.552742+04:00
66e2a12b64d6369c0ebc5abd,VE7L7FLC,CAR,2024-09-12 12:07:07.221947+04:00
66e2a2cfd14a06f6f682afb8,H6PDFESF,CAR,2024-09-12 12:14:07.818994+04:00
66e2a33f3d8c7b5c947316e5,LA42KHLY,CAR,2024-09-12 12:15:59.303107+04:00
66e2a55364d6369c0ebc5bca,FHY84ZRM,CAR,2024-09-12 12:24:51.500420+04:00
66e2a63af86ffe555acfb3fc,27FQC7G2,CAR,2024-09-12 12:28:42.195803+04:00
66e2a87d3d8c7b5c947317e0,3QQPHYMB,CAR,2024-09-12 12:38:21.098352+04:00
66e2a8aa3d8c7b5c9473184d,YBPZRYQM,CAR,2024-09-12 12:39:06.391370+04:00
66e2a8b63d8c7b5c947318bd,PVCQNYFL,CAR,2024-09-12 12:39:18.817498+04:00
66e2a95ed14a06f6f682b0c4,GBMRPML9,CAR,2024-09-12 12:42:05.975000+04:00
66e2aa761da7048d3f60fc90,AWNYTNUM,CAR,2024-09-12 12:46:46.014209+04:00
66e2ab6fd14a06f6f682b158,3CJ68T4Z,CAR,2024-09-12 12:50:55.416503+04:00
66e2ae1ed14a06f6f682b17b,2QNXVZ2A,CAR,2024-09-12 13:02:22.941202+04:00
66e2aeb2b7ec5270a8fdb38e,MJVU6GFX,CAR,2024-09-12 13:04:50.399330+04:00
66e2aebb1da7048d3f60fcda,E9HG63HL,CAR,2024-09-12 13:04:59.168566+04:00
66e2aedc64d6369c0ebc5e03,FFVCRC9R,CAR,2024-09-12 13:05:31.987899+04:00
66e2af5064d6369c0ebc5e81,8C2QG9P9,CAR,2024-09-12 13:07:28.570746+04:00
66e2af75b7ec5270a8fdb427,PX5WQ2T2,CAR,2024-09-12 13:08:05.154788+04:00
66e2afb464d6369c0ebc5ef6,PWHY5A9A,CAR,2024-09-12 13:09:08.347263+04:00
66e2afd764d6369c0ebc5f64,HGZE3SSC,CAR,2024-09-12 13:09:43.578678+04:00
66e2b11c1da7048d3f60fd69,G9AJMRCC,CAR,2024-09-12 13:15:08.870896+04:00
66e2b12599c6f61f72cdecbf,K48VLRS4,CAR,2024-09-12 13:15:17.288754+04:00
66e2b13f99c6f61f72cded32,RGP3CM7K,CAR,2024-09-12 13:15:43.764769+04:00
66e2b2bad14a06f6f682b3d9,MDV2F54N,CAR,2024-09-12 13:22:02.573230+04:00
66e2b3236803941b9adc9f1c,Y6MSFBHZ,CAR,2024-09-12 13:23:47.114569+04:00
66e2b530f86ffe555acfb53b,7Y5PKCME,CAR,2024-09-12 13:32:32.724776+04:00
66e2b81e64d6369c0ebc61b2,ZZ4LHDRJ,CAR,2024-09-12 13:45:02.359027+04:00
66e2b93399c6f61f72cdee3c,A7SY64XE,CAR,2024-09-12 13:49:39.176078+04:00
66e2ba28f86ffe555acfb5cb,A6VSCMXR,CAR,2024-09-12 13:53:44.742677+04:00
66e2ba6764d6369c0ebc625e,GAYE7ZFU,CAR,2024-09-12 13:54:47.909777+04:00
66e2bb8964d6369c0ebc6273,8LEKVFRJ,CAR,2024-09-12 13:59:37.167624+04:00
66e2bbf6c8238ecda47e6b1f,WTZ9FQ8T,CAR,2024-09-12 14:01:26.716614+04:00
66e2bc421da7048d3f60feae,7P7UT656,CAR,2024-09-12 14:02:42.839558+04:00
66e2bcd18ff88fdf19df4730,FLPESLDZ,CAR,2024-09-12 14:05:05.261752+04:00
66e2bd0bc8238ecda47e6b68,ZPPA96W3,CAR,2024-09-12 14:06:02.986566+04:00
66e2bd4564d6369c0ebc64b7,HH8NY5ML,CAR,2024-09-12 14:07:01.645144+04:00
66e2bd4764d6369c0ebc64bb,EP47X94J,CAR,2024-09-12 14:07:03.243418+04:00
66e2bdedc8238ecda47e6be3,NPKF95FN,CAR,2024-09-12 14:09:49.123027+04:00
66e2c04864d6369c0ebc6632,CXWHLX4A,CAR,2024-09-12 14:19:52.803816+04:00
66e2c3851da7048d3f610057,QFMLMQ6Y,CAR,2024-09-12 14:33:41.531583+04:00
66e2c47c8ff88fdf19df47b0,48XXTG36,CAR,2024-09-12 14:37:48.616318+04:00
66e2c4836803941b9adca018,GPT7KBX8,CAR,2024-09-12 14:37:55.571877+04:00
66e2c7bdb7ec5270a8fdb5ad,GX66N6P3,CAR,2024-09-12 14:51:41.511723+04:00
66e2c82fc01169b60bca7326,M47AYJ5C,CAR,2024-09-12 14:53:35.720360+04:00
66e2c912a664e8451b90f16e,XFX7J8VD,CAR,2024-09-12 14:57:22.729447+04:00
66e2c97a8ff88fdf19df4846,WRFZSW8J,CAR,2024-09-12 14:59:06.345708+04:00
66e2cab9b785b729800f0f4b,J6F2DT38,CAR,2024-09-12 15:04:25.670209+04:00
66e2cc80a664e8451b90f21e,N7YTM887,CAR,2024-09-12 15:12:00.143752+04:00
66e2ce65c6333c7566f988c6,U9UQVNEU,CAR,2024-09-12 15:20:05.809852+04:00
66e2cea3b785b729800f0f6e,V57E8488,CAR,2024-09-12 15:21:07.535943+04:00
66e2cf12e773b0e60efba882,36KUQW36,CAR,2024-09-12 15:22:58.608333+04:00
66e2d08ac46c05b8748c00ac,795GJLK8,CAR,2024-09-12 15:29:14.017128+04:00
66e2d0ccc46c05b8748c011c,B6CGV9CG,CAR,2024-09-12 15:30:20.882378+04:00
66e2d1bac46c05b8748c019f,2RAARFVT,CAR,2024-09-12 15:34:18.611956+04:00
66e2d1bfe773b0e60efba90d,LDLJEVQU,CAR,2024-09-12 15:34:23.636856+04:00
66e2d1cbc01169b60bca74d1,W4MMUPAT,CAR,2024-09-12 15:34:35.603196+04:00
66e2d1efc01169b60bca74e1,LXH6W5EA,CAR,2024-09-12 15:35:11.618669+04:00
66e2d2e999a179a25a68fb97,HTDGSK7L,CAR,2024-09-12 15:39:21.120998+04:00
66e2d318c01169b60bca768c,UTCDF5ME,CAR,2024-09-12 15:40:08.171157+04:00
66e2d34dc6333c7566f98968,CL55F5J6,CAR,2024-09-12 15:41:01.065440+04:00
66e2d4934bb70350096c6568,L9JF6U68,CAR,2024-09-12 15:46:27.893952+04:00
66e2d4ed4bb70350096c66a3,3DXVXEDP,CAR,2024-09-12 15:47:57.171958+04:00
66e2d6c5c01169b60bca771f,A8UBD27E,CAR,2024-09-12 15:55:49.407298+04:00
66e2d807c6333c7566f989f8,KY4JTDP9,CAR,2024-09-12 16:01:10.995486+04:00
66e2da25c01169b60bca77ae,DRNWAY28,CAR,2024-09-12 16:10:13.839753+04:00
66e2dbdca664e8451b90f348,QHAQSE2D,CAR,2024-09-12 16:17:32.681232+04:00
66e2dd9b4bb70350096c6835,GCRSJ4VK,CAR,2024-09-12 16:24:59.339548+04:00
66e2ddacb3f5cb4a9ac5f539,922KTCGT,CAR,2024-09-12 16:25:16.626030+04:00
66e2ddc24bb70350096c689d,V2K3UGB7,CAR,2024-09-12 16:25:38.661341+04:00
66e2e4beb785b729800f10d3,3B9LVL6G,CAR,2024-09-12 16:55:26.497296+04:00
66e2e4fdb3f5cb4a9ac5f5e3,W4BCBWWN,CAR,2024-09-12 16:56:29.405660+04:00
66e2e590b3f5cb4a9ac5f5f2,4ZPEGFER,CAR,2024-09-12 16:58:56.084671+04:00
66e2e78db785b729800f13dd,56MYALB9,CAR,2024-09-12 17:07:25.272251+04:00
66e2e7f7b785b729800f1480,3XV9GP5T,CAR,2024-09-12 17:09:11.030381+04:00
66e2edbfe2ed4e549b46360e,YMFD59M4,CAR,2024-09-12 17:33:51.627109+04:00
66e2f13099a179a25a68fcd8,9UGPPVNG,CAR,2024-09-12 17:48:32.045153+04:00
66e2f153e2ed4e549b4636b9,SUACHWFX,CAR,2024-09-12 17:49:07.714654+04:00
66e2f61ce2ed4e549b463746,DW3JWDFU,CAR,2024-09-12 18:09:32.743823+04:00
66e2f712b785b729800f158e,D9FX7V95,CAR,2024-09-12 18:13:38.129321+04:00
66e2f7f0b785b729800f15fd,A5W9HEDE,CAR,2024-09-12 18:17:20.822342+04:00
66e2fb814f32666fdd36bc3e,A76W2TS3,CAR,2024-09-12 18:32:33.211226+04:00
66e2fd43b785b729800f163d,2DBGR264,CAR,2024-09-12 18:40:03.948323+04:00
66e2ff3ef846f5d383f5c337,5WS4J89N,CAR,2024-09-12 18:48:30.590624+04:00
66e30059e2ed4e549b46387d,74W4TLTG,CAR,2024-09-12 18:53:13.478101+04:00
66e3040ce2ed4e549b4639be,Q6XJREJR,CAR,2024-09-12 19:09:00.405704+04:00
66e30817d952640ad648947f,EDUV88D3,CAR,2024-09-12 19:26:15.073711+04:00
66e3094ee2ed4e549b463a58,DPJXWNRD,CAR,2024-09-12 19:31:26.738471+04:00
66e30ad4d952640ad648953b,QVHNSW4T,CAR,2024-09-12 19:37:56.009078+04:00
66e30be8eaf53aa9543e4f2a,NGHSAJ47,CAR,2024-09-12 19:42:32.075775+04:00
66e30f62f846f5d383f5c3f1,Q9SF8NPV,CAR,2024-09-12 19:57:22.945056+04:00
66e3117feaf53aa9543e4fc0,VARLMMJY,CAR,2024-09-12 20:06:23.194038+04:00
66e3126ad952640ad6489729,Q4C4UKBY,CAR,2024-09-12 20:10:18.739208+04:00
66e313084f32666fdd36bdbc,MEV6YR3S,CAR,2024-09-12 20:12:56.642593+04:00
66e31888d952640ad6489a07,4JUME9TW,CAR,2024-09-12 20:36:24.834808+04:00
66e31989d952640ad6489abc,HNG4FAP8,CAR,2024-09-12 20:40:41.162818+04:00
66e31ecdd952640ad6489c3e,SWC6L93B,CAR,2024-09-12 21:03:09.270086+04:00
66e3213e3d20591d3f38e16d,5VPQ42UZ,CAR,2024-09-12 21:13:34.842306+04:00
66e325f067a7642c37adbc6a,NHV9LLJC,CAR,2024-09-12 21:33:36.851091+04:00
66e32ad4d952640ad6489d62,77XTQ36X,CAR,2024-09-12 21:54:28.405059+04:00
66e32c9b8eb0865c43ebe37e,RUPM2VYS,CAR,2024-09-12 22:02:03.133794+04:00
66e32d4f67a7642c37adbd79,8NVX77PR,CAR,2024-09-12 22:05:03.799236+04:00
66e32df2534d51b3c7921002,NFVKXQ9A,CAR,2024-09-12 22:07:46.113332+04:00
66e33e52534d51b3c79210dc,HD72MHRH,CAR,2024-09-12 23:17:38.804165+04:00
66e33e52ccf4a2f98256c927,FZC64ACK,CAR,2024-09-12 23:17:38.876162+04:00
66e342e4132edee63f39091e,AHTH368N,CAR,2024-09-12 23:37:08.123569+04:00
66e344333d20591d3f38e37e,Z2AV3WVL,CAR,2024-09-12 23:42:43.535492+04:00
66e39a29d952640ad648a1df,6DF5PX3K,CAR,2024-09-13 05:49:29.635939+04:00
66e39a3ad952640ad648a27a,QZMYGKA6,CAR,2024-09-13 05:49:46.501372+04:00
66e3a3278eb0865c43ebe5f3,GUTENZEG,CAR,2024-09-13 06:27:51.319970+04:00
66e3b9a43d20591d3f38e501,PRGYZC2Z,CAR,2024-09-13 08:03:48.037870+04:00
66e3bcf9eaf53aa9543e519a,HTUV8SY7,CAR,2024-09-13 08:18:01.043581+04:00
66e3bd5dd952640ad648a3d6,UAN3BRBB,CAR,2024-09-13 08:19:41.617361+04:00
66e3bee6534d51b3c7921349,F5JLH95C,CAR,2024-09-13 08:26:14.845752+04:00
66e3c0d63d20591d3f38e50e,KLJEB4V2,CAR,2024-09-13 08:34:30.219582+04:00
66e3c15a132edee63f390a42,WN5LQ2NJ,CAR,2024-09-13 08:36:42.828490+04:00
66e3c1b7534d51b3c79213d4,3H9DM2P6,CAR,2024-09-13 08:38:15.878356+04:00
66e3c219d952640ad648a532,QVQ6LEJ9,CAR,2024-09-13 08:39:53.304625+04:00
66e3c2bbd952640ad648a5a9,RAVJ2TWG,CAR,2024-09-13 08:42:35.809751+04:00
66e3c8fc132edee63f390ae5,VCF2EB9U,CAR,2024-09-13 09:09:16.496204+04:00
66e3c9e4b2aa255a66fe3079,78YS4CMM,CAR,2024-09-13 09:13:08.566689+04:00
66e3ca92534d51b3c792150b,T3YA69B9,CAR,2024-09-13 09:16:02.597742+04:00
66e3cb75534d51b3c79215c0,B8NYHVLH,CAR,2024-09-13 09:19:49.812155+04:00
66e3cfce534d51b3c7921691,QCGYESAT,CAR,2024-09-13 09:38:22.382609+04:00
66e3d0028eb0865c43ebe6f8,YQ9GKQDH,CAR,2024-09-13 09:39:14.089023+04:00
66e3d0dc0a84cb6f7c0d0309,GV69K7D7,CAR,2024-09-13 09:42:52.773282+04:00
66e3d2c9f122d0c4a883e234,XQ6GYPKW,CAR,2024-09-13 09:51:05.889186+04:00
66e3d359f122d0c4a883e2f3,BUSME8DV,CAR,2024-09-13 09:53:29.666649+04:00
66e3d6bef122d0c4a883e3aa,Q96AAMWC,CAR,2024-09-13 10:07:58.942256+04:00
66e3d73df122d0c4a883e41d,GWG62KLE,CAR,2024-09-13 10:10:05.590128+04:00
66e3d89b534d51b3c7921861,FZB23TL9,CAR,2024-09-13 10:15:55.052720+04:00
66e3da68f122d0c4a883e4b3,5KLXQME4,CAR,2024-09-13 10:23:36.446795+04:00
66e3da9c374c3404f6544e19,NAKZVBY3,CAR,2024-09-13 10:24:28.299729+04:00
66e3db498eb0865c43ebe79d,KV9LA27H,CAR,2024-09-13 10:27:21.571830+04:00
66e3dbe7b2aa255a66fe31c8,Y5BEYLFM,CAR,2024-09-13 10:29:59.884121+04:00
66e3dcecf122d0c4a883e5a7,PFCHEL6C,CAR,2024-09-13 10:34:20.635568+04:00
66e3dd3984b3279ad2ab1b07,ZSM6ASNA,CAR,2024-09-13 10:35:37.171517+04:00
66e3ddd18eb0865c43ebe7fe,9KCZEB5R,CAR,2024-09-13 10:38:09.397371+04:00
66e3de1c132edee63f390c9d,9DBCAKQ5,CAR,2024-09-13 10:39:24.097319+04:00
66e3dea1f122d0c4a883e657,CPBUCWPF,CAR,2024-09-13 10:41:37.006662+04:00
66e3e320f122d0c4a883e74c,ACGL27JY,CAR,2024-09-13 11:00:48.914885+04:00
66e3e458cb2097fe56e67659,RJPPXYTH,CAR,2024-09-13 11:06:00.505332+04:00
66e3e495374c3404f6544ee7,JZH24ENW,CAR,2024-09-13 11:07:01.148799+04:00
66e3e53cf122d0c4a883e7f1,SN7B9UW7,CAR,2024-09-13 11:09:48.006141+04:00
66e3e5cdb2aa255a66fe3310,US3T793J,CAR,2024-09-13 11:12:13.516428+04:00
66e3e5d4b2aa255a66fe3377,5LGDB7FR,CAR,2024-09-13 11:12:20.242373+04:00
66e3e5e7cb2097fe56e676c7,73U54E87,CAR,2024-09-13 11:12:39.558335+04:00
66e3e609f122d0c4a883e910,QVKJX5M9,CAR,2024-09-13 11:13:13.817152+04:00
66e3e60cf122d0c4a883e91d,EMFBQHBY,CAR,2024-09-13 11:13:16.942754+04:00
66e3e7a1f122d0c4a883e9c4,3XXHT3AW,CAR,2024-09-13 11:20:01.243254+04:00
66e3e86dcb2097fe56e677db,SQH7UGRC,CAR,2024-09-13 11:23:25.379162+04:00
66e3e8768eb0865c43ebe9b3,NJPXE3MK,CAR,2024-09-13 11:23:34.509010+04:00
66e3e9e9f122d0c4a883eb76,9PUW3EKN,CAR,2024-09-13 11:29:45.002387+04:00
66e3eaf9f122d0c4a883ec05,KK777WJ7,CAR,2024-09-13 11:34:17.534648+04:00
66e3eb2467a7642c37adbf79,HFYYTJ8G,CAR,2024-09-13 11:35:00.323670+04:00
66e3ed1b24092b4eb8a85bb6,Y2RLRWNY,CAR,2024-09-13 11:43:23.285058+04:00
66e3edac0a84cb6f7c0d04d1,F4UB98V8,CAR,2024-09-13 11:45:48.340649+04:00
66e3efa0bb61854fbd1e714c,QN7N7Z4J,CAR,2024-09-13 11:54:08.791486+04:00
66e3efd5f122d0c4a883ee0a,VRJZ2CLM,CAR,2024-09-13 11:55:01.500273+04:00
66e3f05f2c02d6bd131bd91e,TPK3VTWM,CAR,2024-09-13 11:57:19.479492+04:00
66e3f0afbb61854fbd1e71be,AFHNYMWH,CAR,2024-09-13 11:58:39.108194+04:00
66e3f1d0f122d0c4a883ee85,2EZ2SHH3,CAR,2024-09-13 12:03:28.209659+04:00
66e3f34a2c02d6bd131bd9b0,KDKDCBDD,CAR,2024-09-13 12:09:46.861245+04:00
66e3f5ec84b3279ad2ab1d1f,L7SAMPAF,CAR,2024-09-13 12:21:00.714101+04:00
66e3f704bb61854fbd1e7200,L3QFQDJC,CAR,2024-09-13 12:25:40.679099+04:00
66e3f710ad976fe5509c8786,W9SZUGK9,CAR,2024-09-13 12:25:52.493836+04:00
66e3f79e84b3279ad2ab1d2b,RNB3F6AX,CAR,2024-09-13 12:28:14.523865+04:00
66e3fc78f122d0c4a883f017,63TN337B,CAR,2024-09-13 12:48:56.896569+04:00
66e3fd74bb61854fbd1e7387,4GUMQ5C2,CAR,2024-09-13 12:53:08.101983+04:00
66e3feacde4dc655574db6cc,Q9FE9ENX,CAR,2024-09-13 12:58:20.101487+04:00
66e400792c02d6bd131bdc39,VAPC6W9C,CAR,2024-09-13 13:06:01.710881+04:00
66e403d119dfc5a3f0e14ee3,YJY7WHVC,CAR,2024-09-13 13:20:17.074591+04:00
66e406edab47dae321c1dfbc,VFVME4UQ,CAR,2024-09-13 13:33:33.459675+04:00
66e407abb19d9e0ffd5047a5,WEGNLS5A,CAR,2024-09-13 13:36:43.790409+04:00
66e40aa6ad976fe5509c8872,QXSHFYF9,CAR,2024-09-13 13:49:26.778567+04:00
66e40b4bb19d9e0ffd50481f,WU85JANA,CAR,2024-09-13 13:52:10.954210+04:00
66e40c90b19d9e0ffd504893,JM53ML3D,CAR,2024-09-13 13:57:36.502668+04:00
66e40d6c3e664ab0db7f883e,SJKX4QCM,CAR,2024-09-13 14:01:16.488443+04:00
66e40e21bb61854fbd1e74b7,URDWXTCK,CAR,2024-09-13 14:04:17.000680+04:00
66e40e683e664ab0db7f888c,W6GEAR33,CAR,2024-09-13 14:05:28.533109+04:00
66e41163bb61854fbd1e75f0,FGCPMJYN,CAR,2024-09-13 14:18:11.818599+04:00
66e411eeacc4cdb8d2607925,ZJTC2XVY,CAR,2024-09-13 14:20:30.269604+04:00
66e412f72c02d6bd131bde3d,FN4BC3T5,CAR,2024-09-13 14:24:55.805989+04:00
66e41483de4dc655574db803,QLPS4F7Q,CAR,2024-09-13 14:31:31.959418+04:00
66e4150e2c02d6bd131bde77,R2H96MVG,CAR,2024-09-13 14:33:50.354824+04:00
66e415f02c02d6bd131bdeeb,77RCQGGU,CAR,2024-09-13 14:37:36.286301+04:00
66e417ac4feb4c1a1ee1bbcb,GFKMHLS8,CAR,2024-09-13 14:45:00.479463+04:00
66e418bb4feb4c1a1ee1bc44,QY6GEDBJ,CAR,2024-09-13 14:49:31.244673+04:00
66e418f72c02d6bd131bdf80,CM6D9MLG,CAR,2024-09-13 14:50:31.166880+04:00
66e41957d68360be84cee244,CBBJBRA5,CAR,2024-09-13 14:52:07.226870+04:00
66e41c552d7bd296f21051fc,J8HSY33L,CAR,2024-09-13 15:04:53.550489+04:00
66e41d6f3e664ab0db7f8b18,KL7JKMRD,CAR,2024-09-13 15:09:35.844881+04:00
66e41ddb3e664ab0db7f8b8f,TD2N9SJ6,CAR,2024-09-13 15:11:23.962660+04:00
66e41ddc2d7bd296f21052ac,Z8R4P67G,CAR,2024-09-13 15:11:24.153834+04:00
66e4214b3e664ab0db7f8c3c,YZXQREF3,CAR,2024-09-13 15:26:02.959547+04:00
66e422c9de4dc655574db996,J3P2Y8N4,CAR,2024-09-13 15:32:25.451573+04:00
66e423752d7bd296f210548a,CL3WGGAV,CAR,2024-09-13 15:35:17.461482+04:00
66e4250fd68360be84cee3c4,TQR3W5VC,CAR,2024-09-13 15:42:07.462788+04:00
66e427833e664ab0db7f8cbe,8GKQ9ZZ6,CAR,2024-09-13 15:52:35.914272+04:00
66e429932d7bd296f21055b3,4DG9QD4Y,CAR,2024-09-13 16:01:23.199141+04:00
66e42c1fd68360be84cee4ba,ZDCAYGEB,CAR,2024-09-13 16:12:15.781176+04:00
66e42f08a0e9eed97306ee45,P3ETLENX,CAR,2024-09-13 16:24:40.109837+04:00
66e42f5b3e664ab0db7f8db9,ELYP87DQ,CAR,2024-09-13 16:26:03.570552+04:00
66e430133e664ab0db7f8e22,5SUV7R5Z,CAR,2024-09-13 16:29:07.436904+04:00
66e431a93e664ab0db7f8e95,UGXGR3AD,CAR,2024-09-13 16:35:53.068305+04:00
66e43328aea46cfa15ed2b80,QKP646Y9,CAR,2024-09-13 16:42:16.959754+04:00
66e4350cbe31f25423182d15,QDX4V3DD,CAR,2024-09-13 16:50:20.176429+04:00
66e435663e664ab0db7f8f1e,HSAU4QL8,CAR,2024-09-13 16:51:50.930933+04:00
66e43601aea46cfa15ed2bfe,FUQEUZQQ,CAR,2024-09-13 16:54:25.374881+04:00
66e4360e2705a5e6572467d0,YYUMMSCA,CAR,2024-09-13 16:54:38.356770+04:00
66e4378c2d7bd296f21057ae,JRGJXH4V,CAR,2024-09-13 17:01:00.120474+04:00
66e437e8d68360be84cee5a7,CCPBLY3V,CAR,2024-09-13 17:02:32.332261+04:00
66e4384f2c02d6bd131be372,PUCW4BE8,CAR,2024-09-13 17:04:15.030688+04:00
66e43a562d7bd296f21057b7,2E32XUJW,CAR,2024-09-13 17:12:54.670887+04:00
66e43acabe31f25423182da1,SJFFFRXA,CAR,2024-09-13 17:14:50.835550+04:00
66e43afbde4dc655574dbb2f,PBFE92MB,CAR,2024-09-13 17:15:39.706354+04:00
66e43cb22c02d6bd131be3f8,5UAPQMBF,CAR,2024-09-13 17:22:58.685549+04:00
66e43f8faea46cfa15ed2c3e,DHTMW57Z,CAR,2024-09-13 17:35:11.261700+04:00
66e43fc2d68360be84cee743,RRYNHH89,CAR,2024-09-13 17:36:02.101732+04:00
66e4404f3e664ab0db7f9078,NGW9P6N3,CAR,2024-09-13 17:38:23.549307+04:00
66e444e4eb41b1abea5d7dd0,A6XG5C5L,CAR,2024-09-13 17:57:56.406024+04:00
66e447c22c02d6bd131be4c9,KA9F2YLF,CAR,2024-09-13 18:10:10.046999+04:00
66e44943de4dc655574dbd79,CQ5SDY3V,CAR,2024-09-13 18:16:35.444798+04:00
66e44ba8ad976fe5509c8b63,HG22AVA3,CAR,2024-09-13 18:26:48.455376+04:00
66e44bbad68360be84cee7b8,HYKY3RDF,CAR,2024-09-13 18:27:06.362843+04:00
66e44edcacc4cdb8d2607a83,M2MS44U7,CAR,2024-09-13 18:40:27.996574+04:00
66e44f412c02d6bd131be56a,G89KHCQE,CAR,2024-09-13 18:42:09.748188+04:00
66e4505dde4dc655574dbd8f,27T7UZ63,CAR,2024-09-13 18:46:53.960795+04:00
66e4505e2d7bd296f21058f2,4D4AUSM6,CAR,2024-09-13 18:46:54.043989+04:00
66e45480d68360be84cee9de,MJCDXTHY,CAR,2024-09-13 19:04:32.776502+04:00
66e4558b2c02d6bd131be759,QYDMUTRR,CAR,2024-09-13 19:08:59.051656+04:00
66e45ad9de4dc655574dbe26,9D7TDMBL,CAR,2024-09-13 19:31:36.994981+04:00
66e45c83d68360be84ceeac0,HB6CZE9K,CAR,2024-09-13 19:38:43.912640+04:00
66e45ce41530f2450861ca28,8XCAHTGR,CAR,2024-09-13 19:40:20.640299+04:00
66e45d4a1530f2450861cac5,KAHWEQDE,CAR,2024-09-13 19:42:02.764769+04:00
66e460582d7bd296f21059cb,XLUXVMBG,CAR,2024-09-13 19:55:04.350990+04:00
66e460e760d9afd7d9ef09ee,MZY46GP2,CAR,2024-09-13 19:57:27.490565+04:00
66e46166f66134b508cca7e5,Z44TMMP5,CAR,2024-09-13 19:59:34.343807+04:00
66e46232859a5602b8694995,MWA8ZDED,CAR,2024-09-13 20:02:58.121668+04:00
66e464222d7bd296f2105a2a,EYR95ZC8,CAR,2024-09-13 20:11:14.642861+04:00
66e47262d68360be84ceec2e,TMA4HUFL,CAR,2024-09-13 21:12:02.015589+04:00
66e4742f2d7bd296f2105a72,MLM8WBFS,CAR,2024-09-13 21:19:43.722190+04:00
66e47529f66134b508cca8a0,BPFZE39N,CAR,2024-09-13 21:23:53.647247+04:00
66e480ed1530f2450861cb8d,WB5QH9Z7,CAR,2024-09-13 22:14:05.446577+04:00
66e482b8f280aee6addac51c,6AFPWU5Q,CAR,2024-09-13 22:21:44.126858+04:00
66e491581530f2450861cc93,PH5TDUUU,CAR,2024-09-13 23:24:08.827980+04:00
66e49a95b728d379cb6e0b68,8YX77D5K,CAR,2024-09-14 00:03:33.073072+04:00
66e4f65ca99d3db0df43a097,Q5CKZ4JL,CAR,2024-09-14 06:35:08.586413+04:00
66e50c5b5d54f3e42c4f3bb8,TSXNDRB3,CAR,2024-09-14 08:08:59.019755+04:00
66e511df1530f2450861cd78,L6AEG9J5,CAR,2024-09-14 08:32:31.667386+04:00
66e51449c5ec55d897ea7440,K8CVZ4US,CAR,2024-09-14 08:42:49.160124+04:00
66e5181f5d54f3e42c4f3c0b,EQU86B9N,CAR,2024-09-14 08:59:11.355091+04:00
66e51a4c49b00737004f5760,QUTCSAM6,CAR,2024-09-14 09:08:28.164211+04:00
66e51c9e1530f2450861ce19,VNN8LHQF,CAR,2024-09-14 09:18:22.109825+04:00
66e51cbaf66134b508cca9ae,FBX2Y7HG,CAR,2024-09-14 09:18:50.591103+04:00
66e51e301530f2450861ce8a,3FFKPQRF,CAR,2024-09-14 09:25:04.570803+04:00
66e51f2749b00737004f585d,VKBGGXE4,CAR,2024-09-14 09:29:11.077161+04:00
66e51fe7484946ea81dcc438,FYYJ39H2,CAR,2024-09-14 09:32:23.220156+04:00
66e5212c1530f2450861cf7f,PREBTUKU,CAR,2024-09-14 09:37:48.948558+04:00
66e524dc60d9afd7d9ef0d08,8XHDTDA4,CAR,2024-09-14 09:53:32.388937+04:00
66e52665f280aee6addac598,UW63X62C,CAR,2024-09-14 10:00:05.281085+04:00
66e5269f5d54f3e42c4f3e8a,6KYF5FDU,CAR,2024-09-14 10:01:03.132472+04:00
66e52da31b3a3ba4808d4299,PNB6WE5U,CAR,2024-09-14 10:30:59.187608+04:00
66e52e9b1530f2450861d0d5,QYGJKKR9,CAR,2024-09-14 10:35:07.136639+04:00
66e52f3760d9afd7d9ef0e12,JRCG3LJA,CAR,2024-09-14 10:37:43.687358+04:00
66e530eaced02da8f9777540,GQ8ZNQRM,CAR,2024-09-14 10:44:58.626370+04:00
66e531421530f2450861d132,UMWUMAQC,CAR,2024-09-14 10:46:26.451888+04:00
66e53160ced02da8f97775ae,9USXPLXP,CAR,2024-09-14 10:46:56.087330+04:00
66e5319b1b3a3ba4808d4325,QPT9JP8H,CAR,2024-09-14 10:47:55.560285+04:00
66e533351b3a3ba4808d43b7,JHNCVAH5,CAR,2024-09-14 10:54:45.164903+04:00
66e5335f1530f2450861d1e5,B25UW5RR,CAR,2024-09-14 10:55:27.078163+04:00
66e534c31b3a3ba4808d444a,JHGJDHKU,CAR,2024-09-14 11:01:23.321832+04:00
66e535e1ced02da8f9777627,3CYG4PM6,CAR,2024-09-14 11:06:09.930979+04:00
66e536b33ffe8430bea72102,YGUMTU8Y,CAR,2024-09-14 11:09:39.561985+04:00
66e53c56b78abd2ddab9f646,B3SZTETR,CAR,2024-09-14 11:33:42.293162+04:00
66e53d12b09d5c904d5e1b17,KFFSFCNJ,CAR,2024-09-14 11:36:50.664358+04:00
66e53d291b3a3ba4808d45c3,QP3YD5EH,CAR,2024-09-14 11:37:13.514638+04:00
66e53d68c2c4e99d0f16cc04,VNWVHB45,CAR,2024-09-14 11:38:16.345396+04:00
66e53fb31b3a3ba4808d46c4,CP2AD8Y6,CAR,2024-09-14 11:48:03.121896+04:00
66e541050487f5cf69828ba6,HPDFMA7Y,CAR,2024-09-14 11:53:41.462945+04:00
66e542ef71de063230b78b9e,2URSJUAZ,CAR,2024-09-14 12:01:51.361177+04:00
66e543291b3a3ba4808d4845,ZVN5A3CG,CAR,2024-09-14 12:02:49.164402+04:00
66e543f90487f5cf69828c6f,7HRB6PFK,CAR,2024-09-14 12:06:17.967416+04:00
66e544650487f5cf69828cd8,UAWDRJ28,CAR,2024-09-14 12:08:05.354179+04:00
66e5458fc2c4e99d0f16cceb,W6WTWNK9,CAR,2024-09-14 12:13:03.851715+04:00
66e54789c2c4e99d0f16cdba,TFQFN3MS,CAR,2024-09-14 12:21:29.768785+04:00
66e54829b09d5c904d5e1be6,2KCHEZ86,CAR,2024-09-14 12:24:09.235826+04:00
66e54a9c1b3a3ba4808d495b,97M59WV7,CAR,2024-09-14 12:34:36.888691+04:00
66e54c1cc2c4e99d0f16cff0,PW8H945V,CAR,2024-09-14 12:41:00.152626+04:00
66e54c451b3a3ba4808d49f0,DW7JTPZ8,CAR,2024-09-14 12:41:41.493454+04:00
66e54cc7c2c4e99d0f16d00f,YQHKW5DN,CAR,2024-09-14 12:43:51.229934+04:00
66e54ddb3ffe8430bea72297,4342LD3S,CAR,2024-09-14 12:48:27.235731+04:00
66e54ef43ffe8430bea7231c,2NSX6Z5N,CAR,2024-09-14 12:53:08.577833+04:00
66e54fb4b78abd2ddab9f722,FVXBGBU8,CAR,2024-09-14 12:56:20.726111+04:00
66e550b7c2c4e99d0f16d0dd,88J8BC6K,CAR,2024-09-14 13:00:39.056720+04:00
66e5516971de063230b78cb0,JH3DC7J7,CAR,2024-09-14 13:03:37.939300+04:00
66e55336c2c4e99d0f16d15d,KR9K9SK8,CAR,2024-09-14 13:11:18.226406+04:00
66e553821b3a3ba4808d4b7e,8A4DNMRK,CAR,2024-09-14 13:12:34.965092+04:00
66e554021b3a3ba4808d4c3c,PJT9TT5L,CAR,2024-09-14 13:14:42.025370+04:00
66e55457ced02da8f9777668,TUW58QY9,CAR,2024-09-14 13:16:07.016371+04:00
66e55530c2c4e99d0f16d2ee,26VYX53B,CAR,2024-09-14 13:19:44.454131+04:00
66e556491b3a3ba4808d4cd0,Y4BH4N8Y,CAR,2024-09-14 13:24:25.769913+04:00
66e557191b3a3ba4808d4d44,9LTVZDGF,CAR,2024-09-14 13:27:53.690611+04:00
66e557361b3a3ba4808d4de7,FGW6L35J,CAR,2024-09-14 13:28:22.244773+04:00
66e557f9b09d5c904d5e1d5a,LZF6JUQR,CAR,2024-09-14 13:31:37.368011+04:00
66e5585bb78abd2ddab9f7da,9WEGC6LY,CAR,2024-09-14 13:33:15.062720+04:00
66e55a21b78abd2ddab9f848,H3A3VWX5,CAR,2024-09-14 13:40:49.428621+04:00
66e55b480487f5cf69828d8f,FVAUPN2U,CAR,2024-09-14 13:45:44.433715+04:00
66e55ddf1efdcef655773ace,U3N935XQ,CAR,2024-09-14 13:56:47.969332+04:00
66e55f3b832d657d5033be31,WEMS74RJ,CAR,2024-09-14 14:02:35.115291+04:00
66e55f791efdcef655773b5b,WSZ6JZLJ,CAR,2024-09-14 14:03:37.463426+04:00
66e5619871de063230b78e39,B7JRLNPK,CAR,2024-09-14 14:12:40.798116+04:00
66e561fac2c4e99d0f16d4df,X6JXR3MJ,CAR,2024-09-14 14:14:18.854880+04:00
66e562c31efdcef655773bec,MWTC22NF,CAR,2024-09-14 14:17:39.357513+04:00
66e562e0c2c4e99d0f16d559,L96DXMUJ,CAR,2024-09-14 14:18:08.319612+04:00
66e5662f0487f5cf69828ed7,93PCYLBG,CAR,2024-09-14 14:32:14.994847+04:00
66e5668cc2c4e99d0f16d65d,PWPMCHYE,CAR,2024-09-14 14:33:48.718164+04:00
66e5678b1efdcef655773cbb,NSQ34JW8,CAR,2024-09-14 14:38:03.228289+04:00
66e56af91efdcef655773e14,268AF8VG,CAR,2024-09-14 14:52:41.097491+04:00
66e573aeaff85864d28da97e,VZE8UV6R,CAR,2024-09-14 15:29:50.809930+04:00
66e57484186541db321703ce,EWGQB2KR,CAR,2024-09-14 15:33:24.450851+04:00
66e574ce1f7e8c66e4314739,8G583QFA,CAR,2024-09-14 15:34:38.563099+04:00
66e5752baff85864d28daa2f,A5PEZX2L,CAR,2024-09-14 15:36:11.630035+04:00
66e575d21efdcef655773fea,ZYWP2EWQ,CAR,2024-09-14 15:38:58.720807+04:00
66e576d723cc9d6c869fa4b0,A5KP8GL2,CAR,2024-09-14 15:43:19.038558+04:00
66e5775c23cc9d6c869fa4b4,E95X8WAR,CAR,2024-09-14 15:45:32.491631+04:00
66e579a51efdcef6557740d8,GNYWSKAE,CAR,2024-09-14 15:55:17.777288+04:00
66e579d8aff85864d28dab81,A2SJESVH,CAR,2024-09-14 15:56:08.568227+04:00
66e57bdb186541db321704ec,ZYSWE9QM,CAR,2024-09-14 16:04:43.944544+04:00
66e57ca1186541db32170506,3G7XLL6S,CAR,2024-09-14 16:08:01.296628+04:00
66e57cac60933473e9124b8f,RCZWZVLD,CAR,2024-09-14 16:08:12.071871+04:00
66e57d17186541db32170579,7QKNCVC8,CAR,2024-09-14 16:09:59.867439+04:00
66e57e6060933473e9124ba1,G69K76CA,CAR,2024-09-14 16:15:27.952371+04:00
66e587ae186541db32170828,UGJPFNQQ,CAR,2024-09-14 16:55:10.929545+04:00
66e587d7186541db321708cd,4BB9KVEN,CAR,2024-09-14 16:55:51.237869+04:00
66e58a04aff85864d28dacc7,VH6QKEK7,CAR,2024-09-14 17:05:08.298253+04:00
66e58b8d23cc9d6c869fa584,H5N94EAR,CAR,2024-09-14 17:11:41.010090+04:00
66e58e51aff85864d28dad41,U8SHAUEY,CAR,2024-09-14 17:23:29.900608+04:00
66e591c4aff85864d28dae0c,LB3NVV9F,CAR,2024-09-14 17:38:12.644304+04:00
66e5948308f047b6f7b16a72,Q5NT24BC,CAR,2024-09-14 17:49:55.677487+04:00
66e595785ae348e9eaa0f8d5,LRS5SG9V,CAR,2024-09-14 17:54:00.912342+04:00
66e595a5c66ba99c455bfadb,5QY4TP7L,CAR,2024-09-14 17:54:45.432117+04:00
66e59852186541db321709fa,XTLP52TJ,CAR,2024-09-14 18:06:10.683282+04:00
66e59cf4186541db32170a17,DDANKLC6,CAR,2024-09-14 18:25:56.094964+04:00
66e5a572186541db32170b0c,CGRD4S7J,CAR,2024-09-14 19:02:10.669366+04:00
66e5a63560933473e9124c57,8S4KWDDM,CAR,2024-09-14 19:05:25.841543+04:00
66e5a82b1efdcef655774547,5R4YMYGU,CAR,2024-09-14 19:13:47.003319+04:00
66e5adb3aff85864d28dafa2,N88VFG35,CAR,2024-09-14 19:37:23.764545+04:00
66e5aed31efdcef6557745cb,FUQ3L5Q6,CAR,2024-09-14 19:42:11.047568+04:00
66e5b0641efdcef65577468e,QSVJ58WZ,CAR,2024-09-14 19:48:52.153633+04:00
66e5b38d280f9c98018b7923,2U5YMCHL,CAR,2024-09-14 20:02:21.607574+04:00
66e5ba3f3fa17c91b5de2428,RJ7NZZ2W,CAR,2024-09-14 20:30:55.543114+04:00
66e5ba9213d1e0dd08067ea9,AFGZM77K,CAR,2024-09-14 20:32:18.650145+04:00
66e5c007fed71a37f66c2f49,SFQZUNU2,CAR,2024-09-14 20:55:35.712169+04:00
66e5c1864dc147beae9ce72c,QXY2HL7B,CAR,2024-09-14 21:01:58.443301+04:00
66e5c5e66821a0d92b2fb800,NV32VG4L,CAR,2024-09-14 21:20:38.783649+04:00
66e5cd4a4dc147beae9ce7e0,J958J3KS,CAR,2024-09-14 21:52:10.575662+04:00
66e5ce7f280f9c98018b7a8e,CF4YR4QU,CAR,2024-09-14 21:57:19.347908+04:00
66e5cefb44ee77f97c9f8213,DMTAJ6XM,CAR,2024-09-14 21:59:23.245250+04:00
66e5cfcb53103ee12e6fed09,DWQNECM9,CAR,2024-09-14 22:02:51.469535+04:00
66e5d152280f9c98018b7afd,JG3LP4AD,CAR,2024-09-14 22:09:22.720695+04:00
66e5d6c53fa17c91b5de2533,BV2QFZD5,CAR,2024-09-14 22:32:37.754513+04:00
66e5dcb24dc147beae9ce8e8,ELKZX9CT,CAR,2024-09-14 22:57:54.755219+04:00
66e5e39d3fa17c91b5de26f1,CCSNQJ42,CAR,2024-09-14 23:27:25.518634+04:00
66e5e4f23fa17c91b5de2762,YF7P9UC2,CAR,2024-09-14 23:33:06.234407+04:00
66e5e9eb4dc147beae9ce9f7,KNH4TTCC,CAR,2024-09-14 23:54:19.006616+04:00
66e5ebe2fed71a37f66c3002,VFXNJE63,CAR,2024-09-15 00:02:42.369601+04:00
66e5ec353fa17c91b5de27f3,MYQEN3CU,CAR,2024-09-15 00:04:05.206622+04:00
66e5f88953103ee12e6fed5b,ZWBKW383,CAR,2024-09-15 00:56:40.845780+04:00
66e5fe6a4dc147beae9ceadb,WUXHUWJB,CAR,2024-09-15 01:21:46.292395+04:00
66e640e253103ee12e6fef84,59XAXXQ5,CAR,2024-09-15 06:05:22.710305+04:00
66e65a66280f9c98018b7d1a,4MN9YNWY,CAR,2024-09-15 07:54:14.648579+04:00
66e65a853fa17c91b5de2a82,CR5A9L9T,CAR,2024-09-15 07:54:45.671293+04:00
66e65b893fa17c91b5de2ac0,A55MUR7E,CAR,2024-09-15 07:59:04.994953+04:00
66e65f4f280f9c98018b7dc3,FCXFK3YB,CAR,2024-09-15 08:15:11.292446+04:00
66e66c9f4dc147beae9cef48,DNG2GKSV,CAR,2024-09-15 09:11:59.619678+04:00
66e6717f4dc147beae9cefea,WHM47NJK,CAR,2024-09-15 09:32:47.896934+04:00
66e672954dc147beae9cf02b,4254GY52,CAR,2024-09-15 09:37:25.065699+04:00
66e6735c4dc147beae9cf0d0,KG4T6TZH,CAR,2024-09-15 09:40:44.181816+04:00
66e677c7fed71a37f66c3319,H58AHQN5,CAR,2024-09-15 09:59:35.520884+04:00
66e67a3453103ee12e6ff0e0,KR92HKS8,CAR,2024-09-15 10:09:56.350545+04:00
66e67d5c13d1e0dd0806808b,Y9UXKK4Y,CAR,2024-09-15 10:23:24.119308+04:00
66e67ee03fa17c91b5de2df0,QEVJCJCN,CAR,2024-09-15 10:29:52.793568+04:00
66e684694dc147beae9cf1e0,FC49CG2T,CAR,2024-09-15 10:53:29.043800+04:00
66e686664dc147beae9cf29b,KFV6SFZS,CAR,2024-09-15 11:01:58.876456+04:00
66e687e13fa17c91b5de2f77,ENRBKARQ,CAR,2024-09-15 11:08:17.160333+04:00
66e68846fed71a37f66c33ce,GWYBX8K5,CAR,2024-09-15 11:09:58.363450+04:00
66e688c753103ee12e6ff1bc,82VHK8T3,CAR,2024-09-15 11:12:07.110773+04:00
66e689da6821a0d92b2fb89f,8EBXXR3N,CAR,2024-09-15 11:16:42.446594+04:00
66e689fb53103ee12e6ff22d,6QLVL6ZJ,CAR,2024-09-15 11:17:15.075691+04:00
66e68b6cfed71a37f66c3448,AAT8UC5D,CAR,2024-09-15 11:23:24.883217+04:00
66e68de63fa17c91b5de3209,WVSTA6MP,CAR,2024-09-15 11:33:58.457559+04:00
66e6903d6dd71bb16358be72,445BC4SB,CAR,2024-09-15 11:43:57.788852+04:00
66e693796dd71bb16358bf0d,5B962MQQ,CAR,2024-09-15 11:57:45.095727+04:00
66e6945634d96fb198258d92,6ANDGR2F,CAR,2024-09-15 12:01:26.569137+04:00
66e6985710eb1f3d56dd4645,DWN8Z7NV,CAR,2024-09-15 12:18:31.528909+04:00
66e698bc6dd71bb16358c05d,9SWLN5Y5,CAR,2024-09-15 12:20:12.228051+04:00
66e69bc434d96fb198258ee4,XA4C4JD3,CAR,2024-09-15 12:33:08.755748+04:00
66e69c3110eb1f3d56dd46d8,TAY4MCX3,CAR,2024-09-15 12:34:57.138438+04:00
66e69ca16dd71bb16358c1f8,UYWLYYHX,CAR,2024-09-15 12:36:49.675838+04:00
66e69dd710eb1f3d56dd4760,PKH9HBHP,CAR,2024-09-15 12:41:59.115549+04:00
66e69f47c816db8da459faa4,VNJ4XKPM,CAR,2024-09-15 12:48:07.388148+04:00
66e69f9fc816db8da459fb18,EU6M6U54,CAR,2024-09-15 12:49:35.519784+04:00
66e69fe3c816db8da459fbc0,F2WX3W89,CAR,2024-09-15 12:50:43.682552+04:00
66e6a374c816db8da459fd25,EJRYM9YB,CAR,2024-09-15 13:05:56.972116+04:00
66e6a53dc816db8da459fde5,NJ3QA4SU,CAR,2024-09-15 13:13:33.092079+04:00
66e6a6826dd71bb16358c31d,UYV2FZSY,CAR,2024-09-15 13:18:58.681360+04:00
66e6a6986dd71bb16358c38d,UBUB8UUR,CAR,2024-09-15 13:19:20.560819+04:00
66e6a79a6dd71bb16358c405,FDESK3HG,CAR,2024-09-15 13:23:37.993259+04:00
66e6a8420c36a9ac92674b93,PA7KB24T,CAR,2024-09-15 13:26:26.679626+04:00
66e6bd0e6dd71bb16358c78f,VRATUDRK,CAR,2024-09-15 14:55:10.114201+04:00
66e6c125c816db8da45a00f6,SB5PNHZZ,CAR,2024-09-15 15:12:37.624370+04:00
66e6c2256dd71bb16358c8bd,XRV8RAMB,CAR,2024-09-15 15:16:53.268093+04:00
66e6c22c34d96fb198258fc1,XDQ7MFW3,CAR,2024-09-15 15:17:00.042654+04:00
66e6c2d1c816db8da45a016b,VDPSH42X,CAR,2024-09-15 15:19:45.284312+04:00
66e6cc166dd71bb16358c9ca,QMA33MDE,CAR,2024-09-15 15:59:17.951141+04:00
66e6ccc39b7443045840983e,3M63GSUL,CAR,2024-09-15 16:02:10.999690+04:00
66e6cf3bc816db8da45a0285,5JDRU2UG,CAR,2024-09-15 16:12:43.657386+04:00
66e6d0a6c816db8da45a02d3,QLH6CVJR,CAR,2024-09-15 16:18:46.393393+04:00
66e6d531c816db8da45a0393,HMRUSE4H,CAR,2024-09-15 16:38:09.572260+04:00
66e6db91c816db8da45a0420,SGDYHESU,CAR,2024-09-15 17:05:20.985801+04:00
66e6dbd2a6fcd47ecb6dc6d9,ZSJ6PA2L,CAR,2024-09-15 17:06:26.232658+04:00
66e6e29ac816db8da45a04de,4XZFARPA,CAR,2024-09-15 17:35:21.983899+04:00
66e6eb11c816db8da45a056b,J9MWB93S,CAR,2024-09-15 18:11:29.360205+04:00
66e6ecf00c36a9ac92674f0f,FTZAAJQK,CAR,2024-09-15 18:19:28.082995+04:00
66e6fafa1fd40948caf4c120,HR87JAPQ,CAR,2024-09-15 19:19:22.186001+04:00
66e70b500b0a0298b5a6438f,KWEVMKU9,CAR,2024-09-15 20:29:04.805212+04:00
66e70f3222843951057a261d,G8WGBBNL,CAR,2024-09-15 20:45:38.108966+04:00
66e711a40b0a0298b5a644c6,DMGXTKN4,CAR,2024-09-15 20:56:04.634434+04:00
66e72729fa19d42d70bc5662,Q7SFFUU2,CAR,2024-09-15 22:27:53.202920+04:00
66e727b20b0a0298b5a64637,E2T4QAXC,CAR,2024-09-15 22:30:10.772038+04:00
66e72d0da6fcd47ecb6dc7d0,AX7VZ3GC,CAR,2024-09-15 22:53:01.380487+04:00
66e7320d325658c6c20a6034,6EL9L4PC,CAR,2024-09-15 23:14:21.598996+04:00
66e76024cdcd7809f2237a3c,V26JWN68,CAR,2024-09-16 02:31:00.352902+04:00
66e7939ccdcd7809f2237af6,NF7LR8PT,CAR,2024-09-16 06:10:36.671675+04:00
66e795f3325658c6c20a6299,TA828GCD,CAR,2024-09-16 06:20:35.765854+04:00
66e79f48325658c6c20a631d,NWRYZXS7,CAR,2024-09-16 07:00:24.634066+04:00
66e7afc5cdcd7809f2237d3a,DBX7QZH5,CAR,2024-09-16 08:10:45.098780+04:00
66e7b193325658c6c20a63f4,8MHB9V5P,CAR,2024-09-16 08:18:27.210993+04:00
66e7b33acdcd7809f2237d77,VNM3RLFD,CAR,2024-09-16 08:25:30.805813+04:00
66e7b67e337b3a2f299da8f6,L4QPYPZM,CAR,2024-09-16 08:39:26.224464+04:00
66e7b7f4325658c6c20a64c2,QVD3Y5K7,CAR,2024-09-16 08:45:40.441457+04:00
66e7c079dff58b3d62b67c42,5WWY2HC3,CAR,2024-09-16 09:22:01.859506+04:00
66e7c0fd40749de544be6379,V7XG3X8V,CAR,2024-09-16 09:24:13.460004+04:00
66e7c18f40749de544be63b6,KRA6QGJU,CAR,2024-09-16 09:26:38.969066+04:00
66e7c1f6cdcd7809f2237f90,LEGVD5ZD,CAR,2024-09-16 09:28:22.102918+04:00
66e7c447325658c6c20a67bb,APSZK2FV,CAR,2024-09-16 09:38:15.887088+04:00
66e7c638337b3a2f299daaa5,ZEZPR7B3,CAR,2024-09-16 09:46:32.938254+04:00
66e7c6c2cdcd7809f223820f,5AJEDUWP,CAR,2024-09-16 09:48:50.500879+04:00
66e7c80c40749de544be6494,2FWX5AAS,CAR,2024-09-16 09:54:19.985520+04:00
66e7c876337b3a2f299daaf0,QJXRP5XF,CAR,2024-09-16 09:56:06.534268+04:00
66e7c92acdcd7809f223838e,34ZSYGL6,CAR,2024-09-16 09:59:06.891020+04:00
66e7cccd325658c6c20a689a,HAPJEPNN,CAR,2024-09-16 10:14:37.157802+04:00
66e7cf24337b3a2f299dac76,ASXSU9M9,CAR,2024-09-16 10:24:36.555537+04:00
66e7d098337b3a2f299dacfe,7GPG63MW,CAR,2024-09-16 10:30:48.192526+04:00
66e7d13ccdcd7809f22386a0,PA59DE46,CAR,2024-09-16 10:33:32.760891+04:00
66e7d1e93e176c052538a00e,NXUSHJKL,CAR,2024-09-16 10:36:25.276439+04:00
66e7d232ac756e5bb93e939e,HQYX96AJ,CAR,2024-09-16 10:37:38.273692+04:00
66e7d30b968b54ae5110261e,USHBB5ZR,CAR,2024-09-16 10:41:15.269289+04:00
66e7d3603e176c052538a10c,2XSLZG3Q,CAR,2024-09-16 10:42:40.483859+04:00
66e7d442ebe52e8c9a0fb9ae,AV78BEVB,CAR,2024-09-16 10:46:26.504934+04:00
66e7d5317b24186595c61bf9,QQ7WBDR9,CAR,2024-09-16 10:50:25.493184+04:00
66e7d6b79c682f99b1d0dce0,S8MP4P9S,CAR,2024-09-16 10:56:55.640559+04:00
66e7d6f2acdb0e687be0c702,PZF4DUF2,CAR,2024-09-16 10:57:54.949077+04:00
66e7d7bbdfdbd02d91c41e1d,F6XZRC65,CAR,2024-09-16 11:01:15.835915+04:00
66e7d85f9c682f99b1d0de21,6KG4TPFL,CAR,2024-09-16 11:03:59.956345+04:00
66e7d8709c682f99b1d0de92,H8BCRTP4,CAR,2024-09-16 11:04:16.145187+04:00
66e7d92ece9158604a91436f,S58PLPG2,CAR,2024-09-16 11:07:26.212503+04:00
66e7d94dce9158604a9143a5,3HH9PQLG,CAR,2024-09-16 11:07:57.051207+04:00
66e7d9b00e87c137619501a3,ADLM3DJA,CAR,2024-09-16 11:09:36.589568+04:00
66e7d9b19c682f99b1d0deb8,YXBNUNQL,CAR,2024-09-16 11:09:37.790163+04:00
66e7da36ebe52e8c9a0fba52,KK6V3F2H,CAR,2024-09-16 11:11:50.370417+04:00
66e7dab9ce9158604a91444e,YPD42Z59,CAR,2024-09-16 11:14:01.504051+04:00
66e7dbb6ce9158604a9144ca,LMJHKHNH,CAR,2024-09-16 11:18:14.465477+04:00
66e7dca99c682f99b1d0df9a,AD2UGYNJ,CAR,2024-09-16 11:22:17.550334+04:00
66e7dcb30a16ea128c79ee71,SCESAVZT,CAR,2024-09-16 11:22:27.273788+04:00
66e7dd687b24186595c61d44,9J8R2BNK,CAR,2024-09-16 11:25:28.732708+04:00
66e7de509c682f99b1d0e01a,ST4QR6XZ,CAR,2024-09-16 11:29:19.895183+04:00
66e7dee59c682f99b1d0e191,D3RVKN8P,CAR,2024-09-16 11:31:49.911894+04:00
66e7df509c682f99b1d0e1d6,ES3YWE3M,CAR,2024-09-16 11:33:36.049527+04:00
66e7e0790e87c137619502e0,EAATEZKQ,CAR,2024-09-16 11:38:33.410348+04:00
66e7e106acdb0e687be0c93c,HGWPHMDR,CAR,2024-09-16 11:40:54.122960+04:00
66e7e287acdb0e687be0c966,DXA64F4F,CAR,2024-09-16 11:47:18.978709+04:00
66e7e3b87b24186595c61e3d,CGLNGPAS,CAR,2024-09-16 11:52:24.412292+04:00
66e7e41f0e87c13761950374,AL874V4L,CAR,2024-09-16 11:54:07.129564+04:00
66e7e6cd0a16ea128c79ef70,P742J4HE,CAR,2024-09-16 12:05:33.468078+04:00
66e7e7ac9c682f99b1d0e43b,ZTNCA8XC,CAR,2024-09-16 12:09:16.373738+04:00
66e7e8d8acdb0e687be0cb63,WJY49ZF2,CAR,2024-09-16 12:14:16.531560+04:00
66e7ebbdacdb0e687be0cccf,JRRE8DH3,CAR,2024-09-16 12:26:37.131478+04:00
66e7ec1bacdb0e687be0cd46,DESKU2K3,CAR,2024-09-16 12:28:11.334783+04:00
66e7ed07acdb0e687be0cd65,MTJV6CEU,CAR,2024-09-16 12:32:07.429222+04:00
66e7ee257b24186595c620be,AKD88SMF,CAR,2024-09-16 12:36:53.447863+04:00
66e7ef6bce9158604a9145b4,78UPPLQY,CAR,2024-09-16 12:42:19.954853+04:00
66e7f32394d2b1c6e4c8f197,A5K2DJKX,CAR,2024-09-16 12:58:11.167537+04:00
66e7f4b963b3a88b4222e512,UFNND46U,CAR,2024-09-16 13:04:56.963959+04:00
66e7f51fad458cb50c09f1ae,ZCWAD7Z2,CAR,2024-09-16 13:06:39.410486+04:00
66e7f618ad458cb50c09f2e2,JE9JM2UW,CAR,2024-09-16 13:10:48.258515+04:00
66e7f679b2dd143a659786a1,Y9GGS94F,CAR,2024-09-16 13:12:25.275396+04:00
66e7f861519c2fedab8d7dd2,LLSN3VYT,CAR,2024-09-16 13:20:33.731943+04:00
66e7f988213e8f7c3850623f,RLU6LDTK,CAR,2024-09-16 13:25:28.344602+04:00
66e7fa7b1b77cbc5637da80c,NBC836QV,CAR,2024-09-16 13:29:31.262634+04:00
66e7fab3ad458cb50c09f5b1,WADUBPAC,CAR,2024-09-16 13:30:27.261859+04:00
66e7fc161b77cbc5637da87b,KZF3FPFU,CAR,2024-09-16 13:36:22.856168+04:00
66e7fc4e1b77cbc5637da888,K57HZGA9,CAR,2024-09-16 13:37:18.616208+04:00
66e7fcf963b3a88b4222e5f0,PHE2PZFH,CAR,2024-09-16 13:40:09.794727+04:00
66e7fefb8b0ef6847e67d25d,BY78ZY3H,CAR,2024-09-16 13:48:43.560023+04:00
66e7ff957945b914918176ec,GWNPYMP3,CAR,2024-09-16 13:51:17.881698+04:00
66e801e67945b914918178a7,Q6DT4JXW,CAR,2024-09-16 14:01:10.896141+04:00
66e801e77945b914918178a9,GM4U6M8V,CAR,2024-09-16 14:01:11.014226+04:00
66e803f38b0ef6847e67d43c,ZPZUF74G,CAR,2024-09-16 14:09:55.246423+04:00
66e8062d7945b91491817a44,MST3UWHW,CAR,2024-09-16 14:19:25.869079+04:00
66e807178b0ef6847e67d522,GN4Q3BPW,CAR,2024-09-16 14:23:19.406961+04:00
66e8071dcb76d770b486262f,N8PRXLSL,CAR,2024-09-16 14:23:25.123064+04:00
66e807937945b91491817aa8,ZESMN7DJ,CAR,2024-09-16 14:25:23.434571+04:00
66e807bf8b0ef6847e67d6a6,6UWV2CCH,CAR,2024-09-16 14:26:07.369086+04:00
66e807dd7945b91491817aea,W39YXHBT,CAR,2024-09-16 14:26:37.689990+04:00
66e807f58b0ef6847e67d725,K3M2TZLN,CAR,2024-09-16 14:27:01.729510+04:00
66e8094f1b77cbc5637da987,8CERDRPE,CAR,2024-09-16 14:32:47.564231+04:00
66e809877945b91491817b20,TVXKTQHQ,CAR,2024-09-16 14:33:43.436723+04:00
66e80b567945b91491817c25,RXXN664M,CAR,2024-09-16 14:41:26.552733+04:00
66e80bd2cb76d770b48626bd,VZDWYNBS,CAR,2024-09-16 14:43:30.212578+04:00
66e80cb17945b91491817cd4,34S2BKSK,CAR,2024-09-16 14:47:13.089332+04:00
66e80cb82e3a15b19cd8ab3f,ZFVSJCRP,CAR,2024-09-16 14:47:20.653989+04:00
66e80dca1b77cbc5637da9f0,YRLAHL9C,CAR,2024-09-16 14:51:54.442531+04:00
66e80e027945b91491817e1d,TZ2AQJGD,CAR,2024-09-16 14:52:50.078234+04:00
66e80f72e4134466deaa1d1f,EKC9RXKJ,CAR,2024-09-16 14:58:58.314111+04:00
66e80f85daac66061cadb949,GYCJUC26,CAR,2024-09-16 14:59:17.567510+04:00
66e80f92835cf3bf61b6d751,KCQ8UKMK,CAR,2024-09-16 14:59:30.940855+04:00
66e8108f6486da9380d64ebf,PTNBXX3H,CAR,2024-09-16 15:03:43.617012+04:00
66e8129bfe9faed97080b97f,CNPKULYA,CAR,2024-09-16 15:12:27.778312+04:00
66e812ce2f609a96b822d397,F33H3GLK,CAR,2024-09-16 15:13:18.308342+04:00
66e813030a7a89edfe335cb3,ZFLTT8Q6,CAR,2024-09-16 15:14:11.223910+04:00
66e814be3a44b3083122c750,Y29AJ7GE,CAR,2024-09-16 15:21:34.483519+04:00
66e815d33a44b3083122c7a5,VJFAHPZB,CAR,2024-09-16 15:26:11.117278+04:00
66e8161d3a44b3083122c842,RJZG3V4U,CAR,2024-09-16 15:27:25.297958+04:00
66e8166b3a44b3083122c8b3,XF2UCFJZ,CAR,2024-09-16 15:28:43.427785+04:00
66e81809835cf3bf61b6d8f3,XTEGMCSV,CAR,2024-09-16 15:35:37.018963+04:00
66e818732f609a96b822d4aa,2VA4S2LK,CAR,2024-09-16 15:37:23.085444+04:00
66e8187868977d41e68d5ba7,FB4LRJVU,CAR,2024-09-16 15:37:28.949179+04:00
66e818d368977d41e68d5c22,6GU9SXQV,CAR,2024-09-16 15:38:58.987463+04:00
66e81bb46486da9380d64fcb,YE8M8NJA,CAR,2024-09-16 15:51:16.693240+04:00
66e81db7be7636259335f35b,JB4UUQXP,CAR,2024-09-16 15:59:51.334108+04:00
66e81e4df1ec0341d6712814,YXJJXS7E,CAR,2024-09-16 16:02:21.814101+04:00
66e81e8cbe7636259335f3e4,YFRF9LU6,CAR,2024-09-16 16:03:24.258842+04:00
66e81e8f6486da9380d65058,LKPVMQ6T,CAR,2024-09-16 16:03:27.019205+04:00
66e81ef19babacfd913da87e,QYVGDSWC,CAR,2024-09-16 16:05:05.798725+04:00
66e820469babacfd913da8f0,QYLN22YU,CAR,2024-09-16 16:10:46.255906+04:00
66e8204abe7636259335f467,ZQDH9XN4,CAR,2024-09-16 16:10:50.300143+04:00
66e821573a44b3083122cc2f,YMFFMYDN,CAR,2024-09-16 16:15:19.530627+04:00
66e8217a835cf3bf61b6d95d,NA7PAW7N,CAR,2024-09-16 16:15:54.763177+04:00
66e821d7be7636259335f5bc,NU5HHTJV,CAR,2024-09-16 16:17:27.726474+04:00
66e822276486da9380d65227,TQYET6YA,CAR,2024-09-16 16:18:47.162298+04:00
66e8257a3a44b3083122cd40,B8HK3CTT,CAR,2024-09-16 16:32:58.582093+04:00
66e825c2fe9faed97080baef,QCFCLMMD,CAR,2024-09-16 16:34:10.453387+04:00
66e825cb3a44b3083122cd77,FARDQN5B,CAR,2024-09-16 16:34:19.153493+04:00
66e829479babacfd913dab4a,D2D9ED7B,CAR,2024-09-16 16:49:11.324217+04:00
66e8297172598386a8f154d4,5DV5R9TU,CAR,2024-09-16 16:49:53.352409+04:00
66e8297f88d49c9bf64c5e3f,K9EFFWWY,CAR,2024-09-16 16:50:07.439723+04:00
66e82add9babacfd913dac8e,WMMC8XTU,CAR,2024-09-16 16:55:57.144547+04:00
66e82b3a83cc59856b44cf4d,MCNX6RCA,CAR,2024-09-16 16:57:30.798797+04:00
66e82eeabbe47627a3476bf0,C32JY6VM,CAR,2024-09-16 17:13:14.782122+04:00
66e82f3eae71178c54583f27,NDMMPHB2,CAR,2024-09-16 17:14:38.102437+04:00
66e82fc59babacfd913dae1d,TCZR9ZF3,CAR,2024-09-16 17:16:53.617337+04:00
66e82fe59babacfd913dae7e,9AUP7L8N,CAR,2024-09-16 17:17:25.238183+04:00
66e831301e56fc4cbefd9d50,D3N776VA,CAR,2024-09-16 17:22:56.086027+04:00
66e831921e56fc4cbefd9df6,ZBSUCTL3,CAR,2024-09-16 17:24:34.657423+04:00
66e831b41e56fc4cbefd9e61,MPSRLNT6,CAR,2024-09-16 17:25:08.223808+04:00
66e832871e56fc4cbefd9f0d,3AB2E7FG,CAR,2024-09-16 17:28:39.283448+04:00
66e833d91e56fc4cbefd9ff3,CQ7LHXHJ,CAR,2024-09-16 17:34:17.571381+04:00
66e8347cc295df72daf6193e,2LSQD7H6,CAR,2024-09-16 17:37:00.543287+04:00
66e834a91e56fc4cbefda09d,GUT7NQDL,CAR,2024-09-16 17:37:45.855291+04:00
66e836edf1b8149a4f420874,KQ5RJZFA,CAR,2024-09-16 17:47:25.460026+04:00
66e83bfcc295df72daf61b1c,TU4K3FUF,CAR,2024-09-16 18:09:00.311866+04:00
66e83f02c295df72daf61bcf,ME8U8MWL,CAR,2024-09-16 18:21:54.493732+04:00
66e840154c1a51472da440a4,CKEBRP62,CAR,2024-09-16 18:26:29.377940+04:00
66e841101e56fc4cbefda1bd,74UZZVWK,CAR,2024-09-16 18:30:40.913571+04:00
66e8416fc295df72daf61c8c,XVWFX5E2,CAR,2024-09-16 18:32:15.903328+04:00
66e841abe18f336f64406c8c,2LJA9EME,CAR,2024-09-16 18:33:15.738693+04:00
66e842eae18f336f64406cf1,4MXMY5YE,CAR,2024-09-16 18:38:34.625668+04:00
66e8453c4c1a51472da44133,3F2ML7L4,CAR,2024-09-16 18:48:28.053446+04:00
66e84615c295df72daf61d1b,QDGJ3RZ8,CAR,2024-09-16 18:52:05.665336+04:00
66e848cc1e56fc4cbefda502,3U5AAKJF,CAR,2024-09-16 19:03:40.290518+04:00
66e849a94c1a51472da44381,MANN82RK,CAR,2024-09-16 19:07:21.022009+04:00
66e84ab05a036b9beec5425c,VNPBV4MG,CAR,2024-09-16 19:11:44.095768+04:00
66e85076d4e5507fe2df277c,V29JKSD5,CAR,2024-09-16 19:36:22.302788+04:00
66e854d53bd01c3002682c7f,GV6993Y7,CAR,2024-09-16 19:55:01.799913+04:00
66e855b5c295df72daf61f24,RZGN3Z4T,CAR,2024-09-16 19:58:45.828186+04:00
66e85ca0c295df72daf61fa6,R3L85GHW,CAR,2024-09-16 20:28:16.086472+04:00
66e860cbaeaacc9c17270677,TZSFUEC4,CAR,2024-09-16 20:46:03.892001+04:00
66e8635faeaacc9c172707b6,LKQ87XQ5,CAR,2024-09-16 20:57:03.181873+04:00
66e863d6aeaacc9c172707c2,P2W6TTRA,CAR,2024-09-16 20:59:02.952714+04:00
66e8674f1db8eb1816b7ce0f,6A76Y962,CAR,2024-09-16 21:13:51.305661+04:00
66e87076c295df72daf62113,K62Y7S4C,CAR,2024-09-16 21:52:54.080548+04:00
66e871a33bd01c3002682d58,F4V2JD9G,CAR,2024-09-16 21:57:55.616880+04:00
66e875285a036b9beec5454d,QPTXNU4H,CAR,2024-09-16 22:12:56.490932+04:00
66e876625a036b9beec54632,JRCVYKAJ,CAR,2024-09-16 22:18:10.592969+04:00
66e883cce8ebd505d5092346,LX4HPZG7,CAR,2024-09-16 23:15:24.011200+04:00
66e88e721db8eb1816b7d022,JG5LKNEU,CAR,2024-09-17 00:00:50.078954+04:00
66e8adf1aeaacc9c1727091b,8L3SANYD,CAR,2024-09-17 02:15:13.433690+04:00
66e8e53d2c5772606a65a87b,N6NUPD9T,CAR,2024-09-17 06:11:09.241611+04:00
66e8f1673b441032288a6df3,27P6JPW6,CAR,2024-09-17 07:03:03.944535+04:00
66e8f6d62c5772606a65aa00,5L37B2QJ,CAR,2024-09-17 07:26:14.712511+04:00
66e8fd144c087f7613b17daf,AYFCW949,CAR,2024-09-17 07:52:52.643605+04:00
66e905f63b441032288a6f20,5FJVMCE8,CAR,2024-09-17 08:30:46.357629+04:00
66e90b134c087f7613b180f3,5UL9M6WB,CAR,2024-09-17 08:52:35.253972+04:00
66e90effaeaacc9c17270aea,CHC8VJFK,CAR,2024-09-17 09:09:19.160436+04:00
66e90f27d4e5507fe2df2a4d,2TXR3R9S,CAR,2024-09-17 09:09:59.169436+04:00
66e9106e9ac436aa893506eb,7ZBDK6CU,CAR,2024-09-17 09:15:26.833360+04:00
66e9109cd4e5507fe2df2b88,5H73MVB6,CAR,2024-09-17 09:16:12.181727+04:00
66e911c63442f7658592c800,22VJ5KB8,CAR,2024-09-17 09:21:10.663753+04:00
66e9122d2c5772606a65ac06,ABHNYWDQ,CAR,2024-09-17 09:22:53.711768+04:00
66e9126d2c5772606a65ac3d,HKKT9HLP,CAR,2024-09-17 09:23:57.093555+04:00
66e9144c2c5772606a65acc1,PC9PTDVX,CAR,2024-09-17 09:31:56.114460+04:00
66e916d62c5772606a65ad2f,QPXNSASC,CAR,2024-09-17 09:42:46.616817+04:00
66e918912c5772606a65adb9,MWDN3GSY,CAR,2024-09-17 09:50:09.219029+04:00
66e91a2e2f5e3ae8dcccc5cb,RTTF6DDU,CAR,2024-09-17 09:57:02.231892+04:00
66e91aadd4e5507fe2df2bfe,T6VBATTH,CAR,2024-09-17 09:59:09.085368+04:00
66e91b3e4c087f7613b1836a,7WUE3TVR,CAR,2024-09-17 10:01:34.574629+04:00
66e91b5be5f7a273cba7aaab,FDV3LKVR,CAR,2024-09-17 10:02:03.657355+04:00
66e91b726bc55f3ac29878ea,4R2VL72R,CAR,2024-09-17 10:02:26.074919+04:00
66e91cc54c087f7613b18581,98T7HK4S,CAR,2024-09-17 10:08:05.288970+04:00
66e91cf59ac436aa893507f3,VN8CBWM3,CAR,2024-09-17 10:08:53.944269+04:00
66e91d109ac436aa89350868,EWLNW4LT,CAR,2024-09-17 10:09:20.890794+04:00
66e91d369ac436aa893508e3,N6WWTJNM,CAR,2024-09-17 10:09:58.494296+04:00
66e91e099ac436aa89350974,6PYEJ9ZH,CAR,2024-09-17 10:13:29.340265+04:00
66e91eb83b441032288a6fe5,NG43QNQ5,CAR,2024-09-17 10:16:24.077066+04:00
66e91f4ae5f7a273cba7ac89,U7QQMSNJ,CAR,2024-09-17 10:18:50.503691+04:00
66e91f90e5f7a273cba7ad2b,FXHZB8JT,CAR,2024-09-17 10:20:00.773032+04:00
66e9214c9ac436aa89350ad2,XEMAXMYB,CAR,2024-09-17 10:27:24.348290+04:00
66e92543876a31b22f2cbef0,GA4FECLV,CAR,2024-09-17 10:44:19.824149+04:00
66e92584e5f7a273cba7adc8,QFAHED59,CAR,2024-09-17 10:45:24.255953+04:00
66e925989ac436aa89350b76,ZSMJZQ47,CAR,2024-09-17 10:45:44.168246+04:00
66e926819ac436aa89350be9,U3E44D4N,CAR,2024-09-17 10:49:37.299974+04:00
66e927843b441032288a7074,X686565G,CAR,2024-09-17 10:53:56.430699+04:00
66e928063b441032288a70e2,YXQRX6C7,CAR,2024-09-17 10:56:06.787822+04:00
66e92814e5f7a273cba7aded,H9HJRVBE,CAR,2024-09-17 10:56:20.768276+04:00
66e929259ac436aa89350c6c,CKRNZZR6,CAR,2024-09-17 11:00:53.498394+04:00
66e92ad8d55e0ebe48e1e168,6HUDZ38X,CAR,2024-09-17 11:08:08.382117+04:00
66e92b3a799865d02b8c440c,BJ68JHAN,CAR,2024-09-17 11:09:46.096299+04:00
66e9318d9ac436aa89350d43,LSVX9UVU,CAR,2024-09-17 11:36:45.166835+04:00
66e932af51cdfa1ca28eef05,TXUELPKR,CAR,2024-09-17 11:41:35.253946+04:00
66e936acde137d18a703e946,9HB86642,CAR,2024-09-17 11:58:36.718927+04:00
66e93b19b089049c6bb0e68f,BGSW9XLX,CAR,2024-09-17 12:17:29.316427+04:00
66e93ca6b089049c6bb0e6e3,R55QEURF,CAR,2024-09-17 12:24:06.201060+04:00
66e93ce6c610a30b870963af,RMGLNPX4,CAR,2024-09-17 12:25:10.908544+04:00
66e93ce7227a103913b4d16b,R6KWQWZG,CAR,2024-09-17 12:25:11.650222+04:00
66e93d1261b0285b7764c6bc,PK8DE828,CAR,2024-09-17 12:25:54.560980+04:00
66e93d72227a103913b4d1a3,CYPU68S2,CAR,2024-09-17 12:27:30.805762+04:00
66e93e5561b0285b7764c6da,SMPQUBPP,CAR,2024-09-17 12:31:17.369127+04:00
66e93ec9c610a30b8709640b,XW9VKKWN,CAR,2024-09-17 12:33:12.941959+04:00
66e93edac610a30b8709647e,L5FHX4HK,CAR,2024-09-17 12:33:30.603356+04:00
66e93f01c610a30b8709651c,JUDKPTTG,CAR,2024-09-17 12:34:09.401923+04:00
66e93f55de137d18a703eae4,5ARKAMCR,CAR,2024-09-17 12:35:33.848211+04:00
66e93fa9227a103913b4d239,63CA3KU2,CAR,2024-09-17 12:36:57.103576+04:00
66e93fe1de137d18a703eb62,98SU5NB7,CAR,2024-09-17 12:37:53.536377+04:00
66e93febc610a30b870965dc,6WV4BJKD,CAR,2024-09-17 12:38:03.969967+04:00
66e940210f6ff081eb2213be,3XEDX5H9,CAR,2024-09-17 12:38:57.299758+04:00
66e9402ade137d18a703ebe6,FLWG8UAJ,CAR,2024-09-17 12:39:06.619921+04:00
66e94035de137d18a703ec5c,SAWBFCR9,CAR,2024-09-17 12:39:17.812901+04:00
66e940548916f8440e8c32ee,A6F8PSRZ,CAR,2024-09-17 12:39:48.201124+04:00
66e94091b089049c6bb0e8d2,GC9QZB67,CAR,2024-09-17 12:40:49.207614+04:00
66e940dd42804be3f4958f22,DJHFRGSU,CAR,2024-09-17 12:42:05.325096+04:00
66e941aa0f6ff081eb221454,YTNHCD9A,CAR,2024-09-17 12:45:30.181533+04:00
66e943778916f8440e8c3387,RQCKHUGC,CAR,2024-09-17 12:53:11.718922+04:00
66e9439d42804be3f4958f9c,R8Z88XZT,CAR,2024-09-17 12:53:49.468257+04:00
66e9452c8916f8440e8c3520,QFSQA5TH,CAR,2024-09-17 13:00:28.581173+04:00
66e94558c610a30b87096787,QQ3CD82A,CAR,2024-09-17 13:01:12.045263+04:00
66e945dab089049c6bb0e980,KL5Y63PH,CAR,2024-09-17 13:03:22.394549+04:00
66e946aeb089049c6bb0e9f8,7LSCFRG5,CAR,2024-09-17 13:06:54.282580+04:00
66e947399eba9eedf2740832,95AL2P96,CAR,2024-09-17 13:09:13.896692+04:00
66e94760227a103913b4d33c,QKPKQ7C8,CAR,2024-09-17 13:09:52.349524+04:00
66e9479842804be3f495904f,AGP8ELUK,CAR,2024-09-17 13:10:48.212378+04:00
66e947f95df55525e0b83b1b,YNC5TWWG,CAR,2024-09-17 13:12:25.248061+04:00
66e94813b089049c6bb0ea3c,UWQ5L7VX,CAR,2024-09-17 13:12:51.673430+04:00
66e948c62dcec8111b709019,TYC6XN2Q,CAR,2024-09-17 13:15:50.189142+04:00
66e9495b020369f1555c4c80,FDVGA4ZB,CAR,2024-09-17 13:18:19.194336+04:00
66e9496d2dcec8111b7090c0,2GN2JZS3,CAR,2024-09-17 13:18:37.929579+04:00
66e94c0e020369f1555c4d1a,GLZSS5A3,CAR,2024-09-17 13:29:50.254367+04:00
66e94ca1c610a30b87096a76,WPR5YBPJ,CAR,2024-09-17 13:32:17.647714+04:00
66e94cc4020369f1555c4d58,FTFDEDEB,CAR,2024-09-17 13:32:52.353139+04:00
66e94ce1020369f1555c4dca,BU2BSHXY,CAR,2024-09-17 13:33:21.962119+04:00
66e94d17b089049c6bb0eb0e,JL8RJ6XG,CAR,2024-09-17 13:34:15.358650+04:00
66e94d265df55525e0b83c0e,5TFTF4LA,CAR,2024-09-17 13:34:29.995189+04:00
66e94d2cc610a30b87096ad2,WZSU49BP,CAR,2024-09-17 13:34:36.667535+04:00
66e94d422dcec8111b709140,C5X87Z72,CAR,2024-09-17 13:34:58.039496+04:00
66e94d8f020369f1555c4e56,UP5PE7XS,CAR,2024-09-17 13:36:15.778962+04:00
66e94f1c020369f1555c4f13,WGE7QSVZ,CAR,2024-09-17 13:42:52.628265+04:00
66e9503c020369f1555c5121,EANNWFJE,CAR,2024-09-17 13:47:40.204022+04:00
66e950a16cfd165bb8ee165b,DZTAL55C,CAR,2024-09-17 13:49:21.492290+04:00
66e9515c132ba227c42a27fc,WKBM6PP7,CAR,2024-09-17 13:52:28.575755+04:00
66e952036cfd165bb8ee16e6,RZ8Z2U46,CAR,2024-09-17 13:55:15.267266+04:00
66e95204020369f1555c5228,4KXV3P6J,CAR,2024-09-17 13:55:16.153620+04:00
66e954476cfd165bb8ee17e1,MM884X3T,CAR,2024-09-17 14:04:54.992683+04:00
66e95677020369f1555c539e,MSRW26LJ,CAR,2024-09-17 14:14:15.420896+04:00
66e956942dcec8111b7092e1,QEXVE3PM,CAR,2024-09-17 14:14:44.638675+04:00
66e9579d6cfd165bb8ee190f,AF9UT8AT,CAR,2024-09-17 14:19:09.922515+04:00
66e957d62dcec8111b70935a,PXH3U6TB,CAR,2024-09-17 14:20:06.131648+04:00
66e957f3132ba227c42a2925,47RZXDWS,CAR,2024-09-17 14:20:35.830303+04:00
66e959202dcec8111b7093d6,EKENR35J,CAR,2024-09-17 14:25:36.413293+04:00
66e95b406cfd165bb8ee19c8,NQ4TCQAD,CAR,2024-09-17 14:34:40.969782+04:00
66e95bd92dcec8111b709730,N3MDNGRE,CAR,2024-09-17 14:37:13.584217+04:00
66e95d31132ba227c42a2a31,3TR36BH7,CAR,2024-09-17 14:42:57.619225+04:00
66e95ddf2dcec8111b709805,4LMSWJ3G,CAR,2024-09-17 14:45:51.450025+04:00
66e95e61132ba227c42a2adf,8KHPXHC2,CAR,2024-09-17 14:48:01.880014+04:00
66e95e94020369f1555c57dd,KF8N7GYS,CAR,2024-09-17 14:48:52.665834+04:00
66e96083132ba227c42a2bf4,7HBYPQQR,CAR,2024-09-17 14:57:07.658856+04:00
66e960b8132ba227c42a2c32,RLXRVNMF,CAR,2024-09-17 14:58:00.077640+04:00
66e962442dcec8111b7099a0,CWYMRQAD,CAR,2024-09-17 15:04:36.570648+04:00
66e96349132ba227c42a2d3b,STRQFMCS,CAR,2024-09-17 15:08:57.194117+04:00
66e963cd132ba227c42a2dec,YK4CBDJY,CAR,2024-09-17 15:11:09.306970+04:00
66e96477132ba227c42a2dfb,AWECZS4Q,CAR,2024-09-17 15:13:59.273923+04:00
66e964816cfd165bb8ee1d2b,YAQ75R6G,CAR,2024-09-17 15:14:09.274495+04:00
66e964b8020369f1555c58ad,ZMR3BMXC,CAR,2024-09-17 15:15:04.269929+04:00
66e96509132ba227c42a2e74,H686FZDQ,CAR,2024-09-17 15:16:25.141363+04:00
66e9652d9dfe9e3db5847054,YDQ7SMX3,CAR,2024-09-17 15:17:01.292162+04:00
66e969d9132ba227c42a2f74,8VNCQK32,CAR,2024-09-17 15:36:57.153595+04:00
66e96e4cab0f40485e620a20,QY5CPEQQ,CAR,2024-09-17 15:55:56.181978+04:00
66e96e742dcec8111b709d41,AFEKAT28,CAR,2024-09-17 15:56:36.452732+04:00
66e96eae2dcec8111b709de3,TA56CW25,CAR,2024-09-17 15:57:34.811916+04:00
66e96ee2020369f1555c58fb,A98HW5RP,CAR,2024-09-17 15:58:26.596763+04:00
66e9707f132ba227c42a317d,LVJ2JHKP,CAR,2024-09-17 16:05:19.380730+04:00
66e9714dab0f40485e620a99,VDZ5E2VJ,CAR,2024-09-17 16:08:45.112306+04:00
66e9720c6cfd165bb8ee1f55,VKBG5V36,CAR,2024-09-17 16:11:56.273543+04:00
66e97228d91ec957286cedff,Z27LLEHN,CAR,2024-09-17 16:12:24.788506+04:00
66e97294ab0f40485e620b0d,5ZMN8JZK,CAR,2024-09-17 16:14:12.728459+04:00
66e97363834b99a86f511089,7UDNV93X,CAR,2024-09-17 16:17:39.305932+04:00
66e9736c132ba227c42a3266,ZNUC2DC6,CAR,2024-09-17 16:17:48.592921+04:00
66e97474d91364b1640f346b,ZHC4PW7N,CAR,2024-09-17 16:22:12.473960+04:00
66e974e8132ba227c42a3314,ZBLWSRHS,CAR,2024-09-17 16:24:08.234010+04:00
66e975d76cfd165bb8ee2048,4UUTXRLD,CAR,2024-09-17 16:28:07.691562+04:00
66e978f2d91364b1640f35ba,E83TBZGV,CAR,2024-09-17 16:41:22.914798+04:00
66e979c1d91ec957286ceefd,HGFZUT6N,CAR,2024-09-17 16:44:49.278512+04:00
66e97a7c132ba227c42a33fa,MTMTACDT,CAR,2024-09-17 16:47:56.243162+04:00
66e97ad8132ba227c42a3508,X2JAWL79,CAR,2024-09-17 16:49:27.991176+04:00
66e97d0a0c63aa6d80514820,SGP9METZ,CAR,2024-09-17 16:58:50.587508+04:00
66e97f5ac56d84bd7d427618,D5DD64LK,CAR,2024-09-17 17:08:42.371906+04:00
66e97fc6c56d84bd7d4276cb,V8MF4YAW,CAR,2024-09-17 17:10:30.434594+04:00
66e9831dd91364b1640f37d1,J24CBV6A,CAR,2024-09-17 17:24:45.810186+04:00
66e9837208f7752c2e8fcff6,H9TMWMD9,CAR,2024-09-17 17:26:10.649610+04:00
66e98380c56d84bd7d427813,P7YT2ZNR,CAR,2024-09-17 17:26:24.249466+04:00
66e98413d91ec957286cf093,E4UEWEL8,CAR,2024-09-17 17:28:51.832297+04:00
66e984ad0c63aa6d805148d9,W8ZSQB7E,CAR,2024-09-17 17:31:25.535331+04:00
66e98648d91ec957286cf0d2,49MT67LT,CAR,2024-09-17 17:38:16.317584+04:00
66e98661835c83939d2734a3,LD5T4QKN,CAR,2024-09-17 17:38:41.311214+04:00
66e98d5965fc04b696b773f5,YYFZZHUW,CAR,2024-09-17 18:08:25.664947+04:00
66e98d900c63aa6d80514986,MG8Y9VS5,CAR,2024-09-17 18:09:20.804145+04:00
66e98d960c63aa6d805149f2,ZN7SR4VA,CAR,2024-09-17 18:09:26.027003+04:00
66e98e40c56d84bd7d427a0f,94323N3N,CAR,2024-09-17 18:12:16.027826+04:00
66e990d9c56d84bd7d427a92,5A4AGCNC,CAR,2024-09-17 18:23:21.782301+04:00
66e993751be55fa01b4b9408,X5YKUTDJ,CAR,2024-09-17 18:34:29.007245+04:00
66e99456c783a8f94d5c4471,RQR3BH8R,CAR,2024-09-17 18:38:14.558174+04:00
66e99abc8560951bd0e38452,VWJM9ZNG,CAR,2024-09-17 19:05:32.172545+04:00
66e9a0590c63aa6d80514b55,UQREFXTW,CAR,2024-09-17 19:29:29.023305+04:00
66e9a532f23711873131d4c9,TK4B7LS7,CAR,2024-09-17 19:50:10.669688+04:00
66e9a6d41be55fa01b4b95a6,HJV4D2YN,CAR,2024-09-17 19:57:08.817936+04:00
66e9a8a61be55fa01b4b961f,CM8SBJED,CAR,2024-09-17 20:04:54.853657+04:00
66e9ac9b1be55fa01b4b96e4,7MC43JGY,CAR,2024-09-17 20:21:46.989452+04:00
66e9aded598cf69904da00fb,S5M4WBZA,CAR,2024-09-17 20:27:25.966109+04:00
66e9b02f9f45b7fd71a077e2,RKEPR59G,CAR,2024-09-17 20:37:03.003246+04:00
66e9b285598cf69904da01ac,NHXD9KDP,CAR,2024-09-17 20:47:01.668170+04:00
66e9b31e598cf69904da025f,2F58E9C3,CAR,2024-09-17 20:49:34.207090+04:00
66e9b35b1be55fa01b4b98cc,ZZT6TQLH,CAR,2024-09-17 20:50:35.905262+04:00
66e9b842f23711873131d653,U78WS9X4,CAR,2024-09-17 21:11:30.160760+04:00
66e9bd69f23711873131d7ca,9TXPCVVS,CAR,2024-09-17 21:33:29.108326+04:00
66e9c68e598cf69904da0483,4CFD5MFY,CAR,2024-09-17 22:12:30.178726+04:00
66e9f5b19f45b7fd71a078b2,CPW6VLF8,CAR,2024-09-18 01:33:37.778299+04:00
66ea184977715ff5f758ae57,B4FW524X,CAR,2024-09-18 04:01:13.407818+04:00
66ea1b7277715ff5f758aec7,FD3XWV2R,CAR,2024-09-18 04:14:42.753671+04:00
66ea502f598cf69904da07b2,6YTVV7PV,CAR,2024-09-18 07:59:43.635921+04:00
66ea50ba598cf69904da082e,BXQAG23J,CAR,2024-09-18 08:02:02.102197+04:00
66ea535b598cf69904da08b1,X6ZCSADG,CAR,2024-09-18 08:13:14.993411+04:00
66ea564c8560951bd0e3871e,J8T3VVE5,CAR,2024-09-18 08:25:48.807480+04:00
66ea565f8560951bd0e38783,WLDKP3E2,CAR,2024-09-18 08:26:07.608709+04:00
66ea5b6c02627c0457dda81e,RWWL4M87,CAR,2024-09-18 08:47:40.717986+04:00
66ea5c4002627c0457dda88e,JPL7Y468,CAR,2024-09-18 08:51:12.396404+04:00
66ea5d4477715ff5f758b03b,WA4V8U57,CAR,2024-09-18 08:55:32.156830+04:00
66ea60a502627c0457dda937,Q8HP8LRZ,CAR,2024-09-18 09:09:57.945200+04:00
66ea623002627c0457dda9e5,FQ7TN453,CAR,2024-09-18 09:16:32.266092+04:00
66ea6662f2906ae374d13d39,RLDA43HD,CAR,2024-09-18 09:34:26.820666+04:00
66ea68e61f3188c268c0d34f,TZC3XP3R,CAR,2024-09-18 09:45:10.057721+04:00
66ea6a501f3188c268c0d3c5,QV754RT5,CAR,2024-09-18 09:51:12.171270+04:00
66ea6b4c77715ff5f758b131,UNF9Q9FY,CAR,2024-09-18 09:55:24.845492+04:00
66ea6de902627c0457ddab2c,V23N6J84,CAR,2024-09-18 10:06:33.307806+04:00
66ea6fef1f3188c268c0d553,R8N7BTN9,CAR,2024-09-18 10:15:11.111008+04:00
66ea6ff69f45b7fd71a07b64,E22XND65,CAR,2024-09-18 10:15:18.690689+04:00
66ea70909f45b7fd71a07bd9,MEEYL952,CAR,2024-09-18 10:17:52.409638+04:00
66ea70bc7ba50429c7f50b97,P3UUU4TM,CAR,2024-09-18 10:18:36.289327+04:00
66ea722d8560951bd0e38c8f,RNWV3YLF,CAR,2024-09-18 10:24:45.893563+04:00
66ea72378560951bd0e38cff,XGCSS28D,CAR,2024-09-18 10:24:55.682614+04:00
66ea73a477715ff5f758b264,H8RMSSMM,CAR,2024-09-18 10:31:00.846337+04:00
66ea742c1f3188c268c0d5e4,3N3QV74C,CAR,2024-09-18 10:33:16.216879+04:00
66ea7434f23711873131dc31,R7QU3UTC,CAR,2024-09-18 10:33:24.393892+04:00
66ea74e202627c0457ddac8e,E5Y5LLY4,CAR,2024-09-18 10:36:18.033901+04:00
66ea751b8560951bd0e38d9f,Z3A7JMLM,CAR,2024-09-18 10:37:15.223101+04:00
66ea75ce600c8ff9c619511a,WJ63S5KV,CAR,2024-09-18 10:40:14.363345+04:00
66ea761b751dc072cf5383b6,MU3TLC24,CAR,2024-09-18 10:41:31.402368+04:00
66ea78a98560951bd0e38e1a,5FR282B5,CAR,2024-09-18 10:52:25.711954+04:00
66ea790cedd5f8b239eadea8,4KJ8PGAH,CAR,2024-09-18 10:54:04.276635+04:00
66ea793586ff15429ad2867e,QEZQ4UYX,CAR,2024-09-18 10:54:45.141959+04:00
66ea7ab9bb78094faa282e8e,QCVVL5LK,CAR,2024-09-18 11:01:12.993446+04:00
66ea7c73de9567393a7ffe01,GEXKU2SF,CAR,2024-09-18 11:08:35.971272+04:00
66ea7dd7de9567393a7ffe79,PXHQBKAW,CAR,2024-09-18 11:14:31.970617+04:00
66ea7e7286ff15429ad28738,BJQH4QZN,CAR,2024-09-18 11:17:06.928503+04:00
66ea7fa3600c8ff9c6195226,YNQHRGRS,CAR,2024-09-18 11:22:11.057315+04:00
66ea7fee86ff15429ad287c3,5QJR36AD,CAR,2024-09-18 11:23:26.619924+04:00
66ea81e332e44f3ef158ea12,F2LSBSEC,CAR,2024-09-18 11:31:47.662524+04:00
66ea82b486ff15429ad2887e,JVAVRY97,CAR,2024-09-18 11:35:16.820229+04:00
66ea837932e44f3ef158ea7d,7ZE3LJ6K,CAR,2024-09-18 11:38:33.626697+04:00
66ea846aedd5f8b239eae058,5XFV2YRG,CAR,2024-09-18 11:42:34.072795+04:00
66ea84f0edd5f8b239eae082,AP8ZM9KJ,CAR,2024-09-18 11:44:48.703852+04:00
66ea8582bb78094faa282f7c,JD86ZAU5,CAR,2024-09-18 11:47:14.093570+04:00
66ea858fedd5f8b239eae0fa,GQY3XSYR,CAR,2024-09-18 11:47:27.279179+04:00
66ea85f1d6fda2aa81f89ccc,Y4K8V5J4,CAR,2024-09-18 11:49:05.298900+04:00
66ea875232e44f3ef158eafb,UV9PRACN,CAR,2024-09-18 11:54:58.579771+04:00
66ea886c751dc072cf5385be,3Q48MWLP,CAR,2024-09-18 11:59:40.283255+04:00
66ea88b025f78a311fe3c817,WV4DCDPJ,CAR,2024-09-18 12:00:48.293087+04:00
66ea897e600c8ff9c6195302,Q5GJ3D4Q,CAR,2024-09-18 12:04:14.348610+04:00
66ea89d0edd5f8b239eae24b,Q2395ZNT,CAR,2024-09-18 12:05:36.251492+04:00
66ea8af025f78a311fe3c891,GRMZ5QCV,CAR,2024-09-18 12:10:24.757041+04:00
66ea8b0b86ff15429ad289ba,9TLYHEAQ,CAR,2024-09-18 12:10:51.455242+04:00
66ea8c1d86ff15429ad28b31,QCS6U63V,CAR,2024-09-18 12:15:25.382672+04:00
66ea8d34edd5f8b239eae3e0,LXZ6U9XQ,CAR,2024-09-18 12:20:04.160575+04:00
66ea8d37d6fda2aa81f89dc4,HY9L5SAY,CAR,2024-09-18 12:20:07.718137+04:00
66ea8df1edd5f8b239eae4a3,NMKC76PM,CAR,2024-09-18 12:23:13.881673+04:00
66ea8f3fedd5f8b239eae579,CCGDWPFR,CAR,2024-09-18 12:28:47.140604+04:00
66ea8ffbedd5f8b239eae5a6,XW9LNKZK,CAR,2024-09-18 12:31:55.358543+04:00
66ea917dde9567393a800063,YT9UL96V,CAR,2024-09-18 12:38:21.264229+04:00
66ea91eeedd5f8b239eae64d,FWRAPAGW,CAR,2024-09-18 12:40:14.608767+04:00
66ea9216600c8ff9c6195471,SBMY25UC,CAR,2024-09-18 12:40:54.662750+04:00
66ea938cedd5f8b239eae697,PDANNW6T,CAR,2024-09-18 12:47:08.062279+04:00
66ea946c751dc072cf538689,CXJE5P85,CAR,2024-09-18 12:50:52.661158+04:00
66ea94a186ff15429ad28c5f,AAAVTFLX,CAR,2024-09-18 12:51:45.283807+04:00
66ea94e0600c8ff9c61954f4,PX3ZK2YG,CAR,2024-09-18 12:52:48.008477+04:00
66ea98e0edd5f8b239eae725,XET6G3SJ,CAR,2024-09-18 13:09:51.996145+04:00
66ea9939edd5f8b239eae78d,5UXZDJQN,CAR,2024-09-18 13:11:21.428395+04:00
66ea99da751dc072cf53872a,PYLA9BRK,CAR,2024-09-18 13:14:02.216096+04:00
66ea99f79858cb7ba02a3e63,RZAAY759,CAR,2024-09-18 13:14:31.213062+04:00
66ea9ac28b7b026859824046,LH3L2VD2,CAR,2024-09-18 13:17:54.587699+04:00
66ea9c84751dc072cf538845,U42YYRHA,CAR,2024-09-18 13:25:24.004890+04:00
66ea9ed8aeba5dc5e30a79f5,3AGTLQJP,CAR,2024-09-18 13:35:20.623231+04:00
66eaa33d86fffc078d8eb54e,8QX34S92,CAR,2024-09-18 13:54:05.688072+04:00
66eaa54731e68cc2cfedc521,X6JFUJC8,CAR,2024-09-18 14:02:47.082953+04:00
66eaa7152e41512a04fe3027,S4XM7L5Q,CAR,2024-09-18 14:10:29.266692+04:00
66eaa86a31e68cc2cfedc692,5G67NXRJ,CAR,2024-09-18 14:16:10.205818+04:00
66eaa8d186fffc078d8eb5f4,U6ZMD3AL,CAR,2024-09-18 14:17:53.503579+04:00
66eaaa0d4d424aed51236f64,RGB9HWQZ,CAR,2024-09-18 14:23:09.548763+04:00
66eaaa172e41512a04fe3140,SZBRP2JK,CAR,2024-09-18 14:23:19.290707+04:00
66eaaa3c2e41512a04fe31b0,6N2RG9JS,CAR,2024-09-18 14:23:56.124551+04:00
66eaaa9f31e68cc2cfedc705,WPCZWY4X,CAR,2024-09-18 14:25:35.860363+04:00
66eaab2086fffc078d8eb68b,LKCN88HF,CAR,2024-09-18 14:27:44.823006+04:00
66eaac242e41512a04fe31fd,VQVC26DH,CAR,2024-09-18 14:32:03.994576+04:00
66eaac984d424aed51237067,ZRG7J92X,CAR,2024-09-18 14:34:00.087387+04:00
66eaacaa2e41512a04fe326c,3V3XXSHZ,CAR,2024-09-18 14:34:18.763285+04:00
66eaacd02e41512a04fe32d9,3ZW4DP2Y,CAR,2024-09-18 14:34:56.272847+04:00
66eaacfa8b7b02685982433c,XGTH8GPU,CAR,2024-09-18 14:35:38.576254+04:00
66eaaddd86fffc078d8eb724,933E8A93,CAR,2024-09-18 14:39:25.251669+04:00
66eaaf2e86fffc078d8eb7b3,L63RZ7Y2,CAR,2024-09-18 14:45:02.690074+04:00
66eab0432e41512a04fe3363,XEUL9PK9,CAR,2024-09-18 14:49:39.423301+04:00
66eab0c786fffc078d8eb8ce,5B4HRK8K,CAR,2024-09-18 14:51:51.027192+04:00
66eab15d4d424aed51237345,WGSRYD3H,CAR,2024-09-18 14:54:21.375097+04:00
66eab17586fffc078d8eb948,YDXFTWR6,CAR,2024-09-18 14:54:45.779475+04:00
66eab317f372f6e699651c4f,UAY89UCP,CAR,2024-09-18 15:01:43.872680+04:00
66eab589f372f6e699651d06,Q2RXDE4C,CAR,2024-09-18 15:12:09.760079+04:00
66eab6f786fffc078d8ebb70,GJUH4RNG,CAR,2024-09-18 15:18:15.922434+04:00
66eab7a4f372f6e699651da0,JWP66MWW,CAR,2024-09-18 15:21:08.604020+04:00
66eab926f372f6e699651e2d,PVX3SAWW,CAR,2024-09-18 15:27:34.789588+04:00
66eab9a32e41512a04fe3464,WCR9H6ZQ,CAR,2024-09-18 15:29:39.363798+04:00
66eab9a7f372f6e699651eb5,ABAH8NYS,CAR,2024-09-18 15:29:43.891844+04:00
66eab9eaddf2bfe5ef2f1411,874MFJNR,CAR,2024-09-18 15:30:50.119327+04:00
66eaba6d86fffc078d8ebc2a,EMLENQF6,CAR,2024-09-18 15:33:01.567885+04:00
66eababd2e41512a04fe34f8,QFXNLNXY,CAR,2024-09-18 15:34:21.690475+04:00
66eabc77f372f6e699651f45,UFY4RRFF,CAR,2024-09-18 15:41:43.879965+04:00
66eabd16b1e17dbb0f110315,GMN2T7T6,CAR,2024-09-18 15:44:22.887408+04:00
66eabd37f372f6e699651fc7,3YEK99RG,CAR,2024-09-18 15:44:55.075363+04:00
66eabeaf2e41512a04fe3662,FYJS23S2,CAR,2024-09-18 15:51:11.751026+04:00
66eabeb22e41512a04fe36c9,8AAAG4WZ,CAR,2024-09-18 15:51:14.788802+04:00
66eabf0bddf2bfe5ef2f156e,98FSDEXC,CAR,2024-09-18 15:52:43.854578+04:00
66eabf7486fffc078d8ebd59,GLQNZ9Z8,CAR,2024-09-18 15:54:28.649247+04:00
66eabfad2e41512a04fe374b,6BV4GWZG,CAR,2024-09-18 15:55:25.278877+04:00
66eac12af372f6e699652171,6K2HNA5L,CAR,2024-09-18 16:01:46.573881+04:00
66eac1aefd111f1c3576face,M75B3J6E,CAR,2024-09-18 16:03:58.815846+04:00
66eac3d8ddf2bfe5ef2f169f,Z7493RB5,CAR,2024-09-18 16:13:12.931348+04:00
66eac57b86f62e438785cb5a,KVDQBX5U,CAR,2024-09-18 16:20:11.917432+04:00
66eac5b1f372f6e699652311,ZHQYWWTA,CAR,2024-09-18 16:21:05.287159+04:00
66eac5e6f372f6e6996523b1,565RBMX9,CAR,2024-09-18 16:21:58.172307+04:00
66eac655f372f6e69965241c,FMC9S9VK,CAR,2024-09-18 16:23:49.138592+04:00
66eac70d0a59de76eb7e613d,U5RQKBLM,CAR,2024-09-18 16:26:53.772601+04:00
66eac9db73810f27ba9f3435,N7MNYD7U,CAR,2024-09-18 16:38:51.968233+04:00
66eaca57ddf2bfe5ef2f180b,A4Z538X9,CAR,2024-09-18 16:40:55.746886+04:00
66eacabcfd111f1c3576fc15,SY5XPKTQ,CAR,2024-09-18 16:42:36.698185+04:00
66eacbd086f62e438785ccb6,L4URVMTR,CAR,2024-09-18 16:47:12.493582+04:00
66eacd8fddf2bfe5ef2f190f,397ZN7A2,CAR,2024-09-18 16:54:39.771742+04:00
66eacdc9fd111f1c3576fca1,C9X535CS,CAR,2024-09-18 16:55:37.682790+04:00
66eacdd186f62e438785cd34,NDCA5TL9,CAR,2024-09-18 16:55:45.879507+04:00
66eacea50a59de76eb7e618c,YYWTK9KS,CAR,2024-09-18 16:59:17.523140+04:00
66eaceed2f0ec7fd23c55c50,5RXF52FE,CAR,2024-09-18 17:00:29.025705+04:00
66ead047a23c9866e27b21c6,AZG6TGWX,CAR,2024-09-18 17:06:15.522570+04:00
66ead26c9f91042028400251,SU9AMERH,CAR,2024-09-18 17:15:24.256470+04:00
66ead6d79f91042028400398,HGF4VH7Y,CAR,2024-09-18 17:34:14.987257+04:00
66ead94993d139736c16ec9e,VNBPMSFD,CAR,2024-09-18 17:44:41.647293+04:00
66eada46b99aaa0ca1ceaf4c,VUKJGT2Y,CAR,2024-09-18 17:48:54.118702+04:00
66eadca8426e988afcc8867b,HV362L7E,CAR,2024-09-18 17:59:04.772324+04:00
66eadcb9a23c9866e27b226d,WHE92JA2,CAR,2024-09-18 17:59:21.432261+04:00
66eae15ca23c9866e27b23d4,2Y23JW7E,CAR,2024-09-18 18:19:08.002665+04:00
66eae71b56c5750f3a73a12b,RD2ETYCV,CAR,2024-09-18 18:43:39.952171+04:00
66eae9ee56c5750f3a73a1b2,LBVYTDLT,CAR,2024-09-18 18:55:42.698981+04:00
66eaec0711c9aa6d3d700452,3AR3WPNA,CAR,2024-09-18 19:04:39.561697+04:00
66eaee24b99aaa0ca1ceb01d,QAJTSZ7Q,CAR,2024-09-18 19:13:40.266916+04:00
66eaf06a426e988afcc88875,J49XN9AV,CAR,2024-09-18 19:23:22.326817+04:00
66eaf111b99aaa0ca1ceb091,L93EY24Y,CAR,2024-09-18 19:26:09.558327+04:00
66eaf432b99aaa0ca1ceb117,X9KFEFE4,CAR,2024-09-18 19:39:30.188381+04:00
66eb0be6fac76e833bdac53c,27UCBR77,CAR,2024-09-18 21:20:38.779240+04:00
66eb0fbb56c5750f3a73a74a,G4AC2RBT,CAR,2024-09-18 21:36:58.986986+04:00
66eb22f0fac76e833bdac78b,ENPNDFE9,CAR,2024-09-18 22:58:56.638212+04:00
66eb3d42dc73955e8af81c7a,TUERUHA3,CAR,2024-09-19 00:51:14.061097+04:00
66eb5bfdf3c8cd6ad4641ad1,S6NGMZKU,CAR,2024-09-19 03:02:21.553056+04:00
66eb8a1e5472e8fe9a7c72a0,NMRM22K4,CAR,2024-09-19 06:19:10.780342+04:00
66eb8b15dc73955e8af81e8c,US3SJQWR,CAR,2024-09-19 06:23:17.277117+04:00
66eb915078d943ca5eb22ae5,R3WVZ6CZ,CAR,2024-09-19 06:49:51.989581+04:00
66eb9c8f8f9f0c91497783f2,MC2GWL7N,CAR,2024-09-19 07:37:51.337042+04:00
66eba00641d40d31886495c9,EEJTYQ3V,CAR,2024-09-19 07:52:38.913260+04:00
66eba02929588a16bdd02d99,3A8HGVRK,CAR,2024-09-19 07:53:13.867277+04:00
66eba0b723ee64c755e71957,YAQPF8ZD,CAR,2024-09-19 07:55:35.130879+04:00
66eba19cb2aa32f26e872f1b,ZZ3QXC47,CAR,2024-09-19 07:59:24.025358+04:00
66ebaa55b2aa32f26e8730ff,7DJLBVVT,CAR,2024-09-19 08:36:37.844920+04:00
66ebab18b2aa32f26e87319b,LBV47BNY,CAR,2024-09-19 08:39:52.652119+04:00
66ebad0929588a16bdd02e8c,9ZQRB9R5,CAR,2024-09-19 08:48:09.652523+04:00
66ebae4c4b6ac2625298e138,V4PD849F,CAR,2024-09-19 08:53:32.358940+04:00
66ebb40b8f9f0c9149778542,7E2AHLL8,CAR,2024-09-19 09:18:03.138951+04:00
66ebb5c523ee64c755e71c08,UNBWMALG,CAR,2024-09-19 09:25:25.584400+04:00
66ebb7f44b6ac2625298e3ad,FH9YQY9H,CAR,2024-09-19 09:34:44.539632+04:00
66ebb8aa4b6ac2625298e420,WGGZXKJ8,CAR,2024-09-19 09:37:46.274656+04:00
66ebb8b1c11c4f770c6a95ea,CDAV3477,CAR,2024-09-19 09:37:53.595959+04:00
66ebb9456e42d28c4dda5db0,ZR4XTFX7,CAR,2024-09-19 09:40:21.728492+04:00
66ebb96d23ee64c755e71c3b,WCBCKZ8S,CAR,2024-09-19 09:41:01.140230+04:00
66ebbaa029588a16bdd02f80,HX8JZE77,CAR,2024-09-19 09:46:08.483066+04:00
66ebbc3f29588a16bdd02ff4,EQT429FT,CAR,2024-09-19 09:53:03.758785+04:00
66ebbead29588a16bdd0302b,5Q8LSQ6A,CAR,2024-09-19 10:03:25.286416+04:00
66ebc1bf4b6ac2625298e59d,C2HBGMJU,CAR,2024-09-19 10:16:31.500742+04:00
66ebc33dc11c4f770c6a96fd,S5XDNHTD,CAR,2024-09-19 10:22:53.368155+04:00
66ebc3a423ee64c755e71dee,J3GHBAW4,CAR,2024-09-19 10:24:36.436907+04:00
66ebc3ad23ee64c755e71df0,3FARYDCJ,CAR,2024-09-19 10:24:44.997081+04:00
66ebc4793e34b447079696d6,829GSNJY,CAR,2024-09-19 10:28:08.977978+04:00
66ebcbe38f9f0c91497786c6,4F8THA7N,CAR,2024-09-19 10:59:47.418120+04:00
66ebccb923ee64c755e71f4f,R9EF5QXH,CAR,2024-09-19 11:03:21.888381+04:00
66ebcf3523ee64c755e720a3,Q33FYW5B,CAR,2024-09-19 11:13:57.325442+04:00
66ebd1e54b6ac2625298e9fe,REUK7YRY,CAR,2024-09-19 11:25:25.701334+04:00
66ebd4174b6ac2625298eacd,R5HQPX5N,CAR,2024-09-19 11:34:47.677827+04:00
66ebd642fe22d34df216b311,WXL2S4C3,CAR,2024-09-19 11:44:02.433736+04:00
66ebd826c8d3fba071c99293,MP3U7JTT,CAR,2024-09-19 11:52:06.513186+04:00
66ebd9800ca52acc24bdc1ca,KLUXE25D,CAR,2024-09-19 11:57:52.212830+04:00
66ebd9eeaee7d9960283ed4b,EMHQ6XHK,CAR,2024-09-19 11:59:42.175230+04:00
66ebd9f2b9be483c7ee6a9a5,X8KB9ZQL,CAR,2024-09-19 11:59:46.301838+04:00
66ebda13597dff76e833da51,FU8DQB9P,CAR,2024-09-19 12:00:19.279310+04:00
66ebdb2a0ca52acc24bdc28e,R87HFMLH,CAR,2024-09-19 12:04:58.522664+04:00
66ebdc10aee7d9960283ed92,STVZTQJ7,CAR,2024-09-19 12:08:48.269518+04:00
66ebddebd95afdf74a0b4b8f,MN3V5KH8,CAR,2024-09-19 12:16:43.595863+04:00
66ebded2aee7d9960283ee18,FC6WS3HK,CAR,2024-09-19 12:20:34.084670+04:00
66ebe08e6d1cda0ecea79874,E5FZYLAX,CAR,2024-09-19 12:27:58.485065+04:00
66ebe0a3c8d3fba071c99630,QGTENEFX,CAR,2024-09-19 12:28:19.900223+04:00
66ebe1f692b574bf412fb95b,8VKA7822,CAR,2024-09-19 12:33:57.980455+04:00
66ebe215c8d3fba071c996a9,B7BGYSZK,CAR,2024-09-19 12:34:29.591879+04:00
66ebe764b9be483c7ee6aa4e,GJ9U4C89,CAR,2024-09-19 12:57:08.841702+04:00
66ebe79df60bc21422406bd2,4FBJ9F9B,CAR,2024-09-19 12:58:05.037081+04:00
66ebe7f0d95afdf74a0b4c31,4SZL2NQK,CAR,2024-09-19 12:59:28.441544+04:00
66ebe82cc8d3fba071c99747,AGR4942V,CAR,2024-09-19 13:00:28.107058+04:00
66ebe9a9d95afdf74a0b4c82,RTC7FUKW,CAR,2024-09-19 13:06:49.021230+04:00
66ebebb7c29d3676ba1aba05,ZG8C5NWD,CAR,2024-09-19 13:15:35.512077+04:00
66ebee120ca52acc24bdc5b4,94ZD9JQP,CAR,2024-09-19 13:25:38.346166+04:00
66ebef6fc29d3676ba1abb7e,2RYJUT5T,CAR,2024-09-19 13:31:27.413007+04:00
66ebf38dc29d3676ba1abc2e,6D526HF4,CAR,2024-09-19 13:49:01.256623+04:00
66ebf646f908c2deffeddaaa,BCQNRGSN,CAR,2024-09-19 14:00:38.806804+04:00
66ebf7e50ca52acc24bdc635,2RAFY5EZ,CAR,2024-09-19 14:07:33.214978+04:00
66ebf853b9be483c7ee6abde,H39QLBUZ,CAR,2024-09-19 14:09:23.696269+04:00
66ebfa2f6d1cda0ecea79b70,WT5MDV2W,CAR,2024-09-19 14:17:19.063344+04:00
66ebfa53c29d3676ba1abd75,FX8QEVUY,CAR,2024-09-19 14:17:55.157149+04:00
66ebfc4dc29d3676ba1abec9,9L32DQB5,CAR,2024-09-19 14:26:21.080866+04:00
66ebff7eb9be483c7ee6ac77,LKW3G5GV,CAR,2024-09-19 14:39:58.175315+04:00
66ebffe2f908c2deffeddb5d,DSZM3RPY,CAR,2024-09-19 14:41:37.987015+04:00
66ec00e46d1cda0ecea79f30,CSQVVC3Q,CAR,2024-09-19 14:45:56.295774+04:00
66ec01626d1cda0ecea79fa4,USF75WPT,CAR,2024-09-19 14:48:02.766840+04:00
66ec033cd8e0332aacecb182,6DFAZUBA,CAR,2024-09-19 14:55:56.424239+04:00
66ec051baf5eefb80842eff0,KEQXVJHD,CAR,2024-09-19 15:03:55.140831+04:00
66ec0588cc91691f93d28b2f,KA8N8Z8K,CAR,2024-09-19 15:05:44.175027+04:00
66ec05d90d9dd29c256c3bbd,8L5EKBUA,CAR,2024-09-19 15:07:05.605058+04:00
66ec05e4af5eefb80842f06d,HDHGH2MA,CAR,2024-09-19 15:07:16.463202+04:00
66ec065f02dfaa3f5c87f8b4,Z5ANV6EP,CAR,2024-09-19 15:09:19.496539+04:00
66ec07f80183fda8ef8e13fc,UZZWY5P7,CAR,2024-09-19 15:16:08.731390+04:00
66ec089702dfaa3f5c87f927,TB9FNGYM,CAR,2024-09-19 15:18:47.950573+04:00
66ec089daf5eefb80842f1c6,5KN7BGCS,CAR,2024-09-19 15:18:53.639635+04:00
66ec08c6cc91691f93d28bff,YGSPTLNU,CAR,2024-09-19 15:19:34.131927+04:00
66ec08d10183fda8ef8e1448,CY7NR9NG,CAR,2024-09-19 15:19:45.143141+04:00
66ec09150183fda8ef8e154e,XGZL43LJ,CAR,2024-09-19 15:20:53.946403+04:00
66ec09170183fda8ef8e1551,CMCXUX42,CAR,2024-09-19 15:20:55.703341+04:00
66ec0a7b02dfaa3f5c87fa17,A6V58QDZ,CAR,2024-09-19 15:26:51.566741+04:00
66ec0a87af5eefb80842f2ef,XQF5RT8N,CAR,2024-09-19 15:27:03.636207+04:00
66ec0f760183fda8ef8e1771,8QVMKZHG,CAR,2024-09-19 15:48:06.804565+04:00
66ec106b94a8e84d5e03afdb,XUSCF5SY,CAR,2024-09-19 15:52:11.667314+04:00
66ec109f0183fda8ef8e187c,8ST3A699,CAR,2024-09-19 15:53:03.884314+04:00
66ec11c5af5eefb80842f477,T4DKYGG7,CAR,2024-09-19 15:57:57.725315+04:00
66ec128baf5eefb80842f4f9,46J7ZQ3U,CAR,2024-09-19 16:01:15.072970+04:00
66ec128b02dfaa3f5c87fc92,RGFE8WGJ,CAR,2024-09-19 16:01:15.381887+04:00
66ec12abd8e0332aacecb28f,W9VHPJWX,CAR,2024-09-19 16:01:47.213317+04:00
66ec130502dfaa3f5c87fca7,BXVBHRLW,CAR,2024-09-19 16:03:17.483952+04:00
66ec1377d8e0332aacecb313,ZNGWKZZL,CAR,2024-09-19 16:05:11.151094+04:00
66ec18ed02dfaa3f5c87fe3e,XJTGFDRL,CAR,2024-09-19 16:28:29.693007+04:00
66ec19b494a8e84d5e03b07c,HX48XNCP,CAR,2024-09-19 16:31:48.740562+04:00
66ec1b67af5eefb80842f64e,JWMEPEHK,CAR,2024-09-19 16:39:03.084757+04:00
66ec1c25af5eefb80842f6f0,2SW5VCA6,CAR,2024-09-19 16:42:13.399802+04:00
66ec1ceeaf5eefb80842f7a8,5TVYYQC7,CAR,2024-09-19 16:45:34.876583+04:00
66ec1e55af5eefb80842f830,DBUBSJVJ,CAR,2024-09-19 16:51:33.503685+04:00
66ec2208d8e0332aacecb414,2CZXT33Z,CAR,2024-09-19 17:07:20.336972+04:00
66ec22df180d2fcd7f1435c3,F3G8WDPS,CAR,2024-09-19 17:10:55.562556+04:00
66ec24e402dfaa3f5c880360,9YND6J9P,CAR,2024-09-19 17:19:32.448035+04:00
66ec298eaf5eefb80842fce3,6F74RUF7,CAR,2024-09-19 17:39:26.135082+04:00
66ec2ab642f94cc84fff4ff6,PMETYERV,CAR,2024-09-19 17:44:22.333262+04:00
66ec2af724279b601010f98e,WQTWPX7D,CAR,2024-09-19 17:45:27.359037+04:00
66ec2dac24279b601010fbf4,GYMXH5KK,CAR,2024-09-19 17:57:00.579294+04:00
66ec33f424279b601010fd07,HJH6RHX6,CAR,2024-09-19 18:23:48.263792+04:00
66ec34eae0aaba9bbb1302fd,7HJ6A8ND,CAR,2024-09-19 18:27:54.198268+04:00
66ec34ea24279b601010fd8c,AAX3D4RQ,CAR,2024-09-19 18:27:54.212287+04:00
66ec3c9e24279b601010fdee,DRU976RX,CAR,2024-09-19 19:00:45.987094+04:00
66ec3d96e0aaba9bbb1303da,3Y6H4657,CAR,2024-09-19 19:04:54.632226+04:00
66ec3db52e1fbf630af3c283,966WAM5K,CAR,2024-09-19 19:05:25.008674+04:00
66ec41b124279b601010feb3,KX5WQNVS,CAR,2024-09-19 19:22:25.571127+04:00
66ec424d8dd77b4871326fdd,V64R5ZM7,CAR,2024-09-19 19:25:01.609964+04:00
66ec44678dd77b4871327131,V5ZY6LSA,CAR,2024-09-19 19:33:59.389148+04:00
66ec45328dd77b48713271ae,CBLFFRAJ,CAR,2024-09-19 19:37:22.589361+04:00
66ec467e138a0bcf08e9b254,LVFSLBBZ,CAR,2024-09-19 19:42:54.102565+04:00
66ec48e824279b601010ffb7,5QJTRDDL,CAR,2024-09-19 19:53:12.208720+04:00
66ec49cc24279b6010110020,3CYR547X,CAR,2024-09-19 19:57:00.849633+04:00
66ec4cbee0aaba9bbb130627,93RXD39T,CAR,2024-09-19 20:09:34.922427+04:00
66ec54aa24279b60101100ee,Y7TTHKAS,CAR,2024-09-19 20:43:22.065757+04:00
66ec55508dd77b487132736c,U46AHVWK,CAR,2024-09-19 20:46:08.543031+04:00
66ec577030412699778ba645,ZDED36RY,CAR,2024-09-19 20:55:12.109927+04:00
66ec583d24279b6010110154,VRN9DHHE,CAR,2024-09-19 20:58:37.962078+04:00
66ec6349e0aaba9bbb1308ae,DVX77NQ6,CAR,2024-09-19 21:45:45.019688+04:00
66ec6b922e1fbf630af3c68a,EKDLTSJC,CAR,2024-09-19 22:21:06.604586+04:00
66ec72b7e0aaba9bbb130a3f,ZX9EEKV3,CAR,2024-09-19 22:51:35.226615+04:00
66ec825879981234ff737b72,R2TM836Y,CAR,2024-09-19 23:58:15.914417+04:00
66ec97a15b5871e7543c4eda,V3EY74J9,CAR,2024-09-20 01:29:05.526473+04:00
66ecb2fbaf731073f3aa432c,Z2825ZTS,CAR,2024-09-20 03:25:47.698660+04:00
66ecd93b79981234ff737e9c,Y6EAH4QD,CAR,2024-09-20 06:08:59.756491+04:00
66ece1e35b5871e7543c4f54,6VRMCBL8,CAR,2024-09-20 06:45:55.888111+04:00
66eceaafffe8e1267dc0e6eb,U38X7HV8,CAR,2024-09-20 07:23:27.234071+04:00
66ecee78ffe8e1267dc0e766,AT4RMD7W,CAR,2024-09-20 07:39:36.291555+04:00
66ecf47f2f7346dc2856af0d,MVTP5A5C,CAR,2024-09-20 08:05:19.681026+04:00
66ecf61e2f7346dc2856af25,8U4M56T5,CAR,2024-09-20 08:12:14.235200+04:00
66ed0119ffe8e1267dc0e866,REN45A3B,CAR,2024-09-20 08:59:05.384044+04:00
66ed035f2f7346dc2856b038,SKFN7U7M,CAR,2024-09-20 09:08:47.501574+04:00
66ed05ca778a8ca7ab2d86e7,DKK3LJH4,CAR,2024-09-20 09:19:06.731671+04:00
66ed08855b5871e7543c4ff3,KU3FFZ9B,CAR,2024-09-20 09:30:45.131827+04:00
66ed09ad79981234ff7380e8,QEPEQ8HF,CAR,2024-09-20 09:35:41.896513+04:00
66ed0d39ffe8e1267dc0eae5,U8S9YTG5,CAR,2024-09-20 09:50:49.778133+04:00
66ed0f785b5871e7543c5066,K9NGJPDM,CAR,2024-09-20 10:00:24.126007+04:00
66ed0f7d79981234ff738178,U9YKLH4X,CAR,2024-09-20 10:00:29.756918+04:00
66ed12332f7346dc2856b4b8,2BH6B9TZ,CAR,2024-09-20 10:12:03.605797+04:00
66ed12c4c3b2542f57e5107c,5RPFAGXT,CAR,2024-09-20 10:14:28.924315+04:00
66ed1434778a8ca7ab2d8970,NM97N8QP,CAR,2024-09-20 10:20:36.249907+04:00
66ed1481af731073f3aa451c,D2X96F9P,CAR,2024-09-20 10:21:53.387180+04:00
66ed1513c3b2542f57e51127,5RPSUGAK,CAR,2024-09-20 10:24:19.462478+04:00
66ed168e778a8ca7ab2d89fa,HPYUGDRN,CAR,2024-09-20 10:30:38.295553+04:00
66ed17bcffe8e1267dc0edff,FBFUA4AP,CAR,2024-09-20 10:35:40.188336+04:00
66ed1885ffe8e1267dc0ee7d,GNU462NU,CAR,2024-09-20 10:39:01.802412+04:00
66ed1d48a9f0873b539f891b,FQD5Y9YS,CAR,2024-09-20 10:59:20.009770+04:00
66ed1d5faf731073f3aa4618,BF78XL29,CAR,2024-09-20 10:59:43.179139+04:00
66ed213806b4b9938ccf805e,Z7JKD32S,CAR,2024-09-20 11:16:08.183903+04:00
66ed239d4aa6a3a405c3c67a,3WDC97KL,CAR,2024-09-20 11:26:21.854114+04:00
66ed23b52b3fba6ed3c7f400,7MWRYSPG,CAR,2024-09-20 11:26:45.177690+04:00
66ed24031b95c3bcb0163213,S9HZ68X6,CAR,2024-09-20 11:28:03.582904+04:00
66ed243466706177d862e73f,B6Q55UY9,CAR,2024-09-20 11:28:52.732591+04:00
66ed24af66706177d862e7c7,V9QZCTCA,CAR,2024-09-20 11:30:55.346295+04:00
66ed26e466706177d862e7e1,4Z3VYF94,CAR,2024-09-20 11:40:20.201276+04:00
66ed26f21b95c3bcb01632a5,RQ64Z4LE,CAR,2024-09-20 11:40:34.690608+04:00
66ed270466706177d862e855,48PS2JFC,CAR,2024-09-20 11:40:52.509574+04:00
66ed273a44c0cf2a5b18b97e,4TTRF3QS,CAR,2024-09-20 11:41:46.433353+04:00
66ed27d066706177d862e8d1,MW893QZJ,CAR,2024-09-20 11:44:16.143096+04:00
66ed28122b3fba6ed3c7f496,QAZRSGL4,CAR,2024-09-20 11:45:22.907966+04:00
66ed28ce44c0cf2a5b18b9f2,7GWLNG7R,CAR,2024-09-20 11:48:30.811450+04:00
66ed2a325fbacbad00ba60df,AV3FC3HN,CAR,2024-09-20 11:54:26.772431+04:00
66ed2b1266706177d862e960,YQ6KJLAJ,CAR,2024-09-20 11:58:10.035820+04:00
66ed2b2d66706177d862e9ce,DAMKL3GG,CAR,2024-09-20 11:58:37.255455+04:00
66ed2de4de5f7b66ef0e886c,2WZ6VZYF,CAR,2024-09-20 12:10:12.618087+04:00
66ed2f8c66706177d862ebcd,UNMPEYL4,CAR,2024-09-20 12:17:16.943711+04:00
66ed2fc41b95c3bcb01633e5,8MY2LGN8,CAR,2024-09-20 12:18:12.856406+04:00
66ed3038de5f7b66ef0e88fb,5EJTFA6H,CAR,2024-09-20 12:20:08.440244+04:00
66ed3137e69ab2db7991b026,MJPB46YH,CAR,2024-09-20 12:24:23.704592+04:00
66ed31524aa6a3a405c3c6dc,VVKQRSCP,CAR,2024-09-20 12:24:50.111349+04:00
66ed31ac7eb49d2cf1f9d788,CX95CLLB,CAR,2024-09-20 12:26:20.054952+04:00
66ed31bdde5f7b66ef0e8976,ABQTHELS,CAR,2024-09-20 12:26:37.733176+04:00
66ed32e34aa6a3a405c3c749,T7837SKN,CAR,2024-09-20 12:31:31.707023+04:00
66ed335044c0cf2a5b18ba7d,SGA8D347,CAR,2024-09-20 12:33:20.504963+04:00
66ed336c5fbacbad00ba61a0,2MUFRPGF,CAR,2024-09-20 12:33:48.263898+04:00
66ed33802b3fba6ed3c7f56a,6NVL2MQR,CAR,2024-09-20 12:34:08.326602+04:00
66ed35567eb49d2cf1f9d84b,4DJTQ687,CAR,2024-09-20 12:41:58.613127+04:00
66ed391c2b3fba6ed3c7f62f,G66U34VX,CAR,2024-09-20 12:58:04.728004+04:00
66ed3aa52b3fba6ed3c7f6ee,NU3FBQF5,CAR,2024-09-20 13:04:37.207624+04:00
66ed3aa7029648125201ff58,MZFZDMSQ,CAR,2024-09-20 13:04:39.556277+04:00
66ed3b232b3fba6ed3c7f762,ASTVGXE5,CAR,2024-09-20 13:06:42.978085+04:00
66ed3d3dde5f7b66ef0e8a47,4PPGMGGK,CAR,2024-09-20 13:15:41.696549+04:00
66ed3d731b95c3bcb0163475,ZBVGS8C3,CAR,2024-09-20 13:16:35.519162+04:00
66ed3f1dde5f7b66ef0e8adf,Y6DST6DV,CAR,2024-09-20 13:23:41.280844+04:00
66ed3f6d7eb49d2cf1f9d8f5,NSWGH52X,CAR,2024-09-20 13:25:01.596661+04:00
66ed40bede5f7b66ef0e8c08,AKCTAV6E,CAR,2024-09-20 13:30:38.531710+04:00
66ed412f66706177d862edbc,VJZU82KM,CAR,2024-09-20 13:32:31.635295+04:00
66ed4149de5f7b66ef0e8c7b,MN2MXRGD,CAR,2024-09-20 13:32:57.882837+04:00
66ed41cb5fbacbad00ba6441,L24AAWBP,CAR,2024-09-20 13:35:07.215220+04:00
66ed444a66706177d862ee54,JG9X92L9,CAR,2024-09-20 13:45:46.320655+04:00
66ed481ae69ab2db7991b10b,8B2W5PU3,CAR,2024-09-20 14:02:02.877971+04:00
66ed4830de5f7b66ef0e8e4a,EC9X82UD,CAR,2024-09-20 14:02:24.409568+04:00
66ed48fade5f7b66ef0e8e9b,SNMQ4C57,CAR,2024-09-20 14:05:46.553208+04:00
66ed494e7eb49d2cf1f9d986,EZFH6T3A,CAR,2024-09-20 14:07:10.462386+04:00
66ed496366706177d862efcd,57SL3WAT,CAR,2024-09-20 14:07:31.934402+04:00
66ed4b631b95c3bcb01636c0,MP9C72CR,CAR,2024-09-20 14:16:03.453153+04:00
66ed4c7d66706177d862f078,QH8EDUPZ,CAR,2024-09-20 14:20:45.558347+04:00
66ed4dcbecb2d398d582b721,XV7CKNLP,CAR,2024-09-20 14:26:19.750571+04:00
66ed51979c7881eef71ad12b,D7GCYC6V,CAR,2024-09-20 14:42:31.786284+04:00
66ed52c366706177d862f171,36SGY747,CAR,2024-09-20 14:47:31.006186+04:00
66ed53b566706177d862f1e2,2DTFU5Y8,CAR,2024-09-20 14:51:33.839764+04:00
66ed5632dc5b21180bb5bb60,DUA4AEE3,CAR,2024-09-20 15:02:10.789480+04:00
66ed59df66706177d862f365,WEDUGBHL,CAR,2024-09-20 15:17:51.226543+04:00
66ed5a664aa6a3a405c3c80c,DC93GT3Z,CAR,2024-09-20 15:20:06.817849+04:00
66ed5b84544822a0f11b7b73,EPXBW9PJ,CAR,2024-09-20 15:24:52.215845+04:00
66ed5c379c7881eef71ad2c0,HY25BNZV,CAR,2024-09-20 15:27:51.412152+04:00
66ed601faad3baddb837d507,2EQ6RCHY,CAR,2024-09-20 15:44:31.292697+04:00
66ed6261aad3baddb837d585,5YU3XJ8U,CAR,2024-09-20 15:54:09.288025+04:00
66ed662a544822a0f11b7c9c,JBFJ3DRZ,CAR,2024-09-20 16:10:18.121484+04:00
66ed67e8aad3baddb837d642,SJYKLYCC,CAR,2024-09-20 16:17:43.983603+04:00
66ed67ee544822a0f11b7cb9,ZFLK6WF6,CAR,2024-09-20 16:17:50.199074+04:00
66ed68d8ecb2d398d582b902,XAF5PWXA,CAR,2024-09-20 16:21:44.527762+04:00
66ed6bd3e69ab2db7991b3f5,6VSKDDZY,CAR,2024-09-20 16:34:27.428725+04:00
66ed6c38544822a0f11b7cff,VUUM7G3X,CAR,2024-09-20 16:36:08.010377+04:00
66ed6f1c544822a0f11b7e6b,F46AJ29P,CAR,2024-09-20 16:48:28.690203+04:00
66ed6f947eb49d2cf1f9db6a,RMPY8M9B,CAR,2024-09-20 16:50:28.101300+04:00
66ed7185544822a0f11b7ff7,353DW7QH,CAR,2024-09-20 16:58:45.127002+04:00
66ed71c6e69ab2db7991b47d,HKS4Z559,CAR,2024-09-20 16:59:50.210641+04:00
66ed71e8544822a0f11b8030,FXQ4CVLK,CAR,2024-09-20 17:00:24.060700+04:00
66ed739426fe37d44a1d5366,5CFTCZTU,CAR,2024-09-20 17:07:32.730605+04:00
66ed73f226fe37d44a1d53ca,PDBJ9V9H,CAR,2024-09-20 17:09:06.469081+04:00
66ed75147eb49d2cf1f9dc01,8NJNY6Q9,CAR,2024-09-20 17:13:56.034687+04:00
66ed76c97eb49d2cf1f9dc8d,HPD69KB8,CAR,2024-09-20 17:21:13.737941+04:00
66ed7746ecb2d398d582ba7d,2YW7UA9A,CAR,2024-09-20 17:23:18.558657+04:00
66ed7bcbe9f259780ac1a5b1,8A535ENN,CAR,2024-09-20 17:42:35.495580+04:00
66ed7e353ca228cd3a0fa3ee,EJK9C5BU,CAR,2024-09-20 17:52:53.758913+04:00
66ed7ea0f3e89b82302699ff,HWMA3LE7,CAR,2024-09-20 17:54:40.904922+04:00
66ed7fa17eb49d2cf1f9df1d,LEZD2T4J,CAR,2024-09-20 17:58:57.089657+04:00
66ed87a6544822a0f11b8148,CH6PW9BA,CAR,2024-09-20 18:33:10.207189+04:00
66ed88db544822a0f11b8211,DMP7VJ3N,CAR,2024-09-20 18:38:19.016991+04:00
66ed8fd676931edcd5c18d82,JE59SYVM,CAR,2024-09-20 19:08:06.593676+04:00
66ed91c9384f0c37a1bc2769,GCSX3CP7,CAR,2024-09-20 19:16:25.173125+04:00
66ed91f43ca228cd3a0fa574,DEUB8S8G,CAR,2024-09-20 19:17:08.381313+04:00
66ed949836eaa3b5f12f0b5b,G3LTYY25,CAR,2024-09-20 19:28:24.209894+04:00
66eda1ef3ca228cd3a0fa836,YDDHYS7E,CAR,2024-09-20 20:25:19.391228+04:00
66eda6c94ebcdd455f52bc90,KMZKX83F,CAR,2024-09-20 20:46:01.442720+04:00
66eda6d3874a0447d7a13d75,M5H394XP,CAR,2024-09-20 20:46:11.411524+04:00
66edaacd384f0c37a1bc2848,P6QUHN6R,CAR,2024-09-20 21:03:09.675516+04:00
66edaf8e4ebcdd455f52bd23,GQDQ9RA5,CAR,2024-09-20 21:23:26.458293+04:00
66edafe5384f0c37a1bc28b6,8HXSQB6H,CAR,2024-09-20 21:24:53.538317+04:00
66edb53f4ebcdd455f52bd97,NYCWNPGP,CAR,2024-09-20 21:47:43.850929+04:00
66edb91a3ca228cd3a0fa9e2,TVR83587,CAR,2024-09-20 22:04:10.181684+04:00
66edb9ae3ca228cd3a0faa20,LUKUWR8S,CAR,2024-09-20 22:06:38.171599+04:00
66edbf3e4ebcdd455f52be7a,TEPEF7TK,CAR,2024-09-20 22:30:22.477414+04:00
66eddae636eaa3b5f12f0f23,9D5DSLCW,CAR,2024-09-21 00:28:22.969022+04:00
66ee4b7836eaa3b5f12f119d,842UWHHW,CAR,2024-09-21 08:28:40.692262+04:00
66ee4e864ebcdd455f52bff3,WJW7P7KF,CAR,2024-09-21 08:41:42.296575+04:00
66ee51016bcf696e938795b2,4BZDDZ6L,CAR,2024-09-21 08:52:17.897750+04:00
66ee567b4ebcdd455f52c06c,WQD4D4VP,CAR,2024-09-21 09:15:39.599721+04:00
66ee56d63ca228cd3a0faf5d,74GFMJGB,CAR,2024-09-21 09:17:10.205505+04:00
66ee57d036eaa3b5f12f1379,Z2VAV8K4,CAR,2024-09-21 09:21:20.416643+04:00
66ee59b136eaa3b5f12f1412,GCMVUZZV,CAR,2024-09-21 09:29:21.628729+04:00
66ee5b139907f367078f30b7,EH2XJSYS,CAR,2024-09-21 09:35:15.639744+04:00
66ee5b3c9907f367078f3153,57YNNKHU,CAR,2024-09-21 09:35:56.208564+04:00
66ee5d723ca228cd3a0fb0b5,JXQECBGE,CAR,2024-09-21 09:45:22.495905+04:00
66ee650cceb0ddd26141c3cb,CTU3RMV6,CAR,2024-09-21 10:17:48.525970+04:00
66ee65f1ceb0ddd26141c43f,XGKGYT3G,CAR,2024-09-21 10:21:37.388572+04:00
66ee66902db30bf6a6420afe,HKFF8GPQ,CAR,2024-09-21 10:24:16.185616+04:00
66ee6ce39907f367078f31ce,89XYKXRJ,CAR,2024-09-21 10:51:15.811911+04:00
66ee6e0bceb0ddd26141c6ab,WSLCK5EK,CAR,2024-09-21 10:56:10.986705+04:00
66ee6ff32db30bf6a6420cf8,BRUJ2A2G,CAR,2024-09-21 11:04:19.479071+04:00
66ee700cceb0ddd26141c78e,GYTFJ8H7,CAR,2024-09-21 11:04:44.255815+04:00
66ee72909907f367078f3289,WPUW6QLT,CAR,2024-09-21 11:15:28.522093+04:00
66ee730d2db30bf6a6420d9d,Z3MYPXF9,CAR,2024-09-21 11:17:33.679421+04:00
66ee74aaceb0ddd26141c9a3,D94NH8PW,CAR,2024-09-21 11:24:26.227838+04:00
66ee7502b5c4225f0e12169a,6L7Q6MY6,CAR,2024-09-21 11:25:54.146212+04:00
66ee755d77d105cecce0da84,TMM9EYYK,CAR,2024-09-21 11:27:25.507039+04:00
66ee7701b5c4225f0e1216a5,8FDD3QG5,CAR,2024-09-21 11:34:25.859561+04:00
66ee771e2db30bf6a6420ed7,2W2R4D69,CAR,2024-09-21 11:34:54.521678+04:00
66ee77c8ceb0ddd26141ca3b,L3VMVRUH,CAR,2024-09-21 11:37:44.321381+04:00
66ee78929907f367078f3391,XLGHZH2W,CAR,2024-09-21 11:41:06.646166+04:00
66ee7897ceb0ddd26141cae2,CV5YMW3S,CAR,2024-09-21 11:41:11.670294+04:00
66ee798f2db30bf6a6420f5f,3Y9NEQJ8,CAR,2024-09-21 11:45:19.244155+04:00
66ee79f2ceb0ddd26141cc10,KB4BLWPA,CAR,2024-09-21 11:46:58.022183+04:00
66ee7c2e2db30bf6a642107a,YZUZ2D56,CAR,2024-09-21 11:56:30.361700+04:00
66ee7cab6158b9a6532683c2,MQX3598Z,CAR,2024-09-21 11:58:35.230642+04:00
66ee7d06a482e596c103490a,5SLSAMEB,CAR,2024-09-21 12:00:06.652158+04:00
66ee7dc72db30bf6a64210f9,LVBT9SL3,CAR,2024-09-21 12:03:19.460414+04:00
66ee7deeceb0ddd26141cd9f,YCVHNZNC,CAR,2024-09-21 12:03:58.170205+04:00
66ee7e7e77d105cecce0dc75,VHTCFY2M,CAR,2024-09-21 12:06:22.085213+04:00
66ee7f4e6158b9a6532684f6,94JD9U3U,CAR,2024-09-21 12:09:50.523997+04:00
66ee8430ea45b2c9d8091fb1,ADSL8SWX,CAR,2024-09-21 12:30:40.180133+04:00
66ee84332db30bf6a642124f,UZBAT864,CAR,2024-09-21 12:30:43.493488+04:00
66ee84356dd68180172c3567,VQLZLFEQ,CAR,2024-09-21 12:30:45.706220+04:00
66ee845ea71a3f868c551c31,VJSEQS85,CAR,2024-09-21 12:31:26.724081+04:00
66ee84856158b9a65326857d,NCVBCME8,CAR,2024-09-21 12:32:05.579645+04:00
66ee85a56158b9a6532685f1,F9BWQKT9,CAR,2024-09-21 12:36:53.018339+04:00
66ee85b09907f367078f3571,K2PEELY7,CAR,2024-09-21 12:37:04.802446+04:00
66ee86a0ea45b2c9d80920b6,BF2WWMEC,CAR,2024-09-21 12:41:04.443688+04:00
66ee874c6dd68180172c36da,A6RSBSRC,CAR,2024-09-21 12:43:56.340041+04:00
66ee8862ea45b2c9d8092160,AVA6K6JJ,CAR,2024-09-21 12:48:34.361367+04:00
66ee8ce86dd68180172c38b8,FTCM7BQJ,CAR,2024-09-21 13:07:52.905408+04:00
66ee8d8a6dd68180172c392d,2PGXHHSA,CAR,2024-09-21 13:10:34.470951+04:00
66ee8dfd6dd68180172c39bc,P4HNZ9XU,CAR,2024-09-21 13:12:29.312910+04:00
66ee8e422db30bf6a642135b,LER39FXG,CAR,2024-09-21 13:13:38.921060+04:00
66ee8f2e9907f367078f3639,P38BYKYE,CAR,2024-09-21 13:17:34.767356+04:00
66ee8f7c6dd68180172c39ed,JYHE9SE9,CAR,2024-09-21 13:18:52.438771+04:00
66ee8f90c4cfa22b14e148c4,54N4AMAL,CAR,2024-09-21 13:19:12.502977+04:00
66ee90ca6dd68180172c3aff,J7U7TUDJ,CAR,2024-09-21 13:24:26.852161+04:00
66ee93a86dd68180172c3be7,V3P5NU3F,CAR,2024-09-21 13:36:40.895564+04:00
66ee96e41503492ff6aea647,EPHM4QD7,CAR,2024-09-21 13:50:28.496777+04:00
66ee974645c938a19ec45c45,35TUSQFN,CAR,2024-09-21 13:52:06.578878+04:00
66ee97dfc604993833ef8408,BWLJ68JH,CAR,2024-09-21 13:54:39.243153+04:00
66ee99826dd68180172c3e03,5LVX4ARV,CAR,2024-09-21 14:01:38.624248+04:00
66ee9b34ea45b2c9d80921e4,38NPZLEF,CAR,2024-09-21 14:08:52.968488+04:00
66ee9bee1503492ff6aea6b6,PDQH4SHR,CAR,2024-09-21 14:11:58.810079+04:00
66eea164ea45b2c9d8092294,FRFGL3ZY,CAR,2024-09-21 14:35:16.385460+04:00
66eea28cea45b2c9d8092338,UEZ9DTR6,CAR,2024-09-21 14:40:12.141142+04:00
66eea2d6c604993833ef851f,KG2MSUUS,CAR,2024-09-21 14:41:26.157535+04:00
66eea3eea71a3f868c551c7e,XFQW5SPA,CAR,2024-09-21 14:46:06.415490+04:00
66eea5afc604993833ef856a,KHKSKLRQ,CAR,2024-09-21 14:53:35.797580+04:00
66eea78ac604993833ef85dc,YQJCXGZX,CAR,2024-09-21 15:01:30.277352+04:00
66eeaa5a45c938a19ec45f27,8SG5BHVJ,CAR,2024-09-21 15:13:30.638800+04:00
66eeaa881503492ff6aea7d4,N9ER6PVX,CAR,2024-09-21 15:14:16.074647+04:00
66eeaad8ea45b2c9d80923f8,AAD2TE54,CAR,2024-09-21 15:15:36.476348+04:00
66eeaaf86dd68180172c4160,2JNACJ8Q,CAR,2024-09-21 15:16:08.537380+04:00
66eeae13c604993833ef8668,R5U28VP3,CAR,2024-09-21 15:29:23.546418+04:00
66eeae95285160115851eefe,J3VLJRTY,CAR,2024-09-21 15:31:33.918405+04:00
66eeb1b76dd68180172c432f,TLP43CHW,CAR,2024-09-21 15:44:55.765868+04:00
66eeb1b86dd68180172c4331,2LZX3454,CAR,2024-09-21 15:44:56.546461+04:00
66eeb371689fda43be8cbd4d,4K4S47XL,CAR,2024-09-21 15:52:17.569155+04:00
66eeb44a45c938a19ec460fb,EUCSCQDJ,CAR,2024-09-21 15:55:54.113508+04:00
66eebab245c938a19ec46218,4VGFE8M5,CAR,2024-09-21 16:23:14.011062+04:00
66eec4779bde9a8602d8e21f,T35XVUXG,CAR,2024-09-21 17:04:55.771327+04:00
66eec798028a5f0a4f2b5d37,LVK9FYHH,CAR,2024-09-21 17:18:15.994218+04:00
66eecaa3d50d9e2ea37bcf50,TJPZ43YW,CAR,2024-09-21 17:31:15.708248+04:00
66eecb269bde9a8602d8e407,5RD5DU7M,CAR,2024-09-21 17:33:26.607397+04:00
66eed1a4585b85db9fcedb1a,T8RKSKQS,CAR,2024-09-21 18:01:08.369381+04:00
66eed3559bde9a8602d8e534,KSBQZCVK,CAR,2024-09-21 18:08:21.154122+04:00
66eed60e9bde9a8602d8e5b2,VPQCMH22,CAR,2024-09-21 18:19:58.309261+04:00
66eed83e9bde9a8602d8e628,VER29HTC,CAR,2024-09-21 18:29:18.555969+04:00
66eed9bed1550c888b4b1a7a,4X7YXD2U,CAR,2024-09-21 18:35:42.160756+04:00
66eedb0e9bde9a8602d8e81b,4WHTYLPQ,CAR,2024-09-21 18:41:18.677111+04:00
66eeded5d50d9e2ea37bd170,NBF4CRCS,CAR,2024-09-21 18:57:25.606446+04:00
66eee3fad50d9e2ea37bd1f0,FTTPPDV8,CAR,2024-09-21 19:19:22.480590+04:00
66eee47c028a5f0a4f2b5f8a,WV6YW4FZ,CAR,2024-09-21 19:21:32.855759+04:00
66eeeb387e41c1641e727306,7B6N3REV,CAR,2024-09-21 19:50:16.829489+04:00
66eeed67d50d9e2ea37bd3cb,EWZT4AGQ,CAR,2024-09-21 19:59:35.805582+04:00
66eeeeadd50d9e2ea37bd43f,QKRZ5YWQ,CAR,2024-09-21 20:05:01.533577+04:00
66eeeebf9bde9a8602d8e973,PK3YRKD7,CAR,2024-09-21 20:05:19.065633+04:00
66eef2bf9bde9a8602d8e9bc,FKYDYWAV,CAR,2024-09-21 20:22:23.315314+04:00
66eefed3028a5f0a4f2b60e1,RGRSB6Q3,CAR,2024-09-21 21:13:55.929556+04:00
66ef00f9f3ecdec427c0591b,7553JE9Y,CAR,2024-09-21 21:23:05.210617+04:00
66ef0230d50d9e2ea37bd5de,KQSU5XJB,CAR,2024-09-21 21:28:16.610088+04:00
66ef054e9bde9a8602d8eaa1,X7VCHNJY,CAR,2024-09-21 21:41:34.420711+04:00
66ef05a2f3ecdec427c059f2,6SR6YZ63,CAR,2024-09-21 21:42:58.726524+04:00
66ef0f149bde9a8602d8eb5c,2S8YYQ4D,CAR,2024-09-21 22:23:16.534525+04:00
66ef211640c96a55a0b582f5,8L54RL8Q,CAR,2024-09-21 23:40:06.544108+04:00
66ef99bfea45b2c9d8092a6f,3EBNJQMB,CAR,2024-09-22 08:14:55.040921+04:00
66efa0b8e584097ca199c4a4,NF8UZDPK,CAR,2024-09-22 08:44:40.974079+04:00
66efa76ea71a3f868c552040,7EZKFHN5,CAR,2024-09-22 09:13:18.551307+04:00
66efb88fa71a3f868c5520d0,XC28RDF6,CAR,2024-09-22 10:26:23.646054+04:00
66efb9880f6624a9a2b8bbf2,VZ4AF5CC,CAR,2024-09-22 10:30:32.502159+04:00
66efbac140c96a55a0b58773,UB8EAQEB,CAR,2024-09-22 10:35:45.516402+04:00
66efbbc9238e4be89a8d0c92,4ZHD3ZRQ,CAR,2024-09-22 10:40:09.934255+04:00
66efbc0aea45b2c9d8092b46,DP5YP9W8,CAR,2024-09-22 10:41:14.045835+04:00
66efbd21bb08b6d25b71bb4f,7ZD9ZKFG,CAR,2024-09-22 10:45:53.920236+04:00
66efbe31bb08b6d25b71bb59,XFMAMZGJ,CAR,2024-09-22 10:50:25.314788+04:00
66efbeead1550c888b4b1b30,5M7T5BGC,CAR,2024-09-22 10:53:30.558374+04:00
66efbf2c40c96a55a0b588f9,734TVQWL,CAR,2024-09-22 10:54:36.715686+04:00
66efc11d40c96a55a0b58981,STU5SN8B,CAR,2024-09-22 11:02:53.670193+04:00
66efc35d40c96a55a0b58a78,PL4A5PUW,CAR,2024-09-22 11:12:29.823622+04:00
66efc520d087b3a10404c9f5,P2NF6C6P,CAR,2024-09-22 11:20:00.150497+04:00
66efc66eea45b2c9d8092d20,GVW5HER3,CAR,2024-09-22 11:25:34.620647+04:00
66efc81240c96a55a0b58b2b,N6S77ZBR,CAR,2024-09-22 11:32:34.081781+04:00
66efc84b40c96a55a0b58ba8,A22S78M3,CAR,2024-09-22 11:33:31.575302+04:00
66efca38bb08b6d25b71bcc7,3227N8VQ,CAR,2024-09-22 11:41:44.817163+04:00
66efca70a71a3f868c552182,25MLD52W,CAR,2024-09-22 11:42:40.442173+04:00
66efcb0bbb08b6d25b71bd0d,6ARGJEVN,CAR,2024-09-22 11:45:15.245439+04:00
66efcc1f0f6624a9a2b8bdd0,3ABCSA7M,CAR,2024-09-22 11:49:51.590127+04:00
66efd2eb40c96a55a0b58e4d,PAWHY5PZ,CAR,2024-09-22 12:18:51.462898+04:00
66efd3ca40c96a55a0b58ec3,Z7RZ4EPR,CAR,2024-09-22 12:22:34.386878+04:00
66efd4380f6624a9a2b8bf6e,A4G8CQXE,CAR,2024-09-22 12:24:24.444199+04:00
66efd469e584097ca199c5dd,E7Y7CCBY,CAR,2024-09-22 12:25:13.058940+04:00
66efd8e440c96a55a0b58f6b,FXB9H7R9,CAR,2024-09-22 12:44:20.177372+04:00
66efda9b40c96a55a0b58fe2,CUWVZ7NE,CAR,2024-09-22 12:51:38.987603+04:00
66efdb8b73ba5bf9975cddb2,MLEZC67H,CAR,2024-09-22 12:55:39.057559+04:00
66efdfe20f6624a9a2b8c01a,MWUMCZ6K,CAR,2024-09-22 13:14:10.828384+04:00
66efe11f58b7c8a88f5ebac0,KWQ5U42H,CAR,2024-09-22 13:19:27.074303+04:00
66efe13a73ba5bf9975cde13,88Q3QWCZ,CAR,2024-09-22 13:19:54.690010+04:00
66efe1862c61205fe7f49d48,BCXF77MW,CAR,2024-09-22 13:21:10.757553+04:00
66efe5382c61205fe7f49ef8,DTG8U69W,CAR,2024-09-22 13:36:56.355177+04:00
66efe5de2c61205fe7f49f6b,XKQCXJDN,CAR,2024-09-22 13:39:42.493050+04:00
66efeb5834005eab3e08db89,TU6CFQZM,CAR,2024-09-22 14:03:04.871299+04:00
66efefaf2c61205fe7f4a175,T6PXH9FJ,CAR,2024-09-22 14:21:34.896597+04:00
66efefbfb55c955e7cbaf9d8,2MP8XEKR,CAR,2024-09-22 14:21:51.201697+04:00
66eff06a2c61205fe7f4a1ed,FHZCVU25,CAR,2024-09-22 14:24:42.639684+04:00
66eff142a5602fadf826a41b,MLLQ2JCV,CAR,2024-09-22 14:28:18.646514+04:00
66eff2842c61205fe7f4a351,U3A3BC65,CAR,2024-09-22 14:33:40.186455+04:00
66eff341a5602fadf826a4a2,9NHPNCMZ,CAR,2024-09-22 14:36:49.528132+04:00
66eff35a2c61205fe7f4a37e,UW8Z6U84,CAR,2024-09-22 14:37:14.284390+04:00
66eff3c5bb08b6d25b71c040,4228RNGX,CAR,2024-09-22 14:39:01.415610+04:00
66effecc34005eab3e08dc8d,9LEJ9GZQ,CAR,2024-09-22 15:26:04.337450+04:00
66efff8fb55c955e7cbafb54,PGLA7X3S,CAR,2024-09-22 15:29:19.533147+04:00
66f000a634005eab3e08dca5,QYWPD5TZ,CAR,2024-09-22 15:33:58.519323+04:00
66f0076734005eab3e08df4e,WJ4K3V3X,CAR,2024-09-22 16:02:47.433565+04:00
66f00de8a5602fadf826a547,A5E7H67Y,CAR,2024-09-22 16:30:32.957669+04:00
66f0124d5654fe217fa797d9,8US25Y76,CAR,2024-09-22 16:49:17.104600+04:00
66f01784b55c955e7cbafca8,XH82QXG7,CAR,2024-09-22 17:11:32.524899+04:00
66f017c1c55c9f1b2f6787b0,2QME4A3V,CAR,2024-09-22 17:12:33.466092+04:00
66f01992a5602fadf826a5c3,NMECVMYH,CAR,2024-09-22 17:20:18.061476+04:00
66f01c8234005eab3e08e174,Z65GZHNK,CAR,2024-09-22 17:32:50.764466+04:00
66f0258d4d05c130c26a967b,8T59JRRR,CAR,2024-09-22 18:11:25.790846+04:00
66f026eec55c9f1b2f678878,HRE8M32Y,CAR,2024-09-22 18:17:18.211820+04:00
66f02b64d4839ea1bb5c5ad7,2SUAFGH3,CAR,2024-09-22 18:36:20.414226+04:00
66f02d79d4839ea1bb5c5b33,9UMK74L7,CAR,2024-09-22 18:45:13.696211+04:00
66f02d87e1b9d29a6aa86568,TKLWUHFF,CAR,2024-09-22 18:45:27.952236+04:00
66f02ea3c55c9f1b2f678942,R8JLUJZS,CAR,2024-09-22 18:50:11.504709+04:00
66f03272e983e6ab1e71054b,5L535E74,CAR,2024-09-22 19:06:26.499162+04:00
66f0390e5654fe217fa79854,52NG5HZB,CAR,2024-09-22 19:34:38.179310+04:00
66f03d6dc55c9f1b2f6789e8,VF7R4UA3,CAR,2024-09-22 19:53:17.371894+04:00
66f03ef5d4839ea1bb5c5d93,L95NWCX9,CAR,2024-09-22 19:59:49.836503+04:00
66f0401cb95c78233e74422c,9DAHNQNM,CAR,2024-09-22 20:04:44.863123+04:00
66f04059c55c9f1b2f678a9c,MCRFXJJZ,CAR,2024-09-22 20:05:45.548597+04:00
66f043033a9a6dcc86f51866,2TXS3ZN8,CAR,2024-09-22 20:17:07.047583+04:00
66f05ae8c55c9f1b2f678c6d,Z5LTVTRW,CAR,2024-09-22 21:59:03.995727+04:00
66f08751e1b9d29a6aa86836,QXJAGNMZ,CAR,2024-09-23 01:08:33.227264+04:00
66f0d9ce1e5ed5f1318143a7,JKLJCGPS,CAR,2024-09-23 07:00:30.613680+04:00
66f0e2cdf0858bbe8b18251f,BJD7G2T6,CAR,2024-09-23 07:38:53.766671+04:00
66f0ed87d4839ea1bb5c647c,QUL88V26,CAR,2024-09-23 08:24:39.783903+04:00
66f0f173f0858bbe8b182711,L45H7Z4E,CAR,2024-09-23 08:41:23.440389+04:00
66f0f3bed4839ea1bb5c6511,B8MM3AG9,CAR,2024-09-23 08:51:10.146867+04:00
66f0f91f38665256b77f837c,6YL7GKDP,CAR,2024-09-23 09:14:07.405193+04:00
66f0fac338665256b77f83f3,EQQ8LS6D,CAR,2024-09-23 09:21:07.607766+04:00
66f0fae1d4839ea1bb5c662f,H3QS3YM8,CAR,2024-09-23 09:21:37.038116+04:00
66f0fc19d4839ea1bb5c66ae,UBV3U8KJ,CAR,2024-09-23 09:26:49.763028+04:00
66f10214196be3f0ab219f6c,B8BJ3EQ3,CAR,2024-09-23 09:52:20.499663+04:00
66f102c638665256b77f8492,9F3W9EEL,CAR,2024-09-23 09:55:18.060319+04:00
66f10316f0858bbe8b182c25,P7RQ8Y2M,CAR,2024-09-23 09:56:38.340222+04:00
66f10360e1b9d29a6aa86d17,VLSADDCJ,CAR,2024-09-23 09:57:52.511287+04:00
66f10493e1b9d29a6aa86e5c,TZWP26DS,CAR,2024-09-23 10:02:59.521480+04:00
66f1057bf0858bbe8b182d97,WA9ZW2UH,CAR,2024-09-23 10:06:51.939627+04:00
66f1066038665256b77f8549,9C5LXE9F,CAR,2024-09-23 10:10:40.688200+04:00
66f10940e1b9d29a6aa86fcd,2868RYXS,CAR,2024-09-23 10:22:56.528937+04:00
66f1098e38665256b77f85cd,HAGBEZHV,CAR,2024-09-23 10:24:14.769978+04:00
66f10b5ecd24a7fe6408f662,VPBX9E2F,CAR,2024-09-23 10:31:58.495175+04:00
66f10c1dcd24a7fe6408f6d6,JRGNUL6G,CAR,2024-09-23 10:35:09.115970+04:00
66f10c6af0858bbe8b182f6b,QYSFSSPE,CAR,2024-09-23 10:36:26.651099+04:00
66f10cd6cd24a7fe6408f75e,ZUJ9YJMN,CAR,2024-09-23 10:38:13.986422+04:00
66f10e99878feb5cb8e0a579,KMAKT8RB,CAR,2024-09-23 10:45:45.613742+04:00
66f10eb6878feb5cb8e0a5e9,78E376EW,CAR,2024-09-23 10:46:14.670144+04:00
66f10fa1196be3f0ab21a440,FFDMMULW,CAR,2024-09-23 10:50:09.735780+04:00
66f110da878feb5cb8e0a65a,4ZY4CH8X,CAR,2024-09-23 10:55:22.747648+04:00
66f11142f0858bbe8b18313b,TKMGFYWJ,CAR,2024-09-23 10:57:06.447119+04:00
66f1114f38665256b77f86a0,LWYZX26U,CAR,2024-09-23 10:57:19.270309+04:00
66f114f0454e80705d40043c,WYZE8FUL,CAR,2024-09-23 11:12:48.381929+04:00
66f1161438665256b77f880b,5Y58L5UW,CAR,2024-09-23 11:17:40.523755+04:00
66f116d3878feb5cb8e0a723,CZ3XAVXJ,CAR,2024-09-23 11:20:51.812574+04:00
66f1188362b8c6d65c7e54e6,RLS9FPV4,CAR,2024-09-23 11:28:03.291089+04:00
66f11884a97ed96696007643,CUCZVUCQ,CAR,2024-09-23 11:28:04.626209+04:00
66f11b5da97ed966960078f9,KBSD94DR,CAR,2024-09-23 11:40:13.832858+04:00
66f11bb9454e80705d40066a,JQNT7FJB,CAR,2024-09-23 11:41:45.571749+04:00
66f11bc3a97ed96696007964,7DGZRVRZ,CAR,2024-09-23 11:41:55.856936+04:00
66f11cc7454e80705d400736,9KHBBQQJ,CAR,2024-09-23 11:46:15.786871+04:00
66f11d62a97ed96696007ace,JNLNGS5A,CAR,2024-09-23 11:48:50.890087+04:00
66f11da738665256b77f8a24,RY2BB2M2,CAR,2024-09-23 11:49:59.069288+04:00
66f11db238665256b77f8a56,AVA5JRK8,CAR,2024-09-23 11:50:10.874478+04:00
66f11e0c454e80705d4007bf,UVPQHT2M,CAR,2024-09-23 11:51:40.767273+04:00
66f1203ea97ed96696007b99,Z2NT3MPA,CAR,2024-09-23 12:01:02.804991+04:00
66f1207838665256b77f8b17,46U5L4L2,CAR,2024-09-23 12:02:00.118567+04:00
66f120d538665256b77f8b4b,2VQRZ2ST,CAR,2024-09-23 12:03:33.313798+04:00
66f121c7454e80705d4008bb,XUMTS9KP,CAR,2024-09-23 12:07:35.101977+04:00
66f121e738665256b77f8be5,UKANRJND,CAR,2024-09-23 12:08:07.881654+04:00
66f1225e38665256b77f8c58,V78VQNGV,CAR,2024-09-23 12:10:06.773720+04:00
66f122e1878feb5cb8e0a89f,E73BCYDN,CAR,2024-09-23 12:12:17.328950+04:00
66f1260707b0d3c480e42b6a,RQCRJ6Y7,CAR,2024-09-23 12:25:43.334205+04:00
66f1277d933069cbe26660ec,XSTVSK8A,CAR,2024-09-23 12:31:57.718535+04:00
66f12acca97ed966960080d9,AEB5R6YF,CAR,2024-09-23 12:46:04.164066+04:00
66f12cbca97ed966960081a3,5QJSS2D7,CAR,2024-09-23 12:54:20.193885+04:00
66f12d9362b8c6d65c7e5928,YC3SCSJ7,CAR,2024-09-23 12:57:55.504191+04:00
66f130e843b35f1456fe8973,STBTEPFK,CAR,2024-09-23 13:12:08.340839+04:00
66f1320d9957cd37e520fdbb,N6NNLM8P,CAR,2024-09-23 13:17:01.887532+04:00
66f1333d43b35f1456fe8a46,XCUEGG57,CAR,2024-09-23 13:22:05.247519+04:00
66f13384a4831eea0240b6c6,PMTAVY7F,CAR,2024-09-23 13:23:16.317265+04:00
66f1343e3b91b4c9e3263b2b,2NN3HE2E,CAR,2024-09-23 13:26:22.354019+04:00
66f1348043b35f1456fe8b8d,ZHJY8HNE,CAR,2024-09-23 13:27:28.436375+04:00
66f1349843b35f1456fe8bff,EQXJ2UE7,CAR,2024-09-23 13:27:52.254399+04:00
66f136e28f3364e3766cf688,U3X6QRU4,CAR,2024-09-23 13:37:38.195352+04:00
66f1372da4831eea0240b7a3,3ZKSG2EL,CAR,2024-09-23 13:38:53.091674+04:00
66f1379407b0d3c480e42e8c,LXDTDHXT,CAR,2024-09-23 13:40:36.205963+04:00
66f138213b91b4c9e3263ca0,XV5N9EE2,CAR,2024-09-23 13:42:57.486792+04:00
66f1390a8f3364e3766cf6fd,D6A9YG3B,CAR,2024-09-23 13:46:50.236673+04:00
66f1390e933069cbe2666247,G5Z82RLC,CAR,2024-09-23 13:46:54.919829+04:00
66f1392aa4831eea0240b7cf,W73EUFFY,CAR,2024-09-23 13:47:22.268794+04:00
66f139d7933069cbe26662bd,2HRPLFRD,CAR,2024-09-23 13:50:15.640186+04:00
66f139f29957cd37e520fe54,F5RLPV2X,CAR,2024-09-23 13:50:42.939508+04:00
66f13a133b91b4c9e3263e1b,2PQW2B5A,CAR,2024-09-23 13:51:15.621660+04:00
66f13a389957cd37e520fec6,G27SEUXJ,CAR,2024-09-23 13:51:52.679264+04:00
66f13af307b0d3c480e42fa2,2RUP6SZ6,CAR,2024-09-23 13:54:59.916552+04:00
66f13d293b91b4c9e3264066,899QJB7S,CAR,2024-09-23 14:04:25.062815+04:00
66f141ff3b91b4c9e32642fa,YU4A337D,CAR,2024-09-23 14:25:03.958113+04:00
66f1449a07b0d3c480e43098,6PJRQFTQ,CAR,2024-09-23 14:36:10.114307+04:00
66f146c5a4831eea0240ba2e,YP3RRSJF,CAR,2024-09-23 14:45:25.108517+04:00
66f14710e974a049098ee33a,6ZDW64AW,CAR,2024-09-23 14:46:40.629103+04:00
66f147bfb0a04ee38acd45bb,SLJTRTKY,CAR,2024-09-23 14:49:35.871155+04:00
66f147e4e974a049098ee3b0,6MJL2X2M,CAR,2024-09-23 14:50:12.467947+04:00
66f148f33b91b4c9e32645ac,J37FE4HN,CAR,2024-09-23 14:54:43.048635+04:00
66f1493ea4831eea0240bb32,TA9R7S9C,CAR,2024-09-23 14:55:58.881385+04:00
66f149593b91b4c9e326464c,KU7Z2UFR,CAR,2024-09-23 14:56:25.788177+04:00
66f14a60b0a04ee38acd4630,433C74YZ,CAR,2024-09-23 15:00:48.033947+04:00
66f14b038f3364e3766cf891,2CUKUA56,CAR,2024-09-23 15:03:31.004340+04:00
66f14bf03b91b4c9e32646e3,ZK5U977S,CAR,2024-09-23 15:07:28.532251+04:00
66f14bfa3b91b4c9e3264751,N4UUJD6F,CAR,2024-09-23 15:07:38.871505+04:00
66f14c63b0a04ee38acd46ee,QABMNZP9,CAR,2024-09-23 15:09:23.336474+04:00
66f14fce3b91b4c9e32647bf,FSALNEYK,CAR,2024-09-23 15:23:58.420696+04:00
66f150543b91b4c9e3264886,TRUYAJ5E,CAR,2024-09-23 15:26:12.530732+04:00
66f1508fb0a04ee38acd48c0,NNDAKHCQ,CAR,2024-09-23 15:27:11.483068+04:00
66f15116d24472a6d78fc0f7,RY2GZ5EQ,CAR,2024-09-23 15:29:26.345423+04:00
66f151bd3b91b4c9e3264961,UWHEMVXK,CAR,2024-09-23 15:32:13.596206+04:00
66f153e4b0a04ee38acd497e,HX2ZEYN5,CAR,2024-09-23 15:41:24.826369+04:00
66f154faa8bc78db1e3b8c7b,E426RDPQ,CAR,2024-09-23 15:46:02.414678+04:00
66f155300a6fae37513b82f5,5DB2L9HJ,CAR,2024-09-23 15:46:56.889938+04:00
66f1570cd24472a6d78fc1ec,5QRD46MP,CAR,2024-09-23 15:54:52.674456+04:00
66f158310a6fae37513b8455,3VFLQ7B9,CAR,2024-09-23 15:59:45.407141+04:00
66f158b7e974a049098ee560,CMS8AKDS,CAR,2024-09-23 16:01:59.597837+04:00
66f15988a8bc78db1e3b8d4d,SZJFSK7T,CAR,2024-09-23 16:05:28.820565+04:00
66f15a80a8bc78db1e3b8d54,XMU5GN37,CAR,2024-09-23 16:09:36.767136+04:00
66f15ba10a6fae37513b84fe,YWYRQL77,CAR,2024-09-23 16:14:25.181774+04:00
66f15bdad24472a6d78fc28f,4K76KLX2,CAR,2024-09-23 16:15:22.910349+04:00
66f15c54a8bc78db1e3b8dd0,RC5BCCSB,CAR,2024-09-23 16:17:24.017735+04:00
66f15ef2d24472a6d78fc3ed,22EEB4QJ,CAR,2024-09-23 16:28:34.972158+04:00
66f15f4c0a6fae37513b854c,WX4B54BM,CAR,2024-09-23 16:30:04.576832+04:00
66f16615a8bc78db1e3b8f20,ZH5G7WX6,CAR,2024-09-23 16:59:01.550903+04:00
66f1674f0a6fae37513b8611,M2PRZDKV,CAR,2024-09-23 17:04:15.380437+04:00
66f1685544e71253d39b30f1,HMNC7923,CAR,2024-09-23 17:08:37.246144+04:00
66f16a20dd664f3389f17ea0,8UU66PNV,CAR,2024-09-23 17:16:16.215554+04:00
66f16cd386779c75d900b61b,GMDCARA4,CAR,2024-09-23 17:27:47.294965+04:00
66f16cd40a6fae37513b8856,EC3P6MQ4,CAR,2024-09-23 17:27:48.475456+04:00
66f16db5681390aac3112407,EZE8UFHN,CAR,2024-09-23 17:31:33.766625+04:00
66f16fe454fb40e666e72acf,RGH27LF3,CAR,2024-09-23 17:40:52.593334+04:00
66f171f554fb40e666e72b64,RDJDVWNZ,CAR,2024-09-23 17:49:41.746518+04:00
66f172ca54fb40e666e72b9e,U82MTMLQ,CAR,2024-09-23 17:53:14.279294+04:00
66f1741b86779c75d900b763,FQ3VQQSD,CAR,2024-09-23 17:58:51.164889+04:00
66f1755e681390aac311248f,T9E2MGZP,CAR,2024-09-23 18:04:14.258167+04:00
66f175ae6bb993dea42aca4d,ZQRG7M8G,CAR,2024-09-23 18:05:34.766463+04:00
66f176646bb993dea42acabe,E2ZBGEMN,CAR,2024-09-23 18:08:36.173713+04:00
66f179f586779c75d900b825,ZR8AA8UE,CAR,2024-09-23 18:23:49.859832+04:00
66f17cb754fb40e666e72d8f,7EZZ6EWY,CAR,2024-09-23 18:35:35.034697+04:00
66f17fce054c120eecfa38d1,9K8ZW87U,CAR,2024-09-23 18:48:46.961770+04:00
66f180dca8d132ef84738f01,NG2FDDKG,CAR,2024-09-23 18:53:16.319195+04:00
66f1830854fb40e666e72e21,52DJQMP8,CAR,2024-09-23 19:02:32.106041+04:00
66f18318054c120eecfa3968,REE8LVHA,CAR,2024-09-23 19:02:48.074168+04:00
66f185b5a8d132ef84738f41,K3BPJJ69,CAR,2024-09-23 19:13:57.424887+04:00
66f186b8355d720ff1a2acee,AXF2CUGZ,CAR,2024-09-23 19:18:16.450685+04:00
66f19327054c120eecfa3a0c,8RWR7AVB,CAR,2024-09-23 20:11:19.616251+04:00
66f197df54aeb57c4c156a2b,7AY88LEL,CAR,2024-09-23 20:31:27.948618+04:00
66f19c3ed80acab830d623b7,ZW66LVWE,CAR,2024-09-23 20:50:06.572559+04:00
66f19fe454fb40e666e730dc,L3ZZQQK7,CAR,2024-09-23 21:05:40.414975+04:00
66f1a204438e82276e6e4daf,DW3AFCHS,CAR,2024-09-23 21:14:44.608672+04:00
66f1a28454fb40e666e73103,2HHPVXUP,CAR,2024-09-23 21:16:52.161702+04:00
66f1a61486779c75d900b90c,TYYZLPNG,CAR,2024-09-23 21:32:04.665787+04:00
66f1a6b854aeb57c4c156d05,BPW2K26R,CAR,2024-09-23 21:34:48.136117+04:00
66f1a7f5054c120eecfa3b4b,4TWFPHT8,CAR,2024-09-23 21:40:05.064071+04:00
66f1ab96469db9f828a24ac2,WA9XMLLC,CAR,2024-09-23 21:55:34.116551+04:00
66f1af12a8d132ef84739008,UY284THH,CAR,2024-09-23 22:10:26.928952+04:00
66f1b45beb07bd57473b0962,3ZC9CK4R,CAR,2024-09-23 22:32:59.248204+04:00
66f1b5c4d80acab830d624f5,WR6KG5NW,CAR,2024-09-23 22:39:00.966760+04:00
66f1c38eeb07bd57473b0a1c,454Q8XY6,CAR,2024-09-23 23:37:50.637658+04:00
66f1cf95469db9f828a24bb7,NGU3TRXV,CAR,2024-09-24 00:29:09.084586+04:00
66f23d31602b00c27a788f1b,UY8QQMUH,CAR,2024-09-24 08:16:49.563432+04:00
66f242e1469db9f828a24ea0,BSAUFLSH,CAR,2024-09-24 08:41:05.478990+04:00
66f246e8469db9f828a24f5f,BEMK43WD,CAR,2024-09-24 08:58:16.014504+04:00
66f24c1b48b51cc57d29023f,5MRNJMVL,CAR,2024-09-24 09:20:27.729786+04:00
66f24ebf602b00c27a7890f0,SJGQ3KCT,CAR,2024-09-24 09:31:43.764749+04:00
66f24f6e8080b40ab52c97b2,TSDCU39R,CAR,2024-09-24 09:34:38.451967+04:00
66f24fe19442758ed4145903,NZTK5CEN,CAR,2024-09-24 09:36:33.687370+04:00
66f24ff18080b40ab52c97e2,ZRFVVP3R,CAR,2024-09-24 09:36:49.812254+04:00
66f250b38080b40ab52c9851,7HJRCM4D,CAR,2024-09-24 09:40:03.853863+04:00
66f258ea602b00c27a789410,68UJ7AZF,CAR,2024-09-24 10:15:06.650518+04:00
66f25af49442758ed4145953,F7MY6F6H,CAR,2024-09-24 10:23:48.433444+04:00
66f25e21602b00c27a789511,K84JVG58,CAR,2024-09-24 10:37:21.715442+04:00
66f260432fd37eb0fcbf19a8,XEYJG6CY,CAR,2024-09-24 10:46:27.796681+04:00
66f2607ef255822edd425054,PR52ESPP,CAR,2024-09-24 10:47:26.635345+04:00
66f26348f255822edd425136,XZ9PKW34,CAR,2024-09-24 10:59:20.652648+04:00
66f2643e8080b40ab52c9977,65BNXTSX,CAR,2024-09-24 11:03:26.242641+04:00
66f264df4f7a2a09c50b430b,LACYY9JE,CAR,2024-09-24 11:06:07.574666+04:00
66f266779442758ed4145b43,EEFVCJ4M,CAR,2024-09-24 11:12:55.168141+04:00
66f267ff9442758ed4145c47,BLJBNAGK,CAR,2024-09-24 11:19:27.919395+04:00
66f269044f7a2a09c50b43b9,S7469CRK,CAR,2024-09-24 11:23:48.138867+04:00
66f26a7cb16b753405ff923e,VE4Y2WQP,CAR,2024-09-24 11:30:04.822831+04:00
66f26c48b16b753405ff92f5,K2MZRCBU,CAR,2024-09-24 11:37:44.720209+04:00
66f26e7652308d726846d14c,EM48NSLW,CAR,2024-09-24 11:47:02.956554+04:00
66f26ec8fa1ca43a4df1b4b8,9DZ52C72,CAR,2024-09-24 11:48:24.023393+04:00
66f26f3eb16b753405ff940d,ZJXBH2GJ,CAR,2024-09-24 11:50:22.276805+04:00
66f26f6e4f7a2a09c50b45df,EKV3D89D,CAR,2024-09-24 11:51:10.432718+04:00
66f271894f7a2a09c50b4697,4X7APVMB,CAR,2024-09-24 12:00:09.298641+04:00
66f272444f7a2a09c50b4710,QX28X4ES,CAR,2024-09-24 12:03:16.409512+04:00
66f272a84f7a2a09c50b47b0,T353BWTW,CAR,2024-09-24 12:04:56.922284+04:00
66f273e74f7a2a09c50b47d0,AHLBMDUT,CAR,2024-09-24 12:10:15.360045+04:00
66f2768cc09d93385c76d843,7UHFDMZ4,CAR,2024-09-24 12:21:32.701816+04:00
66f27710b16b753405ff952b,VERT9UD6,CAR,2024-09-24 12:23:44.561715+04:00
66f277974f7a2a09c50b48a6,J9JA99JF,CAR,2024-09-24 12:25:59.769333+04:00
66f277bcb16b753405ff95a7,ZNTGKQDP,CAR,2024-09-24 12:26:36.416333+04:00
66f27a3052308d726846d228,AQKJUWD2,CAR,2024-09-24 12:37:04.179913+04:00
66f27a6b380cd71b6fb6f599,QN6MAHJJ,CAR,2024-09-24 12:38:03.391928+04:00
66f27afc52308d726846d2aa,NQJF25QV,CAR,2024-09-24 12:40:28.777339+04:00
66f27b07c09d93385c76da2f,GFQNXUF8,CAR,2024-09-24 12:40:39.050441+04:00
66f27d6ec09d93385c76dac5,WRZQKV36,CAR,2024-09-24 12:50:54.456665+04:00
66f27dfe4f7a2a09c50b498d,MRL5M7QB,CAR,2024-09-24 12:53:18.470767+04:00
66f27e20c09d93385c76db69,RR5WTFN5,CAR,2024-09-24 12:53:52.497980+04:00
66f27e68b16b753405ff96ed,VP8JWXXL,CAR,2024-09-24 12:55:04.607336+04:00
66f27ea4a53bce4fd96c9b2c,9KE6NV97,CAR,2024-09-24 12:56:04.251079+04:00
66f27eaf52308d726846d352,HNMHVJ3M,CAR,2024-09-24 12:56:15.186679+04:00
66f27f49c09d93385c76dbe5,P6PHMTGY,CAR,2024-09-24 12:58:48.975626+04:00
66f2811252308d726846d3bd,EKVMDGHZ,CAR,2024-09-24 13:06:26.399763+04:00
66f282d34ad080fdd0e26940,UV6Z6E56,CAR,2024-09-24 13:13:55.698154+04:00
66f282d7a53bce4fd96c9bf4,KYXLL9FA,CAR,2024-09-24 13:13:59.018017+04:00
66f2874b52308d726846d52e,RS2HGUN4,CAR,2024-09-24 13:32:59.059132+04:00
66f287fea413c1a9b7601092,BLZ3N7GB,CAR,2024-09-24 13:35:58.665919+04:00
66f2884952308d726846d5a6,PRJZGZKJ,CAR,2024-09-24 13:37:13.137708+04:00
66f288538e46961f3b6dab57,6QWW7YNQ,CAR,2024-09-24 13:37:23.566341+04:00
66f2898052308d726846d5de,G95AQUU6,CAR,2024-09-24 13:42:24.079039+04:00
66f28bd152308d726846d5fc,QJRYX54P,CAR,2024-09-24 13:52:17.960773+04:00
66f28c22084282bd3c8d3ff7,AUUUDYJX,CAR,2024-09-24 13:53:38.195405+04:00
66f28d85a4d6b099879e15f1,ZU773PKX,CAR,2024-09-24 13:59:33.205168+04:00
66f28fa91abd4e133732f2df,7R58P9FA,CAR,2024-09-24 14:08:41.292913+04:00
66f290e7a413c1a9b7601301,HPXEZVP3,CAR,2024-09-24 14:13:59.261117+04:00
66f29166a413c1a9b7601383,3T3Z2ATU,CAR,2024-09-24 14:16:06.255423+04:00
66f293c34ad080fdd0e26c2a,YWN4M3L9,CAR,2024-09-24 14:26:11.455813+04:00
66f29533a4d6b099879e17e3,L3NTTUV8,CAR,2024-09-24 14:32:19.057263+04:00
66f29640a4d6b099879e188d,JDPC6GDN,CAR,2024-09-24 14:36:48.199274+04:00
66f298510eba1f1f57fa6bba,VCVNZJBV,CAR,2024-09-24 14:45:37.014869+04:00
66f29acfa4d6b099879e194e,7ZEQL2YD,CAR,2024-09-24 14:56:15.920972+04:00
66f29b111abd4e133732f41b,ML34ULDV,CAR,2024-09-24 14:57:21.072654+04:00
66f29bfaa413c1a9b76015b7,H2Z59Q9R,CAR,2024-09-24 15:01:14.954018+04:00
66f29ccd4ad080fdd0e26ef4,ACQQUUGC,CAR,2024-09-24 15:04:45.595403+04:00
66f29dbe0eba1f1f57fa6cd7,HEJADVFP,CAR,2024-09-24 15:08:46.469217+04:00
66f29e351abd4e133732f574,ZL22P5YP,CAR,2024-09-24 15:10:45.399274+04:00
66f29e711abd4e133732f652,EQRYCN8N,CAR,2024-09-24 15:11:45.385543+04:00
66f29fddd3493e9fe12737f2,LTDST47D,CAR,2024-09-24 15:17:49.085238+04:00
66f2a0151abd4e133732f7af,QRBVHNT3,CAR,2024-09-24 15:18:45.203560+04:00
66f2a16c1abd4e133732f7e0,EMZK4KJ6,CAR,2024-09-24 15:24:28.892381+04:00
66f2a1ec515b982b792fec25,FLB2NTDR,CAR,2024-09-24 15:26:36.633629+04:00
66f2a3501abd4e133732f8ab,JB2Q3UKR,CAR,2024-09-24 15:32:32.440563+04:00
66f2a428a4d6b099879e1a0b,YXEJAG5W,CAR,2024-09-24 15:36:08.035570+04:00
66f2a4f51abd4e133732f949,SF6QZYSY,CAR,2024-09-24 15:39:33.175627+04:00
66f2a6091abd4e133732f9d5,H9FV9VFA,CAR,2024-09-24 15:44:09.077179+04:00
66f2a6f1515b982b792fee2c,5LEU2X85,CAR,2024-09-24 15:48:01.432796+04:00
66f2a8827d52e472ee594086,LDGNZF88,CAR,2024-09-24 15:54:42.401026+04:00
66f2a9dd7d52e472ee5940f1,ARVQ4QWV,CAR,2024-09-24 16:00:29.339353+04:00
66f2a9eed3493e9fe12738ad,MQ59WGVS,CAR,2024-09-24 16:00:46.023891+04:00
66f2aa7e1abd4e133732fa62,VPB3DVQR,CAR,2024-09-24 16:03:10.548687+04:00
66f2aa8d515b982b792feef6,4YVNH2FH,CAR,2024-09-24 16:03:25.912231+04:00
66f2aac5515b982b792fef89,R5NP692Q,CAR,2024-09-24 16:04:21.550429+04:00
66f2ab48a8aaf01f76bd9b50,HCFKBFTR,CAR,2024-09-24 16:06:32.551347+04:00
66f2abd4515b982b792feff3,CPCMNXJM,CAR,2024-09-24 16:08:52.934451+04:00
66f2ae5f515b982b792ff084,9USNURE5,CAR,2024-09-24 16:19:43.526644+04:00
66f2b05528d95b0581226cc1,XDNV6B7S,CAR,2024-09-24 16:28:05.048552+04:00
66f2b293515b982b792ff140,QD6Z74X3,CAR,2024-09-24 16:37:39.749526+04:00
66f2b368515b982b792ff17d,XBZNC7PB,CAR,2024-09-24 16:41:12.287508+04:00
66f2b7c1a8aaf01f76bd9d45,HMV5LT2E,CAR,2024-09-24 16:59:45.171940+04:00
66f2b93b82e917683b5e7171,4FURPUHW,CAR,2024-09-24 17:06:03.828399+04:00
66f2b959db8be986065f8de5,CL5NX68U,CAR,2024-09-24 17:06:33.143421+04:00
66f2ba6203d29cb5f058f93d,N8V55V47,CAR,2024-09-24 17:10:58.795502+04:00
66f2ba8582e917683b5e7249,9LZL6RGB,CAR,2024-09-24 17:11:33.148082+04:00
66f2bab0d3493e9fe1273944,AUS429KC,CAR,2024-09-24 17:12:16.902979+04:00
66f2bb2782e917683b5e72c2,NUQ9Q4HM,CAR,2024-09-24 17:14:15.744571+04:00
66f2bba8db8be986065f8f2c,YFB3EGB2,CAR,2024-09-24 17:16:24.721006+04:00
66f2bf330c4235cb43135a16,2Y9NSL87,CAR,2024-09-24 17:31:31.447604+04:00
66f2c15a82e917683b5e758f,QVKLNEQJ,CAR,2024-09-24 17:40:42.760886+04:00
66f2c25d82e917683b5e76e3,5NW7D35W,CAR,2024-09-24 17:45:01.475893+04:00
66f2c3fe0c4235cb43135ad0,48Q7G845,CAR,2024-09-24 17:51:58.808641+04:00
66f2c455c353b246db98d940,PYW8X5NK,CAR,2024-09-24 17:53:25.259105+04:00
66f2c4e482e917683b5e7839,3NDLXRAX,CAR,2024-09-24 17:55:48.798471+04:00
66f2c6eb82e917683b5e790b,S5K5RQQD,CAR,2024-09-24 18:04:27.611768+04:00
66f2c8800c4235cb43135b74,3HMNK75P,CAR,2024-09-24 18:11:12.666695+04:00
66f2c9d282e917683b5e79ce,JKMD3ZBR,CAR,2024-09-24 18:16:50.906315+04:00
66f2ce2282e917683b5e7a6c,3DLNEC2Q,CAR,2024-09-24 18:35:14.382912+04:00
66f2ce6882e917683b5e7ada,MGUX7JYN,CAR,2024-09-24 18:36:24.801370+04:00
66f2cf3e82e917683b5e7b66,446PBS2Z,CAR,2024-09-24 18:39:58.150296+04:00
66f2cf87db8be986065f8ff9,QUTU3THP,CAR,2024-09-24 18:41:11.615427+04:00
66f2d0d6020833894bd54bcb,MFTL9H7U,CAR,2024-09-24 18:46:46.470511+04:00
66f2d28d020833894bd54c45,DAVBLNT3,CAR,2024-09-24 18:54:05.526021+04:00
66f2d38982e917683b5e7c43,SXRY2DRR,CAR,2024-09-24 18:58:17.349146+04:00
66f2d38d020833894bd54cb5,LHKLRAV2,CAR,2024-09-24 18:58:21.835118+04:00
66f2d794195eab65287009c4,MRW65HYB,CAR,2024-09-24 19:15:32.337992+04:00
66f2d8b8136db479e0af09ad,BFBHBBXH,CAR,2024-09-24 19:20:24.925527+04:00
66f2d935a24567de2f18d026,FNAPL35B,CAR,2024-09-24 19:22:29.528018+04:00
66f2de0026d6ebaa8487dfb9,BTBTUZGN,CAR,2024-09-24 19:42:56.402118+04:00
66f2df9c2b5227f22a28a40f,9PYHW6HZ,CAR,2024-09-24 19:49:48.719579+04:00
66f2e02e69fdc128e7e7f91c,N4YYMQTX,CAR,2024-09-24 19:52:14.679243+04:00
66f2ec15a24567de2f18d0c6,2GP6KCYT,CAR,2024-09-24 20:43:01.175909+04:00
66f2ec9369fdc128e7e7fabc,AM5DVTQE,CAR,2024-09-24 20:45:07.659558+04:00
66f2ed6db93925dc83c22fff,6T63G2AE,CAR,2024-09-24 20:48:45.724357+04:00
66f2f1f3a24567de2f18d1e5,8HTTWUVJ,CAR,2024-09-24 21:08:03.489814+04:00
66f2f58f9d66b0ce3a0b5d77,463U8DAA,CAR,2024-09-24 21:23:27.205352+04:00
66f2fec19d66b0ce3a0b5e29,Y9P85SV9,CAR,2024-09-24 22:02:41.865210+04:00
66f300b349ea67d5cde34df3,ZSHSHPDK,CAR,2024-09-24 22:10:59.413230+04:00
66f303eeb93925dc83c231b6,T5ANZ4FU,CAR,2024-09-24 22:24:46.625248+04:00
66f3051c2b5227f22a28a4a7,U7UE3WC2,CAR,2024-09-24 22:29:48.308985+04:00
66f307b7b93925dc83c231ca,YDHDTXHY,CAR,2024-09-24 22:40:55.867011+04:00
66f30d9da24567de2f18d316,EKC5S854,CAR,2024-09-24 23:06:05.559298+04:00
66f30f3969fdc128e7e7ff16,5Z7LAT8M,CAR,2024-09-24 23:12:57.768600+04:00
66f313f49d66b0ce3a0b5f7d,6L46WEFD,CAR,2024-09-24 23:33:07.859307+04:00
66f3149b69fdc128e7e7ffd3,Z2J5KEET,CAR,2024-09-24 23:35:55.605477+04:00
66f344dd69fdc128e7e80078,B9P5FFD9,CAR,2024-09-25 03:01:49.635721+04:00
66f37002b93925dc83c2335f,6MRKHVSC,CAR,2024-09-25 06:05:54.433983+04:00
66f37bf79d66b0ce3a0b61f0,RDAR8JZE,CAR,2024-09-25 06:56:55.147400+04:00
66f380d02ff61092311d12ee,TTV2TK65,CAR,2024-09-25 07:17:36.290854+04:00
66f383c02b5227f22a28a62e,DMFFH8QS,CAR,2024-09-25 07:30:08.502065+04:00
66f39b302b5227f22a28a6cd,2NRJUWF9,CAR,2024-09-25 09:10:08.454847+04:00
66f39d72e0055db83f8d1197,5YVQVSF3,CAR,2024-09-25 09:19:46.810856+04:00
66f39ece2b5227f22a28a784,CGCJMEKZ,CAR,2024-09-25 09:25:34.613638+04:00
66f39ee0e0055db83f8d1243,956ZFB2P,CAR,2024-09-25 09:25:52.700713+04:00
66f3a11849ea67d5cde34e7f,KNWGFK7Q,CAR,2024-09-25 09:35:20.284380+04:00
66f3a19cb93925dc83c23509,NH7JTPKX,CAR,2024-09-25 09:37:32.727127+04:00
66f3a21c158a570bff79b153,4UM6BT32,CAR,2024-09-25 09:39:40.591062+04:00
66f3a82a9eb431b2c2aa7ecf,K2L92MHL,CAR,2024-09-25 10:05:29.958438+04:00
66f3a82ae0055db83f8d1444,UR8L6SWT,CAR,2024-09-25 10:05:30.288608+04:00
66f3a96f158a570bff79b32f,BESQRJE7,CAR,2024-09-25 10:10:55.759930+04:00
66f3aa66e0055db83f8d1461,YE6ZVZN2,CAR,2024-09-25 10:15:02.380580+04:00
66f3ab08e0055db83f8d14de,MUKYFEA7,CAR,2024-09-25 10:17:44.201795+04:00
66f3ab62e0055db83f8d1550,ETMAFQUC,CAR,2024-09-25 10:19:14.392621+04:00
66f3ab76e0055db83f8d15c0,X85YU74M,CAR,2024-09-25 10:19:34.220718+04:00
66f3ac7e158a570bff79b3f1,KST46FRU,CAR,2024-09-25 10:23:58.597497+04:00
66f3acf5b93925dc83c2381d,T6JX8ZTC,CAR,2024-09-25 10:25:57.113025+04:00
66f3ad769eb431b2c2aa7fc1,ZVJ4CRLM,CAR,2024-09-25 10:28:06.832200+04:00
66f3ae6a158a570bff79b4b2,KPBJV6WS,CAR,2024-09-25 10:32:10.220672+04:00
66f3ae8e811d250e5335980e,HBZXTE4Z,CAR,2024-09-25 10:32:46.552205+04:00
66f3af8ce61b05ad0ac0a020,7RC5NWKG,CAR,2024-09-25 10:37:00.044530+04:00
66f3b12c20b5a0fcbb3c7c91,Z4QMXHER,CAR,2024-09-25 10:43:56.622795+04:00
66f3b4bd20b5a0fcbb3c7d45,FKLNGPDC,CAR,2024-09-25 10:59:09.207170+04:00
66f3b52291edaae5b82b625d,X7FYLUSN,CAR,2024-09-25 11:00:50.108996+04:00
66f3b52720b5a0fcbb3c7db0,D7ERJCYD,CAR,2024-09-25 11:00:55.291135+04:00
66f3b7b511acbdd266fd6e48,6W7XDMSR,CAR,2024-09-25 11:11:49.668609+04:00
66f3b7d7158a570bff79b7fb,NWCBAXV6,CAR,2024-09-25 11:12:23.057854+04:00
66f3b805158a570bff79b808,6G2RX8LE,CAR,2024-09-25 11:13:09.751063+04:00
66f3bd2411acbdd266fd6fe4,Q7XPT24T,CAR,2024-09-25 11:35:00.803655+04:00
66f3be89395177e598e72fcf,DHC9GYFN,CAR,2024-09-25 11:40:57.185863+04:00
66f3bedc811d250e53359966,3P2YRR2R,CAR,2024-09-25 11:42:20.640388+04:00
66f3bee1395177e598e73085,UZCJ8R7F,CAR,2024-09-25 11:42:25.468115+04:00
66f3bf133e711d11b2b5e0e6,6PDW2QGB,CAR,2024-09-25 11:43:15.615856+04:00
66f3c1df3e711d11b2b5e1ba,NSRGMWFX,CAR,2024-09-25 11:55:11.526879+04:00
66f3c29c11acbdd266fd7254,CXVGX37C,CAR,2024-09-25 11:58:20.594817+04:00
66f3c3d8b4fe95df7f8b95fe,USNTULZ8,CAR,2024-09-25 12:03:36.000734+04:00
66f3c42cf53e2106a45337ab,PJP7Y9YP,CAR,2024-09-25 12:05:00.880154+04:00
66f3c4e711acbdd266fd72f0,4ABZLVY4,CAR,2024-09-25 12:08:07.949102+04:00
66f3c563395177e598e732ab,S92R8TAL,CAR,2024-09-25 12:10:10.993933+04:00
66f3c767f53e2106a4533857,9KYX48AA,CAR,2024-09-25 12:18:47.626657+04:00
66f3c8c911acbdd266fd73af,5VPPWW3J,CAR,2024-09-25 12:24:41.742432+04:00
66f3c92b0482a19187498cd3,GAHKL2L4,CAR,2024-09-25 12:26:19.856444+04:00
66f3c992395177e598e7333c,Q7HAF66U,CAR,2024-09-25 12:28:02.420584+04:00
66f3ca800482a19187498d56,WQGPWQHL,CAR,2024-09-25 12:32:00.541510+04:00
66f3cad79eb431b2c2aa810e,W9PV34KL,CAR,2024-09-25 12:33:27.706117+04:00
66f3cb0291edaae5b82b62f9,9MX7HB8J,CAR,2024-09-25 12:34:10.663719+04:00
66f3cd2c65ada147e2216a1a,NJNK55PN,CAR,2024-09-25 12:43:24.370163+04:00
66f3ce3153309f8fdf4a4ff3,YG5FBZ52,CAR,2024-09-25 12:47:45.400143+04:00
66f3cf3bf53e2106a4533953,PH9YKG74,CAR,2024-09-25 12:52:11.020318+04:00
66f3d01a395177e598e73506,V63FR2LM,CAR,2024-09-25 12:55:54.696031+04:00
66f3d16f53309f8fdf4a50e5,PJ8TJX7U,CAR,2024-09-25 13:01:35.666815+04:00
66f3d3ebd94641b5996d77c3,J9NH6RY4,CAR,2024-09-25 13:12:11.893510+04:00
66f3d4b10482a19187499040,6ALAQV8D,CAR,2024-09-25 13:15:29.717500+04:00
66f3d4b865ada147e2216b73,S484SN7R,CAR,2024-09-25 13:15:36.725120+04:00
66f3d4be53309f8fdf4a515b,6L5433PS,CAR,2024-09-25 13:15:42.568687+04:00
66f3d5f71a8c57e72d33a6e3,GN4Z6A96,CAR,2024-09-25 13:20:55.780074+04:00
66f3d6041a8c57e72d33a74f,BA2T5LY2,CAR,2024-09-25 13:21:08.265721+04:00
66f3d61bc8e2b61d0c49380e,CYBV6D3J,CAR,2024-09-25 13:21:31.335184+04:00
66f3d73aa20cd6410ce430d9,FKYFUCUB,CAR,2024-09-25 13:26:18.279210+04:00
66f3d9a8fe04a5a6b98aca6b,JPCC48FH,CAR,2024-09-25 13:36:40.081978+04:00
66f3da3cfe04a5a6b98aca83,JWCTB9XT,CAR,2024-09-25 13:39:07.980221+04:00
66f3da461a8c57e72d33aa73,T9ZR8G94,CAR,2024-09-25 13:39:18.448347+04:00
66f3da7efe04a5a6b98acaf6,232S92K2,CAR,2024-09-25 13:40:14.365921+04:00
66f3db2691edaae5b82b63ac,49WZMR3P,CAR,2024-09-25 13:43:02.880830+04:00
66f3db9fa20cd6410ce43177,UZR6RHVK,CAR,2024-09-25 13:45:02.984975+04:00
66f3de3dfe04a5a6b98acc03,32CW62GJ,CAR,2024-09-25 13:56:13.086153+04:00
66f3df57c8e2b61d0c4938e1,GEDD4JYD,CAR,2024-09-25 14:00:55.449489+04:00
66f3dff6fe04a5a6b98acdc0,VC46B33S,CAR,2024-09-25 14:03:34.711045+04:00
66f3e0271a8c57e72d33ab41,2KJ8M23F,CAR,2024-09-25 14:04:23.040797+04:00
66f3e076d94641b5996d7a80,JJYHTY2Y,CAR,2024-09-25 14:05:42.147275+04:00
66f3e15a1a8c57e72d33ac89,A3C9Q3MS,CAR,2024-09-25 14:09:29.871648+04:00
66f3e18ffe04a5a6b98aceb5,9Y2AYXYM,CAR,2024-09-25 14:10:23.777043+04:00
66f3e1b8fe04a5a6b98acfe9,6MQMW7UT,CAR,2024-09-25 14:11:04.013268+04:00
66f3e206d94641b5996d7a8b,6EDLXVVK,CAR,2024-09-25 14:12:22.359799+04:00
66f3e20c1a8c57e72d33ad47,QFPRZA7P,CAR,2024-09-25 14:12:28.052014+04:00
66f3e2eefe04a5a6b98ad095,RF4B6YCE,CAR,2024-09-25 14:16:14.558704+04:00
66f3e551e1b1534fcb6fd895,TJRYBKS3,CAR,2024-09-25 14:26:25.505615+04:00
66f3e641fe04a5a6b98ad209,TYW94BZK,CAR,2024-09-25 14:30:25.070289+04:00
66f3e6c5be835c7f7c2bb91b,BM5U8J55,CAR,2024-09-25 14:32:37.603609+04:00
66f3e6f1e1b1534fcb6fd8e0,A269QJV3,CAR,2024-09-25 14:33:21.679142+04:00
66f3e7d5a20cd6410ce43400,EZ4Y79F2,CAR,2024-09-25 14:37:09.388775+04:00
66f3eabee1b1534fcb6fd96d,VSGX2P5H,CAR,2024-09-25 14:49:34.793674+04:00
66f3eb0f506a0f228c474083,BLRQ9GMC,CAR,2024-09-25 14:50:55.433896+04:00
66f3ee7bf53e2106a4533b7e,2QJVTZX7,CAR,2024-09-25 15:05:31.407845+04:00
66f3ef5f95644e08c48f63b9,XVVGPKG6,CAR,2024-09-25 15:09:19.643420+04:00
66f3f1b0f53e2106a4533dff,B397UYWU,CAR,2024-09-25 15:19:12.587969+04:00
66f3f2b0904f87486876c687,V2HHCGWM,CAR,2024-09-25 15:23:28.394675+04:00
66f3f32b904f87486876c727,SHLZTR2Q,CAR,2024-09-25 15:25:31.334244+04:00
66f3f3ef904f87486876c7ab,J97MVW9Y,CAR,2024-09-25 15:28:47.694963+04:00
66f3f443c0fd290b65ab1fae,YH8QXDTZ,CAR,2024-09-25 15:30:11.884319+04:00
66f3f6e8904f87486876c842,MZ6QC994,CAR,2024-09-25 15:41:28.751705+04:00
66f3f84c397a63cc607f98ed,FPU8LA8A,CAR,2024-09-25 15:47:24.513176+04:00
66f3f88555858a3ef01e0a3a,LB8MXQLU,CAR,2024-09-25 15:48:21.421683+04:00
66f3fa7d904f87486876c8bd,BXTHD8NG,CAR,2024-09-25 15:56:45.830609+04:00
66f3fc08d89bf7a64b31e447,9EWJGF3K,CAR,2024-09-25 16:03:20.510415+04:00
66f3fdb9c0fd290b65ab20c2,6YHT6NUZ,CAR,2024-09-25 16:10:33.530336+04:00
66f3fea2d89bf7a64b31e4cb,UUMDVCTR,CAR,2024-09-25 16:14:26.745234+04:00
66f3ffbf55858a3ef01e0ae1,YL38SJ7L,CAR,2024-09-25 16:19:11.500178+04:00
66f3ffe595644e08c48f653a,2KA6TFFC,CAR,2024-09-25 16:19:49.130679+04:00
66f403cabbff47cd441efe7d,N8V7TNQT,CAR,2024-09-25 16:36:26.122021+04:00
66f4051c95644e08c48f65fd,KHLZ7DVG,CAR,2024-09-25 16:42:04.193636+04:00
66f40680cac54c5912681467,BHNXB4N4,CAR,2024-09-25 16:48:00.266525+04:00
66f406afcac54c5912681509,4H8YL55G,CAR,2024-09-25 16:48:47.677292+04:00
66f4072855858a3ef01e0b4f,3H98B962,CAR,2024-09-25 16:50:48.526388+04:00
66f407bfe1b1534fcb6fdb4d,XQJTDRPC,CAR,2024-09-25 16:53:19.231267+04:00
66f407d0f47f2284f99ffbef,HXJ9E3EZ,CAR,2024-09-25 16:53:36.612423+04:00
66f4088255858a3ef01e0b60,XVJX97CV,CAR,2024-09-25 16:56:34.346473+04:00
66f408c0cac54c591268168f,9PY8VW4T,CAR,2024-09-25 16:57:36.307039+04:00
66f408ce95644e08c48f6658,G53BNUHL,CAR,2024-09-25 16:57:50.317324+04:00
66f408dfcac54c5912681703,LZEZGH95,CAR,2024-09-25 16:58:07.119764+04:00
66f40a34be835c7f7c2bbb75,KEE7B7WY,CAR,2024-09-25 17:03:48.070824+04:00
66f40c21cac54c5912681832,CERXCLA4,CAR,2024-09-25 17:12:00.912208+04:00
66f410f7e59a60e57521c853,GCBBKSDA,CAR,2024-09-25 17:32:39.855040+04:00
66f411c6f47f2284f99ffc46,49ASP38Q,CAR,2024-09-25 17:36:06.877865+04:00
66f412a2bbff47cd441eff51,NFCACTFL,CAR,2024-09-25 17:39:45.967390+04:00
66f412f9f47f2284f99ffcbe,7ST3L7FK,CAR,2024-09-25 17:41:13.811463+04:00
66f41b4b6748cc7c8b28a973,2YBF3SD3,CAR,2024-09-25 18:16:43.559503+04:00
66f41b7908ade56ed1f553b6,WBAZ263H,CAR,2024-09-25 18:17:29.793477+04:00
66f41d9cbcc94d7b1f99b589,S9CGXY9G,CAR,2024-09-25 18:26:36.773535+04:00
66f41ebb6748cc7c8b28a9ef,4QU22XR2,CAR,2024-09-25 18:31:23.448772+04:00
66f425094d47bb8565f09faa,KS5W9CES,CAR,2024-09-25 18:58:17.058090+04:00
66f425e37c331dc5fdeafa63,XA4X7VTS,CAR,2024-09-25 19:01:55.528673+04:00
66f42adf7c331dc5fdeafae2,A4CJKY48,CAR,2024-09-25 19:23:11.258748+04:00
66f42c43b4d4ad3e0fb603ad,T9WSWT3F,CAR,2024-09-25 19:29:07.021457+04:00
66f42d4c947e0bd6f1f40f6b,M5DDHGHM,CAR,2024-09-25 19:33:32.616464+04:00
66f430243140762afb2fd253,Y54QPGZD,CAR,2024-09-25 19:45:40.214138+04:00
66f431c03140762afb2fd2dc,RLR3J2V5,CAR,2024-09-25 19:52:31.989094+04:00
66f431c63140762afb2fd346,JRPA7KDT,CAR,2024-09-25 19:52:38.899296+04:00
66f43386947e0bd6f1f41072,HR22WH3P,CAR,2024-09-25 20:00:06.538858+04:00
66f433b87c331dc5fdeafb54,N3LDQU9V,CAR,2024-09-25 20:00:56.711127+04:00
66f43507f420634e9e6c0d39,HLXAKSWF,CAR,2024-09-25 20:06:31.124797+04:00
66f438b91f720dceb6028b64,NWDCQ3KY,CAR,2024-09-25 20:22:17.811958+04:00
66f43dbff420634e9e6c0e2f,P7VGJDV4,CAR,2024-09-25 20:43:43.950682+04:00
66f43eff526bc067ac2151cb,D8PTHQKD,CAR,2024-09-25 20:49:03.506049+04:00
66f44003526bc067ac215252,DVTYVML6,CAR,2024-09-25 20:53:23.690006+04:00
66f4438f81755518e6751120,7GMKJN7D,CAR,2024-09-25 21:08:31.049103+04:00
66f447df22bb9e750d6a67f4,EC6UZST8,CAR,2024-09-25 21:26:55.571133+04:00
66f4494f81755518e675125d,97AHG9H7,CAR,2024-09-25 21:33:03.693946+04:00
66f44a1617c6a61c16cf8bc8,TWAG9T4J,CAR,2024-09-25 21:36:22.732642+04:00
66f44b5d22bb9e750d6a6891,QT344N24,CAR,2024-09-25 21:41:49.434859+04:00
66f44d82b4d4ad3e0fb6051f,LEG5UATD,CAR,2024-09-25 21:50:58.811297+04:00
66f4501c81755518e6751399,L9X3NQRY,CAR,2024-09-25 22:02:04.667655+04:00
66f455b817c6a61c16cf8d6f,W59EZBP3,CAR,2024-09-25 22:26:00.228300+04:00
66f45c3e08ade56ed1f556b6,AX29DFLW,CAR,2024-09-25 22:53:50.172667+04:00
66f45e605c7a83101af47df4,3KBW4G53,CAR,2024-09-25 23:02:56.940430+04:00
66f463285c7a83101af47fa0,9PZUXC9Z,CAR,2024-09-25 23:23:20.082481+04:00
66f46574be1c65b894316802,XVE352ZP,CAR,2024-09-25 23:33:08.474029+04:00
66f4674b3b548d68d5262533,JX7QKYK2,CAR,2024-09-25 23:40:59.189948+04:00
66f46cc12ecc2b30c25c1d0b,AHGG22DJ,CAR,2024-09-26 00:04:17.223015+04:00
66f4c28fb6de887e669b7957,NE37VEJJ,CAR,2024-09-26 06:10:23.065814+04:00
66f4ce221ff9767594e387a8,69L4LWPT,CAR,2024-09-26 06:59:46.535777+04:00
66f4dbf91ff9767594e3885b,KTY6Y7GW,CAR,2024-09-26 07:58:48.999675+04:00
66f4dce83b548d68d5262758,Y8XTXL7Z,CAR,2024-09-26 08:02:48.392713+04:00
66f4dd351ff9767594e388d7,8PC5EKEW,CAR,2024-09-26 08:04:05.430501+04:00
66f4dfbe657fc3748ee4ab9c,NVLWJEWN,CAR,2024-09-26 08:14:54.034319+04:00
66f4e3601ff9767594e3897a,6Z9Z2Z4R,CAR,2024-09-26 08:30:24.009282+04:00
66f4e6222ecc2b30c25c20bc,38N9K8MN,CAR,2024-09-26 08:42:09.982612+04:00
66f4e6411ff9767594e389ec,TUKUHMVE,CAR,2024-09-26 08:42:41.213377+04:00
66f4e7be657fc3748ee4acbe,FGNCULXB,CAR,2024-09-26 08:49:02.559865+04:00
66f4e8db1ff9767594e38a92,ZRBCKEE2,CAR,2024-09-26 08:53:47.002925+04:00
66f4f10e96daa1152c81a28a,EPB5NTTN,CAR,2024-09-26 09:28:46.259874+04:00
66f4f28396daa1152c81a2d2,CSTLG52M,CAR,2024-09-26 09:34:59.224721+04:00
66f4f39d8993632b095e8c5f,7EWPLBZK,CAR,2024-09-26 09:39:41.186194+04:00
66f4f4678993632b095e8cd6,KXYW7XP6,CAR,2024-09-26 09:43:03.570135+04:00
66f4f5fdbe1c65b8943168dd,PE9Q3CYH,CAR,2024-09-26 09:49:49.803341+04:00
66f4f6b38424d221f4ec3881,79QN7D96,CAR,2024-09-26 09:52:51.174584+04:00
66f4f6eb96daa1152c81a394,X6HLMNXF,CAR,2024-09-26 09:53:47.570187+04:00
66f4f70a8424d221f4ec3904,U8FWTLNY,CAR,2024-09-26 09:54:18.281221+04:00
66f5012a39434a74554c8c12,2U43KSCE,CAR,2024-09-26 10:37:30.087106+04:00
66f501cde71f650ed2d77d6c,PJGQQFNQ,CAR,2024-09-26 10:40:13.084453+04:00
66f5024c4c65718b6f20f070,JNW4DFLX,CAR,2024-09-26 10:42:20.419243+04:00
66f502c95c460057e7d2ed58,Q24VVPGW,CAR,2024-09-26 10:44:25.609582+04:00
66f504388424d221f4ec39dc,V8RC9AQB,CAR,2024-09-26 10:50:32.171993+04:00
66f505734c65718b6f20f0e6,RM3APY7J,CAR,2024-09-26 10:55:46.999504+04:00
66f506514c65718b6f20f156,3JC3A6RD,CAR,2024-09-26 10:59:29.699242+04:00
66f506d25c460057e7d2ee8d,3TAVHCJ5,CAR,2024-09-26 11:01:38.421586+04:00
66f5078839434a74554c8cc4,UXHS6D6L,CAR,2024-09-26 11:04:40.705804+04:00
66f50924345daffb56becd6a,JVUWDVFA,CAR,2024-09-26 11:11:32.814235+04:00
66f50a5abe1c65b8943169b6,6BGG2SHB,CAR,2024-09-26 11:16:42.018585+04:00
66f50b01345daffb56bece10,L8HR6HU8,CAR,2024-09-26 11:19:29.769461+04:00
66f50bd7a3086a5ede5d993a,GN7JS8CW,CAR,2024-09-26 11:23:03.784633+04:00
66f50d05a6eb0079fb8592e6,8ZUMTH3M,CAR,2024-09-26 11:28:05.317757+04:00
66f51016be1c65b894316a50,KS4AD97B,CAR,2024-09-26 11:41:10.233586+04:00
66f51062a6eb0079fb859386,LGNDQC5X,CAR,2024-09-26 11:42:26.112306+04:00
66f511cd21dc0e13396ba695,5XPYZKWJ,CAR,2024-09-26 11:48:29.819391+04:00
66f513e4a6eb0079fb859452,83EF8S8H,CAR,2024-09-26 11:57:24.311724+04:00
66f513ebb6a8b06edc30dcb9,75PYTJSS,CAR,2024-09-26 11:57:31.935117+04:00
66f515ca5b6aef83a34aa0de,VZVHXVP7,CAR,2024-09-26 12:05:30.290797+04:00
66f5171475af1f3476163f01,6BZR86EK,CAR,2024-09-26 12:11:00.872122+04:00
66f518b5ea1359dc7f34e34d,7XHLF4ND,CAR,2024-09-26 12:17:57.773100+04:00
66f51a742e6b2bb46a133bea,JH2AEXKT,CAR,2024-09-26 12:25:24.601278+04:00
66f51a8975af1f3476163fc1,9E5GJP8G,CAR,2024-09-26 12:25:45.834655+04:00
66f51bb675af1f347616407f,K3TGL8G2,CAR,2024-09-26 12:30:46.110019+04:00
66f51c6e75af1f34761640f7,L3T9GKAX,CAR,2024-09-26 12:33:50.268798+04:00
66f51cb96890881e6cad4e8b,LEWWDX6C,CAR,2024-09-26 12:35:05.421011+04:00
66f51d7375af1f3476164146,W5NN5W7L,CAR,2024-09-26 12:38:11.509323+04:00
66f51e7075af1f34761642a9,PEUWHSVP,CAR,2024-09-26 12:42:24.093242+04:00
66f51f0c6890881e6cad4f2b,JRN276SU,CAR,2024-09-26 12:45:00.596258+04:00
66f51f776890881e6cad4fe3,62Z6RY3F,CAR,2024-09-26 12:46:47.557762+04:00
66f52141ea1359dc7f34e391,H6595CXQ,CAR,2024-09-26 12:54:25.396654+04:00
66f52185c0e389d6d16fd868,87GG9F6H,CAR,2024-09-26 12:55:33.208790+04:00
66f5220e2e6b2bb46a133d99,XGBY4CLN,CAR,2024-09-26 12:57:50.260059+04:00
66f522916890881e6cad50b6,X3FGNZR6,CAR,2024-09-26 13:00:01.476310+04:00
66f524612e6b2bb46a133e63,WXPK7N9T,CAR,2024-09-26 13:07:45.630001+04:00
66f525e42e6b2bb46a133f0a,EC9JG7WE,CAR,2024-09-26 13:14:12.824169+04:00
66f5265af030420dd3ec0887,KLE6S6K5,CAR,2024-09-26 13:16:10.914208+04:00
66f52854c0e389d6d16fd950,ZFWSUGVX,CAR,2024-09-26 13:24:36.542579+04:00
66f528702e6b2bb46a133fa1,H5D2VRQ2,CAR,2024-09-26 13:25:04.176018+04:00
66f52920c0e389d6d16fd9c3,X48QYA8M,CAR,2024-09-26 13:28:00.410131+04:00
66f52951f030420dd3ec090d,VGT6MTWP,CAR,2024-09-26 13:28:49.297296+04:00
66f52c07f030420dd3ec09b9,DT9QD6TC,CAR,2024-09-26 13:40:23.570783+04:00
66f52c43f030420dd3ec0a2d,2MJDK3CY,CAR,2024-09-26 13:41:23.887496+04:00
66f52cef2e6b2bb46a134087,2X8PLUKD,CAR,2024-09-26 13:44:15.689199+04:00
66f52f38161242124133d469,YC2TUC6X,CAR,2024-09-26 13:54:00.697522+04:00
66f52f732e6b2bb46a134122,7ZR2LDYR,CAR,2024-09-26 13:54:59.509117+04:00
66f5313b2e6b2bb46a134143,HADT4LXT,CAR,2024-09-26 14:02:35.838668+04:00
66f53196f030420dd3ec0bbe,GBG2R68P,CAR,2024-09-26 14:04:06.854877+04:00
66f532d3c0e389d6d16fdaaf,BMNJJNYB,CAR,2024-09-26 14:09:23.650693+04:00
66f53509d9c5ed28b3b6b07b,SMDF9KSU,CAR,2024-09-26 14:18:49.804878+04:00
66f53623d9c5ed28b3b6b0f4,62YFWZYH,CAR,2024-09-26 14:23:31.534608+04:00
66f536b49acf2eb874d826eb,6TF9YDDH,CAR,2024-09-26 14:25:56.908081+04:00
66f5379ef030420dd3ec0d4d,T9R3R4TD,CAR,2024-09-26 14:29:50.702104+04:00
66f537d67fa274eea90b1e2a,DUY6GYSX,CAR,2024-09-26 14:30:46.214109+04:00
66f537e3e49edf290cb98513,NJ8J23MY,CAR,2024-09-26 14:30:59.350651+04:00
66f53809161242124133d6b3,4YWSCWLZ,CAR,2024-09-26 14:31:37.736026+04:00
66f538adad7ec130c0fe4c8b,75DANVNM,CAR,2024-09-26 14:34:21.239355+04:00
66f538eb161242124133d71d,SZV5PWSC,CAR,2024-09-26 14:35:23.657106+04:00
66f53b20ad7ec130c0fe4d3f,FQW3U3A8,CAR,2024-09-26 14:44:48.903154+04:00
66f53b54d9c5ed28b3b6b21e,AX63HE8M,CAR,2024-09-26 14:45:40.947656+04:00
66f53bb39acf2eb874d82778,UQ587QBZ,CAR,2024-09-26 14:47:15.183786+04:00
66f53ca4ad7ec130c0fe4dc1,D3EE5DFJ,CAR,2024-09-26 14:51:16.970691+04:00
66f53cfcad7ec130c0fe4e36,WKU3KR6L,CAR,2024-09-26 14:52:44.421560+04:00
66f53d009acf2eb874d827d8,CSRSSY7C,CAR,2024-09-26 14:52:48.743695+04:00
66f53d4f7fa274eea90b1f17,NH8SAWSR,CAR,2024-09-26 14:54:07.401794+04:00
66f53e519acf2eb874d8280a,56PJSXZ5,CAR,2024-09-26 14:58:25.630604+04:00
66f53edf7fa274eea90b1faa,MLXZDHUL,CAR,2024-09-26 15:00:47.542241+04:00
66f5402cad7ec130c0fe4f17,RCV7R9DR,CAR,2024-09-26 15:06:19.936481+04:00
66f541bb7fa274eea90b2044,VA8ZH3WX,CAR,2024-09-26 15:12:59.510733+04:00
66f5446b7fa274eea90b214b,F8CL654X,CAR,2024-09-26 15:24:27.631286+04:00
66f5463848217af32986accf,PEMPWKSE,CAR,2024-09-26 15:32:08.325404+04:00
66f547067fa274eea90b223a,254WXELB,CAR,2024-09-26 15:35:33.856589+04:00
66f54b47d33d2d48a3e760aa,DZ3GB8ZP,CAR,2024-09-26 15:53:43.225954+04:00
66f54b9948217af32986ad63,4TKPFJUJ,CAR,2024-09-26 15:55:05.341696+04:00
66f54baa9acf2eb874d828ca,YP26UPHV,CAR,2024-09-26 15:55:22.203984+04:00
66f54c67d33d2d48a3e76122,ULBAGZEJ,CAR,2024-09-26 15:58:31.923353+04:00
66f54cf4e49edf290cb98649,LLN2EFAH,CAR,2024-09-26 16:00:52.390832+04:00
66f54db5d33d2d48a3e761b1,PHGX62UY,CAR,2024-09-26 16:04:05.314369+04:00
66f54db5b4d9f1c7f6e17ec2,T6DYFJSV,CAR,2024-09-26 16:04:05.840182+04:00
66f54edbb4d9f1c7f6e17f0b,5BAAA8HR,CAR,2024-09-26 16:08:59.669946+04:00
66f54eec48217af32986aed4,CVG7Y4DN,CAR,2024-09-26 16:09:16.739209+04:00
66f54f58d33d2d48a3e762a1,8CUMFHUY,CAR,2024-09-26 16:11:04.802661+04:00
66f55004d33d2d48a3e76390,VYP842NF,CAR,2024-09-26 16:13:56.056081+04:00
66f5506cd33d2d48a3e76407,ELBQTNJ4,CAR,2024-09-26 16:15:40.197171+04:00
66f551369acf2eb874d8298d,3SAGWULH,CAR,2024-09-26 16:19:02.576133+04:00
66f551df9acf2eb874d82a35,U7FTPR8L,CAR,2024-09-26 16:21:51.247371+04:00
66f5532a4b3775346f47948a,PPE8MHV8,CAR,2024-09-26 16:27:22.865334+04:00
66f55386b4d9f1c7f6e17fe5,UTX3EMBR,CAR,2024-09-26 16:28:54.120288+04:00
66f555d04b3775346f4794c6,FEPNHJ24,CAR,2024-09-26 16:38:40.126849+04:00
66f556d548217af32986af61,AJDF7FVN,CAR,2024-09-26 16:43:01.009060+04:00
66f557039acf2eb874d82b01,N2WNT89S,CAR,2024-09-26 16:43:47.237452+04:00
66f55d5a7e2c4ff3e2e463b2,7V37YYFJ,CAR,2024-09-26 17:10:50.579591+04:00
66f55ed47e2c4ff3e2e46421,CW7S2WLS,CAR,2024-09-26 17:17:08.919693+04:00
66f5633f48217af32986b0ec,PFTEXKHW,CAR,2024-09-26 17:35:59.381606+04:00
66f56833c303d028c21ca89f,AAS3THNM,CAR,2024-09-26 17:57:06.976695+04:00
66f56a0e8f36fe5a7a6b44ff,PX7Q5SE4,CAR,2024-09-26 18:05:02.617383+04:00
66f56ae59aa8ad635f7e5318,FD9HV2D6,CAR,2024-09-26 18:08:37.372186+04:00
66f56b8a8f36fe5a7a6b4573,EYK47ZQN,CAR,2024-09-26 18:11:22.433194+04:00
66f56c5bba3292ef182e56e9,RD7YYYA7,CAR,2024-09-26 18:14:51.325305+04:00
66f56ff28f36fe5a7a6b463c,BZ7XSZZS,CAR,2024-09-26 18:30:10.882717+04:00
66f575228f36fe5a7a6b47de,PSLZXQ42,CAR,2024-09-26 18:52:18.300921+04:00
66f577aae1893dd572b2cbc6,XZKD8ZZ4,CAR,2024-09-26 19:03:06.894492+04:00
66f578b649d754272e28f60f,V4CRD9ZY,CAR,2024-09-26 19:07:34.726043+04:00
66f57a49cbe086ff0e432b5a,2CPURQEE,CAR,2024-09-26 19:14:17.416489+04:00
66f58280e96ffac659ea0c80,UVZ3SBNX,CAR,2024-09-26 19:49:20.717068+04:00
66f583027888a0a8f42656e8,EM686FPB,CAR,2024-09-26 19:51:30.828087+04:00
66f5861fe96ffac659ea0d57,27WTPKP2,CAR,2024-09-26 20:04:47.278528+04:00
66f586d35f5a51c8bdeb84c9,E9THB8M9,CAR,2024-09-26 20:07:47.745466+04:00
66f58765e96ffac659ea0d94,CMM5Q4PJ,CAR,2024-09-26 20:10:13.453926+04:00
66f58a3fca935de6ef100369,SSWX466Y,CAR,2024-09-26 20:22:23.680319+04:00
66f58e17aec332248dfc1255,8U9D587T,CAR,2024-09-26 20:38:47.163271+04:00
66f58e45e96ffac659ea0eb2,TXDHVNCM,CAR,2024-09-26 20:39:33.406869+04:00
66f5905f49d754272e28f6ab,U2E2AT8U,CAR,2024-09-26 20:48:31.314049+04:00
66f5944b43c982c6dede57f3,VP5ZDATF,CAR,2024-09-26 21:05:15.834728+04:00
66f59ab31c3edf7889021c58,FEUGFKSY,CAR,2024-09-26 21:32:35.901483+04:00
66f59f6149d754272e28f7c9,BTKQZE6K,CAR,2024-09-26 21:52:33.742933+04:00
66f5a7343c551dd9cf50bf48,CU9UZSNR,CAR,2024-09-26 22:25:56.602709+04:00
66f5b17a7e2c4ff3e2e464c5,WG4FGYWA,CAR,2024-09-26 23:09:46.239801+04:00
66f5d2a33c551dd9cf50c011,WYGPBHHR,CAR,2024-09-27 01:31:15.367401+04:00
66f5eedc1c3edf788902206e,5EXWVNZR,CAR,2024-09-27 03:31:40.961843+04:00
66f5f7fe43c982c6dede5986,S8ND6PKB,CAR,2024-09-27 04:10:38.619108+04:00
66f5fdf6a3d1f65d07471d95,YGVJAEE2,CAR,2024-09-27 04:36:06.878714+04:00
66f60527622c7a12fcf22c9c,7CHN8NBD,CAR,2024-09-27 05:06:47.215280+04:00
66f61586622c7a12fcf22d47,BPY5LVTT,CAR,2024-09-27 06:16:38.017081+04:00
66f6252e18f49397a076faf0,YSCGW3BK,CAR,2024-09-27 07:23:25.992137+04:00
66f6314d18f49397a076fb74,8TFPUM2N,CAR,2024-09-27 08:15:09.579640+04:00
66f6328a0bc277fa454c0c4b,4G5G9VL2,CAR,2024-09-27 08:20:26.055632+04:00
66f63889622c7a12fcf22deb,8CXDK3CC,CAR,2024-09-27 08:46:01.281442+04:00
66f6390164459f2cdec21f40,VPLFB9L3,CAR,2024-09-27 08:48:01.001260+04:00
66f640e837739ae8d4d355f3,F2FK556T,CAR,2024-09-27 09:21:44.060906+04:00
66f6417464459f2cdec21fd4,T6NT3VT2,CAR,2024-09-27 09:24:04.869235+04:00
66f641790bc277fa454c0d54,DQNEC5B2,CAR,2024-09-27 09:24:09.604817+04:00
66f642bc18f49397a076fbf4,3FBKJNVS,CAR,2024-09-27 09:29:32.478786+04:00
66f64372622c7a12fcf22ee3,HFC459UC,CAR,2024-09-27 09:32:34.202639+04:00
66f64415622c7a12fcf22f50,X2N6YNNT,CAR,2024-09-27 09:35:17.865283+04:00
66f644b664459f2cdec22114,2RGFGTWD,CAR,2024-09-27 09:37:58.429477+04:00
66f64823537ab4b25ea91f87,9NV3EVGJ,CAR,2024-09-27 09:52:35.249011+04:00
66f6493f622c7a12fcf2302e,SF93NFDU,CAR,2024-09-27 09:57:19.769580+04:00
66f64994537ab4b25ea91ffe,PPZ5NFG8,CAR,2024-09-27 09:58:44.710030+04:00
66f64b12622c7a12fcf230aa,LW2XRNDZ,CAR,2024-09-27 10:05:06.934014+04:00
66f64c940bc277fa454c0f7b,2FZHTMUA,CAR,2024-09-27 10:11:32.580666+04:00
66f64ca237739ae8d4d35696,BLLYTH5A,CAR,2024-09-27 10:11:46.733797+04:00
66f64cab537ab4b25ea92075,YV7YMCLK,CAR,2024-09-27 10:11:55.155470+04:00
66f64cc17482f8b0a0d412a9,4QTSJQ8G,CAR,2024-09-27 10:12:17.402391+04:00
66f64d70fe631001353af1e8,VDGEX6VT,CAR,2024-09-27 10:15:12.418942+04:00
66f64d9d0bc277fa454c1009,UCE5FHQA,CAR,2024-09-27 10:15:57.398553+04:00
66f64df30bc277fa454c107a,RFGFMBTF,CAR,2024-09-27 10:17:23.124137+04:00
66f64ed30bc277fa454c1099,QR2E4PFV,CAR,2024-09-27 10:21:07.856764+04:00
66f651470bc277fa454c1158,BCUXN7AA,CAR,2024-09-27 10:31:35.330632+04:00
66f65171622c7a12fcf23351,RAUX7TQG,CAR,2024-09-27 10:32:16.976344+04:00
66f6522ffe631001353af233,F2B8C8TE,CAR,2024-09-27 10:35:27.817148+04:00
66f65431537ab4b25ea921b4,TCGSZEYC,CAR,2024-09-27 10:44:01.830061+04:00
66f65444537ab4b25ea92222,Z8KZYHHU,CAR,2024-09-27 10:44:20.059099+04:00
66f6564f11b5c4ea983a84e6,QBHGBYX3,CAR,2024-09-27 10:53:03.046610+04:00
66f6592e6544c3f49bf3ec10,E6LH6GWC,CAR,2024-09-27 11:05:18.199537+04:00
66f65b3c6544c3f49bf3ed4b,YTNBYERP,CAR,2024-09-27 11:14:04.571131+04:00
66f65b9511b5c4ea983a85ad,MYC6VFQG,CAR,2024-09-27 11:15:33.413171+04:00
66f65c13622c7a12fcf235a4,CGQ6ALJM,CAR,2024-09-27 11:17:39.451447+04:00
66f65cdbd666ec1c95a10eb6,WVZ7ZRUN,CAR,2024-09-27 11:20:59.393780+04:00
66f65e60136797304c7676e6,X8DETRYY,CAR,2024-09-27 11:27:28.917355+04:00
66f65f94d666ec1c95a10f28,FSFYAJNA,CAR,2024-09-27 11:32:35.979123+04:00
66f66a06622c7a12fcf237a3,2ZDYALQA,CAR,2024-09-27 12:17:10.525703+04:00
66f66a96537ab4b25ea92571,MX9XQKVC,CAR,2024-09-27 12:19:34.194227+04:00
66f66c2a136797304c7678d1,BRWGZMWQ,CAR,2024-09-27 12:26:18.092546+04:00
66f66c707482f8b0a0d41434,LLRWN4RP,CAR,2024-09-27 12:27:28.307766+04:00
66f66ce8136797304c767914,7YYUMCZE,CAR,2024-09-27 12:29:28.498028+04:00
66f66dcc480c4e02a1849704,B5G9X6LV,CAR,2024-09-27 12:33:16.003429+04:00
66f66ea7136797304c7679ca,DQJJSYVQ,CAR,2024-09-27 12:36:55.686589+04:00
66f67011480c4e02a184974e,D8QHLFMC,CAR,2024-09-27 12:42:57.649518+04:00
66f67016136797304c767a5c,PA3KYCX6,CAR,2024-09-27 12:43:02.267402+04:00
66f670286544c3f49bf3ef45,E4R298TB,CAR,2024-09-27 12:43:20.940133+04:00
66f670697482f8b0a0d414ca,BT6BSBHW,CAR,2024-09-27 12:44:25.735326+04:00
66f673a17482f8b0a0d41550,UZQX3GYM,CAR,2024-09-27 12:58:09.775826+04:00
66f673b56544c3f49bf3efcd,GQ7MSY7N,CAR,2024-09-27 12:58:29.501610+04:00
66f678d6d666ec1c95a110fe,JC2EQ7D4,CAR,2024-09-27 13:20:22.138144+04:00
66f67b6a7482f8b0a0d41620,DWQ62KSH,CAR,2024-09-27 13:31:22.244286+04:00
66f67c0d6544c3f49bf3f12b,WQY9WMTT,CAR,2024-09-27 13:34:05.414629+04:00
66f67c23e98715635c40a415,67DQ6T4N,CAR,2024-09-27 13:34:27.531749+04:00
66f67c33480c4e02a18497df,J6W8PVLA,CAR,2024-09-27 13:34:43.591172+04:00
66f67c40480c4e02a1849851,5XE4YFMS,CAR,2024-09-27 13:34:56.069073+04:00
66f67d3fe98715635c40a486,46ELJAGH,CAR,2024-09-27 13:39:11.862492+04:00
66f67e18480c4e02a18499a3,9K2N4DWF,CAR,2024-09-27 13:42:48.545120+04:00
66f6800f136797304c767e14,GJAFPL2T,CAR,2024-09-27 13:51:11.570054+04:00
66f68076136797304c767e44,9GEKAWN5,CAR,2024-09-27 13:52:54.374349+04:00
66f6819d480c4e02a1849b24,HGGXRT7L,CAR,2024-09-27 13:57:49.081160+04:00
66f68213480c4e02a1849b99,4DYEQBDX,CAR,2024-09-27 13:59:47.872504+04:00
66f68366136797304c767f5d,9XS2668W,CAR,2024-09-27 14:05:26.878275+04:00
66f68721d666ec1c95a11213,SSLHWZH7,CAR,2024-09-27 14:21:21.808732+04:00
66f688e49a93dc33c8d6bf58,23JGLS4J,CAR,2024-09-27 14:28:52.287795+04:00
66f68a3769fd7c6c41cab6bd,N35DM99H,CAR,2024-09-27 14:34:31.169081+04:00
66f68b566544c3f49bf3f1e7,SNMLBUZP,CAR,2024-09-27 14:39:18.069049+04:00
66f68c496544c3f49bf3f254,NZMKU8US,CAR,2024-09-27 14:43:21.503455+04:00
66f68cf3162b4d18d67adfde,ME8N53YM,CAR,2024-09-27 14:46:11.697613+04:00
66f68eb169fd7c6c41cab700,DCQRQ9YX,CAR,2024-09-27 14:53:37.284601+04:00
66f68f7595a0d32eced3bf96,NPVEZERC,CAR,2024-09-27 14:56:53.208756+04:00
66f68fdd95a0d32eced3bfdb,D5ZZQP5W,CAR,2024-09-27 14:58:37.399841+04:00
66f6910295a0d32eced3c01b,RXXXDUHU,CAR,2024-09-27 15:03:30.810952+04:00
66f691a991fc0d198dcd7499,B3EGEYE3,CAR,2024-09-27 15:06:17.564189+04:00
66f693fb1ef16326e25b5dc6,55Y7VMUR,CAR,2024-09-27 15:16:10.997761+04:00
66f6941b8de283a1c8df8815,YHEFN8QN,CAR,2024-09-27 15:16:43.369732+04:00
66f69438162b4d18d67ae1ff,PG44P8CM,CAR,2024-09-27 15:17:12.061392+04:00
66f694c995a0d32eced3c060,BLSM8SBB,CAR,2024-09-27 15:19:37.865946+04:00
66f69893162b4d18d67ae336,CD9246VB,CAR,2024-09-27 15:35:47.080500+04:00
66f698ca69fd7c6c41cab7b6,7ZSSJCQA,CAR,2024-09-27 15:36:42.677298+04:00
66f69bfd162b4d18d67ae3a5,BWVBTDXN,CAR,2024-09-27 15:50:21.013112+04:00
66f6a03d162b4d18d67ae441,BWDM4JZ8,CAR,2024-09-27 16:08:29.393242+04:00
66f6a2ba91fc0d198dcd761d,4ZSV5Z3N,CAR,2024-09-27 16:19:06.178966+04:00
66f6a3e3eb6aa8b59e021b33,G696XWBP,CAR,2024-09-27 16:24:02.997007+04:00
66f6a58c91fc0d198dcd76ea,KZY58X93,CAR,2024-09-27 16:31:08.125120+04:00
66f6a9d2f8a0ebbd935d0906,6Z37NUDV,CAR,2024-09-27 16:49:22.641388+04:00
66f6aab08de283a1c8df88d0,6H5CPNE6,CAR,2024-09-27 16:53:04.879797+04:00
66f6abb4c050af1e9566c201,MDY7BS6W,CAR,2024-09-27 16:57:24.904743+04:00
66f6af2c95a0d32eced3c31c,XL5Y2MF4,CAR,2024-09-27 17:12:12.650340+04:00
66f6af8495a0d32eced3c3b2,GR9672R9,CAR,2024-09-27 17:13:40.636608+04:00
66f6b8468de283a1c8df8961,UYT9LX96,CAR,2024-09-27 17:51:02.217004+04:00
66f6b8cc95a0d32eced3c566,TF6PSL27,CAR,2024-09-27 17:53:16.431492+04:00
66f6b8f395a0d32eced3c5cf,YNAFHAFN,CAR,2024-09-27 17:53:55.600353+04:00
66f6b9768de283a1c8df89de,Q7WUAVUF,CAR,2024-09-27 17:56:06.698100+04:00
66f6b9a7c050af1e9566c29d,59ZAFE2G,CAR,2024-09-27 17:56:55.865549+04:00
66f6bb2a9c838f1eac8a9da5,M4AXF2UF,CAR,2024-09-27 18:03:21.991187+04:00
66f6c23ceb6aa8b59e022007,LJG8PRVU,CAR,2024-09-27 18:33:32.183785+04:00
66f6c484eb6aa8b59e022186,E4B75KKB,CAR,2024-09-27 18:43:16.108159+04:00
66f6c62dcb49e2f739c89dc5,HGZ4UUEX,CAR,2024-09-27 18:50:21.030297+04:00
66f6c8b69c838f1eac8a9f09,C3UEBTY7,CAR,2024-09-27 19:01:10.485253+04:00
66f6c934cb49e2f739c89f14,M957C2WR,CAR,2024-09-27 19:03:16.277417+04:00
66f6ca14eb6aa8b59e0222e0,B48FU6SZ,CAR,2024-09-27 19:07:00.224969+04:00
66f6cf76cb49e2f739c89fc7,VGGVU4HG,CAR,2024-09-27 19:29:58.103838+04:00
66f6d0ec9c838f1eac8a9f95,HBR62CH2,CAR,2024-09-27 19:36:12.401348+04:00
66f6d1a4cb49e2f739c8a055,8D23J52V,CAR,2024-09-27 19:39:16.593345+04:00
66f6d527643583ecb78d661c,EQHNFZ8Q,CAR,2024-09-27 19:54:15.438314+04:00
66f6d955cb49e2f739c8a1c9,BSBL9VPW,CAR,2024-09-27 20:12:05.619723+04:00
66f6e947eb6aa8b59e02241f,BBSVKMZP,CAR,2024-09-27 21:20:07.778311+04:00
66f6eb1e9c838f1eac8aa12b,SL8XM698,CAR,2024-09-27 21:27:58.650567+04:00
66f6ecd1c050af1e9566c3eb,45SR6XCU,CAR,2024-09-27 21:35:13.793401+04:00
66f6ed1ba10d643c0b924133,NDR49SKA,CAR,2024-09-27 21:36:27.742694+04:00
66f6f5fe9c838f1eac8aa2d2,V58BECH7,CAR,2024-09-27 22:14:22.204581+04:00
66f6f833643583ecb78d688b,RRSJTDD7,CAR,2024-09-27 22:23:47.615828+04:00
66f6fc74cb49e2f739c8a62a,7W9YQMZA,CAR,2024-09-27 22:41:56.451000+04:00
66f70b669c838f1eac8aa3de,PRCUHVEK,CAR,2024-09-27 23:45:42.232030+04:00
66f71977a10d643c0b9242f3,3VF3RC7Q,CAR,2024-09-28 00:45:43.425174+04:00
66f774ecfa018135fb851d3d,CSFVZ9AH,CAR,2024-09-28 07:15:56.827443+04:00
66f7794dfa018135fb851db2,FS4TZHKY,CAR,2024-09-28 07:34:37.823325+04:00
66f77b1e9e6db96ed60ad19e,KLCNZEVH,CAR,2024-09-28 07:42:22.120792+04:00
66f77d55643583ecb78d6ab8,DCPTL4UN,CAR,2024-09-28 07:51:49.055856+04:00
66f77e35643583ecb78d6b20,RBV9WEJQ,CAR,2024-09-28 07:55:33.273155+04:00
66f783029e6db96ed60ad27e,YCT52QPS,CAR,2024-09-28 08:16:02.791404+04:00
66f787b5643583ecb78d6b9e,KX48M5NZ,CAR,2024-09-28 08:36:05.104407+04:00
66f7883efa018135fb851e80,3SDE8CRW,CAR,2024-09-28 08:38:22.750014+04:00
66f78d099e6db96ed60ad33d,44HNQ7YD,CAR,2024-09-28 08:58:49.040622+04:00
66f791f7c050af1e9566caf1,LJJXTQWZ,CAR,2024-09-28 09:19:51.666957+04:00
66f79247a10d643c0b924461,TR6SYGYU,CAR,2024-09-28 09:21:11.193034+04:00
66f794ff9e6db96ed60ad405,SGGT38WF,CAR,2024-09-28 09:32:47.503612+04:00
66f794ffc050af1e9566cb69,WGSHM95A,CAR,2024-09-28 09:32:47.969242+04:00
66f796fe19387c1404950ffb,ZS8KMYDC,CAR,2024-09-28 09:41:18.516043+04:00
66f79b3fef631fc14988baae,Q36HANU6,CAR,2024-09-28 09:59:27.131182+04:00
66f79d6ec5aaec3a332d6048,AZX3K9TF,CAR,2024-09-28 10:08:46.037974+04:00
66f79eac8625d6a4a047c0ca,UJW2LNZR,CAR,2024-09-28 10:14:04.018385+04:00
66f79fc1ec133de9f2ccc3b2,SZGSDUEC,CAR,2024-09-28 10:18:41.715200+04:00
66f79fdcc5aaec3a332d6154,QY4KJKGJ,CAR,2024-09-28 10:19:08.503919+04:00
66f7a504dc1b72d69158f936,G9N3DG5D,CAR,2024-09-28 10:41:08.607703+04:00
66f7a6eaec133de9f2ccc4fa,36Z26S3U,CAR,2024-09-28 10:49:14.274936+04:00
66f7a78e0f1794412c0247af,LZ32XR26,CAR,2024-09-28 10:51:58.483163+04:00
66f7a79fc5aaec3a332d61fe,LC7MBYP2,CAR,2024-09-28 10:52:15.196939+04:00
66f7a942dc1b72d69158f9c5,RETNDBRP,CAR,2024-09-28 10:59:13.997286+04:00
66f7a9689c838f1eac8aa520,NQNQY2M8,CAR,2024-09-28 10:59:52.395204+04:00
66f7aba19c838f1eac8aa59f,WDSSDRYL,CAR,2024-09-28 11:09:21.180218+04:00
66f7ac368625d6a4a047c149,ML7VH95H,CAR,2024-09-28 11:11:50.121694+04:00
66f7aca69c838f1eac8aa647,EYNXWJRX,CAR,2024-09-28 11:13:42.423110+04:00
66f7ae108625d6a4a047c18c,BTTBD2DL,CAR,2024-09-28 11:19:44.059510+04:00
66f7af078625d6a4a047c2b8,KNYDHKJM,CAR,2024-09-28 11:23:51.519294+04:00
66f7af318625d6a4a047c2f7,75LQL3QC,CAR,2024-09-28 11:24:33.917359+04:00
66f7afe4dc1b72d69158fb9c,3CN2TAPS,CAR,2024-09-28 11:27:32.798735+04:00
66f7b213ec133de9f2ccc669,5FLRRA55,CAR,2024-09-28 11:36:51.806644+04:00
66f7b59ddc1b72d69158fc1d,LUSEKGT3,CAR,2024-09-28 11:51:57.709177+04:00
66f7b860ec133de9f2ccc798,9VQHGUQX,CAR,2024-09-28 12:03:44.227365+04:00
66f7b95edc1b72d69158fcca,NT4VVRB6,CAR,2024-09-28 12:07:58.630353+04:00
66f7b9bfdc1b72d69158fd3e,ZGFYKKPF,CAR,2024-09-28 12:09:35.721665+04:00
66f7ba11dc1b72d69158fdb5,UHVF3RL9,CAR,2024-09-28 12:10:57.030277+04:00
66f7bbfcc2f834ea30416916,YNWQJMEZ,CAR,2024-09-28 12:19:08.606872+04:00
66f7bca0ec133de9f2ccc873,NKKKAPYR,CAR,2024-09-28 12:21:52.042525+04:00
66f7bd606ed4253cd999b2b3,NZS6RHKX,CAR,2024-09-28 12:25:04.194410+04:00
66f7bee3aac8368cd6312708,2467U36Y,CAR,2024-09-28 12:31:31.906813+04:00
66f7bf42aac8368cd631276f,QKPM4TQ5,CAR,2024-09-28 12:33:06.874875+04:00
66f7c224c1fefaf6dd34929f,DZTCDALT,CAR,2024-09-28 12:45:24.265963+04:00
66f7c3235d4de565abaec030,ZK27T8L2,CAR,2024-09-28 12:49:39.048339+04:00
66f7c6125d4de565abaec0d8,VB8AK8E9,CAR,2024-09-28 13:02:10.254604+04:00
66f7c75dc2f834ea30416ab8,N5VMVCL4,CAR,2024-09-28 13:07:41.022473+04:00
66f7c7a8c2f834ea30416ace,J7S5H74J,CAR,2024-09-28 13:08:56.052598+04:00
66f7c867c2f834ea30416b6b,MJHJYHEG,CAR,2024-09-28 13:12:07.787887+04:00
66f7c97daac8368cd6312809,5P4KP32A,CAR,2024-09-28 13:16:45.941390+04:00
66f7ca20bf9cbfac352356f8,Q42YMBJQ,CAR,2024-09-28 13:19:28.910513+04:00
66f7ca2164469d4e605e35b5,FDYKE8TH,CAR,2024-09-28 13:19:29.326508+04:00
66f7cbc4aac8368cd6312883,CDJJSXF8,CAR,2024-09-28 13:26:28.651857+04:00
66f7cd125d4de565abaec24e,JBRQMBRG,CAR,2024-09-28 13:32:02.129152+04:00
66f7cdd65d4de565abaec25a,6PPXQW2D,CAR,2024-09-28 13:35:18.651151+04:00
66f7cea55d4de565abaec2d0,9V5GGK4X,CAR,2024-09-28 13:38:45.902027+04:00
66f7d1701c998a57925efc55,LQPWU7AM,CAR,2024-09-28 13:50:40.498606+04:00
66f7d1955d4de565abaec38b,M5RSZUSC,CAR,2024-09-28 13:51:17.084677+04:00
66f7d24716ae5ef955d00c2c,KZ6956LX,CAR,2024-09-28 13:54:15.194844+04:00
66f7d308c2f834ea30416ca0,YPACNG7V,CAR,2024-09-28 13:57:28.773267+04:00
66f7d37164469d4e605e3648,N5FYYLB3,CAR,2024-09-28 13:59:13.387027+04:00
66f7d3b05d4de565abaec427,LT7TYAM8,CAR,2024-09-28 14:00:16.228983+04:00
66f7d4c31c998a57925efd5e,APVZK4VY,CAR,2024-09-28 14:04:51.478408+04:00
66f7d54ac2f834ea30416d2c,CAPBJWKR,CAR,2024-09-28 14:07:06.828281+04:00
66f7d591d872e7a5c72b3f0d,K4NBXC4N,CAR,2024-09-28 14:08:17.793982+04:00
66f7d6075d4de565abaec57a,Q83ZNRKZ,CAR,2024-09-28 14:10:14.994378+04:00
66f7d688d872e7a5c72b3f9c,FXZ6KS7T,CAR,2024-09-28 14:12:24.324700+04:00
66f7d91c5d4de565abaec683,WTRTS9E4,CAR,2024-09-28 14:23:24.562242+04:00
66f7d9c164469d4e605e3710,G892LRU3,CAR,2024-09-28 14:26:09.456242+04:00
66f7db09d872e7a5c72b408a,Z4SDP6PN,CAR,2024-09-28 14:31:36.984057+04:00
66f7dbca7accb487bb208302,B2BF5LD9,CAR,2024-09-28 14:34:50.544835+04:00
66f7dc775d4de565abaec7c4,JM59JNAJ,CAR,2024-09-28 14:37:43.634737+04:00
66f7df7064469d4e605e3804,ZXF7XQ4E,CAR,2024-09-28 14:50:24.631444+04:00
66f7e38857a19c2c600684b2,YWZWX3PZ,CAR,2024-09-28 15:07:52.374035+04:00
66f7e3be5d4de565abaec8d0,J6SRFKVJ,CAR,2024-09-28 15:08:46.885141+04:00
66f7e47757a19c2c600685d5,BX96AH7K,CAR,2024-09-28 15:11:51.650316+04:00
66f7e4d87accb487bb2084d2,RDACS48D,CAR,2024-09-28 15:13:28.836384+04:00
66f7e4f057a19c2c60068649,EVPP95V4,CAR,2024-09-28 15:13:52.623379+04:00
66f7e5797accb487bb20853e,VJ6XE4G3,CAR,2024-09-28 15:16:09.908022+04:00
66f7e5e857a19c2c600686d6,5Q6HCSWC,CAR,2024-09-28 15:18:00.803254+04:00
66f7e63e57a19c2c60068746,EHDE4SC8,CAR,2024-09-28 15:19:26.614672+04:00
66f7e68b4a47d211cb0e9902,MF5ASFAL,CAR,2024-09-28 15:20:43.064037+04:00
66f7e7edd872e7a5c72b412a,DYWL9C4T,CAR,2024-09-28 15:26:37.635242+04:00
66f7e8182d69170acb74f84d,WWUV92S4,CAR,2024-09-28 15:27:20.077036+04:00
66f7e8cdc30a0c3495ac9899,QAN7G53R,CAR,2024-09-28 15:30:21.664206+04:00
66f7ea763401e3c2aecbb57d,LUWASU5S,CAR,2024-09-28 15:37:26.580801+04:00
66f7ea7ac30a0c3495ac98d2,NF58C47N,CAR,2024-09-28 15:37:30.355520+04:00
66f7eb054a47d211cb0e993e,MBCHCRGN,CAR,2024-09-28 15:39:49.291649+04:00
66f7ec14db73d57a8b63e24b,KC92GECN,CAR,2024-09-28 15:44:20.288021+04:00
66f7ef0957a19c2c600688a4,DU436PRS,CAR,2024-09-28 15:56:57.412813+04:00
66f7f01d57a19c2c6006891b,KTCTNTZT,CAR,2024-09-28 16:01:33.287114+04:00
66f7f0dac30a0c3495ac9a97,S2UJZ8A3,CAR,2024-09-28 16:04:42.614677+04:00
66f7f409c30a0c3495ac9b35,5RGZYC3C,CAR,2024-09-28 16:18:17.157525+04:00
66f7f488c30a0c3495ac9bb7,67BGDYV9,CAR,2024-09-28 16:20:24.041064+04:00
66f7f5f572f6e7fb002640ed,5VEQMRAQ,CAR,2024-09-28 16:26:29.882706+04:00
66f7f66def6605592307559e,5NWU8VDG,CAR,2024-09-28 16:28:29.390560+04:00
66f7fae9f18b6175bc11abfb,36X8GLRF,CAR,2024-09-28 16:47:37.026579+04:00
66f7fb0d72f6e7fb002641d3,CSZ2LHZV,CAR,2024-09-28 16:48:13.945783+04:00
66f7fb3ec30a0c3495ac9dab,F4PPTF8P,CAR,2024-09-28 16:49:02.759016+04:00
66f7fd05c30a0c3495ac9e2c,5FFQ4ZCT,CAR,2024-09-28 16:56:37.742491+04:00
66f7fd9e72f6e7fb00264230,EJUG8XCH,CAR,2024-09-28 16:59:10.126154+04:00
66f7fe58176575b87f144b34,CAWWWL5S,CAR,2024-09-28 17:02:16.354476+04:00
66f7ff6dc30a0c3495ac9ef3,LVXJ33VP,CAR,2024-09-28 17:06:53.197449+04:00
66f80369c30a0c3495ac9f72,DXAGA5FN,CAR,2024-09-28 17:23:53.197146+04:00
66f803b004fabf85b1febefd,EBC6L7ZE,CAR,2024-09-28 17:25:04.944342+04:00
66f80458176575b87f144c03,PBZE8Q6U,CAR,2024-09-28 17:27:52.614086+04:00
66f8081cc30a0c3495aca023,UES9DXN2,CAR,2024-09-28 17:43:56.483770+04:00
66f808e709b7a3b248cfa9d3,U8CRBZQN,CAR,2024-09-28 17:47:19.327770+04:00
66f80da772f6e7fb00264427,KLM3QTBH,CAR,2024-09-28 18:07:35.535176+04:00
66f812f304fabf85b1febfab,MP9JV4LA,CAR,2024-09-28 18:30:11.476976+04:00
66f8169972f6e7fb002644b2,TDL2A2LZ,CAR,2024-09-28 18:45:45.436892+04:00
66f817ce9bf32ee8ee7367e0,GCGMZMKB,CAR,2024-09-28 18:50:54.858157+04:00
66f8188772f6e7fb0026453a,6UU84TJ6,CAR,2024-09-28 18:53:59.442641+04:00
66f81ac809b7a3b248cfab9e,E2UCMYYS,CAR,2024-09-28 19:03:36.196949+04:00
66f81b239bf32ee8ee7368a2,N7T6MV9P,CAR,2024-09-28 19:05:07.158354+04:00
66f81e9609b7a3b248cfabdd,2NX827QC,CAR,2024-09-28 19:19:50.148983+04:00
66f81ef772f6e7fb002645d8,4UH9RZPD,CAR,2024-09-28 19:21:27.744460+04:00
66f8261a09b7a3b248cfac66,8BXSQUGW,CAR,2024-09-28 19:51:54.768459+04:00
66f829c89bf32ee8ee736a57,YUKZFH33,CAR,2024-09-28 20:07:36.913806+04:00
66f82aea9bf32ee8ee736ab7,W4Q6G7AS,CAR,2024-09-28 20:12:26.261900+04:00
66f82bbc9bf32ee8ee736ac1,MRUMW7EH,CAR,2024-09-28 20:15:56.878626+04:00
66f82cff4e7e49c685644a13,34G8AVTH,CAR,2024-09-28 20:21:19.949512+04:00
66f82d2a9bf32ee8ee736ad5,KTSP2N2H,CAR,2024-09-28 20:22:02.289182+04:00
66f82dc309b7a3b248cfad88,7R2S947F,CAR,2024-09-28 20:24:35.272521+04:00
66f8326b9bf32ee8ee736be6,TRKXRJ6Y,CAR,2024-09-28 20:44:27.168446+04:00
66f833619bf32ee8ee736c5d,YTKRTC6D,CAR,2024-09-28 20:48:33.006418+04:00
66f83cb42888740909462434,2438WGCB,CAR,2024-09-28 21:28:20.772397+04:00
66f83f372888740909462498,ADKYMPJP,CAR,2024-09-28 21:39:03.480404+04:00
66f83ff509b7a3b248cfae27,C6QPFJEA,CAR,2024-09-28 21:42:13.562255+04:00
66f847bb9bf32ee8ee736f82,C6MM4V7Q,CAR,2024-09-28 22:15:23.567627+04:00
66f856dc4e7e49c685644d53,PRNRTCJ3,CAR,2024-09-28 23:19:56.168373+04:00
66f869ed9bf32ee8ee7370ed,WG6MC7TM,CAR,2024-09-29 00:41:17.527953+04:00
66f8bed7305ce2ca8e2a01e9,KELPE5FY,CAR,2024-09-29 06:43:35.006194+04:00
66f8cc879bf32ee8ee73725a,SWBD6LGJ,CAR,2024-09-29 07:41:59.379625+04:00
66f8d4c4218c17fd5c912b5c,MP3GBTKD,CAR,2024-09-29 08:17:08.912357+04:00
66f8d84c9bf32ee8ee737323,7BGX67GN,CAR,2024-09-29 08:32:12.552841+04:00
66f8d9683b19d6531c38fd12,6S9UN4TK,CAR,2024-09-29 08:36:56.096943+04:00
66f8e0433b19d6531c38fd99,8BRQQEGU,CAR,2024-09-29 09:06:11.552134+04:00
66f8e1e7218c17fd5c912c95,L9CT983B,CAR,2024-09-29 09:13:11.534365+04:00
66f8e478218c17fd5c912d0d,2LTN92A7,CAR,2024-09-29 09:24:08.960775+04:00
66f8e8f73b19d6531c38feca,52W45F64,CAR,2024-09-29 09:43:19.877005+04:00
66f8eafaf3fbf02d904683f1,XAEWCX5Q,CAR,2024-09-29 09:51:54.035219+04:00
66f8ed9054166acd358da0c3,G4S68H4D,CAR,2024-09-29 10:02:56.381007+04:00
66f8edfb218c17fd5c912d81,DRJNYKKF,CAR,2024-09-29 10:04:43.746387+04:00
66f8f27f3b19d6531c39012b,H3W35RNZ,CAR,2024-09-29 10:23:59.707753+04:00
66f8f2e43b19d6531c390197,DFZKR4YJ,CAR,2024-09-29 10:25:40.362898+04:00
66f8f48af3fbf02d904685cd,7BURSEPZ,CAR,2024-09-29 10:32:42.329988+04:00
66f8f5f3f3fbf02d90468646,3TWNE6VG,CAR,2024-09-29 10:38:43.726614+04:00
66f8f6f9218c17fd5c912ede,EZQTJ3PW,CAR,2024-09-29 10:43:05.073878+04:00
66f8f8ef3b19d6531c39025d,BZ5S9F2J,CAR,2024-09-29 10:51:27.072736+04:00
66f8f956f3fbf02d90468739,E89EC5KA,CAR,2024-09-29 10:53:10.437051+04:00
66f8faae20fe06dad6170d40,EMD8T96A,CAR,2024-09-29 10:58:54.030590+04:00
66f8faedf3fbf02d904687c0,S862A2UD,CAR,2024-09-29 10:59:57.235302+04:00
66f8fb1d3b19d6531c390307,YR4TNNYZ,CAR,2024-09-29 11:00:45.492726+04:00
66f8fd923b19d6531c39037c,TWTNCQEX,CAR,2024-09-29 11:11:14.598628+04:00
66f9020ef3fbf02d90468995,QSBYYVH6,CAR,2024-09-29 11:30:22.462963+04:00
66f9026df3fbf02d904689cb,NHZ6JH6Q,CAR,2024-09-29 11:31:57.748653+04:00
66f904cf288874090946266b,9R2UKYAS,CAR,2024-09-29 11:42:07.576120+04:00
66f905b934cdaaacd7f4fe57,67J9JYYZ,CAR,2024-09-29 11:46:01.312341+04:00
66f907e8305ce2ca8e2a0293,D58CWJMY,CAR,2024-09-29 11:55:20.127395+04:00
66f9099186647278f4f1078e,4C5YFCL8,CAR,2024-09-29 12:02:25.156563+04:00
66f90a4772068f1d7a8d375c,Q6H5ZMXB,CAR,2024-09-29 12:05:27.583147+04:00
66f90a5572068f1d7a8d37c6,ZLJAQRU4,CAR,2024-09-29 12:05:41.681358+04:00
66f90c3d72911c5eaecd6eec,SXAQF7EG,CAR,2024-09-29 12:13:49.699209+04:00
66f911924726f10f31d2860c,UJ3FS62W,CAR,2024-09-29 12:36:34.172371+04:00
66f911b172911c5eaecd6fa3,79L7GX5J,CAR,2024-09-29 12:37:05.692401+04:00
66f914f1218c17fd5c9131ad,DD23N2KS,CAR,2024-09-29 12:50:57.466888+04:00
66f9155372911c5eaecd6ffb,94LZQAQQ,CAR,2024-09-29 12:52:35.472717+04:00
66f91eec4726f10f31d286b0,MWJM3RCQ,CAR,2024-09-29 13:33:32.962308+04:00
66f91f94305ce2ca8e2a0632,FZZGJVSM,CAR,2024-09-29 13:36:20.684464+04:00
66f9256572911c5eaecd7115,QQP8AJFQ,CAR,2024-09-29 14:01:09.313039+04:00
66f9267586647278f4f109f7,RLS2GARD,CAR,2024-09-29 14:05:41.277300+04:00
66f92a1286647278f4f10b8b,2HXTGW9M,CAR,2024-09-29 14:21:06.738454+04:00
66f92aa7ba9fab2cb5325425,3N3HQYHB,CAR,2024-09-29 14:23:35.811293+04:00
66f92b9985d025141dbdb56e,5TMLGLLN,CAR,2024-09-29 14:27:37.633842+04:00
66f92ba086647278f4f10c52,WJBNK39K,CAR,2024-09-29 14:27:44.748152+04:00
66f92ed386647278f4f10d55,QMTR757L,CAR,2024-09-29 14:41:23.442112+04:00
66f934c764a5f9ff4fdf2eec,YK6BGCQ4,CAR,2024-09-29 15:06:47.678739+04:00
66f935fd64a5f9ff4fdf2f6d,S576ZH7S,CAR,2024-09-29 15:11:57.072945+04:00
66f9369a4726f10f31d288c3,D5N65LUC,CAR,2024-09-29 15:14:34.844835+04:00
66f937634726f10f31d28927,T6ADUEZJ,CAR,2024-09-29 15:17:55.160808+04:00
66f939c673b5656c5bd63ed7,7Q5GDVMH,CAR,2024-09-29 15:28:05.974950+04:00
66f93bed344c6474fb26632a,V83U2G5Z,CAR,2024-09-29 15:37:17.075929+04:00
66f93d4964a5f9ff4fdf300f,GCN9LM8A,CAR,2024-09-29 15:43:05.722461+04:00
66f93ff64726f10f31d289bf,ST6LMCB9,CAR,2024-09-29 15:54:30.262764+04:00
66f945f886647278f4f1116b,3ZRUHPSB,CAR,2024-09-29 16:20:08.697558+04:00
66f9463155271e041f8c22f0,6CWE94YV,CAR,2024-09-29 16:21:05.793488+04:00
66f948e7e2b63858e42b987d,6PCYC6JC,CAR,2024-09-29 16:32:39.210564+04:00
66f9496c4726f10f31d28ab5,G6E76RX6,CAR,2024-09-29 16:34:52.828973+04:00
66f949d125dbcd185926e4f0,WGCZAQN6,CAR,2024-09-29 16:36:33.398523+04:00
66f94a10346756bfe0912513,WP4YWVYB,CAR,2024-09-29 16:37:36.340912+04:00
66f94d10f43e3cc91ac16a25,C8GJ29GM,CAR,2024-09-29 16:50:24.230871+04:00
66f95387895af16537e013b8,Q5EJTR3D,CAR,2024-09-29 17:17:59.268682+04:00
66f954a28207f28bbbb502d8,YLDTL6XD,CAR,2024-09-29 17:22:42.935195+04:00
66f95d4055271e041f8c24cb,JP8W6CTP,CAR,2024-09-29 17:59:28.643752+04:00
66f95fc155271e041f8c253d,N9H6VQZW,CAR,2024-09-29 18:10:09.521439+04:00
66f9634055271e041f8c268a,KJVHL7PE,CAR,2024-09-29 18:25:04.565717+04:00
66f96e168207f28bbbb505e4,8Y38FWND,CAR,2024-09-29 19:11:17.977693+04:00
66f97958504267f07b47c58e,4JHCXVQ3,CAR,2024-09-29 19:59:20.283712+04:00
66f97b918207f28bbbb506b9,5MKLQQVH,CAR,2024-09-29 20:08:49.759087+04:00
66f98426504267f07b47c60e,PW787U9D,CAR,2024-09-29 20:45:26.527524+04:00
66f9861225dbcd185926e617,SXGR5KEJ,CAR,2024-09-29 20:53:38.555213+04:00
66f9961f55271e041f8c2925,2S4V5H8G,CAR,2024-09-29 22:02:07.562366+04:00
66f997bf895af16537e016a0,JNWKVG4D,CAR,2024-09-29 22:09:03.142344+04:00
66f99cea25dbcd185926e774,W34LC7SA,CAR,2024-09-29 22:31:06.268892+04:00
66f99cfe55271e041f8c2bc6,87KS9WKQ,CAR,2024-09-29 22:31:26.070865+04:00
66f99ed2f43e3cc91ac16b9c,ZSM6RFPY,CAR,2024-09-29 22:39:14.470205+04:00
66f9a1e5bb6d69cffc691587,CEUQY5RJ,CAR,2024-09-29 22:52:21.964947+04:00
66f9a80b8207f28bbbb50834,YRHVPX2L,CAR,2024-09-29 23:18:34.945307+04:00
66f9bdd0167ad7b0aec01b7a,7GMV4XNA,CAR,2024-09-30 00:51:28.773656+04:00
66f9d038895af16537e01756,VWD6WKLY,CAR,2024-09-30 02:10:00.164117+04:00
66f9d0ad8207f28bbbb509e8,EC8CWF9Y,CAR,2024-09-30 02:11:57.411348+04:00
66fa0cc7bb6d69cffc691719,MYPCYXQB,CAR,2024-09-30 06:28:23.677747+04:00
66fa114b549bac77241e15f2,MCKYKG4F,CAR,2024-09-30 06:47:39.476567+04:00
66fa220c895af16537e017f7,596QPWPC,CAR,2024-09-30 07:59:08.791131+04:00
66fa2840bb6d69cffc69194e,CSHWMGFW,CAR,2024-09-30 08:25:35.986035+04:00
66fa2866549bac77241e1685,K5CNWVZZ,CAR,2024-09-30 08:26:14.292506+04:00
66fa29debb6d69cffc691a47,J5D4G2BY,CAR,2024-09-30 08:32:30.642391+04:00
66fa2b83bb6d69cffc691ace,VZCMGS2M,CAR,2024-09-30 08:39:31.487923+04:00
66fa2ec4549bac77241e1862,6Q6E8GMY,CAR,2024-09-30 08:53:24.841383+04:00
66fa30d9bb6d69cffc691ce7,P3VKVWBB,CAR,2024-09-30 09:02:17.651319+04:00
66fa31c1bb6d69cffc691d18,TEFFYD6H,CAR,2024-09-30 09:06:09.514353+04:00
66fa3201bb6d69cffc691d55,VDSYYSMH,CAR,2024-09-30 09:07:13.034831+04:00
66fa354cbb6d69cffc691efa,CYCFFV3S,CAR,2024-09-30 09:21:16.853720+04:00
66fa35a9af394c555ff564d4,4JP85GTA,CAR,2024-09-30 09:22:49.074977+04:00
66fa35c5895af16537e0194d,6U8NURYD,CAR,2024-09-30 09:23:17.269159+04:00
66fa3675549bac77241e1992,52RRDDVT,CAR,2024-09-30 09:26:13.529457+04:00
66fa3775bb6d69cffc692067,757W7BR6,CAR,2024-09-30 09:30:29.691212+04:00
66fa3888c8afff7be087a457,YF6UYX37,CAR,2024-09-30 09:35:04.056555+04:00
66fa391856fb3a5662b31afd,NZ4M5UAD,CAR,2024-09-30 09:37:28.185713+04:00
66fa3986bb6d69cffc692134,TQMHAJX4,CAR,2024-09-30 09:39:18.030822+04:00
66fa3afa56fb3a5662b31bac,9XB77CPV,CAR,2024-09-30 09:45:30.771252+04:00
66fa3bae56fb3a5662b31c2f,57EB7WDL,CAR,2024-09-30 09:48:30.619686+04:00
66fa3f590b60c4afb44e4dee,X53HQDX7,CAR,2024-09-30 10:04:09.033815+04:00
66fa41cac8afff7be087a664,RELN67RD,CAR,2024-09-30 10:14:34.880223+04:00
66fa433c42034d031b8b0b40,NHVG5UNT,CAR,2024-09-30 10:20:43.993068+04:00
66fa465655a4a6301620e277,JL8P2ENS,CAR,2024-09-30 10:33:58.958173+04:00
66fa46a755a4a6301620e2e6,3NH2A7RJ,CAR,2024-09-30 10:35:19.821566+04:00
66fa46fac8afff7be087a7b1,JTW6G84N,CAR,2024-09-30 10:36:42.078951+04:00
66fa474955a4a6301620e359,4PJ6RWX4,CAR,2024-09-30 10:38:01.182036+04:00
66fa4892af394c555ff56759,ZBEF9RUZ,CAR,2024-09-30 10:43:30.664636+04:00
66fa4a2a42034d031b8b0e21,X2935434,CAR,2024-09-30 10:50:17.982039+04:00
66fa4a33c8afff7be087a961,4DHY5R3N,CAR,2024-09-30 10:50:27.656665+04:00
66fa4b8a3bc377edf457c18d,MN3PGD7V,CAR,2024-09-30 10:56:10.766417+04:00
66fa4bbc0b60c4afb44e5061,K4RUZ9ZR,CAR,2024-09-30 10:57:00.788117+04:00
66fa4ca2af394c555ff567fd,7AL2EXD8,CAR,2024-09-30 11:00:50.111895+04:00
66fa4dea42034d031b8b10b9,45K736A6,CAR,2024-09-30 11:06:18.010578+04:00
66fa4e3e2b4d13116fff4870,JHPPUMYD,CAR,2024-09-30 11:07:42.797013+04:00
66fa4e66af394c555ff56880,4TBQNNP5,CAR,2024-09-30 11:08:22.068299+04:00
66fa4e800b60c4afb44e5132,RHWN8GCD,CAR,2024-09-30 11:08:48.745525+04:00
66fa4efec8afff7be087aa59,3JUXCMS6,CAR,2024-09-30 11:10:54.073876+04:00
66fa509f0b60c4afb44e51cb,QW976SY4,CAR,2024-09-30 11:17:51.788142+04:00
66fa516942034d031b8b1263,NC494LMV,CAR,2024-09-30 11:21:13.787306+04:00
66fa51b255a4a6301620e3b9,U2A6TX7G,CAR,2024-09-30 11:22:26.468130+04:00
66fa5281c8afff7be087ac2d,SWR74PQU,CAR,2024-09-30 11:25:53.596638+04:00
66fa52ed55a4a6301620e3f3,PEE8Z7QR,CAR,2024-09-30 11:27:41.214916+04:00
66fa56c342034d031b8b13b0,7L2VRE8B,CAR,2024-09-30 11:44:03.744380+04:00
66fa584b5deb8089f6786826,6JW3QH2B,CAR,2024-09-30 11:50:35.637269+04:00
66fa58767506e82ffa474c28,KSHAASPM,CAR,2024-09-30 11:51:18.847891+04:00
66fa58cd7506e82ffa474d5e,HRXSS9WQ,CAR,2024-09-30 11:52:45.125500+04:00
66fa58da0b60c4afb44e52ce,B6CKJLY3,CAR,2024-09-30 11:52:57.989969+04:00
66fa58e3c8afff7be087ae21,VZZV5WYG,CAR,2024-09-30 11:53:07.275085+04:00
66fa59d85deb8089f6786845,CVRPAP33,CAR,2024-09-30 11:57:12.055261+04:00
66fa5e085deb8089f67869c0,YMVHF8C4,CAR,2024-09-30 12:15:04.761832+04:00
66fa5e4c3119aae13fecfffa,RVA5MU43,CAR,2024-09-30 12:16:12.542150+04:00
66fa5ead764f4aea2ca6e66e,4QDYZNT8,CAR,2024-09-30 12:17:49.205273+04:00
66fa5ed240a11ee66815b872,YCYM3TWT,CAR,2024-09-30 12:18:26.002559+04:00
66fa5f35764f4aea2ca6e714,QRDWD8RQ,CAR,2024-09-30 12:20:05.249765+04:00
66fa6029764f4aea2ca6e78e,RDBTKHY9,CAR,2024-09-30 12:24:09.821935+04:00
66fa60d53d1550a3f8369780,PJRYXVT3,CAR,2024-09-30 12:27:01.239494+04:00
66fa60d640a11ee66815b91e,7JNAXA7E,CAR,2024-09-30 12:27:02.484465+04:00
66fa61083d1550a3f83697fd,Q73EXTEJ,CAR,2024-09-30 12:27:52.688431+04:00
66fa61593119aae13fed007c,KLZNR6CC,CAR,2024-09-30 12:29:13.487160+04:00
66fa61a4e6a299d9cfc56fe1,7QL46WAP,CAR,2024-09-30 12:30:28.454537+04:00
66fa61a78e2ebd3d7506b594,BYDYLX99,CAR,2024-09-30 12:30:31.713291+04:00
66fa62ca5deb8089f6786a6a,W6F6A7Q2,CAR,2024-09-30 12:35:22.960671+04:00
66fa62e03d1550a3f83698fa,RWGBYJXJ,CAR,2024-09-30 12:35:44.006988+04:00
66fa64c28c19b8b3774c8640,8PXCA74G,CAR,2024-09-30 12:43:46.929047+04:00
66fa64e13d1550a3f836997b,YRKP9HML,CAR,2024-09-30 12:44:17.527862+04:00
66fa67f05deb8089f6786c5d,K22XM9W3,CAR,2024-09-30 12:57:20.023923+04:00
66fa6b1e3d1550a3f8369a47,7QNCYKT3,CAR,2024-09-30 13:10:54.766702+04:00
66fa6b64132923d46e2f6bad,8NUPKEYE,CAR,2024-09-30 13:12:04.532898+04:00
66fa6dfa95b2893218ba85ad,WARBCDZS,CAR,2024-09-30 13:23:06.845451+04:00
66fa6e3e0e5320481ae24060,LU7SAF7U,CAR,2024-09-30 13:24:14.624657+04:00
66fa6e9c764f4aea2ca6ea12,VQQRJM97,CAR,2024-09-30 13:25:48.083893+04:00
66fa6f6a764f4aea2ca6ea93,F8AKKYTB,CAR,2024-09-30 13:29:14.170499+04:00
66fa705e40a11ee66815ba16,5VSWXYJJ,CAR,2024-09-30 13:33:18.092553+04:00
66fa7208efba42dc7844d229,MRGTEL2K,CAR,2024-09-30 13:40:24.181701+04:00
66fa738263f5731829661da9,ZHFCYLWL,CAR,2024-09-30 13:46:42.679999+04:00
66fa75b609659c979c9a3302,38J7NC2Y,CAR,2024-09-30 13:56:06.833172+04:00
66fa78da733f4d53c1d2c634,2YKFEM7R,CAR,2024-09-30 14:09:30.697881+04:00
66fa798e7c11c32c361e8d60,DRCS7KH8,CAR,2024-09-30 14:12:30.157610+04:00
66fa7b8c8a2210666ce20af5,WXDAE5BG,CAR,2024-09-30 14:20:59.935112+04:00
66fa7ba5132923d46e2f6d9b,PUUSJ9AP,CAR,2024-09-30 14:21:25.109909+04:00
66fa7c5695b2893218ba8744,8AVCS3VG,CAR,2024-09-30 14:24:22.491591+04:00
66fa7c8395b2893218ba87e1,KS7JMMMP,CAR,2024-09-30 14:25:07.106419+04:00
66fa7d19124e669d896ea1c3,SQVM4L3N,CAR,2024-09-30 14:27:37.533667+04:00
66fa7dc363f5731829661f55,NCA44C5G,CAR,2024-09-30 14:30:27.517678+04:00
66fa7e8f63f5731829661f90,Z74CYRNB,CAR,2024-09-30 14:33:51.240927+04:00
66fa7ead8a2210666ce20b81,MB88SWB6,CAR,2024-09-30 14:34:21.110516+04:00
66fa81ef9a6ee969bbaf16f5,J3PHNJUJ,CAR,2024-09-30 14:48:15.233659+04:00
66fa8280d347884930e97197,RSJRJW6V,CAR,2024-09-30 14:50:40.525076+04:00
66fa839b733f4d53c1d2c8ee,CRT9XVK3,CAR,2024-09-30 14:55:23.050514+04:00
66fa877a7702368e3da8808d,D6ZD8ZK3,CAR,2024-09-30 15:11:54.057133+04:00
66fa87f6f382a829e515cdea,5ZLFS866,CAR,2024-09-30 15:13:58.003418+04:00
66fa88a97702368e3da88116,W6JUXVL7,CAR,2024-09-30 15:16:57.810822+04:00
66fa89cb7c11c32c361e915d,82GFTTS6,CAR,2024-09-30 15:21:47.524659+04:00
66fa8a447702368e3da881a2,23EYPUSQ,CAR,2024-09-30 15:23:48.256629+04:00
66fa8ad0fbbbb999ba319cd4,KPPWACQF,CAR,2024-09-30 15:26:08.765605+04:00
66fa8ba84e7d924fcfee0b16,L4M6RKDJ,CAR,2024-09-30 15:29:44.842915+04:00
66fa8cd22518ae2bf480115f,ZWJV57UB,CAR,2024-09-30 15:34:42.895460+04:00
66fa903bf1d32f74dd3ab864,2DNDGWBM,CAR,2024-09-30 15:49:15.422649+04:00
66fa90902518ae2bf48011e6,QYHWUHUT,CAR,2024-09-30 15:50:40.174113+04:00
66fa90f0d347884930e973bd,BWJ4BEJP,CAR,2024-09-30 15:52:16.207750+04:00
66fa920bd347884930e9743b,JZ8RWM9D,CAR,2024-09-30 15:56:59.053703+04:00
66fa926e2518ae2bf4801287,NY62664K,CAR,2024-09-30 15:58:38.271515+04:00
66fa9272d347884930e974dd,MBBS7EEZ,CAR,2024-09-30 15:58:42.502874+04:00
66fa93a8eb8b580ff047713e,52RJWT89,CAR,2024-09-30 16:03:52.474832+04:00
66fa93bcf1d32f74dd3ab9eb,RNGUYXJ8,CAR,2024-09-30 16:04:12.695160+04:00
66fa943c95ecf895cc72a46c,FZK9CXB9,CAR,2024-09-30 16:06:20.011894+04:00
66fa94834e7d924fcfee0c3a,QKDLQKR8,CAR,2024-09-30 16:07:31.280185+04:00
66fa950b4e7d924fcfee0c4a,LARKT33F,CAR,2024-09-30 16:09:47.488093+04:00
66fa966ff368d52d39525f19,NHY2ND4R,CAR,2024-09-30 16:15:42.984306+04:00
66fa969bf382a829e515cf3e,VA4AWECB,CAR,2024-09-30 16:16:27.063924+04:00
66fa9a9da9f410ca70383eb4,DYAHNQPQ,CAR,2024-09-30 16:33:33.086716+04:00
66fa9d8d2518ae2bf4801325,M3Q3MB86,CAR,2024-09-30 16:46:05.007569+04:00
66fa9fc9eb8b580ff04771cb,VNCCGM6Z,CAR,2024-09-30 16:55:37.132358+04:00
66faa0ea95ecf895cc72a671,ENK3RF9R,CAR,2024-09-30 17:00:26.012018+04:00
66faa329f368d52d39525fe0,YZGMJ6XU,CAR,2024-09-30 17:10:01.659686+04:00
66faa40bd347884930e97683,3653ZWWR,CAR,2024-09-30 17:13:47.291271+04:00
66faa48e03c904141dd9fa84,583PUACM,CAR,2024-09-30 17:15:58.362527+04:00
66faa4a83d451c04e6b316b4,VSWQ6PWY,CAR,2024-09-30 17:16:24.307278+04:00
66faa630f382a829e515d007,6WC78DST,CAR,2024-09-30 17:22:56.145814+04:00
66faa9a2fbbbb999ba319f3f,BSLRJGCB,CAR,2024-09-30 17:37:38.165500+04:00
66faab39d347884930e9779f,N46CDR2R,CAR,2024-09-30 17:44:25.837399+04:00
66faab3f2dfb8e6e881220b6,SBLN28WG,CAR,2024-09-30 17:44:31.782709+04:00
66faabd2d046353a539d1964,ZBSBCNJX,CAR,2024-09-30 17:46:58.774500+04:00
66faabe5f368d52d3952614c,4ZSH2EP2,CAR,2024-09-30 17:47:17.377067+04:00
66faac11d046353a539d19cb,HUBW2JUV,CAR,2024-09-30 17:48:01.388494+04:00
66faac663d451c04e6b31823,VFSV7KR9,CAR,2024-09-30 17:49:26.104181+04:00
66faadfeeb8b580ff0477315,R5QELBSE,CAR,2024-09-30 17:56:14.473609+04:00
66faae03f1d32f74dd3abb41,CLAL6ZY4,CAR,2024-09-30 17:56:19.156866+04:00
66fab0383d451c04e6b318bb,VZRXGM6L,CAR,2024-09-30 18:05:44.764083+04:00
66fab0924e7d924fcfee0d6f,G8JRCTNK,CAR,2024-09-30 18:07:14.940729+04:00
66fab096fbbbb999ba319ffe,KXHNMQRC,CAR,2024-09-30 18:07:18.421978+04:00
66fab11cfbbbb999ba31a09d,WWJSW2Z5,CAR,2024-09-30 18:09:32.407339+04:00
66fab1ca3d451c04e6b31934,LR22QFPN,CAR,2024-09-30 18:12:26.430249+04:00
66fab30e9a6ee969bbaf1802,UVHP32F8,CAR,2024-09-30 18:17:50.435661+04:00
66fab3209370f0750147f5bf,UVAKHKDJ,CAR,2024-09-30 18:18:08.864001+04:00
66fab4893d451c04e6b31a8d,9ZRHX2YB,CAR,2024-09-30 18:24:09.490923+04:00
66fab5c7fbbbb999ba31a1e5,TQYEMU6X,CAR,2024-09-30 18:29:27.635415+04:00
66fab93f9370f0750147f70c,LARY5HHZ,CAR,2024-09-30 18:44:15.069406+04:00
66fab94d03c904141dd9fb9d,PN5NXTGZ,CAR,2024-09-30 18:44:29.170708+04:00
66fabae403c904141dd9fc0f,N982FN66,CAR,2024-09-30 18:51:16.441009+04:00
66fabb612518ae2bf4801788,SWB9FX9C,CAR,2024-09-30 18:53:21.775648+04:00
66fabbeb2dfb8e6e8812210c,6P94GVTW,CAR,2024-09-30 18:55:39.839902+04:00
66fabc489370f0750147f789,443XZZ3R,CAR,2024-09-30 18:57:12.714089+04:00
66fabc6dfbbbb999ba31a28a,KYK9UEUS,CAR,2024-09-30 18:57:49.330092+04:00
66fac0c2224417e239afaad0,YUELUFWU,CAR,2024-09-30 19:16:18.512418+04:00
66fac0c2b1a0eb1b38d842b8,SAHHZ7JJ,CAR,2024-09-30 19:16:18.601733+04:00
66fac80a75633e6b96078822,RR9J8XQL,CAR,2024-09-30 19:47:22.608566+04:00
66fac881345179eb839fb32b,2NPXZJHK,CAR,2024-09-30 19:49:21.727220+04:00
66fac9b94f1deaf4568ffecd,LA63GV9N,CAR,2024-09-30 19:54:33.138149+04:00
66faca42345179eb839fb3a3,EB8HNG8C,CAR,2024-09-30 19:56:50.258759+04:00
66facbbde7d98c67517e4c75,DVSVVH7X,CAR,2024-09-30 20:03:09.720840+04:00
66facc964323824826f4f27f,CU5XL6HB,CAR,2024-09-30 20:06:46.691003+04:00
66facda1e7d98c67517e4cec,2XYEWALZ,CAR,2024-09-30 20:11:13.012279+04:00
66faceb4c859377f98606be4,DWCFAK5B,CAR,2024-09-30 20:15:48.701295+04:00
66facf6ce7d98c67517e4d33,PMUT3ZUM,CAR,2024-09-30 20:18:52.172509+04:00
66facf7b4323824826f4f31b,U8W4C5JY,CAR,2024-09-30 20:19:07.537594+04:00
66fad5cf4323824826f4f3ea,42TUQBUT,CAR,2024-09-30 20:46:07.144206+04:00
66fad78d75633e6b96078852,G7YJCT6V,CAR,2024-09-30 20:53:33.522747+04:00
66fad8e875633e6b960788c2,TAV4FVJ9,CAR,2024-09-30 20:59:20.017245+04:00
66fadba14323824826f4f44f,HRNKJENJ,CAR,2024-09-30 21:10:57.418648+04:00
66fadbd94f1deaf4568fffd5,BKT4FNN7,CAR,2024-09-30 21:11:53.616460+04:00
66fade984323824826f4f4d4,K76WPMFZ,CAR,2024-09-30 21:23:36.216161+04:00
66fae7ea4323824826f4f619,A8GGDBRY,CAR,2024-09-30 22:03:22.367881+04:00
66faebc54f1deaf4569000a9,NP9Z8HX7,CAR,2024-09-30 22:19:49.550657+04:00
66faf0434319d96e67054ed8,G72GVBS9,CAR,2024-09-30 22:38:59.164211+04:00
66faf06e345179eb839fb71a,9KE4UKNU,CAR,2024-09-30 22:39:42.968181+04:00
66faf7374323824826f4f7ec,GCAD3TEG,CAR,2024-09-30 23:08:39.215019+04:00
66faff354323824826f4f8e6,5QT3APSG,CAR,2024-09-30 23:42:45.089995+04:00
66fb183a4323824826f4f95a,TPEWB8ST,CAR,2024-10-01 01:29:30.957850+04:00
66fb62804323824826f4fb10,CYZ4GC4B,CAR,2024-10-01 06:46:24.070704+04:00
66fb694b387a29cff8fa77ef,8E7HJDMH,CAR,2024-10-01 07:15:23.869598+04:00
66fb6d464323824826f4fba6,SLQGSYFS,CAR,2024-10-01 07:32:22.027386+04:00
66fb6e894f1deaf456900398,EPPLKU82,CAR,2024-10-01 07:37:45.570929+04:00
66fb70c14323824826f4fc69,L5GJA9K3,CAR,2024-10-01 07:47:13.396129+04:00
66fb72344319d96e67055009,3PVLUWH3,CAR,2024-10-01 07:53:24.663631+04:00
66fb7239f7d7cf00cf94873a,RXQMAEAR,CAR,2024-10-01 07:53:29.399787+04:00
66fb7304387a29cff8fa7890,Z3L2YA94,CAR,2024-10-01 07:56:52.675485+04:00
66fb77334323824826f4fde2,5W53ZYFU,CAR,2024-10-01 08:14:43.131704+04:00
66fb786adb2d60e2876c73fe,LCMUKAQJ,CAR,2024-10-01 08:19:54.887796+04:00
66fb7bef4f1deaf45690049d,B9MSY3JW,CAR,2024-10-01 08:34:55.382604+04:00
66fb7c60db2d60e2876c7529,Y3H22EUT,CAR,2024-10-01 08:36:47.985235+04:00
66fb842e811efb5e8f0de100,XEC2ZT4D,CAR,2024-10-01 09:10:06.668259+04:00
66fb853dce74d1f41622c369,CYZMKZZN,CAR,2024-10-01 09:14:37.562270+04:00
66fb85a3b03119ede88ffccf,4PJ7B352,CAR,2024-10-01 09:16:18.965118+04:00
66fb8761b1a0eb1b38d844dd,7DGK3GDC,CAR,2024-10-01 09:23:45.850526+04:00
66fb87aece74d1f41622c468,GUN9Z577,CAR,2024-10-01 09:25:01.991670+04:00
66fb88c7811efb5e8f0de2a6,RGL6QVFL,CAR,2024-10-01 09:29:43.575413+04:00
66fb897e811efb5e8f0de320,NRRV6YFY,CAR,2024-10-01 09:32:46.825499+04:00
66fb8a18db2d60e2876c75cc,SWGY78K8,CAR,2024-10-01 09:35:20.004145+04:00
66fb8ac3811efb5e8f0de3f8,N9LXPWTY,CAR,2024-10-01 09:38:11.174169+04:00
66fb8bcb70a4dc5d29886ca9,GZQ38NUV,CAR,2024-10-01 09:42:35.641839+04:00
66fb8c53811efb5e8f0de4a7,8LF4DJ4Q,CAR,2024-10-01 09:44:51.325762+04:00
66fb90304a49a37f389178e6,FE9SGCRR,CAR,2024-10-01 10:01:20.635828+04:00
66fb90528a60322e98fea684,9SJSD4HK,CAR,2024-10-01 10:01:54.438319+04:00
66fb908eb03119ede88ffe23,TXNWHZ5G,CAR,2024-10-01 10:02:54.195669+04:00
66fb909b8a60322e98fea73f,UKH6DREX,CAR,2024-10-01 10:03:07.710853+04:00
66fb912ea9226c5ff1bd535e,VYZVS2Y2,CAR,2024-10-01 10:05:33.941730+04:00
66fb91ec8a60322e98fea80c,3REU3CH3,CAR,2024-10-01 10:08:44.016293+04:00
66fb91f3ce74d1f41622c5cb,YVC2D8AF,CAR,2024-10-01 10:08:51.236380+04:00
66fb923b8a60322e98fea877,4APGWDPW,CAR,2024-10-01 10:10:03.844139+04:00
66fb928b8a60322e98fea92c,47L3RGA9,CAR,2024-10-01 10:11:23.358162+04:00
66fb93a88a60322e98fea9b7,FCYXQ9SZ,CAR,2024-10-01 10:16:08.099759+04:00
66fb93bf8a60322e98feaa29,BJKYCUN8,CAR,2024-10-01 10:16:31.836593+04:00
66fb946a8a60322e98feaaa1,FFGJDRPT,CAR,2024-10-01 10:19:22.000022+04:00
66fb94da4a49a37f38917a1b,RVNQYYPM,CAR,2024-10-01 10:21:14.463145+04:00
66fb9576b03119ede88ffe3e,N98WFDZV,CAR,2024-10-01 10:23:50.687775+04:00
66fb95858a60322e98feac7d,JVPFGZZW,CAR,2024-10-01 10:24:05.926555+04:00
66fb986f4a49a37f38917a46,LQWZQ8Z2,CAR,2024-10-01 10:36:31.447265+04:00
66fb9951ce74d1f41622c68d,CEYT5THJ,CAR,2024-10-01 10:40:17.353903+04:00
66fb9a88a9226c5ff1bd5596,DFGX83AD,CAR,2024-10-01 10:45:28.124946+04:00
66fb9aa0a9226c5ff1bd5601,D3UJF9M4,CAR,2024-10-01 10:45:52.894032+04:00
66fb9fecce74d1f41622c7af,EKWG9C9V,CAR,2024-10-01 11:08:28.246809+04:00
66fba054633de91a480feca7,FH3UYNQ4,CAR,2024-10-01 11:10:12.779860+04:00
66fba0cfb03119ede88ffec2,RVF9HGKZ,CAR,2024-10-01 11:12:15.080629+04:00
66fba19c70a4dc5d29886f58,8EZFBVDG,CAR,2024-10-01 11:15:40.801439+04:00
66fba19da9226c5ff1bd586a,2MXRFEDD,CAR,2024-10-01 11:15:41.631506+04:00
66fba2cb8a60322e98feb055,MV4QZBGL,CAR,2024-10-01 11:20:43.041799+04:00
66fba2e18a60322e98feb0bd,S4X3YHXW,CAR,2024-10-01 11:21:05.079653+04:00
66fba410fef331bcbcb08563,U259EARJ,CAR,2024-10-01 11:26:08.568150+04:00
66fba45e8a60322e98feb0d0,5C544FCQ,CAR,2024-10-01 11:27:26.558727+04:00
66fba5e96479e615d001011b,8SD6JACY,CAR,2024-10-01 11:34:01.113462+04:00
66fba649a9226c5ff1bd5be7,3M4NNTWU,CAR,2024-10-01 11:35:37.716005+04:00
66fba7846479e615d00101a1,UNB6J6SJ,CAR,2024-10-01 11:40:52.169296+04:00
66fba98e31f0da85f157a12f,UUWL3G74,CAR,2024-10-01 11:49:34.129779+04:00
66fbaa886479e615d0010247,4MQFK4H4,CAR,2024-10-01 11:53:44.022939+04:00
66fbabccfef331bcbcb08670,SM77JTPS,CAR,2024-10-01 11:59:08.183134+04:00
66fbac9a6479e615d0010298,QU6HNAWM,CAR,2024-10-01 12:02:34.777739+04:00
66fbada3fef331bcbcb086e6,KU3EQ96E,CAR,2024-10-01 12:06:59.393883+04:00
66fbaebeafc37b79b4e3b15f,VXNR2XFC,CAR,2024-10-01 12:11:42.726474+04:00
66fbaecda9226c5ff1bd5ec3,V45ELYYM,CAR,2024-10-01 12:11:57.784861+04:00
66fbaf3c6479e615d001030d,PXRES2RN,CAR,2024-10-01 12:13:48.470790+04:00
66fbb22fd6b6fad2255432c5,L7XG375L,CAR,2024-10-01 12:26:23.612384+04:00
66fbb32c1adbf29038a85abb,YTRWPU5B,CAR,2024-10-01 12:30:36.620153+04:00
66fbb36aacce7f9dcd2b54d1,MTUJ9W4A,CAR,2024-10-01 12:31:38.044684+04:00
66fbb4696479e615d0010636,ERRR6RT9,CAR,2024-10-01 12:35:53.023165+04:00
66fbb4f2afc37b79b4e3b20e,H9A2CX5E,CAR,2024-10-01 12:38:10.143270+04:00
66fbb624acce7f9dcd2b555a,L8WZXCYY,CAR,2024-10-01 12:43:16.813538+04:00
66fbb67953702872b98d45ec,ENJ3TZU8,CAR,2024-10-01 12:44:41.532963+04:00
66fbb7846479e615d0010711,G237MAHN,CAR,2024-10-01 12:49:08.098496+04:00
66fbb79d6479e615d0010784,ZAMHGHST,CAR,2024-10-01 12:49:33.549574+04:00
66fbb7b18c38c1a86044b180,PR74CCWN,CAR,2024-10-01 12:49:53.113263+04:00
66fbb7f36479e615d0010813,DEFHZB2Q,CAR,2024-10-01 12:50:59.148174+04:00
66fbb870fef331bcbcb087cb,9J28N6CU,CAR,2024-10-01 12:53:04.839966+04:00
66fbb9298c38c1a86044b201,ZKA4FFUP,CAR,2024-10-01 12:56:09.018096+04:00
66fbb968d6b6fad225543340,VXBA5PJN,CAR,2024-10-01 12:57:12.565924+04:00
66fbba5138303f7ca20f4f84,YVKFXNH9,CAR,2024-10-01 13:01:05.122763+04:00
66fbba83e244e1d7d5457bf4,5FLR3E8T,CAR,2024-10-01 13:01:55.113367+04:00
66fbbdcd884d40b7b23145e1,L7R524MV,CAR,2024-10-01 13:15:57.475686+04:00
66fbbdf0d6b6fad22554354e,S3RMKDKC,CAR,2024-10-01 13:16:32.595114+04:00
66fbbe6bc26217e7bf4b1c67,FWCN7EAY,CAR,2024-10-01 13:18:35.547679+04:00
66fbbe75dd31685fa6b93303,L3L9CNR9,CAR,2024-10-01 13:18:45.259844+04:00
66fbbffb18e0cd5144676202,9KRUX5GE,CAR,2024-10-01 13:25:15.067906+04:00
66fbc16d062da34acf825af4,AQH43HML,CAR,2024-10-01 13:31:25.200250+04:00
66fbc3b2dd31685fa6b933c1,R86RFHRU,CAR,2024-10-01 13:41:06.724716+04:00
66fbc443dd31685fa6b9343b,RMQ2PXMR,CAR,2024-10-01 13:43:31.751697+04:00
66fbc4c3062da34acf825c41,JDNKYFWB,CAR,2024-10-01 13:45:39.592792+04:00
66fbc631dd31685fa6b93491,PT5JSTFT,CAR,2024-10-01 13:51:45.851116+04:00
66fbc799884d40b7b2314706,66DRTH58,CAR,2024-10-01 13:57:45.746939+04:00
66fbc7c218e0cd51446764a6,KBG7GXX7,CAR,2024-10-01 13:58:26.611775+04:00
66fbc7c218e0cd51446764a9,KW5TR6QW,CAR,2024-10-01 13:58:26.909312+04:00
66fbc875884d40b7b2314788,HGXYVH8W,CAR,2024-10-01 14:01:25.377626+04:00
66fbc896c26217e7bf4b1e71,4UQA588K,CAR,2024-10-01 14:01:58.053469+04:00
66fbc931dd31685fa6b9352f,JAQZNYDQ,CAR,2024-10-01 14:04:33.662716+04:00
66fbca930b045da0864b7771,3JTRAJGB,CAR,2024-10-01 14:10:27.703028+04:00
66fbcc2dc26217e7bf4b1f3e,DYK8KNSF,CAR,2024-10-01 14:17:17.588950+04:00
66fbceacc26217e7bf4b1f60,RTTEKNLX,CAR,2024-10-01 14:27:56.585119+04:00
66fbd01718e0cd5144676761,JDBP3ZN5,CAR,2024-10-01 14:33:59.228005+04:00
66fbd07b884d40b7b2314a60,SYBSGT56,CAR,2024-10-01 14:35:39.029002+04:00
66fbd1ac18e0cd5144676896,AQXZT8BR,CAR,2024-10-01 14:40:44.260330+04:00
66fbd3b714cc11c2216d9d4b,ZM2B7VEJ,CAR,2024-10-01 14:49:27.139028+04:00
66fbd70f18e0cd51446769b1,MMNRZYF3,CAR,2024-10-01 15:03:43.645660+04:00
66fbd72bd0cd83ce5e705bf7,UTN52A5Z,CAR,2024-10-01 15:04:11.038284+04:00
66fbd75c14cc11c2216d9e18,GP4CU8QB,CAR,2024-10-01 15:05:00.426099+04:00
66fbd7e914cc11c2216d9e8a,XD5AUMKE,CAR,2024-10-01 15:07:21.691498+04:00
66fbd8372768699c4c1e4b6c,7G2YWFLR,CAR,2024-10-01 15:08:39.056998+04:00
66fbd93a55c77ffa954fcf47,LBQR7A3Z,CAR,2024-10-01 15:12:58.360241+04:00
66fbda7b39cb945139450c6b,EK2YP54W,CAR,2024-10-01 15:18:19.383974+04:00
66fbdb272768699c4c1e4cd5,XGMQ5FT5,CAR,2024-10-01 15:21:11.953712+04:00
66fbdc1f39cb945139450cb7,ALYK93CN,CAR,2024-10-01 15:25:19.411595+04:00
66fbdd1abcaee6e055ed5dce,HY6JCMLZ,CAR,2024-10-01 15:29:30.370804+04:00
66fbdd6439cb945139450d2a,AYQ9XARK,CAR,2024-10-01 15:30:44.136057+04:00
66fbddabbcaee6e055ed5e37,BXWQBTAB,CAR,2024-10-01 15:31:55.794796+04:00
66fbddfb4ab6c4eb16334e0d,BYCF27VP,CAR,2024-10-01 15:33:15.038173+04:00
66fbde0155c77ffa954fcfc7,LGKHW29U,CAR,2024-10-01 15:33:21.321537+04:00
66fbde2eee9d0b7931e6989d,C9CWJPTW,CAR,2024-10-01 15:34:06.865217+04:00
66fbde340358a97be46fdede,P54YLBHX,CAR,2024-10-01 15:34:12.055260+04:00
66fbdfa155c77ffa954fd064,RSUBXBG6,CAR,2024-10-01 15:40:17.706374+04:00
66fbdfae55c77ffa954fd06a,PE9H58XG,CAR,2024-10-01 15:40:30.200225+04:00
66fbe06255c77ffa954fd112,M9MEMN5R,CAR,2024-10-01 15:43:30.353969+04:00
66fbe18d7d7baf3d2bada00a,N4K2WL5B,CAR,2024-10-01 15:48:29.051001+04:00
66fbe22839cb945139450e50,GSLCLHMK,CAR,2024-10-01 15:51:04.519783+04:00
66fbe2554ab6c4eb16334ea7,VF5WHF26,CAR,2024-10-01 15:51:49.658303+04:00
66fbe32e0358a97be46fdf40,A7XKUMHH,CAR,2024-10-01 15:55:26.494182+04:00
66fbe4210358a97be46fdfba,53ATDS75,CAR,2024-10-01 15:59:29.704665+04:00
66fbe424b3bee5c054ca8661,L96WX9LF,CAR,2024-10-01 15:59:32.892096+04:00
66fbe4b4bcaee6e055ed5f65,7EHPGBUR,CAR,2024-10-01 16:01:56.769031+04:00
66fbe5b42768699c4c1e4ecd,BJ8MFD6P,CAR,2024-10-01 16:06:12.263477+04:00
66fbe62755c77ffa954fd1a5,GT6W2MBW,CAR,2024-10-01 16:08:07.473679+04:00
66fbe6302768699c4c1e4f4f,CGJJX2WY,CAR,2024-10-01 16:08:16.954580+04:00
66fbe6912768699c4c1e502b,C78VSBLE,CAR,2024-10-01 16:09:53.867169+04:00
66fbe7272768699c4c1e50d4,CJJ3CPCJ,CAR,2024-10-01 16:12:22.852839+04:00
66fbe8232768699c4c1e5237,XG2XQHVU,CAR,2024-10-01 16:16:35.223827+04:00
66fbe8610358a97be46fe08f,QKE2L76K,CAR,2024-10-01 16:17:37.823747+04:00
66fbe95c2768699c4c1e52bb,LNT4AMS5,CAR,2024-10-01 16:21:47.988838+04:00
66fbe95c55c77ffa954fd294,WER8KQDH,CAR,2024-10-01 16:21:48.549363+04:00
66fbe96c2768699c4c1e5354,YTUS2SKZ,CAR,2024-10-01 16:22:04.041357+04:00
66fbe9822768699c4c1e53c7,YGE5LAUH,CAR,2024-10-01 16:22:26.591329+04:00
66fbe9fe39cb945139450f12,7J3GPFPW,CAR,2024-10-01 16:24:30.904186+04:00
66fbea090358a97be46fe11b,7NJ54EZM,CAR,2024-10-01 16:24:41.140216+04:00
66fbeb6a4ab6c4eb16334f75,B4XEARQL,CAR,2024-10-01 16:30:34.128939+04:00
66fbeb782768699c4c1e5490,ZXPHUBVW,CAR,2024-10-01 16:30:48.467002+04:00
66fbecab517abd15161f7744,DDZ6G3UE,CAR,2024-10-01 16:35:55.098589+04:00
66fbedf5b3bee5c054ca8697,L5TVSHUL,CAR,2024-10-01 16:41:25.210772+04:00
66fbeef30358a97be46fe1e5,XF86KYSV,CAR,2024-10-01 16:45:39.024134+04:00
66fbeefd2768699c4c1e5696,JDYW3FMQ,CAR,2024-10-01 16:45:49.175226+04:00
66fbef164ab6c4eb163350e6,V2PAFTB4,CAR,2024-10-01 16:46:14.083708+04:00
66fbf05eb3bee5c054ca86e4,NGKCG6EQ,CAR,2024-10-01 16:51:42.864530+04:00
66fbf0707d7baf3d2bada107,QRDBSMDG,CAR,2024-10-01 16:52:00.032389+04:00
66fbf0ae0358a97be46fe2d7,ED4TMKYS,CAR,2024-10-01 16:53:01.930364+04:00
66fbf0c0d3adc794c8ea6e51,ZT74SMBL,CAR,2024-10-01 16:53:20.523709+04:00
66fbf0c2b9d3cf1f7fe2a561,9SB6Y9LH,CAR,2024-10-01 16:53:22.034427+04:00
66fbf286768e611b13178ec4,7EPEXY7K,CAR,2024-10-01 17:00:54.758808+04:00
66fbf33102f7b7ddee14bae1,AKTNS6WJ,CAR,2024-10-01 17:03:45.834057+04:00
66fbf474d3adc794c8ea6f6b,9J6ZYNJJ,CAR,2024-10-01 17:09:08.650449+04:00
66fbf481768e611b13178ff8,K7TJ535F,CAR,2024-10-01 17:09:21.373681+04:00
66fbf7aad3adc794c8ea7027,FJCPB4CU,CAR,2024-10-01 17:22:50.199317+04:00
66fbf9fe768e611b1317915e,XJD4MVFN,CAR,2024-10-01 17:32:46.423515+04:00
66fbfa51d3adc794c8ea7072,WQDVF8C4,CAR,2024-10-01 17:34:09.542328+04:00
66fbfa8c02f7b7ddee14bb5a,9BGSU526,CAR,2024-10-01 17:35:08.784741+04:00
66fbfaca768e611b1317923b,GNGSQVKP,CAR,2024-10-01 17:36:10.088240+04:00
66fbfad0d3adc794c8ea70e9,NJLPCPS6,CAR,2024-10-01 17:36:16.345530+04:00
66fbfb28b9d3cf1f7fe2a5dd,N3M4VF3Y,CAR,2024-10-01 17:37:44.926890+04:00
66fbfb6f2e82e28a14a1542e,CS9SJH32,CAR,2024-10-01 17:38:55.870038+04:00
66fbfe5ed3adc794c8ea71a8,BGAA7RWT,CAR,2024-10-01 17:51:26.038047+04:00
66fbfefe768e611b131792d3,2QA8T9PQ,CAR,2024-10-01 17:54:06.957360+04:00
66fbff37ae168e0fec29c011,7GG2QSA4,CAR,2024-10-01 17:55:03.244863+04:00
66fc00bbd3adc794c8ea734e,BTM6PM5Y,CAR,2024-10-01 18:01:31.509062+04:00
66fc01a8768e611b13179397,CVRK3N74,CAR,2024-10-01 18:05:28.909846+04:00
66fc04b5768e611b13179420,LXWP955D,CAR,2024-10-01 18:18:29.099615+04:00
66fc055302f7b7ddee14bcf9,SRCJTGU3,CAR,2024-10-01 18:21:07.877590+04:00
66fc071c2e82e28a14a15547,AEL85MHL,CAR,2024-10-01 18:28:44.188623+04:00
66fc07bd2e82e28a14a155c5,XWS5642V,CAR,2024-10-01 18:31:25.127362+04:00
66fc08b302f7b7ddee14bd8d,NB62VYVW,CAR,2024-10-01 18:35:31.481315+04:00
66fc0d702e82e28a14a15873,8EB3HU2A,CAR,2024-10-01 18:55:44.087000+04:00
66fc17d22e82e28a14a15a2b,9U2NT9EA,CAR,2024-10-01 19:40:02.914521+04:00
66fc199ab9d3cf1f7fe2a6f0,YG4HYBAG,CAR,2024-10-01 19:47:38.463233+04:00
66fc1ac902f7b7ddee14bf73,S8CZ6YTW,CAR,2024-10-01 19:52:41.302761+04:00
66fc1b772e82e28a14a15b69,39GER6XC,CAR,2024-10-01 19:55:35.675682+04:00
66fc1bbe2e82e28a14a15bdc,UEE5R7LJ,CAR,2024-10-01 19:56:46.946361+04:00
66fc1d7f768e611b13179767,9R6HEDK8,CAR,2024-10-01 20:04:15.555550+04:00
66fc1e35f14c40e98bc1c01b,UH37PPDT,CAR,2024-10-01 20:07:17.408013+04:00
66fc21e09a8cdb74e090acf5,M4TH67DE,CAR,2024-10-01 20:22:56.147265+04:00
66fc232cf14c40e98bc1c092,99HYHFZP,CAR,2024-10-01 20:28:28.034259+04:00
66fc265c6662e2ad5ab64c5c,X9W8VUNF,CAR,2024-10-01 20:42:04.350190+04:00
66fc32ff04ee0b6172feeb0b,8JV2EVM3,CAR,2024-10-01 21:35:59.606010+04:00
66fc355b768e611b13179cdb,DGDD8U8C,CAR,2024-10-01 21:46:03.026759+04:00
66fc35a302f7b7ddee14c05d,49DFWFH7,CAR,2024-10-01 21:47:15.921121+04:00
66fc37dd768e611b13179d9f,KMGVD7NM,CAR,2024-10-01 21:56:45.006957+04:00
66fc396e04ee0b6172feebae,JFK3Q8JS,CAR,2024-10-01 22:03:26.823580+04:00
66fc4f60eaf21c760b94fc4a,EWZTJN6Q,CAR,2024-10-01 23:37:04.588420+04:00
66fcb9e8fdba57b96b559c2d,BZR9RXW5,CAR,2024-10-02 07:11:36.217913+04:00
66fcc0ee78007a93dc55da3d,BKWJGNZ2,CAR,2024-10-02 07:41:34.747954+04:00
66fcc75404ee0b6172feee1a,TNAB9RKR,CAR,2024-10-02 08:08:52.232202+04:00
66fcc9dd4e9bc3b6ca4471cf,Y8GKFTC5,CAR,2024-10-02 08:19:41.768360+04:00
66fccd9eeaf21c760b94fcf7,E592MK2M,CAR,2024-10-02 08:35:42.825227+04:00
66fcd07004ee0b6172feef85,53XNDMRR,CAR,2024-10-02 08:47:44.806667+04:00
66fcd206d90952f3fbbf137d,FQN263YK,CAR,2024-10-02 08:54:30.302046+04:00
66fcd3004e9bc3b6ca447222,V5Z9BXLA,CAR,2024-10-02 08:58:39.998773+04:00
66fcd3a313805070509b8507,JQ9UAPCM,CAR,2024-10-02 09:01:23.954664+04:00
66fcd73404ee0b6172fef050,94Q33KQK,CAR,2024-10-02 09:16:36.563882+04:00
66fcd7dc4e9bc3b6ca447438,S7J2ZHVR,CAR,2024-10-02 09:19:23.983257+04:00
66fcd88d62ad5a170e287f78,Q5KLYRF6,CAR,2024-10-02 09:22:21.619926+04:00
66fcd9a578007a93dc55de25,TZ35TKMR,CAR,2024-10-02 09:27:01.581136+04:00
66fcd9ac78007a93dc55de91,YSAUQ6XP,CAR,2024-10-02 09:27:08.107808+04:00
66fcdaf304ee0b6172fef0dd,WBACT7HX,CAR,2024-10-02 09:32:35.336100+04:00
66fcdcfd04ee0b6172fef16b,RRC2TBDM,CAR,2024-10-02 09:41:17.512870+04:00
66fce054db2e0db07d8c46ea,VLU78TF9,CAR,2024-10-02 09:55:32.606833+04:00
66fce11ddb2e0db07d8c476d,NKYCAPTS,CAR,2024-10-02 09:58:53.215557+04:00
66fce2c6db2e0db07d8c482e,G4S6GUJJ,CAR,2024-10-02 10:05:58.924593+04:00
66fce2f562ad5a170e288110,6MQRRFHN,CAR,2024-10-02 10:06:45.354926+04:00
66fce62262ad5a170e2881b3,LMYNAVRM,CAR,2024-10-02 10:20:18.815177+04:00
66fce7ccd4cec6f9fa850749,DNQTPR8F,CAR,2024-10-02 10:27:24.099133+04:00
66fce927744fe1c90a961508,9SFHL92Q,CAR,2024-10-02 10:33:11.703322+04:00
66fce94dd4cec6f9fa8507d3,VDL5BX3D,CAR,2024-10-02 10:33:49.429061+04:00
66fce9bdfdba57b96b559fd1,NYUZHJLU,CAR,2024-10-02 10:35:41.214829+04:00
66fceb57be305fc4bfb69a7c,77RX3Y7V,CAR,2024-10-02 10:42:31.597237+04:00
66fcebfad4cec6f9fa850880,LQCJXZZH,CAR,2024-10-02 10:45:14.226912+04:00
66fcec69fdba57b96b55a063,AH957ULL,CAR,2024-10-02 10:47:05.867036+04:00
66fcedb3be305fc4bfb69b4e,RH59MVNX,CAR,2024-10-02 10:52:35.259575+04:00
66fcedcfbe305fc4bfb69bef,PMX6L7TL,CAR,2024-10-02 10:53:03.510396+04:00
66fcee143ca974ec559871ea,EXRL32CP,CAR,2024-10-02 10:54:12.889417+04:00
66fcee413ca974ec5598721e,MD9V445J,CAR,2024-10-02 10:54:57.732205+04:00
66fcef0ad4cec6f9fa85093b,5DBYQUFD,CAR,2024-10-02 10:58:18.812499+04:00
66fcef27fdba57b96b55a0d4,7P3KUXX3,CAR,2024-10-02 10:58:47.477054+04:00
66fcf00dfdba57b96b55a158,EDE6XREL,CAR,2024-10-02 11:02:37.373124+04:00
66fcf06ffdba57b96b55a1d1,XRS9JC4B,CAR,2024-10-02 11:04:15.098521+04:00
66fcf1523ca974ec5598744e,AVB4HXMZ,CAR,2024-10-02 11:08:02.877351+04:00
66fcf30bfdba57b96b55a34c,TSZGWR3N,CAR,2024-10-02 11:15:23.009810+04:00
66fcf4c6d43b23ecb302afba,X3JZVE39,CAR,2024-10-02 11:22:46.133254+04:00
66fcf5dbfdba57b96b55a3f4,WUGXQQDJ,CAR,2024-10-02 11:27:23.871583+04:00
66fcf75fd4cec6f9fa850bc2,UF573QDM,CAR,2024-10-02 11:33:51.906329+04:00
66fcf9e8be305fc4bfb69d28,ZNYHZDRY,CAR,2024-10-02 11:44:40.356537+04:00
66fcfa25d4cec6f9fa850c75,7VQ4CC4U,CAR,2024-10-02 11:45:41.831732+04:00
66fcfb6c744fe1c90a961a4c,63ZE6JKT,CAR,2024-10-02 11:51:08.868131+04:00
66fcfbfbbe305fc4bfb69e23,84EH368B,CAR,2024-10-02 11:53:31.505797+04:00
66fcfc14be305fc4bfb69e8c,GEB2S5FS,CAR,2024-10-02 11:53:56.615702+04:00
66fcfc21be305fc4bfb69ef9,3P8UBFY6,CAR,2024-10-02 11:54:08.981801+04:00
66fcfcae744fe1c90a961ac9,TZYAHBDF,CAR,2024-10-02 11:56:30.282119+04:00
66fcfd4abe305fc4bfb69f75,RVAWZFJA,CAR,2024-10-02 11:59:06.273733+04:00
66fcfde3744fe1c90a961b5d,CHM5VQNP,CAR,2024-10-02 12:01:39.193538+04:00
66fcfe37be305fc4bfb69fc2,WNPW6QKL,CAR,2024-10-02 12:03:03.680880+04:00
66fcfefcbe305fc4bfb6a044,PDBFHYCN,CAR,2024-10-02 12:06:20.445287+04:00
66fcff0cbe305fc4bfb6a0bb,MCX7QUJK,CAR,2024-10-02 12:06:36.313372+04:00
66fd0067744fe1c90a961bd8,XKULQ8JH,CAR,2024-10-02 12:12:23.021539+04:00
66fd018dd43b23ecb302b196,L3HY383F,CAR,2024-10-02 12:17:17.305152+04:00
66fd0201d4cec6f9fa850ff4,WUWHLJUS,CAR,2024-10-02 12:19:13.151259+04:00
66fd0284744fe1c90a961c6e,XQ72XLHS,CAR,2024-10-02 12:21:24.427547+04:00
66fd04806448f509690db738,7LWFBECQ,CAR,2024-10-02 12:29:52.091688+04:00
66fd04ee587a42b67a37e329,FYLCDE63,CAR,2024-10-02 12:31:42.944816+04:00
66fd054a6448f509690db7ac,DG2P9HXT,CAR,2024-10-02 12:33:13.975395+04:00
66fd068bd4cec6f9fa851171,H9QT6D56,CAR,2024-10-02 12:38:35.352275+04:00
66fd0723d4cec6f9fa8511f6,BZQ2Z8SC,CAR,2024-10-02 12:41:07.238303+04:00
66fd085f744fe1c90a961db0,WRBAE2QA,CAR,2024-10-02 12:46:23.588005+04:00
66fd08926448f509690db881,TDV4EHW4,CAR,2024-10-02 12:47:14.843137+04:00
66fd08bf8c01d13cec60991f,S8U7LSSB,CAR,2024-10-02 12:47:59.492408+04:00
66fd09906448f509690db927,ECQPFQJ7,CAR,2024-10-02 12:51:28.347657+04:00
66fd0ab9d4cec6f9fa851520,EK3YXJRU,CAR,2024-10-02 12:56:25.625916+04:00
66fd0b9f587a42b67a37e56f,RKTQCRJL,CAR,2024-10-02 13:00:15.076994+04:00
66fd0c81d4cec6f9fa8515c4,FTW7M3P4,CAR,2024-10-02 13:04:01.100679+04:00
66fd0d64d4cec6f9fa851643,BJQDA6VA,CAR,2024-10-02 13:07:48.385785+04:00
66fd0efb35ae26c4d60ce23e,WTG2WWZM,CAR,2024-10-02 13:14:35.171720+04:00
66fd0f128c01d13cec609a94,DKUUFQ6R,CAR,2024-10-02 13:14:58.953647+04:00
66fd0f52587a42b67a37e648,8GDDMN52,CAR,2024-10-02 13:16:02.110969+04:00
66fd10cb03018c015d790e46,2858NL7B,CAR,2024-10-02 13:22:19.902990+04:00
66fd13c8587a42b67a37e889,BGRWVSHS,CAR,2024-10-02 13:35:04.830664+04:00
66fd14413ca974ec5598777e,2KXZ7LS5,CAR,2024-10-02 13:37:05.838832+04:00
66fd14b1587a42b67a37e942,EMM8TQCE,CAR,2024-10-02 13:38:57.773919+04:00
66fd14c96448f509690db9e0,ZC2YFZZ3,CAR,2024-10-02 13:39:21.109791+04:00
66fd1536587a42b67a37e9d4,M9EXLXDQ,CAR,2024-10-02 13:41:10.089842+04:00
66fd17f71b5fcbdc6b545efa,QAGQ6L75,CAR,2024-10-02 13:52:55.930414+04:00
66fd1874a5cb2d71d85e1e6e,69DDC5Z8,CAR,2024-10-02 13:55:00.522058+04:00
66fd1a22a5cb2d71d85e1f0a,84JEWD53,CAR,2024-10-02 14:02:10.536429+04:00
66fd1bca587a42b67a37ed8f,W326NJH6,CAR,2024-10-02 14:09:14.542660+04:00
66fd1bfee1265373c4d3fe45,UGMQ5GV2,CAR,2024-10-02 14:10:06.859174+04:00
66fd1c65a5cb2d71d85e1f9a,53XBYMJ2,CAR,2024-10-02 14:11:49.318198+04:00
66fd1c72587a42b67a37ee2c,YXBSPR3M,CAR,2024-10-02 14:12:02.600001+04:00
66fd1e086448f509690dba66,QWBZ73ZP,CAR,2024-10-02 14:18:48.058328+04:00
66fd2258a5cb2d71d85e2207,2RA7RLE9,CAR,2024-10-02 14:37:12.264090+04:00
66fd24e2bb50a37e85036039,UTZR2YZ7,CAR,2024-10-02 14:48:01.982954+04:00
66fd24f50a1c237bb997f481,PR6LAB3B,CAR,2024-10-02 14:48:21.579902+04:00
66fd254f0a1c237bb997f4f2,NL3AJF68,CAR,2024-10-02 14:49:51.292035+04:00
66fd2645a5cb2d71d85e22b6,72HXPXC7,CAR,2024-10-02 14:53:57.485853+04:00
66fd2764a5cb2d71d85e2334,LABC4AVX,CAR,2024-10-02 14:58:44.795330+04:00
66fd276f04ac0dc9c515599f,6QFX9VPH,CAR,2024-10-02 14:58:55.670107+04:00
66fd28bc244b4fbcecac071d,RW5A7LGC,CAR,2024-10-02 15:04:27.976291+04:00
66fd29245499ffab09be52e5,KZ2CPAUB,CAR,2024-10-02 15:06:12.642110+04:00
66fd2a6404ac0dc9c5155a39,VZESQS4V,CAR,2024-10-02 15:11:32.178370+04:00
66fd2c57e1265373c4d3fef7,B4RT8YTS,CAR,2024-10-02 15:19:51.360759+04:00
66fd2e8404ac0dc9c5155afe,2BZYB994,CAR,2024-10-02 15:29:08.233403+04:00
66fd2e85244b4fbcecac07a2,S77MVRCN,CAR,2024-10-02 15:29:09.079250+04:00
66fd2fb6a5cb2d71d85e23ef,L7SQJKQ4,CAR,2024-10-02 15:34:14.953751+04:00
66fd2fcd6448f509690dbb31,VDGELTBN,CAR,2024-10-02 15:34:37.210055+04:00
66fd307e50e88a726a71df24,WAKFYJQD,CAR,2024-10-02 15:37:34.371090+04:00
66fd313f0a1c237bb997f686,E3LNXAJG,CAR,2024-10-02 15:40:47.767561+04:00
66fd323004ac0dc9c5155cc0,5B8VMUYK,CAR,2024-10-02 15:44:48.138258+04:00
66fd33ec50e88a726a71dfc3,TZ7UU2PF,CAR,2024-10-02 15:52:12.166790+04:00
66fd374250e88a726a71e0c4,QPTQC7BS,CAR,2024-10-02 16:06:26.488117+04:00
66fd38cd244b4fbcecac0a64,4X3KWC59,CAR,2024-10-02 16:13:01.041088+04:00
66fd3b4b04ac0dc9c5155e79,K7H8JKH2,CAR,2024-10-02 16:23:39.506103+04:00
66fd3b7c0a1c237bb997f887,LFKJ3R4X,CAR,2024-10-02 16:24:28.481541+04:00
66fd3c66244b4fbcecac0b3c,7N25CVAU,CAR,2024-10-02 16:28:22.241415+04:00
66fd3cde244b4fbcecac0baf,CGYFY3EM,CAR,2024-10-02 16:30:22.359003+04:00
66fd3d7e50e88a726a71e189,WWYBR6MS,CAR,2024-10-02 16:33:02.156298+04:00
66fd3df0ee9ec2d2e19e120b,CQ9DFGT2,CAR,2024-10-02 16:34:56.471280+04:00
66fd3fb8aa9f3b5208fb493a,JBDBWDWP,CAR,2024-10-02 16:42:32.966667+04:00
66fd41e2aa9f3b5208fb4ad1,F9CJ4LSZ,CAR,2024-10-02 16:51:46.008323+04:00
66fd421f0a1c237bb997fa99,K7QDGTJ3,CAR,2024-10-02 16:52:47.333227+04:00
66fd42a650e88a726a71e20e,X4PFCE46,CAR,2024-10-02 16:55:02.720533+04:00
66fd462f0a1c237bb997fbed,B6BZ4MYQ,CAR,2024-10-02 17:10:07.021974+04:00
66fd47390a1c237bb997fc5a,WTC3F893,CAR,2024-10-02 17:14:33.008063+04:00
66fd4746e1265373c4d3ffcf,DLSDY74M,CAR,2024-10-02 17:14:46.396159+04:00
66fd4749aa9f3b5208fb4c68,QAXBVVMK,CAR,2024-10-02 17:14:49.370118+04:00
66fd4844ee9ec2d2e19e12f9,3QGLZJVZ,CAR,2024-10-02 17:19:00.066398+04:00
66fd495bee9ec2d2e19e1369,DCH7RLHQ,CAR,2024-10-02 17:23:39.834339+04:00
66fd498b5499ffab09be566e,6MSAMW6D,CAR,2024-10-02 17:24:27.456967+04:00
66fd4be05499ffab09be56f2,UNXYLQER,CAR,2024-10-02 17:34:24.773935+04:00
66fd50e45499ffab09be5897,JDRR6DM4,CAR,2024-10-02 17:55:48.181735+04:00
66fd53f8bed9fbe74ec9c73f,8YGRUCD3,CAR,2024-10-02 18:08:56.475785+04:00
66fd5452644254022c9e6b71,XZC9T2EU,CAR,2024-10-02 18:10:26.718921+04:00
66fd547049a6da59b9d57b5d,PDF9A4H8,CAR,2024-10-02 18:10:56.791588+04:00
66fd58b0ee9ec2d2e19e14d1,QMUNJMYM,CAR,2024-10-02 18:29:04.087474+04:00
66fd5aa8d61a1c8a217fb8b0,JLUST684,CAR,2024-10-02 18:37:28.559663+04:00
66fd5ca7af74cb990aa74124,KPUXTJEY,CAR,2024-10-02 18:45:59.002064+04:00
66fd5cdae1265373c4d4002c,VJMCGJWP,CAR,2024-10-02 18:46:49.985170+04:00
66fd5f3c49a6da59b9d57cba,9DGGPPGX,CAR,2024-10-02 18:57:00.736247+04:00
66fd622ebed9fbe74ec9c940,JAUUHTUL,CAR,2024-10-02 19:09:33.993580+04:00
66fd64bfaf74cb990aa7445f,WSUVX6QX,CAR,2024-10-02 19:20:31.186917+04:00
66fd65b6af74cb990aa7453f,F6S4EGA9,CAR,2024-10-02 19:24:38.957854+04:00
66fd65b8af74cb990aa74541,6M2MHUNV,CAR,2024-10-02 19:24:40.425280+04:00
66fd65e29142b330a53ea3ea,MMFB6V4D,CAR,2024-10-02 19:25:22.287899+04:00
66fd692d49a6da59b9d57d40,7PNZYZGJ,CAR,2024-10-02 19:39:25.672059+04:00
66fd6972ee9ec2d2e19e1555,UPZG63Q9,CAR,2024-10-02 19:40:34.850557+04:00
66fd69aa9142b330a53ea46b,J9HUGFHJ,CAR,2024-10-02 19:41:30.184281+04:00
66fd6ef349a6da59b9d57dcd,FU7GR8AM,CAR,2024-10-02 20:04:03.362748+04:00
66fd71fd49a6da59b9d57e47,ZFKH5WR3,CAR,2024-10-02 20:17:01.014984+04:00
66fd7377b8c09b0c7d7d1c20,D6AUZ4CY,CAR,2024-10-02 20:23:19.893889+04:00
66fd7c0e644254022c9e6d75,P9MZURBQ,CAR,2024-10-02 20:59:58.925654+04:00
66fd7f40e1265373c4d4025e,2NNED24Q,CAR,2024-10-02 21:13:36.077662+04:00
66fd829be7fcec0e3458b92f,6YRLXMF2,CAR,2024-10-02 21:27:55.535554+04:00
66fd8d68dff85f55620e4954,9W9M2FG6,CAR,2024-10-02 22:14:00.203823+04:00
66fd8e4ecc869ccd4690c215,QXNBPXBC,CAR,2024-10-02 22:17:50.750140+04:00
66fd90b986ff8e0f1080988e,9LM464KR,CAR,2024-10-02 22:28:09.238692+04:00
66fd946a9142b330a53ea5fc,4S72PJVF,CAR,2024-10-02 22:43:54.666979+04:00
66fd95669142b330a53ea66f,5ZT5P5BQ,CAR,2024-10-02 22:48:06.098683+04:00
66fd96574d2d517b191dcf7a,H5VDFGPV,CAR,2024-10-02 22:52:07.688815+04:00
66fd98f0d61a1c8a217fb96e,HH8KBM6R,CAR,2024-10-02 23:03:12.173608+04:00
66fd9a132d5c9cb45438b3de,9UMBNZMA,CAR,2024-10-02 23:08:03.806547+04:00
66fd9a612d5c9cb45438b446,M8JUQ4GK,CAR,2024-10-02 23:09:21.476436+04:00
66fd9b8b2d5c9cb45438b4bc,N48A68DE,CAR,2024-10-02 23:14:19.439909+04:00
66fda3cd461bdfca92a8c670,SXSAQE9J,CAR,2024-10-02 23:49:33.796166+04:00
66fe0ec3f899e3604f6bfa3d,9EKSXMYW,CAR,2024-10-03 07:25:55.719379+04:00
66fe11170f17ac2530dbf354,TE4JMJ5Z,CAR,2024-10-03 07:35:51.178242+04:00
66fe11e6f03a0a41d2568431,PGZQMJSD,CAR,2024-10-03 07:39:18.082131+04:00
66fe19777e11d6b7dd4f0993,4Q4RAHLJ,CAR,2024-10-03 08:11:35.285785+04:00
66fe1981dff85f55620e4a0b,D4VYSCHZ,CAR,2024-10-03 08:11:45.712677+04:00
66fe1a2ff899e3604f6bfb7b,934HHZ4P,CAR,2024-10-03 08:14:39.619804+04:00
66fe1c486b2cb0befd402702,5892K6CA,CAR,2024-10-03 08:23:36.107776+04:00
66fe1def812332c9f16fa38f,NWVB5V9V,CAR,2024-10-03 08:30:39.895645+04:00
66fe1f3e812332c9f16fa4a8,T5UP9RYG,CAR,2024-10-03 08:36:14.330086+04:00
66fe1fefbeb6e9c2a7636490,62FQRJMK,CAR,2024-10-03 08:39:11.481327+04:00
66fe214df899e3604f6bfc57,ZND3PMHK,CAR,2024-10-03 08:45:01.297269+04:00
66fe2383812332c9f16fa53b,TB9C8T8P,CAR,2024-10-03 08:54:27.550532+04:00
66fe25d50f17ac2530dbf44d,59ZGEUKQ,CAR,2024-10-03 09:04:21.736447+04:00
66fe278a7e11d6b7dd4f0aaa,CKCMZRXN,CAR,2024-10-03 09:11:38.826221+04:00
66fe27f9beb6e9c2a7636562,AKL54WWT,CAR,2024-10-03 09:13:29.545157+04:00
66fe2a06beb6e9c2a763658e,RXHLMMK3,CAR,2024-10-03 09:22:14.473445+04:00
66fe2a866b2cb0befd402a00,5AM4A5D4,CAR,2024-10-03 09:24:22.720063+04:00
66fe2ac584235d0870f6da89,SHQJ7YAY,CAR,2024-10-03 09:25:25.220241+04:00
66fe2b2284235d0870f6dafb,VZ2ASZXX,CAR,2024-10-03 09:26:58.613009+04:00
66fe2d4c0f17ac2530dbf59e,QJ97DKUM,CAR,2024-10-03 09:36:12.705658+04:00
66fe2f3d11f0eec4d70215b5,UH2GQEMK,CAR,2024-10-03 09:44:29.288263+04:00
66fe30c2beb6e9c2a763660d,73PGPFL3,CAR,2024-10-03 09:50:58.068368+04:00
66fe314284235d0870f6dc00,QS4RGAEP,CAR,2024-10-03 09:53:05.961833+04:00
66fe324261932d9c58c6b62d,Q336ASK5,CAR,2024-10-03 09:57:22.090197+04:00
66fe328df27e0a14a0ca0d0d,YNSAYV4X,CAR,2024-10-03 09:58:37.598927+04:00
66fe33e284235d0870f6dcdf,N6Z2BM2Q,CAR,2024-10-03 10:04:18.923448+04:00
66fe36af11f0eec4d70216f3,Q9D35272,CAR,2024-10-03 10:16:15.726182+04:00
66fe37a584235d0870f6dd99,ZBTJ3SQA,CAR,2024-10-03 10:20:21.862115+04:00
66fe385084235d0870f6de0d,J94C5DDR,CAR,2024-10-03 10:23:12.471822+04:00
66fe388a84235d0870f6de7b,2DMC5SMR,CAR,2024-10-03 10:24:10.556383+04:00
66fe389a84235d0870f6df16,5YQ6TVD8,CAR,2024-10-03 10:24:26.771303+04:00
66fe39927f9b2c0e25b4540c,49DDMRB2,CAR,2024-10-03 10:28:34.052804+04:00
66fe39f5d54a6677c694ccf1,ZSPCBJXK,CAR,2024-10-03 10:30:13.969869+04:00
66fe3bec7f9b2c0e25b45534,S4LUWR59,CAR,2024-10-03 10:38:36.187481+04:00
66fe3d8c7f9b2c0e25b455de,RQ2B7VYR,CAR,2024-10-03 10:45:32.233935+04:00
66fe3efb545b26b0b2fab93b,LVFA5NPM,CAR,2024-10-03 10:51:39.709560+04:00
66fe4033545b26b0b2fab9ca,SGYCTP2G,CAR,2024-10-03 10:56:51.516400+04:00
66fe40647f9b2c0e25b4576a,4ZCA6Q3R,CAR,2024-10-03 10:57:40.777979+04:00
66fe40fad54a6677c694cda9,5KTY2MXT,CAR,2024-10-03 11:00:10.468447+04:00
66fe416e20eac2980ef1b95f,4HM4NL2X,CAR,2024-10-03 11:02:06.807859+04:00
66fe42a07f9b2c0e25b45821,8ZJ8CZHT,CAR,2024-10-03 11:07:12.844994+04:00
66fe4394f0a10e11cdaf172c,GWZY82UJ,CAR,2024-10-03 11:11:16.903790+04:00
66fe44d3f0a10e11cdaf17d8,CPLUEBU2,CAR,2024-10-03 11:16:35.779635+04:00
66fe46ab0e0f8ebc5ff7eb55,JWTR9Q29,CAR,2024-10-03 11:24:27.054998+04:00
66fe47ae42584b40b6315ea3,LKWW5ZWH,CAR,2024-10-03 11:28:46.546540+04:00
66fe47fd42584b40b6315f13,TWYMPRMA,CAR,2024-10-03 11:30:05.076152+04:00
66fe48980d33010592227dc6,M4XJLBVC,CAR,2024-10-03 11:32:40.185567+04:00
66fe48d34d2d517b191dd203,BUN835YV,CAR,2024-10-03 11:33:39.610191+04:00
66fe4a380e0f8ebc5ff7ec29,C4NACCUN,CAR,2024-10-03 11:39:36.679237+04:00
66fe4a6e0d33010592227e79,28WQ7BFE,CAR,2024-10-03 11:40:30.826931+04:00
66fe4b3220eac2980ef1bb58,HDYBHSS6,CAR,2024-10-03 11:43:46.298406+04:00
66fe4b37f27e0a14a0ca0fe5,A7T98FCV,CAR,2024-10-03 11:43:51.286499+04:00
66fe4bfb20eac2980ef1bc42,XBAFACGZ,CAR,2024-10-03 11:47:07.680133+04:00
66fe4cde0d33010592227f1b,X6LYEDXT,CAR,2024-10-03 11:50:54.034728+04:00
66fe4d2e4d2d517b191dd301,PA8K2AAV,CAR,2024-10-03 11:52:14.261088+04:00
66fe4d82f27e0a14a0ca1052,28CN3XA2,CAR,2024-10-03 11:53:38.575551+04:00
66fe4eaff27e0a14a0ca109b,XESS5M9D,CAR,2024-10-03 11:58:39.677981+04:00
66fe4ec1eef2964b0e2f715d,6AM6GD6N,CAR,2024-10-03 11:58:57.708665+04:00
66fe4f4baeffc4f48639bf3a,G9NJX7SN,CAR,2024-10-03 12:01:15.578055+04:00
66fe4f873731645aa361beab,E8YF334Y,CAR,2024-10-03 12:02:15.311541+04:00
66fe4fa34d2d517b191dd32e,J29UUANG,CAR,2024-10-03 12:02:43.352590+04:00
66fe518c3731645aa361bf50,ZHX4ZRXS,CAR,2024-10-03 12:10:51.984382+04:00
66fe518e4d2d517b191dd3c5,E3BULFJS,CAR,2024-10-03 12:10:54.456542+04:00
66fe52674d2d517b191dd5c0,68DDRYH2,CAR,2024-10-03 12:14:31.429111+04:00
66fe52a23731645aa361c001,5PDMEZF6,CAR,2024-10-03 12:15:30.185481+04:00
66fe55eb42a543030f05c421,4T8X65KS,CAR,2024-10-03 12:29:31.356458+04:00
66fe55ee0d330105922281ad,4SV7WLBT,CAR,2024-10-03 12:29:34.727630+04:00
66fe56283a1ce7a5d567a978,7ZG2D7J7,CAR,2024-10-03 12:30:32.662101+04:00
66fe56c6aeffc4f48639c06a,R3UUD8MM,CAR,2024-10-03 12:33:10.321430+04:00
66fe57d4aeffc4f48639c113,UPSLZ7FM,CAR,2024-10-03 12:37:40.168935+04:00
66fe5897509d0eba7644b40b,EWH886EX,CAR,2024-10-03 12:40:55.399743+04:00
66fe5968aeffc4f48639c1ac,L927NRKS,CAR,2024-10-03 12:44:24.304970+04:00
66fe599a7b2df8e92f83d9f0,7UQS4HF3,CAR,2024-10-03 12:45:14.616342+04:00
66fe59f0eef2964b0e2f72eb,TUHZZA7T,CAR,2024-10-03 12:46:39.983236+04:00
66fe5a17aeffc4f48639c22b,QQ8DBCVA,CAR,2024-10-03 12:47:19.192187+04:00
66fe5a275b1137bd705d6a43,SU4APY43,CAR,2024-10-03 12:47:35.427231+04:00
66fe5a9e3a1ce7a5d567aa6c,MY782EAZ,CAR,2024-10-03 12:49:34.814684+04:00
66fe5ab43a1ce7a5d567aad9,A2YQ9SCH,CAR,2024-10-03 12:49:56.092710+04:00
66fe5b5e509d0eba7644b4c1,USVR2VNC,CAR,2024-10-03 12:52:46.635631+04:00
66fe5b677b2df8e92f83db49,7NMD27ED,CAR,2024-10-03 12:52:55.503814+04:00
66fe5cd3509d0eba7644b53b,XJLR3YVJ,CAR,2024-10-03 12:58:59.210340+04:00
66fe5df13a1ce7a5d567ac71,GDWND59T,CAR,2024-10-03 13:03:45.586065+04:00
66fe60423a1ce7a5d567ace9,94CZSXL3,CAR,2024-10-03 13:13:38.342518+04:00
66fe6224509d0eba7644b618,MNK2JKFU,CAR,2024-10-03 13:21:40.171568+04:00
66fe62e919da0eeccf77257d,WHUF2NQ5,CAR,2024-10-03 13:24:57.762108+04:00
66fe63f2a97cbde09e9090b1,QTFW3ZRZ,CAR,2024-10-03 13:29:22.755121+04:00
66fe643c19da0eeccf77267a,UDXFGX4G,CAR,2024-10-03 13:30:36.418201+04:00
66fe6745ed3e507c7dda691a,J5TJR55H,CAR,2024-10-03 13:43:33.386983+04:00
66fe678db91e5f5827dd0aca,W467BRQV,CAR,2024-10-03 13:44:45.386019+04:00
66fe68cced3e507c7dda699b,DKRJ8SV7,CAR,2024-10-03 13:50:04.093344+04:00
66fe6931ed3e507c7dda6a0a,KRS579KS,CAR,2024-10-03 13:51:45.751722+04:00
66fe6a4bb91e5f5827dd0bfb,4D7DVFA9,CAR,2024-10-03 13:56:27.734857+04:00
66fe6ba4b91e5f5827dd0c7d,JUPHYULQ,CAR,2024-10-03 14:02:12.314842+04:00
66fe6c0b86ff8e0f10809b72,EYSTN9R2,CAR,2024-10-03 14:03:55.655743+04:00
66fe6c20bb906dab065f1c73,EBARNXU3,CAR,2024-10-03 14:04:16.222542+04:00
66fe6ddb4f970a2114b80c01,LE6MVY84,CAR,2024-10-03 14:11:39.542559+04:00
66fe6df09258a55f7c24b818,DQDPBWEE,CAR,2024-10-03 14:12:00.817940+04:00
66fe6eb12102c38b014a39af,K7C8AFR4,CAR,2024-10-03 14:15:13.371189+04:00
66fe6f199258a55f7c24b8cf,NXR8UH8W,CAR,2024-10-03 14:16:57.369737+04:00
66fe6fc79258a55f7c24b949,6JD2PP47,CAR,2024-10-03 14:19:51.681412+04:00
66fe70d4bb906dab065f1ef2,T4B6B34V,CAR,2024-10-03 14:24:20.338571+04:00
66fe70f5659808f4fe1c3024,ERF6PPYL,CAR,2024-10-03 14:24:53.535888+04:00
66fe71caa90215489d7de7d5,XRY5HPS7,CAR,2024-10-03 14:28:26.631360+04:00
66fe7246bb906dab065f1fa5,PYH6NLT4,CAR,2024-10-03 14:30:30.505563+04:00
66fe72cbb91e5f5827dd0e43,TM4Z49SF,CAR,2024-10-03 14:32:43.886195+04:00
66fe7418bb906dab065f1fb2,PKF8PBRX,CAR,2024-10-03 14:38:16.677490+04:00
66fe78317f31b08ec2a14a72,ECEBMTWN,CAR,2024-10-03 14:55:45.290009+04:00
66fe79617f31b08ec2a14ae7,DETNJ3L4,CAR,2024-10-03 15:00:49.914880+04:00
66fe7a440952ec6849a400b2,WZAFUW5C,CAR,2024-10-03 15:04:36.606088+04:00
66fe7a780ddfd21d3796a40d,G6PJ2R2D,CAR,2024-10-03 15:05:28.351987+04:00
66fe7abaaddf00a8b250aa68,GFTDFC7N,CAR,2024-10-03 15:06:34.929548+04:00
66fe7b4eaddf00a8b250aad0,GCHZ3YFV,CAR,2024-10-03 15:09:02.921780+04:00
66fe7baa50a7085b2d4bde21,UVLSYSY9,CAR,2024-10-03 15:10:34.577621+04:00
66fe7c3e50a7085b2d4be00e,JG3AGEY7,CAR,2024-10-03 15:13:02.224891+04:00
66fe7dc70952ec6849a4020b,23AW48SE,CAR,2024-10-03 15:19:35.749442+04:00
66fe7e32addf00a8b250ab5a,85JUUQFY,CAR,2024-10-03 15:21:22.901995+04:00
66fe7e5baddf00a8b250abcb,C8JG6SZL,CAR,2024-10-03 15:22:03.585737+04:00
66fe7eb0d21635f4da925620,3ZP3HEXA,CAR,2024-10-03 15:23:28.661223+04:00
66fe7edbc94ac7ee4c95ea05,PB29WZ8C,CAR,2024-10-03 15:24:11.452716+04:00
66fe7fdf0ddfd21d3796a471,LUGKQKS6,CAR,2024-10-03 15:28:31.747263+04:00
66fe83ec57d8d4afd260d44b,PW9C6UT5,CAR,2024-10-03 15:45:48.518120+04:00
66fe840257d8d4afd260d454,DD3KYA6W,CAR,2024-10-03 15:46:10.231012+04:00
66fe85350ddfd21d3796a527,RU7BM5MK,CAR,2024-10-03 15:51:17.399995+04:00
66fe86c50ddfd21d3796a59c,82GW4BYN,CAR,2024-10-03 15:57:57.222293+04:00
66fe87130ddfd21d3796a610,8QKRK882,CAR,2024-10-03 15:59:15.831326+04:00
66fe87b6f29bb64ca47085b4,SHX82SBU,CAR,2024-10-03 16:01:58.275337+04:00
66fe87e5c94ac7ee4c95ea64,P6XTS4FT,CAR,2024-10-03 16:02:45.046982+04:00
66fe8812f29bb64ca4708639,XP6MLXF3,CAR,2024-10-03 16:03:30.651975+04:00
66fe89200ddfd21d3796a692,66ZSN68Y,CAR,2024-10-03 16:08:00.181958+04:00
66fe8acf4c63cd9c3c58f6ea,X58JUQWA,CAR,2024-10-03 16:15:11.186615+04:00
66fe8ec257d8d4afd260d52a,ZVPPUPA9,CAR,2024-10-03 16:32:02.465604+04:00
66fe8f2ec94ac7ee4c95eb58,QUJXQNWS,CAR,2024-10-03 16:33:50.542767+04:00
66fe8f8f747789b3422bc2ae,965U5FKE,CAR,2024-10-03 16:35:27.942502+04:00
66fe9028f29bb64ca470876c,JBLNPFMH,CAR,2024-10-03 16:38:00.624470+04:00
66fe91b3747789b3422bc335,ANF8ZMYY,CAR,2024-10-03 16:44:35.699624+04:00
66fe91d757d8d4afd260d5b3,TWSQXQTQ,CAR,2024-10-03 16:45:10.991188+04:00
66fe945fa302fe2bcd53a366,SH53DX8A,CAR,2024-10-03 16:55:59.332671+04:00
66fe96cfc9236842356b1d1a,K8LFFF4Q,CAR,2024-10-03 17:06:23.258981+04:00
66fe98ccc94ac7ee4c95ebe1,JJEQG7QP,CAR,2024-10-03 17:14:52.472986+04:00
66fe98dac94ac7ee4c95ec51,MPFHDERK,CAR,2024-10-03 17:15:06.402391+04:00
66fe9a8c8859bbab2d043512,367MTWQR,CAR,2024-10-03 17:22:20.903297+04:00
66fe9aea44aa98114b4620e7,4J6C4FCR,CAR,2024-10-03 17:23:54.058257+04:00
66fe9bf9c9236842356b1e41,96MDTUVV,CAR,2024-10-03 17:28:25.229397+04:00
66fe9c9bc9236842356b1eb1,MJHKD24P,CAR,2024-10-03 17:31:07.529617+04:00
66fea3e8bb50a37e850361a5,VYBJGBHA,CAR,2024-10-03 18:02:16.271743+04:00
66fea4f7b8c09b0c7d7d1c28,5985M6UU,CAR,2024-10-03 18:06:47.138785+04:00
66fea4f8605854a23d998a96,C4HE949V,CAR,2024-10-03 18:06:48.765653+04:00
66fea7f22a59f485c5bd1827,E5MFUW4G,CAR,2024-10-03 18:19:30.639062+04:00
66feb0cfecdc5e3e88884f5a,9VJ53QV4,CAR,2024-10-03 18:57:19.822254+04:00
66feb5f386fcd14aebac2b75,JH8PYEW8,CAR,2024-10-03 19:19:15.568221+04:00
66feb6d686fcd14aebac2b7d,MAYWT2VE,CAR,2024-10-03 19:23:02.901679+04:00
66feb791d16b529c0de26f1c,XXGEK2U8,CAR,2024-10-03 19:26:09.562089+04:00
66feb90173385a23f346a6a7,ED6ADM3X,CAR,2024-10-03 19:32:17.210473+04:00
66febd2ac9f67e644d098468,5DR5DHH4,CAR,2024-10-03 19:50:02.501063+04:00
66fec050f1d427bd52cc5a56,HET67FTE,CAR,2024-10-03 20:03:28.516909+04:00
66fec3b87d37cdc1a3d15f5e,NY2UG7QE,CAR,2024-10-03 20:18:00.380912+04:00
66fec4907d37cdc1a3d15fdf,TTQH62FH,CAR,2024-10-03 20:21:36.845966+04:00
66fec8aa7d37cdc1a3d16078,2JQ7ZUSH,CAR,2024-10-03 20:39:06.920106+04:00
66fecf6c73385a23f346a7b5,NS3472F4,CAR,2024-10-03 21:07:56.119935+04:00
66fed26c7d37cdc1a3d1639e,PEC3MFGJ,CAR,2024-10-03 21:20:44.308059+04:00
66fed2b5747789b3422bc3fd,2D3T7DK6,CAR,2024-10-03 21:21:57.844971+04:00
66fedd754a564261f5b8141f,DSVZZJCY,CAR,2024-10-03 22:07:49.253874+04:00
66fedf0f65c94c83e8ddd974,UEUEANRN,CAR,2024-10-03 22:14:39.776265+04:00
66fee5373c538956fd7e9418,GA47TMNE,CAR,2024-10-03 22:40:55.560719+04:00
66ff1ac1fd74f4c37218ab23,ALKNU3UX,CAR,2024-10-04 02:29:21.334173+04:00
66ff65810d866378aaf59dee,SQYEPLB8,CAR,2024-10-04 07:48:17.281263+04:00
66ff665708ec2fb9c0a5f1a2,PJJSEBQ5,CAR,2024-10-04 07:51:51.004865+04:00
66ff691dee432fba657d3d3d,MKFEX2TR,CAR,2024-10-04 08:03:41.155404+04:00
66ff6ac2ee432fba657d3dee,SMXB2X7Q,CAR,2024-10-04 08:10:41.978416+04:00
66ff731c74654ae35fc0a005,2AHZE2WY,CAR,2024-10-04 08:46:20.162820+04:00
66ff76d6e5ab3f6a2c8e509c,97REFSBV,CAR,2024-10-04 09:02:14.713294+04:00
66ff777257a2fec8e44a699d,QGT8GRE9,CAR,2024-10-04 09:04:50.942415+04:00
66ff7e60f56366ea97f9cc98,B9JFPU8A,CAR,2024-10-04 09:34:24.243060+04:00
66ff7fe757a2fec8e44a6ae8,FD9643RX,CAR,2024-10-04 09:40:55.687381+04:00
66ff80f544aa98114b46238a,BPM3ATQ6,CAR,2024-10-04 09:45:25.206054+04:00
66ff825c57a2fec8e44a6bb2,H3AHBM3D,CAR,2024-10-04 09:51:24.202548+04:00
66ff85e357a2fec8e44a6c75,J36PJ7FL,CAR,2024-10-04 10:06:27.328223+04:00
66ff86301a525423f3c1d70b,35TZ3XEZ,CAR,2024-10-04 10:07:43.963759+04:00
66ff87adf32a4c6b01a1ea7f,KP7CKPGA,CAR,2024-10-04 10:14:05.170082+04:00
66ff87c7f32a4c6b01a1ea86,LJLY2HT3,CAR,2024-10-04 10:14:31.955908+04:00
66ff88ae9eefa48551ab6a57,FYF2PEHZ,CAR,2024-10-04 10:18:22.272819+04:00
66ff892e74654ae35fc0a177,9E7WUR4P,CAR,2024-10-04 10:20:30.390955+04:00
66ff89c157a2fec8e44a6cfc,UMMYDVU4,CAR,2024-10-04 10:22:57.234902+04:00
66ff89fa57a2fec8e44a6da0,WCHJ54RX,CAR,2024-10-04 10:23:54.130327+04:00
66ff8b0157a2fec8e44a6e33,KXGDCTEM,CAR,2024-10-04 10:28:17.013399+04:00
66ff8b9e92e590db2e13225f,LZ75DL8D,CAR,2024-10-04 10:30:54.636513+04:00
66ff8c1657a2fec8e44a6ece,E5VG6HRW,CAR,2024-10-04 10:32:54.280328+04:00
66ff8c1cb8f3f6ff62a97772,FA5DLJKK,CAR,2024-10-04 10:33:00.493835+04:00
66ff8c96e55c29aa557b5753,UZALREA9,CAR,2024-10-04 10:35:02.074618+04:00
66ff8da9f32a4c6b01a1ecb6,TG672T9U,CAR,2024-10-04 10:39:37.031629+04:00
66ff8f8cb8f3f6ff62a9780b,FY4Y4BWP,CAR,2024-10-04 10:47:40.225167+04:00
66ff90d7dbd469b6378658e5,P4N7CJ93,CAR,2024-10-04 10:53:11.191184+04:00
66ff9217f32a4c6b01a1ee41,GJF99JGR,CAR,2024-10-04 10:58:31.882239+04:00
66ff9240dbd469b6378659b6,FAYVP23L,CAR,2024-10-04 10:59:12.215258+04:00
66ff926057a2fec8e44a6fd0,M8KFTUDY,CAR,2024-10-04 10:59:43.981533+04:00
66ff9509284f7877f810437c,VLSMANXH,CAR,2024-10-04 11:11:05.885517+04:00
66ff952c3c538956fd7e95a9,ULTE6SQV,CAR,2024-10-04 11:11:40.394747+04:00
66ff9667b8f3f6ff62a9799a,628ZRD94,CAR,2024-10-04 11:16:55.280483+04:00
66ff96920ddfd21d3796a7f0,78C3RHXA,CAR,2024-10-04 11:17:38.632941+04:00
66ff97fd859267e6bfe226dc,YJD5GA4D,CAR,2024-10-04 11:23:40.942829+04:00
66ff9868b711a6666abcaee4,FRTJ2PDP,CAR,2024-10-04 11:25:28.572332+04:00
66ff99d1b8f3f6ff62a97b47,6ZV765V7,CAR,2024-10-04 11:31:29.271293+04:00
66ff9ad62823b1b8156e3732,XLPQGQZG,CAR,2024-10-04 11:35:50.316649+04:00
66ff9bafaee6a8b91eae3b1d,964Q6W7C,CAR,2024-10-04 11:39:27.003869+04:00
66ff9cfd284f7877f81043eb,NT6L9FTK,CAR,2024-10-04 11:45:01.099749+04:00
66ff9d070ddfd21d3796a92e,NZCLMZ25,CAR,2024-10-04 11:45:11.540322+04:00
66ff9df5859267e6bfe22872,CPV3CGLY,CAR,2024-10-04 11:49:09.244734+04:00
66ff9e35284f7877f810446a,64AL8L3Y,CAR,2024-10-04 11:50:13.075934+04:00
66ff9e6e92e590db2e13242a,ZAFPBFB5,CAR,2024-10-04 11:51:10.931359+04:00
66ff9eb90ddfd21d3796a9a2,BLE9ZBE4,CAR,2024-10-04 11:52:25.247432+04:00
66ff9f2f859267e6bfe228f6,WZTSP7UJ,CAR,2024-10-04 11:54:23.944647+04:00
66ffa0c2bfb3c07459e843fd,4TFMUFRB,CAR,2024-10-04 12:01:06.579829+04:00
66ffa10c384cebd54f638661,HHFTMAHP,CAR,2024-10-04 12:02:20.953312+04:00
66ffa38b7985ff5d88499198,U42YPAW3,CAR,2024-10-04 12:12:59.276683+04:00
66ffa48bbfb3c07459e844b0,6QES2Q2G,CAR,2024-10-04 12:17:15.818694+04:00
66ffa7c9e18dc1465214ef35,QLFVSFF9,CAR,2024-10-04 12:31:05.487675+04:00
66ffa8b6e18dc1465214efc7,9493VKDL,CAR,2024-10-04 12:35:02.492539+04:00
66ffaa5a384cebd54f6387bf,YAT7SAC5,CAR,2024-10-04 12:42:02.841783+04:00
66ffaa807985ff5d884992f9,AQGPH52B,CAR,2024-10-04 12:42:40.374722+04:00
66ffac05bfb3c07459e84577,BED4HNMZ,CAR,2024-10-04 12:49:08.989785+04:00
66ffadc1e8ba75be2bc123a7,TKUKS6GJ,CAR,2024-10-04 12:56:33.781052+04:00
66ffae2f3c538956fd7e9705,XTE6XNGW,CAR,2024-10-04 12:58:23.395082+04:00
66ffaed4e8ba75be2bc123ed,25DML2N5,CAR,2024-10-04 13:01:08.753637+04:00
66ffb5b7e18dc1465214f1d2,VWGSE6W8,CAR,2024-10-04 13:30:31.780012+04:00
66ffb5fef8bc2fffcf3e2259,93ZQ8RGK,CAR,2024-10-04 13:31:42.252732+04:00
66ffb66192d9becb0546bb61,3284CA69,CAR,2024-10-04 13:33:21.432877+04:00
66ffb796f8bc2fffcf3e22cd,FWWVUT6G,CAR,2024-10-04 13:38:30.104354+04:00
66ffb81844fdca04ab2faaac,UPD8HDBD,CAR,2024-10-04 13:40:40.593490+04:00
66ffb81e51afcf6a7c27440c,UDPQ7X33,CAR,2024-10-04 13:40:46.323207+04:00
66ffb844b6fa9a4be1527232,696LWU3S,CAR,2024-10-04 13:41:24.130186+04:00
66ffb8f5b6fa9a4be15272a3,F4XA7K7L,CAR,2024-10-04 13:44:21.789309+04:00
66ffb937f8bc2fffcf3e23ad,LYW2EFKJ,CAR,2024-10-04 13:45:27.210163+04:00
66ffba8b44fdca04ab2fab37,TWNUNZNS,CAR,2024-10-04 13:51:07.800714+04:00
66ffbb6344fdca04ab2fabbf,NMSYPDZT,CAR,2024-10-04 13:54:43.002315+04:00
66ffbb9251afcf6a7c2744c6,D966KLTF,CAR,2024-10-04 13:55:30.107878+04:00
66ffbd6c51afcf6a7c274621,FZ5THZTC,CAR,2024-10-04 14:03:24.459454+04:00
66ffbd889aedb2e1ea29889c,8FWFFAFN,CAR,2024-10-04 14:03:52.799652+04:00
66ffbd8db6fa9a4be1527340,FJQJCB9M,CAR,2024-10-04 14:03:57.172932+04:00
66ffbe8cb6fa9a4be15273b5,9JQ3Z46U,CAR,2024-10-04 14:08:12.440002+04:00
66ffc08351afcf6a7c274698,52AGHUF4,CAR,2024-10-04 14:16:35.513074+04:00
66ffc0d051afcf6a7c2746cb,QFQ3DVMS,CAR,2024-10-04 14:17:52.302363+04:00
66ffc4be92d9becb0546bd2a,4KKJ48K2,CAR,2024-10-04 14:34:38.682312+04:00
66ffc4cb92d9becb0546bd9a,W6T2RUTJ,CAR,2024-10-04 14:34:51.588365+04:00
66ffc54cf684669e838abc97,863T6PVK,CAR,2024-10-04 14:37:00.081219+04:00
66ffc5535f56d41b019c867e,XETJWHD4,CAR,2024-10-04 14:37:07.451708+04:00
66ffc5f15f56d41b019c8720,D6FHFHVN,CAR,2024-10-04 14:39:45.605772+04:00
66ffc7a3c24a2dc052b539b7,RL6XXUWW,CAR,2024-10-04 14:46:59.641859+04:00
66ffc7c692d9becb0546be73,KJ8RW2YX,CAR,2024-10-04 14:47:33.976094+04:00
66ffccf4506e4cfe2bc63b2e,6T32XB54,CAR,2024-10-04 15:09:40.558528+04:00
66ffcfa3506e4cfe2bc63bce,DTKTAUQ7,CAR,2024-10-04 15:21:07.688787+04:00
66ffd322506e4cfe2bc63d42,A9UT9S3P,CAR,2024-10-04 15:36:01.987728+04:00
66ffd5226a26e9f58eaf9558,HUKGMS9Q,CAR,2024-10-04 15:44:34.457331+04:00
66ffd55d6a26e9f58eaf95fb,Q2FSEP56,CAR,2024-10-04 15:45:33.937761+04:00
66ffd72c6a26e9f58eaf9680,PAJGBAUT,CAR,2024-10-04 15:53:16.632850+04:00
66ffd7825f56d41b019c882d,KRF7EHDZ,CAR,2024-10-04 15:54:42.110659+04:00
66ffd78fbb0ed2ece89d28b9,G3C59XS2,CAR,2024-10-04 15:54:55.882144+04:00
66ffd8819aedb2e1ea2988dd,A2L7EDZH,CAR,2024-10-04 15:58:57.335210+04:00
66ffd8a3bb0ed2ece89d29ba,AS95XDBG,CAR,2024-10-04 15:59:30.961518+04:00
66ffd8a86a26e9f58eaf9770,TLKFM92L,CAR,2024-10-04 15:59:36.201381+04:00
66ffd9e26a26e9f58eaf9830,TWGR8TLT,CAR,2024-10-04 16:04:50.396373+04:00
66ffdbde89338a4186046641,28X6ZB82,CAR,2024-10-04 16:13:18.246400+04:00
66ffdc1789338a41860466eb,2WE8JKSM,CAR,2024-10-04 16:14:15.424742+04:00
66ffde673c538956fd7e97a9,LSEDKR7Y,CAR,2024-10-04 16:24:07.290702+04:00
66ffe2e889338a41860468bb,TRJ9GFAU,CAR,2024-10-04 16:43:20.083722+04:00
66ffe3386a26e9f58eaf9913,PKDG6HUS,CAR,2024-10-04 16:44:40.734753+04:00
66ffe364df8e4ebf7e1dab69,BTGLS97Y,CAR,2024-10-04 16:45:24.495906+04:00
66ffe64289338a4186046989,2KTQV6NR,CAR,2024-10-04 16:57:38.789851+04:00
66ffe78cdf8e4ebf7e1dabfa,LYHSGJB8,CAR,2024-10-04 17:03:08.884185+04:00
66ffe81e3e0d5c882ede3d75,PCGW62UT,CAR,2024-10-04 17:05:34.752517+04:00
66ffe82cdf8e4ebf7e1dac6d,JGH9XJ3Y,CAR,2024-10-04 17:05:48.746132+04:00
66ffea42df8e4ebf7e1dace7,Z7TAKAR3,CAR,2024-10-04 17:14:42.054629+04:00
66ffebe40dcd89802f1296df,4Z47PHTB,CAR,2024-10-04 17:21:40.929308+04:00
66ffedc10dcd89802f129783,CXHQ8E8C,CAR,2024-10-04 17:29:37.582522+04:00
66fff6be79f1d71070a2614a,3YGCYEL2,CAR,2024-10-04 18:07:58.555462+04:00
66fffc4a99ab3b89f986cd66,5CVUALEP,CAR,2024-10-04 18:31:38.886010+04:00
66fffd5078f285be1c20b4bb,M2TZJHHX,CAR,2024-10-04 18:36:00.000398+04:00
670000a679f1d71070a26248,6UR5HEQ4,CAR,2024-10-04 18:50:14.794951+04:00
6700022f3e0d5c882ede3e59,P4HG4DQ5,CAR,2024-10-04 18:56:47.687415+04:00
670002913e0d5c882ede3f7e,V3C7A99M,CAR,2024-10-04 18:58:25.665863+04:00
670004feb15fae904eaca6ff,3VB5SFQM,CAR,2024-10-04 19:08:46.436999+04:00
67000545b15fae904eaca79c,N9PCPTHG,CAR,2024-10-04 19:09:56.980234+04:00
6700066802c574cfe1e7d816,4EQP3JYG,CAR,2024-10-04 19:14:48.909938+04:00
6700093a7b2a738ae24d51bc,24DN8WJR,CAR,2024-10-04 19:26:50.455857+04:00
67000a92c0ce7af0613a46d9,JE6H525J,CAR,2024-10-04 19:32:34.090194+04:00
67000d5bd4cc17d44244d0bc,2LSUS8M7,CAR,2024-10-04 19:44:27.530796+04:00
67000dabc0ce7af0613a475d,UP2B3JHK,CAR,2024-10-04 19:45:47.777908+04:00
670014abd4cc17d44244d21d,ASSBE98X,CAR,2024-10-04 20:15:39.061239+04:00
6700169d99ab3b89f986cef9,8FHY3QYC,CAR,2024-10-04 20:23:57.694305+04:00
670017f0a44da7265041dda9,MDSV3NE5,CAR,2024-10-04 20:29:36.323761+04:00
670019dfeeb6f6eddaf0f5b7,3AP9MPGD,CAR,2024-10-04 20:37:51.498986+04:00
67001a3edcebd637276cba96,VUD58D2Q,CAR,2024-10-04 20:39:26.694746+04:00
670022984cd51ea3354c8bda,RPQLNBN4,CAR,2024-10-04 21:15:04.418782+04:00
670027eeae85bdfe0eea0c32,K9ZVXF24,CAR,2024-10-04 21:37:50.414886+04:00
67003ec4ae85bdfe0eea0e25,PXS29M58,CAR,2024-10-04 23:15:16.642917+04:00
6700473f4cd51ea3354c8d82,WDYCQ3Y5,CAR,2024-10-04 23:51:27.281378+04:00
6700b139ae85bdfe0eea0fd9,M74NSLSF,CAR,2024-10-05 07:23:37.320846+04:00
6700b4024b22621db3c8a0c8,CTCKL8SK,CAR,2024-10-05 07:35:30.099437+04:00
6700bfa8c9f46e94e8b169bc,NDE8N4VE,CAR,2024-10-05 08:25:12.474206+04:00
6700c309c9f46e94e8b16ab9,YRAPQN5U,CAR,2024-10-05 08:39:37.474682+04:00
6700c5354b22621db3c8a0fe,T7R7CE4V,CAR,2024-10-05 08:48:53.204413+04:00
6700c6790845eb424808afbc,5YH38269,CAR,2024-10-05 08:54:17.606554+04:00
6700c6ad74039134a84db37c,82XE3AME,CAR,2024-10-05 08:55:09.703027+04:00
6700c76c0845eb424808b034,6EDYQ6ZK,CAR,2024-10-05 08:58:19.980735+04:00
6700cb58ae85bdfe0eea112f,55FDDENG,CAR,2024-10-05 09:15:04.795606+04:00
6700cd22ae85bdfe0eea11b4,AEND5VNL,CAR,2024-10-05 09:22:42.343852+04:00
6700cd4ec9f46e94e8b16c76,DKA6CKGX,CAR,2024-10-05 09:23:26.227878+04:00
6700cdc4c9f46e94e8b16d4f,FXKFJJ62,CAR,2024-10-05 09:25:24.510778+04:00
6700ce0e0845eb424808b11f,GJG7ZMRC,CAR,2024-10-05 09:26:38.488914+04:00
6700cfd24b22621db3c8a18e,J4GD8CV8,CAR,2024-10-05 09:34:10.247357+04:00
6700d0044cd51ea3354c92d0,NGKFYT4C,CAR,2024-10-05 09:35:00.859988+04:00
6700d064c9f46e94e8b16ea5,EEL4WFGB,CAR,2024-10-05 09:36:36.213164+04:00
6700d11bae85bdfe0eea12be,LT553436,CAR,2024-10-05 09:39:39.294824+04:00
6700d1234cd51ea3354c9362,AQBK84Z6,CAR,2024-10-05 09:39:47.423228+04:00
6700d160c955e0dbb3bee8b6,ZYMJW7BG,CAR,2024-10-05 09:40:48.924480+04:00
6700d1cc4cd51ea3354c9419,V8SK83BU,CAR,2024-10-05 09:42:36.726637+04:00
6700d400c9f46e94e8b16f92,BEC7TEC9,CAR,2024-10-05 09:52:00.576627+04:00
6700d7f54cd51ea3354c95b0,P3Q2KAVF,CAR,2024-10-05 10:08:53.009275+04:00
6700dbddae85bdfe0eea1410,LH5QS8VC,CAR,2024-10-05 10:25:33.523619+04:00
6700dc6d74039134a84db4c6,9FVM7K4V,CAR,2024-10-05 10:27:57.698869+04:00
6700dd4dae85bdfe0eea1486,BLYPQXFY,CAR,2024-10-05 10:31:41.637311+04:00
6700de71fc49d72bd8826ad9,NQENKVZT,CAR,2024-10-05 10:36:33.686842+04:00
6700dec4ae85bdfe0eea1515,TH68FVKB,CAR,2024-10-05 10:37:56.042656+04:00
6700df194cd51ea3354c9646,G2DZWG8F,CAR,2024-10-05 10:39:21.608716+04:00
6700df7110ec233dfb09b8fb,A9V5LX3K,CAR,2024-10-05 10:40:49.262950+04:00
6700dfaec955e0dbb3bee97b,PTM9VBW4,CAR,2024-10-05 10:41:50.269937+04:00
6700e2ba53f79b8076134904,S7PTKNGU,CAR,2024-10-05 10:54:50.956555+04:00
6700e53353f79b807613497a,4GXLZ3W5,CAR,2024-10-05 11:05:23.355523+04:00
6700e5374cd51ea3354c9765,WY6U238T,CAR,2024-10-05 11:05:27.899240+04:00
6700e65074039134a84db667,28K829GK,CAR,2024-10-05 11:10:08.962504+04:00
6700e65d10ec233dfb09b9b8,8D9TDPXY,CAR,2024-10-05 11:10:21.870882+04:00
6700e805c955e0dbb3beeb20,EFR93R26,CAR,2024-10-05 11:17:25.079813+04:00
6700e84053f79b8076134aa8,KHFAG3YG,CAR,2024-10-05 11:18:24.120913+04:00
6700e8834cd51ea3354c97ea,X4W2MZBU,CAR,2024-10-05 11:19:31.214464+04:00
6700e88b74039134a84db765,GTFC494P,CAR,2024-10-05 11:19:39.519074+04:00
6700e930fc49d72bd8826e63,BLJ53ZM9,CAR,2024-10-05 11:22:23.973876+04:00
6700e95753f79b8076134be4,A44YVD6M,CAR,2024-10-05 11:23:03.952405+04:00
6700eb0aff9ee6994fff2c4d,JXXH3DA6,CAR,2024-10-05 11:30:18.823151+04:00
6700eb8553f79b8076134ceb,U4AF3AFA,CAR,2024-10-05 11:32:21.457478+04:00
6700ed0aff9ee6994fff2d7a,JUQ4RAJW,CAR,2024-10-05 11:38:50.064107+04:00
6700ed6a5973781adfdd8ca6,724D3GQ3,CAR,2024-10-05 11:40:26.053204+04:00
6700f1660e09cd78687511cf,JDLVM245,CAR,2024-10-05 11:57:26.611789+04:00
6700f175ff9ee6994fff2e7b,8LRHP7R5,CAR,2024-10-05 11:57:41.052178+04:00
6700f1e1ff9ee6994fff2ee5,GGGMLUNJ,CAR,2024-10-05 11:59:29.550628+04:00
6700f337ff9ee6994fff3002,BRYC34NG,CAR,2024-10-05 12:05:11.770439+04:00
6700f33eff9ee6994fff300f,ZQMXBGBW,CAR,2024-10-05 12:05:18.874666+04:00
6700f6024c8631ea30a5c23a,5F6RQ2GH,CAR,2024-10-05 12:17:06.341022+04:00
6700f618ff9ee6994fff3248,5SA48EE7,CAR,2024-10-05 12:17:28.283991+04:00
6700f6beff9ee6994fff32c2,GKS36EV5,CAR,2024-10-05 12:20:14.201781+04:00
6700f6d8ff9ee6994fff3367,TU9JPW2U,CAR,2024-10-05 12:20:40.553207+04:00
6700f70a6b6a800c08866976,VU8LP974,CAR,2024-10-05 12:21:30.132961+04:00
6700f70cff9ee6994fff3446,KRT5WRY9,CAR,2024-10-05 12:21:32.846071+04:00
6700f70fff9ee6994fff344c,PSYU8FEZ,CAR,2024-10-05 12:21:35.465839+04:00
6700f7d1578b76099e83a498,M8CEJREF,CAR,2024-10-05 12:24:49.083102+04:00
6700f7d8578b76099e83a4f9,RE4VANNN,CAR,2024-10-05 12:24:56.924268+04:00
6700fa004e86dec0a5bc8087,LPN8NY7E,CAR,2024-10-05 12:34:08.251782+04:00
6700fc8b1e302f7ac17eec98,WDFQ6GGP,CAR,2024-10-05 12:44:59.043231+04:00
67010145ff9ee6994fff361d,QJZX8MDQ,CAR,2024-10-05 13:05:09.890509+04:00
670104560dae612829db9a96,LE46MF7D,CAR,2024-10-05 13:18:14.752618+04:00
670104618f34d67e772d9432,CJBX49BE,CAR,2024-10-05 13:18:25.353794+04:00
670105cb0dae612829db9be5,V72KH8WS,CAR,2024-10-05 13:24:27.961033+04:00
6701060dff9ee6994fff36b1,C9XRJJZY,CAR,2024-10-05 13:25:33.482957+04:00
6701083ec50f7f03dcb5d25b,AV9EDN2Z,CAR,2024-10-05 13:34:54.588232+04:00
67010b460dae612829db9d5a,V6P6MD82,CAR,2024-10-05 13:47:50.089332+04:00
67010d1950e561a1d474f24f,VRF329NJ,CAR,2024-10-05 13:55:37.434460+04:00
67010d2d50e561a1d474f2f1,DPP3T6AU,CAR,2024-10-05 13:55:57.304078+04:00
670110343f5fa57b88b9cb29,FR7ASZS6,CAR,2024-10-05 14:08:52.844425+04:00
670110a670d09d0c012f67c3,9LH4RNFA,CAR,2024-10-05 14:10:46.310172+04:00
670114e7903e4d306ac005da,2CX7AZJX,CAR,2024-10-05 14:28:55.874633+04:00
67011726398e00c8f526135c,TGU4S4AZ,CAR,2024-10-05 14:38:30.274732+04:00
670117d0398e00c8f52613eb,SDY5TMVC,CAR,2024-10-05 14:41:20.087967+04:00
6701182423e2103c4eb3f5de,V55Q2M8R,CAR,2024-10-05 14:42:44.810669+04:00
67011bf244365ad0a992f209,CWTWJ28R,CAR,2024-10-05 14:58:58.420741+04:00
67011c69903e4d306ac00738,GXNCHJTE,CAR,2024-10-05 15:00:57.830744+04:00
67012060a7818edcca0b1d02,N3ACN8TE,CAR,2024-10-05 15:17:52.622261+04:00
6701209698adb8c32d9df3b4,CM4PVQC2,CAR,2024-10-05 15:18:46.567283+04:00
670120ba98adb8c32d9df3bc,H9ZETE55,CAR,2024-10-05 15:19:22.354111+04:00
670122fe903e4d306ac0081c,32EQWQ2R,CAR,2024-10-05 15:29:02.204147+04:00
670125d4903e4d306ac00899,QUUXXYKD,CAR,2024-10-05 15:41:08.787603+04:00
6701262f08ba84b93b437059,JCS9R9VZ,CAR,2024-10-05 15:42:38.985327+04:00
670126de50e561a1d474f3ea,S73WF7DR,CAR,2024-10-05 15:45:34.760216+04:00
67012b86a7818edcca0b1d4e,MWD4S5YQ,CAR,2024-10-05 16:05:26.862783+04:00
67012bc9398e00c8f5261757,QSVCA7P2,CAR,2024-10-05 16:06:33.425791+04:00
67012bd5a7818edcca0b1dbe,SSLG72XH,CAR,2024-10-05 16:06:45.791718+04:00
67012d42398e00c8f5261771,2HKBUD3P,CAR,2024-10-05 16:12:50.211791+04:00
67012e20398e00c8f5261817,A2SZWXHJ,CAR,2024-10-05 16:16:32.266500+04:00
67012ef6b727772a07cef499,L8S346A6,CAR,2024-10-05 16:20:06.570952+04:00
67012f562ac9f3c6bf827e22,9PS67NRX,CAR,2024-10-05 16:21:42.829026+04:00
670131e7c0c7ae4c47725377,2KAT2LWH,CAR,2024-10-05 16:32:39.503928+04:00
670133da93625ea1a0d598b0,REA6LBBK,CAR,2024-10-05 16:40:58.267052+04:00
6701356bc0c7ae4c47725423,D6L87CRC,CAR,2024-10-05 16:47:39.115739+04:00
6701361bc0c7ae4c47725493,WJWMXAGM,CAR,2024-10-05 16:50:35.128966+04:00
67013629c0c7ae4c477254fc,QGJ3L9R7,CAR,2024-10-05 16:50:49.391649+04:00
67013666e0be84b5ef81e710,K8BDH7BQ,CAR,2024-10-05 16:51:50.259631+04:00
6701386c93625ea1a0d599ca,8KDB5C2Q,CAR,2024-10-05 17:00:28.599399+04:00
670138c6566766c2f0d4f56b,34RRC34R,CAR,2024-10-05 17:01:58.810271+04:00
67013a9093625ea1a0d59af0,3RBMUTC7,CAR,2024-10-05 17:09:36.900789+04:00
67013afdc0c7ae4c477256aa,44FL8CD4,CAR,2024-10-05 17:11:25.847797+04:00
67013bb5c0c7ae4c4772572e,C6FBHQDR,CAR,2024-10-05 17:14:29.256910+04:00
67013bf9ebb0b3f6d90d9b6f,W7FRCYZC,CAR,2024-10-05 17:15:37.684454+04:00
67014269a4846ab40bff56b7,VA9EMGRY,CAR,2024-10-05 17:43:05.255501+04:00
670142b976c157d93cd01ae5,QKHS2J6P,CAR,2024-10-05 17:44:25.529795+04:00
670142bec0c7ae4c477258b3,48M66WPB,CAR,2024-10-05 17:44:30.515760+04:00
6701447f93625ea1a0d59be7,NAFWPNDU,CAR,2024-10-05 17:51:59.013248+04:00
670144f5ebb0b3f6d90d9c02,9BQDNCFD,CAR,2024-10-05 17:53:57.687807+04:00
670148532ac9f3c6bf827f63,ZF9X5DSZ,CAR,2024-10-05 18:08:19.124832+04:00
67014928c0c7ae4c47725950,23XRP2BZ,CAR,2024-10-05 18:11:52.278218+04:00
67014becebb0b3f6d90d9c1f,CE6HAJW4,CAR,2024-10-05 18:23:40.478815+04:00
67014c09e0be84b5ef81e869,XWW7DQ5C,CAR,2024-10-05 18:24:09.496160+04:00
67014f48c0c7ae4c47725a15,ZTZ3DQUL,CAR,2024-10-05 18:38:00.469009+04:00
67014f962ac9f3c6bf828104,UF8UUXFP,CAR,2024-10-05 18:39:18.530039+04:00
670158dcc0c7ae4c47725a78,P4RP3VGC,CAR,2024-10-05 19:18:52.923629+04:00
6701596593625ea1a0d59d81,ZCF759EJ,CAR,2024-10-05 19:21:09.915553+04:00
67015abcfaeaeca2d6a6d41a,U496JGMB,CAR,2024-10-05 19:26:52.204419+04:00
67015f5f2ac9f3c6bf828190,JTKPTSTU,CAR,2024-10-05 19:46:39.831673+04:00
67016007c0c7ae4c47725aff,96VDFDZQ,CAR,2024-10-05 19:49:27.249579+04:00
6701665776c157d93cd01b8e,S5S23Q5X,CAR,2024-10-05 20:16:23.454107+04:00
67016928f3b88bb183d1a6bf,5QEMXPBG,CAR,2024-10-05 20:28:24.501497+04:00
67016f3ef3b88bb183d1a840,A6SVEH3A,CAR,2024-10-05 20:54:22.124454+04:00
67016f51e0be84b5ef81e9be,BLXSVG5F,CAR,2024-10-05 20:54:41.215568+04:00
67017d6293625ea1a0d59f81,6UW9MQAZ,CAR,2024-10-05 21:54:42.515577+04:00
67018046f3b88bb183d1a8fc,WSBSZHRM,CAR,2024-10-05 22:07:02.782733+04:00
670182c293625ea1a0d59ffb,G6L6CUK9,CAR,2024-10-05 22:17:38.597081+04:00
6701ab3344a0c187f280d0f1,DSCBDFZ4,CAR,2024-10-06 01:10:11.426562+04:00
6701b38b59919b649f5414a8,ZE37GUM3,CAR,2024-10-06 01:45:47.547714+04:00
6701c13259919b649f5414e0,HL7BLXFU,CAR,2024-10-06 02:44:02.456530+04:00
67020843f3b88bb183d1ac5e,JF9BN99E,CAR,2024-10-06 07:47:15.769013+04:00
670216151108bbd88aed3030,T9R6XLA2,CAR,2024-10-06 08:46:13.017170+04:00
67021621a4846ab40bff57de,P7DYUH2F,CAR,2024-10-06 08:46:25.879031+04:00
67021b3cad9755930d078e51,UQZ7VL94,CAR,2024-10-06 09:08:12.059127+04:00
67021f141108bbd88aed3053,AQL4EP6H,CAR,2024-10-06 09:24:36.505809+04:00
67022385dbd2ba7aac24e72b,9552TKYS,CAR,2024-10-06 09:43:33.815109+04:00
670224e678f995c9b70a8200,9PHW9NJF,CAR,2024-10-06 09:49:26.460497+04:00
670226b1f3b88bb183d1ace8,D3X58FD7,CAR,2024-10-06 09:57:05.763624+04:00
67022776f3b88bb183d1ad61,HQYE9PX2,CAR,2024-10-06 10:00:22.096246+04:00
670228f978f995c9b70a827f,LAQ5AJXH,CAR,2024-10-06 10:06:49.060135+04:00
67022b3444a0c187f280d194,MKRTKND5,CAR,2024-10-06 10:16:20.914984+04:00
67022de378f995c9b70a8307,EPFCXQH7,CAR,2024-10-06 10:27:47.706236+04:00
67022df444a0c187f280d232,ZV9VZQPF,CAR,2024-10-06 10:28:04.883153+04:00
67022f75f3b88bb183d1ae08,NQRTDXTA,CAR,2024-10-06 10:34:29.465532+04:00
6702333e59919b649f541520,B5BVC6KG,CAR,2024-10-06 10:50:38.552946+04:00
67023432ad9755930d078f61,RF5S9NKM,CAR,2024-10-06 10:54:42.626223+04:00
670235061108bbd88aed31d7,CCMHHGJR,CAR,2024-10-06 10:58:14.634849+04:00
6702351cf3b88bb183d1ae2b,BMG6Y8DJ,CAR,2024-10-06 10:58:36.743245+04:00
6702356078f995c9b70a8405,RPZGN95M,CAR,2024-10-06 10:59:44.750954+04:00
670235ef44a0c187f280d350,TDZ6Y9CZ,CAR,2024-10-06 11:02:07.879408+04:00
6702390978f995c9b70a84a4,3HAMAEQL,CAR,2024-10-06 11:15:21.297058+04:00
6702394d1108bbd88aed33bb,NDD5GFHX,CAR,2024-10-06 11:16:29.690505+04:00
67023982a4846ab40bff5a1b,6R3MH7MN,CAR,2024-10-06 11:17:22.350886+04:00
6702398378f995c9b70a854f,8EHJ2QCL,CAR,2024-10-06 11:17:22.986714+04:00
670239a0a4846ab40bff5a84,VK7EHGNQ,CAR,2024-10-06 11:17:52.891648+04:00
67023a52a4846ab40bff5b15,PNWSF3MQ,CAR,2024-10-06 11:20:50.873346+04:00
67023b703d548667addcc77f,7FXB7Z3Y,CAR,2024-10-06 11:25:36.738914+04:00
67023b813d548667addcc7ee,EG9FVFE4,CAR,2024-10-06 11:25:53.214962+04:00
6702429f78d78772e2482dcd,WTHMXDBT,CAR,2024-10-06 11:56:15.644624+04:00
6702435f78d78772e2482e4e,ALB6J5RY,CAR,2024-10-06 11:59:27.712252+04:00
670243d53d548667addcc9fd,5B7VGUB7,CAR,2024-10-06 12:01:25.535188+04:00
67024445a4846ab40bff5bb9,KM9M56Q3,CAR,2024-10-06 12:03:17.250714+04:00
670247c73d548667addccaf9,93UQGUFV,CAR,2024-10-06 12:18:15.532160+04:00
670248c078d78772e2482f4a,UESVDBY5,CAR,2024-10-06 12:22:24.888873+04:00
6702499c9634ce2b692b4bd4,QJHB4GMB,CAR,2024-10-06 12:26:04.629892+04:00
670249e5aa2147da7d96a624,WJE8HHHT,CAR,2024-10-06 12:27:17.313964+04:00
67024ab244a0c187f280d638,K7YJVFCJ,CAR,2024-10-06 12:30:42.574218+04:00
67024bf4dbd2ba7aac24e86f,WDNR6QC4,CAR,2024-10-06 12:36:04.183085+04:00
6702506faa2147da7d96a771,5HUKY5BT,CAR,2024-10-06 12:55:11.084842+04:00
670251bcdbd2ba7aac24e94a,49RFQBDY,CAR,2024-10-06 13:00:44.858740+04:00
670253ae3d548667addccbf2,4FN5CFQM,CAR,2024-10-06 13:09:02.049524+04:00
670253b7d7cd275076ae3466,K9VJDFVT,CAR,2024-10-06 13:09:11.837151+04:00
670253e4aa2147da7d96a82d,BVALQAF4,CAR,2024-10-06 13:09:56.653762+04:00
670255d2597cca7cbc507608,79BL77SQ,CAR,2024-10-06 13:18:10.669788+04:00
67025f683ca8e3084f936955,GHND5E2H,CAR,2024-10-06 13:59:04.689336+04:00
67026156597cca7cbc50784f,FKE7VX55,CAR,2024-10-06 14:07:18.790427+04:00
670264f369ce7b2f64feffe6,S4TUMBQD,CAR,2024-10-06 14:22:43.083746+04:00
670266a73ca8e3084f936b5d,NRWTAN22,CAR,2024-10-06 14:29:59.255285+04:00
670267283ca8e3084f936c0a,3T4LQVN7,CAR,2024-10-06 14:32:08.103551+04:00
67026a0669ce7b2f64ff01b7,RGDHYWNY,CAR,2024-10-06 14:44:22.577924+04:00
67026f17aa2147da7d96a8fb,A6PRKUFV,CAR,2024-10-06 15:05:59.064848+04:00
67026f36636056c60bdd3f87,MUYW9JZU,CAR,2024-10-06 15:06:30.731838+04:00
67027035636056c60bdd3f8e,27Q7VQDQ,CAR,2024-10-06 15:10:45.382870+04:00
67027180aa2147da7d96a969,Y6U7YGS8,CAR,2024-10-06 15:16:16.107582+04:00
67027368dbd2ba7aac24e9a6,JW5J3YH2,CAR,2024-10-06 15:24:24.169462+04:00
670275ae2f24da9d51e26ec3,MBN7LLXD,CAR,2024-10-06 15:34:05.981980+04:00
67027672632c32fb42e3ec40,JDLNNNVD,CAR,2024-10-06 15:37:22.705749+04:00
670279a569ce7b2f64ff02fb,45REQJ5Z,CAR,2024-10-06 15:51:00.979602+04:00
67027ebf2f24da9d51e27054,NKAKFTC7,CAR,2024-10-06 16:12:47.080824+04:00
67028464dbd2ba7aac24ea99,LRC5H6BY,CAR,2024-10-06 16:36:52.685830+04:00
670284932f24da9d51e271d6,HF52PDYV,CAR,2024-10-06 16:37:39.496049+04:00
670289f869ce7b2f64ff0416,FZG53NBG,CAR,2024-10-06 17:00:40.828582+04:00
67028aa92f24da9d51e27348,WE2TD4D7,CAR,2024-10-06 17:03:37.293264+04:00
67028fa1dbd2ba7aac24eb39,JTX2HTQV,CAR,2024-10-06 17:24:49.800125+04:00
6702912c0c25aa35ff6c79c6,BZPZC98H,CAR,2024-10-06 17:31:24.029985+04:00
67029240b1c6bb7c08f689f8,F4DVARFH,CAR,2024-10-06 17:36:00.927293+04:00
67029360632c32fb42e3ece8,TBQTVSHP,CAR,2024-10-06 17:40:48.158407+04:00
670294392f24da9d51e27422,B3ADQM78,CAR,2024-10-06 17:44:25.749248+04:00
67029477b1c6bb7c08f68abb,JKX7WY78,CAR,2024-10-06 17:45:27.553265+04:00
6702960859919b649f5416e3,RSAM6AFX,CAR,2024-10-06 17:52:08.309785+04:00
6702999da42410b4781e2636,42KNHBNL,CAR,2024-10-06 18:07:25.739659+04:00
67029f8d632c32fb42e3ed89,L5BGBSG9,CAR,2024-10-06 18:32:45.571846+04:00
6702a43078d78772e248307b,94ZAJ4N2,CAR,2024-10-06 18:52:32.857508+04:00
6702a80c8ea0b0597dcebf90,SQY2CGAB,CAR,2024-10-06 19:09:00.415352+04:00
6702aa3db1c6bb7c08f68b8f,GP6KLBBJ,CAR,2024-10-06 19:18:21.697084+04:00
6702b02352458449983a9ab4,UAJQ8S8U,CAR,2024-10-06 19:43:31.878235+04:00
6702b3f552458449983a9b33,D5NDBK2X,CAR,2024-10-06 19:59:49.918963+04:00
6702b4468ea0b0597dcec12c,AHXFG23P,CAR,2024-10-06 20:01:10.556840+04:00
6702b5188ea0b0597dcec1d9,T2W2ZYS5,CAR,2024-10-06 20:04:40.674522+04:00
6702b6150ab1e48c71fc70c5,PF7RBCCQ,CAR,2024-10-06 20:08:53.811259+04:00
6702bc53289991589ae3008f,SF2WFWVX,CAR,2024-10-06 20:35:31.882735+04:00
6702bc95289991589ae3010c,3ZGYTZJU,CAR,2024-10-06 20:36:37.693750+04:00
6702bf74718946e77cb54c7d,UU2EZC4R,CAR,2024-10-06 20:48:51.970048+04:00
6702c9e4d39107311a483a4c,33HB27BX,CAR,2024-10-06 21:33:24.157144+04:00
67030483718946e77cb54d5a,KJB3VNUW,CAR,2024-10-07 01:43:31.375073+04:00
6703147c8b070e94cb174ad5,2EY7HHX4,CAR,2024-10-07 02:51:40.431018+04:00
67033b3b0a12dd5c52fbe495,URTH9MVP,CAR,2024-10-07 05:36:59.099905+04:00
67035d508b070e94cb174b67,ZVR3MLWY,CAR,2024-10-07 08:02:24.809910+04:00
67035db20e5dcfc734e0c58f,V74GDYYR,CAR,2024-10-07 08:04:02.673394+04:00
670364b7e046663cccf1dcc5,6Y5XWQSF,CAR,2024-10-07 08:33:59.875758+04:00
670364d30e5dcfc734e0c693,K3LNSRW2,CAR,2024-10-07 08:34:27.019585+04:00
670365010e5dcfc734e0c705,U8SG5JJN,CAR,2024-10-07 08:35:13.017312+04:00
67036599eed48df3dc8c4ab3,7AEMVWZ6,CAR,2024-10-07 08:37:45.429644+04:00
67036684ca6211ccf0041e7a,7QUVUE44,CAR,2024-10-07 08:41:40.061176+04:00
670366bf0a12dd5c52fbe55d,MPC4T8HF,CAR,2024-10-07 08:42:38.909478+04:00
6703677c0ab1e48c71fc722e,EZL8KQYZ,CAR,2024-10-07 08:45:48.615249+04:00
67036b7e0a12dd5c52fbe606,JHJC8X6K,CAR,2024-10-07 09:02:54.139907+04:00
67036e2ee79b699520dd2c52,GUHV3SEK,CAR,2024-10-07 09:14:22.468664+04:00
67036eda0e5dcfc734e0c7c6,HUWM6X28,CAR,2024-10-07 09:17:14.878638+04:00
67036fdfe79b699520dd2cef,UX45VJZT,CAR,2024-10-07 09:21:35.294696+04:00
670370a2e79b699520dd2d6e,XDKC64KR,CAR,2024-10-07 09:24:50.015061+04:00
670370bcd39107311a483e08,U8ZLUP6F,CAR,2024-10-07 09:25:16.573796+04:00
67037289d39107311a483e7d,VRK98DB4,CAR,2024-10-07 09:32:57.652120+04:00
67037323e3ef4ccf91441cbd,3KEBWWET,CAR,2024-10-07 09:35:31.191598+04:00
670374250ab1e48c71fc7388,HYW3Q7SB,CAR,2024-10-07 09:39:49.471308+04:00
67037438e3ef4ccf91441d31,NN3THP64,CAR,2024-10-07 09:40:08.025074+04:00
670375f2e3ef4ccf91441da3,P8WR45FC,CAR,2024-10-07 09:47:30.110138+04:00
67037798e79b699520dd2f26,UPH5XMMS,CAR,2024-10-07 09:54:32.387765+04:00
670377d4624ce56c96d76ae7,UNXE44JK,CAR,2024-10-07 09:55:32.494619+04:00
670377ec4bab9bbdf6e62552,5R69RJ35,CAR,2024-10-07 09:55:56.378498+04:00
670377fc632c32fb42e3ee51,E9CJT4WA,CAR,2024-10-07 09:56:12.690627+04:00
6703789a0417de4c63bdc1d8,ZTRHYCMG,CAR,2024-10-07 09:58:50.488471+04:00
670378af0ab1e48c71fc742c,LEWBEDQK,CAR,2024-10-07 09:59:11.237964+04:00
67037bd24bab9bbdf6e6274c,VXD3VJ29,CAR,2024-10-07 10:12:34.441010+04:00
67037c4446a1a352fa13295e,DUSQNDHC,CAR,2024-10-07 10:14:28.215149+04:00
67037cd20417de4c63bdc2d6,J9HNX9M9,CAR,2024-10-07 10:16:50.119381+04:00
67037dfb46a1a352fa1329da,FVS44YQU,CAR,2024-10-07 10:21:47.245005+04:00
67037e2d0417de4c63bdc346,MA47SRAG,CAR,2024-10-07 10:22:37.711164+04:00
67037f011d8735ce727c7bf4,KDBTXZR7,CAR,2024-10-07 10:26:09.283711+04:00
67037f17632c32fb42e3eee0,96FHDFZK,CAR,2024-10-07 10:26:31.435675+04:00
6703800c4bab9bbdf6e62acb,77E3AQSQ,CAR,2024-10-07 10:30:36.343663+04:00
6703814f9618cbb8a0d30343,VPZQ842B,CAR,2024-10-07 10:35:59.352162+04:00
6703822b0417de4c63bdc42b,U943BZWE,CAR,2024-10-07 10:39:38.969811+04:00
670382361d8735ce727c7cb4,6QDMFW4K,CAR,2024-10-07 10:39:50.794562+04:00
670384301d8735ce727c7d42,FHCCPFF2,CAR,2024-10-07 10:48:16.933600+04:00
670384b01d8735ce727c7de8,NCKFCGS2,CAR,2024-10-07 10:50:24.595468+04:00
6703869b632c32fb42e3efa7,7U9PQ48T,CAR,2024-10-07 10:58:35.114961+04:00
6703877e488862ad4fa98037,ZMF8NWS6,CAR,2024-10-07 11:02:22.017249+04:00
6703879540cabbf2b1580a47,KDC5DB9L,CAR,2024-10-07 11:02:45.171481+04:00
670387d4e3ef4ccf91441ed8,8PTLZW8T,CAR,2024-10-07 11:03:48.677335+04:00
67038a26a33b99675854dbea,65SK5KBM,CAR,2024-10-07 11:13:42.355291+04:00
67038b9c632c32fb42e3f043,F4NF375Z,CAR,2024-10-07 11:19:56.751790+04:00
67038d49f78a0e1c0e04b200,UD6MTAH2,CAR,2024-10-07 11:27:05.764547+04:00
67038f22a33b99675854dc77,YWNGGDFA,CAR,2024-10-07 11:34:58.433677+04:00
67039177a33b99675854dd03,WGCCZNUT,CAR,2024-10-07 11:44:55.728976+04:00
670391a940cabbf2b1580e6e,X6FJ5UQS,CAR,2024-10-07 11:45:45.665354+04:00
67039208edc1b4d6b0b4bf7d,UFFD2UB5,CAR,2024-10-07 11:47:20.435947+04:00
67039234edc1b4d6b0b4bfe4,AX8EGD8E,CAR,2024-10-07 11:48:04.662113+04:00
67039246edc1b4d6b0b4c01c,U3SYT8LU,CAR,2024-10-07 11:48:22.180332+04:00
6703932b488862ad4fa98194,9ZWXQVSW,CAR,2024-10-07 11:52:11.681081+04:00
670393d4f78a0e1c0e04b4a0,TGRU2ZZ5,CAR,2024-10-07 11:55:00.092805+04:00
67039487a33b99675854dd81,CAXER4MX,CAR,2024-10-07 11:57:59.644474+04:00
6703953e7405b3d7d55deba8,CC24LECJ,CAR,2024-10-07 12:01:02.779984+04:00
670395e8ab88628eb77ff89f,89SNQDQZ,CAR,2024-10-07 12:03:52.193556+04:00
670396c43bd215e3b814f072,9DNA69TH,CAR,2024-10-07 12:07:32.093421+04:00
670398507405b3d7d55dec7f,5GD8LPJY,CAR,2024-10-07 12:14:08.636797+04:00
670398fe7405b3d7d55decba,CWEXASR6,CAR,2024-10-07 12:17:02.420631+04:00
6703992d7405b3d7d55ded5a,WHDR87W6,CAR,2024-10-07 12:17:49.519361+04:00
67039a40edc1b4d6b0b4c145,DMWULXP3,CAR,2024-10-07 12:22:24.671634+04:00
67039b2dab92ca8bc7ad4ea1,2JTXZZ3J,CAR,2024-10-07 12:26:21.518403+04:00
67039b897405b3d7d55dedd2,NCNNJHDE,CAR,2024-10-07 12:27:53.829451+04:00
67039bca71cee47ac85d57c8,AUMMM5U5,CAR,2024-10-07 12:28:58.200492+04:00
67039becedc1b4d6b0b4c2ad,3RNLPVKU,CAR,2024-10-07 12:29:32.064920+04:00
67039c0905bb92696e416eb9,KKQ93ZV5,CAR,2024-10-07 12:30:01.663493+04:00
67039d8b6128f27ccb83e10e,FRNDNUY2,CAR,2024-10-07 12:36:27.641543+04:00
67039e6efaeaeca2d6a6d68d,ZX2UNSL4,CAR,2024-10-07 12:40:14.149947+04:00
67039f4dab88628eb77ffab7,EVZA2TWM,CAR,2024-10-07 12:43:56.995311+04:00
67039f5bfaeaeca2d6a6d70a,3AALTWS8,CAR,2024-10-07 12:44:11.241865+04:00
6703a125e3ef4ccf91441f6f,UNX8F7JM,CAR,2024-10-07 12:51:49.501988+04:00
6703a2e7c493343cc0b4e340,HJV95HZ7,CAR,2024-10-07 12:59:19.449098+04:00
6703a3d9ab92ca8bc7ad4f49,VEJWXPQM,CAR,2024-10-07 13:03:21.900999+04:00
6703a4597f6b13f2a21093af,WZWCULQC,CAR,2024-10-07 13:05:29.852827+04:00
6703a63b1b754afcf028d170,Q6NAZ7Q6,CAR,2024-10-07 13:13:31.949102+04:00
6703a676faeaeca2d6a6d7c6,KQ8PL7X6,CAR,2024-10-07 13:14:30.301808+04:00
6703a6e2e3ef4ccf914420a6,LRLCFFQN,CAR,2024-10-07 13:16:18.378313+04:00
6703a7a8be9c7142418dc99b,FWZSJJTA,CAR,2024-10-07 13:19:35.977419+04:00
6703a84e6128f27ccb83e2b4,GYVYPL8S,CAR,2024-10-07 13:22:22.139399+04:00
6703a8606a92c79c42a445ab,BQHGWNMC,CAR,2024-10-07 13:22:40.745147+04:00
6703aa74be9c7142418dca6e,CTGBV85G,CAR,2024-10-07 13:31:31.986113+04:00
6703abc26128f27ccb83e345,L6YD75YK,CAR,2024-10-07 13:37:06.463475+04:00
6703abe75d69694860132a20,33ZBU3EU,CAR,2024-10-07 13:37:43.092435+04:00
6703ad56c493343cc0b4e52d,42THXRYY,CAR,2024-10-07 13:43:50.401303+04:00
6703ae0c6a92c79c42a44631,H9GLNP3V,CAR,2024-10-07 13:46:52.644751+04:00
6703aebf6a92c79c42a446a3,F2F9R6GC,CAR,2024-10-07 13:49:51.645303+04:00
6703af6ba05f7c767849c36a,DPYG4GAU,CAR,2024-10-07 13:52:43.180567+04:00
6703af9cbe9c7142418dcad3,6ES9GK96,CAR,2024-10-07 13:53:32.491015+04:00
6703afa6c493343cc0b4e60b,JPH2SCH7,CAR,2024-10-07 13:53:42.033768+04:00
6703afabc493343cc0b4e60f,HHH69S8Y,CAR,2024-10-07 13:53:47.011919+04:00
6703b0136a92c79c42a44760,T3KGWHJ3,CAR,2024-10-07 13:55:31.408661+04:00
6703b11c5d69694860132ac3,WSSYKGUH,CAR,2024-10-07 13:59:56.770504+04:00
6703b194b9f37b3b632c3ca4,NB4P72QZ,CAR,2024-10-07 14:01:56.827248+04:00
6703b2a1a05f7c767849c4f6,89CSP2VR,CAR,2024-10-07 14:06:25.177225+04:00
6703b4516a92c79c42a44804,WQFP89CB,CAR,2024-10-07 14:13:37.945767+04:00
6703b48a5d69694860132b50,ZR98GGGM,CAR,2024-10-07 14:14:34.353545+04:00
6703b67a82970a7b89034541,CHKLR52W,CAR,2024-10-07 14:22:50.472549+04:00
6703b71c8f96351bafea908b,FPHDTEPF,CAR,2024-10-07 14:25:32.762455+04:00
6703b7746a92c79c42a44909,AP9RX4UW,CAR,2024-10-07 14:27:00.625095+04:00
6703b9918b673a087c567f29,TKJWHRXF,CAR,2024-10-07 14:36:01.646420+04:00
6703b9c9f93a6a384796b9e0,9K3DHFJ2,CAR,2024-10-07 14:36:57.088124+04:00
6703b9de8b673a087c567f9a,H5GCFT62,CAR,2024-10-07 14:37:18.223965+04:00
6703ba3f82970a7b89034692,344Y2PAT,CAR,2024-10-07 14:38:55.943234+04:00
6703baa8f93a6a384796ba55,Q8EHKG6Q,CAR,2024-10-07 14:40:40.841375+04:00
6703bca38b673a087c5680a2,QBTJWG8V,CAR,2024-10-07 14:49:07.579358+04:00
6703bcd36685963e86d0e011,RTBS7JVP,CAR,2024-10-07 14:49:55.431036+04:00
6703bfbd8b673a087c56816f,ZXSVCWHM,CAR,2024-10-07 15:02:21.018982+04:00
6703c048f93a6a384796bb5c,MQC3GF55,CAR,2024-10-07 15:04:40.756948+04:00
6703c1c6da5dc3b68996d2be,WL7HQRSJ,CAR,2024-10-07 15:11:02.835780+04:00
6703c203da5dc3b68996d336,2GJVWX6R,CAR,2024-10-07 15:12:03.134721+04:00
6703c26eda5dc3b68996d3ae,M3M4YBXW,CAR,2024-10-07 15:13:50.235020+04:00
6703c32282970a7b89034979,E5T82HZW,CAR,2024-10-07 15:16:50.067835+04:00
6703c3f07caf492f45fd3fe3,YL4ZVKVS,CAR,2024-10-07 15:20:16.114510+04:00
6703c650f93a6a384796bc7d,2BGHUUS6,CAR,2024-10-07 15:30:24.726131+04:00
6703c6bcf4522981bd3e43dc,LA2JV5MW,CAR,2024-10-07 15:32:12.748484+04:00
6703c762db4df02c3cd5b31a,HPQDSAEY,CAR,2024-10-07 15:34:58.403487+04:00
6703cc704be79fd0fd4f4736,W8AR6A7E,CAR,2024-10-07 15:56:32.168295+04:00
6703cd72be6b7d8c60d46105,N7JENV8B,CAR,2024-10-07 16:00:50.380028+04:00
6703cd8fca6211ccf0041f1b,698F2GEN,CAR,2024-10-07 16:01:19.663425+04:00
6703cdc882ce83fc5ee5481a,4KN9T7H5,CAR,2024-10-07 16:02:16.618658+04:00
6703ceddf4522981bd3e44fb,R7WEK5XX,CAR,2024-10-07 16:06:53.313485+04:00
6703cf9fbe6b7d8c60d462ae,E4E4KCV9,CAR,2024-10-07 16:10:07.846175+04:00
6703cfe5ca6211ccf0042040,2K44RQDH,CAR,2024-10-07 16:11:17.488487+04:00
6703d1c34be79fd0fd4f483d,D9GJHQUU,CAR,2024-10-07 16:19:15.406050+04:00
6703d368a33b99675854de3c,XMMLMHZS,CAR,2024-10-07 16:26:16.303905+04:00
6703d42e82ce83fc5ee548cf,F9K3J4QA,CAR,2024-10-07 16:29:34.674091+04:00
6703d4e8be6b7d8c60d463be,6ZZWBRJC,CAR,2024-10-07 16:32:40.923299+04:00
6703d512ca6211ccf00420d8,RCJNNXWY,CAR,2024-10-07 16:33:22.618101+04:00
6703d6194be79fd0fd4f4923,65JTUGF5,CAR,2024-10-07 16:37:45.724784+04:00
6703d826ca6211ccf0042117,2U52JCKL,CAR,2024-10-07 16:46:29.994821+04:00
6703d91c53f50400babb08ab,K7XFNECL,CAR,2024-10-07 16:50:36.468208+04:00
6703d927db4df02c3cd5b6e9,XPE2AB4L,CAR,2024-10-07 16:50:47.033764+04:00
6703d9b9b4ae7a91702c7825,UFJVHQUT,CAR,2024-10-07 16:53:12.996121+04:00
6703dd22f4522981bd3e45fe,WU3USEFZ,CAR,2024-10-07 17:07:46.237925+04:00
6703de65a33b99675854deed,MLL7XZAC,CAR,2024-10-07 17:13:09.578133+04:00
6703df03ff47a0deeb2b7e30,DNKBWE76,CAR,2024-10-07 17:15:47.451219+04:00
6703e0e98c7b6bdb324aa2c9,CY4MV7G4,CAR,2024-10-07 17:23:53.563689+04:00
6703e27cdd3609f126201171,8FPHHJZY,CAR,2024-10-07 17:30:36.182571+04:00
6703e31b91e3a10acb4d333a,KKA5MDTC,CAR,2024-10-07 17:33:15.917138+04:00
6703e5a6ed408c77c722c268,CYT8Z8A2,CAR,2024-10-07 17:44:06.107377+04:00
6703e67284170729998f21ba,K82Q6ET8,CAR,2024-10-07 17:47:30.260815+04:00
6703e9b1a81168fa3d8497d6,FADN29TL,CAR,2024-10-07 18:01:21.272478+04:00
6703eb1991e3a10acb4d336d,7NS3J3HH,CAR,2024-10-07 18:07:21.290971+04:00
6703ec969ec6315eadecbefa,TK5FNLA4,CAR,2024-10-07 18:13:42.374312+04:00
6703eda29ec6315eadecbf0c,NX7NRYZV,CAR,2024-10-07 18:18:10.317793+04:00
6703f5abed408c77c722c36d,WNBEG2P6,CAR,2024-10-07 18:52:27.319488+04:00
6703f5bef1d9a8def1e5087e,KZHLBNYH,CAR,2024-10-07 18:52:46.659642+04:00
6703f5dbed408c77c722c3df,VVU3QQC8,CAR,2024-10-07 18:53:15.665634+04:00
6703f6a9ed408c77c722c422,NCZPQSHP,CAR,2024-10-07 18:56:41.210389+04:00
6703f8e7ed408c77c722c4a9,HJ5HLNXZ,CAR,2024-10-07 19:06:15.066885+04:00
6703fb6ced408c77c722c557,PJ4ECGZZ,CAR,2024-10-07 19:17:00.259542+04:00
67040186ed408c77c722c6db,NK4N4NXV,CAR,2024-10-07 19:43:02.448332+04:00
67040287ed408c77c722c751,CJ9FSM96,CAR,2024-10-07 19:47:19.911903+04:00
67040506ed408c77c722c7cc,CRVNWMAK,CAR,2024-10-07 19:57:58.345837+04:00
67040cbc1baad88b8079389b,TFHFL7GF,CAR,2024-10-07 20:30:52.850216+04:00
67040cdc2fa172f7f0203803,EX3M4V5V,CAR,2024-10-07 20:31:24.694873+04:00
67040e64dd3609f1262011da,YD6E677Q,CAR,2024-10-07 20:37:56.539216+04:00
67040f279ec6315eadecc525,G8CDRSQQ,CAR,2024-10-07 20:41:11.031895+04:00
670411100b691b4092d9a4b5,9Z3T9JS4,CAR,2024-10-07 20:49:20.775914+04:00
670412750b691b4092d9a5eb,R6V7EBZW,CAR,2024-10-07 20:55:17.162772+04:00
670417232fa172f7f02038fd,RJM2EXK4,CAR,2024-10-07 21:15:15.545351+04:00
6704174bf754a9cf2ee3de25,WLJPSXLB,CAR,2024-10-07 21:15:55.122383+04:00
67041a88f754a9cf2ee3ded7,ENT83C2E,CAR,2024-10-07 21:29:44.016152+04:00
67041b2278310a7100d3eee2,TQV8KKPH,CAR,2024-10-07 21:32:18.863111+04:00
67041f3878310a7100d3ef0d,YC8N42BT,CAR,2024-10-07 21:49:43.983438+04:00
670423d8e552128359a719af,JN6SJLDU,CAR,2024-10-07 22:09:27.925092+04:00
670425d0bae8726bacbf8411,5TFTHG88,CAR,2024-10-07 22:17:52.828210+04:00
6704260d62d772363723af20,QGEXYFSP,CAR,2024-10-07 22:18:53.178911+04:00
67042a8cbae8726bacbf84bb,KPHUZZRA,CAR,2024-10-07 22:38:04.557009+04:00
67043c51f754a9cf2ee3e084,NDKB5DHA,CAR,2024-10-07 23:53:53.855194+04:00
67045e04d22f900c9dbe252e,PCYYYVFX,CAR,2024-10-08 02:17:40.446880+04:00
6704840e90aa61ec18c0d973,FQT9YSYH,CAR,2024-10-08 04:59:58.886293+04:00
67048708010b1c64e26f63bc,ZKTQWS5E,CAR,2024-10-08 05:12:40.340498+04:00
6704a209fd3a03fa5eeac48e,8Q9K9FPX,CAR,2024-10-08 07:07:53.845204+04:00
6704a3cb3b2c2202a313a48c,LHRRWKBX,CAR,2024-10-08 07:15:23.582343+04:00
6704a56111b165e2660905c4,6W2NUUVL,CAR,2024-10-08 07:22:09.251160+04:00
6704ad02887db11c737b8cb2,CG9UGF29,CAR,2024-10-08 07:54:42.338060+04:00
6704b3bfa7f0e30ab7154049,QYHBPA46,CAR,2024-10-08 08:23:27.727663+04:00
6704b6bfa7f0e30ab7154109,CW9R2GQG,CAR,2024-10-08 08:36:15.372772+04:00
6704b6ee0b5a828abf7ee535,GNTSX3VG,CAR,2024-10-08 08:37:02.685384+04:00
6704b79ca7f0e30ab7154193,EV4NEQQW,CAR,2024-10-08 08:39:56.633929+04:00
6704b95ba7f0e30ab7154229,VMYBC7NS,CAR,2024-10-08 08:47:23.970396+04:00
6704ba18a7f0e30ab71542cb,EUWDZ7G9,CAR,2024-10-08 08:50:32.151397+04:00
6704bf31a7f0e30ab7154396,FLNRN9KQ,CAR,2024-10-08 09:12:17.558747+04:00
6704c0e9ad75ccea8942e00a,L847VZUY,CAR,2024-10-08 09:19:36.980576+04:00
6704c38e0fffc0b968cd7ff5,CGDEPPL8,CAR,2024-10-08 09:30:54.537745+04:00
6704c4760fffc0b968cd8075,BDFYG96T,CAR,2024-10-08 09:34:45.937871+04:00
6704c58ba7f0e30ab7154454,988Z8Q8Z,CAR,2024-10-08 09:39:23.034902+04:00
6704c8e6a7f0e30ab71544e5,PNBP7TAS,CAR,2024-10-08 09:53:42.766903+04:00
6704c97f0fffc0b968cd81bc,7HCJPS7Z,CAR,2024-10-08 09:56:15.395762+04:00
6704ca1a0fffc0b968cd8250,XDMVB9DE,CAR,2024-10-08 09:58:49.996993+04:00
6704ca9311b165e26609067a,46VD8DAN,CAR,2024-10-08 10:00:51.587709+04:00
6704caeb0736e763bce44b19,B53R4EAA,CAR,2024-10-08 10:02:19.724366+04:00
6704cd56a45bd3c5797dc93b,EJV6EMH3,CAR,2024-10-08 10:12:38.950830+04:00
6704cfdca7f0e30ab7154628,Q9G2BVRJ,CAR,2024-10-08 10:23:24.176061+04:00
6704d0690fffc0b968cd83a2,HQXPWMHG,CAR,2024-10-08 10:25:44.945266+04:00
6704d10c0fffc0b968cd8416,E746C3VR,CAR,2024-10-08 10:28:28.735342+04:00
6704d149a7f0e30ab7154705,BZ9RDD7N,CAR,2024-10-08 10:29:29.097894+04:00
6704d1e4887db11c737b8f33,JSZJJFQY,CAR,2024-10-08 10:32:04.258344+04:00
6704d2ffa7f0e30ab715478d,JNQGHSZR,CAR,2024-10-08 10:36:47.971314+04:00
6704d487887db11c737b8fd6,TSBX7ZSP,CAR,2024-10-08 10:43:19.215630+04:00
6704d5ee0fffc0b968cd8667,WN3L2WC8,CAR,2024-10-08 10:49:18.324218+04:00
6704d63a0736e763bce44c09,8ZRDTQ7U,CAR,2024-10-08 10:50:33.991280+04:00
6704d77911b165e266090758,63UQ3B38,CAR,2024-10-08 10:55:53.761216+04:00
6704d7ce59a0c287fac64cf1,U3UQ44X7,CAR,2024-10-08 10:57:18.657935+04:00
6704d80711b165e2660907ef,SXQCBXPV,CAR,2024-10-08 10:58:15.159123+04:00
6704d9f011b165e2660908b1,R8LHHTEX,CAR,2024-10-08 11:06:24.128356+04:00
6704da0111b165e266090921,R65MZ7SW,CAR,2024-10-08 11:06:41.174690+04:00
6704da71fd3a03fa5eeac575,XUTKY7WS,CAR,2024-10-08 11:08:33.685266+04:00
6704da8e81720ccafa386d50,LRNJTZKB,CAR,2024-10-08 11:09:02.536753+04:00
6704dd363d71a977d1756ce2,WTAKBBJF,CAR,2024-10-08 11:20:22.266021+04:00
6704e38eb6884e3464d0d5e2,HF9ULSYD,CAR,2024-10-08 11:47:26.431873+04:00
6704e46081720ccafa386daf,TFHL2NG8,CAR,2024-10-08 11:50:56.414909+04:00
6704e4a6331445351a2f41dc,5D32JQ5T,CAR,2024-10-08 11:52:06.171335+04:00
6704e619b6884e3464d0d7b7,7UENBUDW,CAR,2024-10-08 11:58:17.229118+04:00
6704e6adb6884e3464d0d82b,45VALGFK,CAR,2024-10-08 12:00:44.967379+04:00
6704e6e93d71a977d1756dff,47XXKDKQ,CAR,2024-10-08 12:01:45.654521+04:00
6704e78311b165e266090bb9,BD9AVK2S,CAR,2024-10-08 12:04:19.821493+04:00
6704e7bb66a90e84ac569e2d,PSV5Z4ME,CAR,2024-10-08 12:05:15.658891+04:00
6704e9feb6884e3464d0d96f,GJVUDHRR,CAR,2024-10-08 12:14:54.772860+04:00
6704ead33d71a977d1756ecd,QEEBJVSR,CAR,2024-10-08 12:18:27.588917+04:00
6704eb1311b165e266090db2,MTFH38D4,CAR,2024-10-08 12:19:31.330716+04:00
6704ee8c11b165e266090eed,X6QNUPVR,CAR,2024-10-08 12:34:20.903346+04:00
6704eeee11b165e266090f8f,U9MWAN32,CAR,2024-10-08 12:35:58.257142+04:00
6704efda6bc2efb86fb7d084,MTUACNUA,CAR,2024-10-08 12:39:54.155245+04:00
6704f0d766a90e84ac569ebb,38P25PM4,CAR,2024-10-08 12:44:07.110824+04:00
6704f238b6884e3464d0db1c,6XGZ6KX3,CAR,2024-10-08 12:50:00.154919+04:00
6704f592bee1a5bf89731a1e,F7P8L4F8,CAR,2024-10-08 13:04:18.351768+04:00
6704f5ad3d71a977d17570e7,9GEYPKAS,CAR,2024-10-08 13:04:45.315341+04:00
6704f724bd3e41ab361a6ac6,YSUM2T89,CAR,2024-10-08 13:11:00.282533+04:00
6704f72566a90e84ac569f64,V5T33J5L,CAR,2024-10-08 13:11:01.872980+04:00
6704f81698fce97e4e354c31,P3RK3WXN,CAR,2024-10-08 13:15:02.634351+04:00
6704f891b6884e3464d0dd23,RYR44KTY,CAR,2024-10-08 13:17:05.527665+04:00
6704f8d2bd3e41ab361a6bf6,VK55QA9N,CAR,2024-10-08 13:18:10.201075+04:00
6704fbf45a86efa7df6f745d,NGB2F7ZX,CAR,2024-10-08 13:31:32.309641+04:00
6704fca48a002ffaf7e6785b,2YRUT25D,CAR,2024-10-08 13:34:28.648107+04:00
670500af15241973d40e34e2,LQWBDLRH,CAR,2024-10-08 13:51:43.041207+04:00
670501112f41eda53b57085e,9ZAZWWES,CAR,2024-10-08 13:53:21.392429+04:00
6705023c15241973d40e3523,6VMMYRAT,CAR,2024-10-08 13:58:20.087723+04:00
6705023c47e55f748b66bdb0,GBZAV95R,CAR,2024-10-08 13:58:20.634214+04:00
670503e674e1932255425429,UZE4DAH3,CAR,2024-10-08 14:05:26.791122+04:00
6705044b76ad8a838ee82586,8EX6MU3S,CAR,2024-10-08 14:07:07.425178+04:00
6705053a76ad8a838ee825f4,CQD3PG9G,CAR,2024-10-08 14:11:06.956189+04:00
670506ae76ad8a838ee8267c,Z7XTFA3K,CAR,2024-10-08 14:17:18.636231+04:00
670507ca0acbe87816ca8e0e,75ST2YZA,CAR,2024-10-08 14:22:02.486742+04:00
67050b162f41eda53b570999,R8JX3XKF,CAR,2024-10-08 14:36:06.143669+04:00
67050b2a76ad8a838ee82735,8M53BNXR,CAR,2024-10-08 14:36:26.958381+04:00
67050b6f5a86efa7df6f74c2,PTD64VPU,CAR,2024-10-08 14:37:35.373446+04:00
67050b8274e19322554254cc,3CDPNUGJ,CAR,2024-10-08 14:37:54.144177+04:00
67050baf80196d9d770019c9,TN42DVR6,CAR,2024-10-08 14:38:39.689518+04:00
67050cb6eb9e8a1c17e11036,UXUXMCQD,CAR,2024-10-08 14:43:02.386586+04:00
67050d1847e55f748b66be77,MR5ET89S,CAR,2024-10-08 14:44:40.875250+04:00
670510be74e193225542557a,GXE3K892,CAR,2024-10-08 15:00:14.628107+04:00
6705112115241973d40e36a3,8YVSADUD,CAR,2024-10-08 15:01:53.128580+04:00
670513575a86efa7df6f786d,86PXA4LQ,CAR,2024-10-08 15:11:19.054743+04:00
670514795a86efa7df6f78de,R9FK4JQW,CAR,2024-10-08 15:16:09.671091+04:00
670514b25a86efa7df6f7979,WPFDL9V4,CAR,2024-10-08 15:17:05.998558+04:00
6705161deb9e8a1c17e11151,3YPRDEEE,CAR,2024-10-08 15:23:09.017747+04:00
6705187147e55f748b66bfed,69WZH8UG,CAR,2024-10-08 15:33:05.118322+04:00
6705197de91f8ee10a571b1a,Q9RAB93E,CAR,2024-10-08 15:37:33.265130+04:00
67051c5c58866e8883353330,BCKDBPV7,CAR,2024-10-08 15:49:48.757138+04:00
67051dc0ed0eb37399d41b4a,JQ7AK3GR,CAR,2024-10-08 15:55:44.888361+04:00
67051e5a29eeb619f5be197f,6US4W6EU,CAR,2024-10-08 15:58:18.141629+04:00
670521fd29eeb619f5be1a01,9C47CD9K,CAR,2024-10-08 16:13:49.143389+04:00
67052298906ecdfee0ea88a1,HMSR36F8,CAR,2024-10-08 16:16:24.570301+04:00
67052393e91f8ee10a571bf5,3U7BDMQR,CAR,2024-10-08 16:20:35.775607+04:00
670524b42bbb015b54108532,4JDU72V4,CAR,2024-10-08 16:25:24.636328+04:00
6705271d58866e8883353459,QWRGFXNW,CAR,2024-10-08 16:35:41.672164+04:00
6705275258866e88833534c6,RNVMHPQS,CAR,2024-10-08 16:36:34.775693+04:00
670527f68af5e2ae90dc2fe4,LJ7YANGM,CAR,2024-10-08 16:39:18.840961+04:00
67052bf8d7e59016d74452d2,GMJD839B,CAR,2024-10-08 16:56:24.070108+04:00
6705329f58866e8883353775,9TNUK8G9,CAR,2024-10-08 17:24:47.221911+04:00
670534b2906ecdfee0ea895c,9WKN8XM7,CAR,2024-10-08 17:33:38.473366+04:00
67053690d5844fe27498d498,HSELXTKW,CAR,2024-10-08 17:41:36.196068+04:00
67053713ed0eb37399d41c3b,WF6DJDLS,CAR,2024-10-08 17:43:47.200353+04:00
67053fe20f973b70316f8293,8J6RCP8B,CAR,2024-10-08 18:21:22.132229+04:00
67053ff90f973b70316f8338,5AXEY786,CAR,2024-10-08 18:21:45.963553+04:00
670541aff5a0a1a993cf6e45,UC9XRDNV,CAR,2024-10-08 18:29:03.532799+04:00
670541bf58866e88833538ce,WDA3QYDD,CAR,2024-10-08 18:29:19.155284+04:00
670542e4cc7aea5724884fcf,PSW23PN8,CAR,2024-10-08 18:34:12.946430+04:00
6705434a58866e8883353958,WWM9GPW8,CAR,2024-10-08 18:35:54.639518+04:00
670543c758866e8883353994,GNQZWHMK,CAR,2024-10-08 18:37:59.272467+04:00
670543fa58866e88833539d8,5G49XN3U,CAR,2024-10-08 18:38:49.961785+04:00
67054403cc7aea5724885081,KKD4B6WX,CAR,2024-10-08 18:38:58.986442+04:00
6705489d2128f4052c3a5d24,ZCH4ZK2Z,CAR,2024-10-08 18:58:37.253908+04:00
67054b060f973b70316f840c,CQT9WWRE,CAR,2024-10-08 19:08:54.111663+04:00
67054bea74689a5b1327b131,LSUZJZTR,CAR,2024-10-08 19:12:42.642338+04:00
67054dc70f973b70316f84eb,PD5X4X73,CAR,2024-10-08 19:20:39.268745+04:00
670550ee60ccf70c5ad4dff7,2XNXXTPU,CAR,2024-10-08 19:34:06.730215+04:00
6705519b3a8afe2cf700e833,YEL6SDPM,CAR,2024-10-08 19:36:59.960086+04:00
670557998489ac51aa169a3b,7SUH4WGW,CAR,2024-10-08 20:02:33.138625+04:00
670558292128f4052c3a6136,K6GVBLG2,CAR,2024-10-08 20:04:57.961121+04:00
670558684d1c4aae0241863b,YL7F2ALG,CAR,2024-10-08 20:06:00.317222+04:00
670559138489ac51aa169aef,CMBMNCC3,CAR,2024-10-08 20:08:51.589761+04:00
67055c092128f4052c3a6187,A9QMH5B9,CAR,2024-10-08 20:21:29.367954+04:00
67055da38489ac51aa169c67,GCBYJ3EN,CAR,2024-10-08 20:28:19.056148+04:00
67055e17cc7aea572488518b,GM27L49H,CAR,2024-10-08 20:30:15.312120+04:00
67055ee68489ac51aa169d0d,85W33PDL,CAR,2024-10-08 20:33:42.021550+04:00
670563a6eacbf6f81733f6f8,NBD2CAZU,CAR,2024-10-08 20:53:58.087402+04:00
6705693aeacbf6f81733f7c1,V4TRDQJG,CAR,2024-10-08 21:17:46.615516+04:00
67056cefeacbf6f81733f8b7,659EGFKD,CAR,2024-10-08 21:33:35.492466+04:00
6705778e8489ac51aa169ec8,5XSJB3Y9,CAR,2024-10-08 22:18:54.029443+04:00
67057e128489ac51aa16a075,VVP7HTNK,CAR,2024-10-08 22:46:42.331443+04:00
670586678489ac51aa16a333,BRWHFUQC,CAR,2024-10-08 23:22:15.336778+04:00
670587dfeacbf6f81733fc39,2XNSMEHL,CAR,2024-10-08 23:28:31.908323+04:00
6705a4ea8f36825835f35b28,WAG248NJ,CAR,2024-10-09 01:32:26.669666+04:00
6705a671eacbf6f81733fe66,WPVBHY2N,CAR,2024-10-09 01:38:57.801067+04:00
6705a6b9eacbf6f81733fed8,CBYNN3YG,CAR,2024-10-09 01:40:09.336676+04:00
6705e2083bb729b682bc5459,S4ESXR2B,CAR,2024-10-09 05:53:12.167979+04:00
6705fedceacbf6f817340051,TPS8UWCB,CAR,2024-10-09 07:56:12.310095+04:00
6706000b2da95b8daf43a091,MFJG7DQB,CAR,2024-10-09 08:01:15.675385+04:00
6706031feacbf6f8173400f0,WEL9A7EZ,CAR,2024-10-09 08:14:23.528893+04:00
670603708f36825835f35c66,ZY9CCCQW,CAR,2024-10-09 08:15:44.142114+04:00
67060538a27bbf06c40c5d85,7VSLAJQP,CAR,2024-10-09 08:23:20.732192+04:00
670607868f36825835f35cda,UW5NMP4A,CAR,2024-10-09 08:33:10.525339+04:00
6706094392855f5890af8939,8BD9VCGG,CAR,2024-10-09 08:40:35.639868+04:00
670609fc8f36825835f35d80,DESZ9UVG,CAR,2024-10-09 08:43:40.426657+04:00
67060be9bb629f7b60d64bde,3R8YTXZZ,CAR,2024-10-09 08:51:53.095632+04:00
67060d502da95b8daf43a109,RYTNS98E,CAR,2024-10-09 08:57:52.478455+04:00
67061785090a36b52017f0d7,VBYJTZU7,CAR,2024-10-09 09:41:25.607787+04:00
67061987090a36b52017f196,UML8WEQ3,CAR,2024-10-09 09:49:59.384643+04:00
67061acb3bb729b682bc5709,V49VBDAQ,CAR,2024-10-09 09:55:22.977821+04:00
67061daebb629f7b60d64d67,W77QERV9,CAR,2024-10-09 10:07:42.166841+04:00
67061ded090a36b52017f217,SUFETXM2,CAR,2024-10-09 10:08:45.525954+04:00
67061df177accef5f768ebfa,QAQ2PPJ6,CAR,2024-10-09 10:08:49.548721+04:00
67061ff7bb629f7b60d64dd1,38DVEQM6,CAR,2024-10-09 10:17:27.037242+04:00
670620753bb729b682bc582d,V39VBT4J,CAR,2024-10-09 10:19:33.387698+04:00
670624a22da95b8daf43a262,HWKSWDAN,CAR,2024-10-09 10:37:22.065581+04:00
670625213bb729b682bc594e,T78TSUWK,CAR,2024-10-09 10:39:29.381496+04:00
67062568bb629f7b60d64f3e,JNZQWXHN,CAR,2024-10-09 10:40:40.434995+04:00
670625962da95b8daf43a2dd,SUYJZEG9,CAR,2024-10-09 10:41:26.818430+04:00
6706289630b30055a118e259,322XWB6S,CAR,2024-10-09 10:54:14.811876+04:00
6706291230b30055a118e2a3,RB3J5A4R,CAR,2024-10-09 10:56:18.678413+04:00
67062c73bb629f7b60d65160,32GM2GCW,CAR,2024-10-09 11:10:43.650747+04:00
67062e1bbb629f7b60d651ea,HXX56R7G,CAR,2024-10-09 11:17:47.642857+04:00
6706311d8514999121fff7b0,R89SP2QA,CAR,2024-10-09 11:30:37.819693+04:00
67063393f70c2d72c1b9c44b,2BLPAY8X,CAR,2024-10-09 11:41:07.071698+04:00
6706355df70c2d72c1b9c510,96VDAYQZ,CAR,2024-10-09 11:48:45.880527+04:00
67063577f1a8a792a0b65aff,J7EPL98C,CAR,2024-10-09 11:49:11.679657+04:00
67063a152d607bf08fe57481,TX9RSEB4,CAR,2024-10-09 12:08:53.931074+04:00
67063a3130b30055a118e56b,XRWSSFSP,CAR,2024-10-09 12:09:21.373905+04:00
67063a8eaa0b1e1422e1fc19,YP6B8AJW,CAR,2024-10-09 12:10:54.555172+04:00
67063c4c30b30055a118e6b3,YGZYKN3M,CAR,2024-10-09 12:18:20.740728+04:00
6706435d30b30055a118e877,PEQGDMLU,CAR,2024-10-09 12:48:29.134926+04:00
6706436f8514999121fffa69,64X2YDGR,CAR,2024-10-09 12:48:47.038874+04:00
670643c98514999121fffbd8,R38RMPCL,CAR,2024-10-09 12:50:17.126515+04:00
67064446aa0b1e1422e1fc81,TZANA3WH,CAR,2024-10-09 12:52:22.615201+04:00
670648368514999121fffd16,27ZAKJXT,CAR,2024-10-09 13:09:10.676147+04:00
670649c9bf21b415f9210081,YKJLL6SN,CAR,2024-10-09 13:15:53.751949+04:00
67064a32bf21b415f92100f2,XVVA4TEX,CAR,2024-10-09 13:17:38.669101+04:00
67064ae9da1149f7b90feecf,SKWFQRNH,CAR,2024-10-09 13:20:41.816808+04:00
67064b3130b30055a118ebdd,K9X8JKJR,CAR,2024-10-09 13:21:53.130088+04:00
67064bec91efe546fee4b902,NYYFRPK4,CAR,2024-10-09 13:25:00.874807+04:00
67064c01e0f394a07c214d94,ZKFSAJRA,CAR,2024-10-09 13:25:21.723781+04:00
67064cbfbf21b415f9210240,J7WK9AAR,CAR,2024-10-09 13:28:31.685651+04:00
67064cf6da1149f7b90fef5a,6A44AP4G,CAR,2024-10-09 13:29:26.200890+04:00
67064d68bf21b415f921034e,BKU5PJJF,CAR,2024-10-09 13:31:20.768777+04:00
67064da1bf21b415f92103c0,TDNTWJ4S,CAR,2024-10-09 13:32:17.298971+04:00
67064e21bf21b415f921042f,U3WK2JXL,CAR,2024-10-09 13:34:25.456232+04:00
67064f98da1149f7b90ff0b8,N5TGF72X,CAR,2024-10-09 13:40:40.619423+04:00
67064ff0da1149f7b90ff0fd,FFLQQSEK,CAR,2024-10-09 13:42:08.336206+04:00
67065058a142ddbf8c6a95a0,UHD34H8K,CAR,2024-10-09 13:43:52.798417+04:00
67065195bf21b415f92104c5,MGLXN3TN,CAR,2024-10-09 13:49:08.916166+04:00
670652a477accef5f768ee66,XMHP325V,CAR,2024-10-09 13:53:40.807783+04:00
670655a3a142ddbf8c6a9633,5TEGJ3W7,CAR,2024-10-09 14:06:27.063714+04:00
67065678a142ddbf8c6a9671,6BE3NDZF,CAR,2024-10-09 14:10:00.764064+04:00
6706584091efe546fee4bbe7,49GBSLXC,CAR,2024-10-09 14:17:36.474081+04:00
67065943aa0b1e1422e1fd32,LV396S8W,CAR,2024-10-09 14:21:55.186174+04:00
670659c7aa0b1e1422e1fdab,MDJV6BV9,CAR,2024-10-09 14:24:07.302339+04:00
670659c791efe546fee4bc51,LSST444V,CAR,2024-10-09 14:24:07.839626+04:00
67065ab5da1149f7b90ff5f6,7WKLNT34,CAR,2024-10-09 14:28:05.582760+04:00
67065acb91efe546fee4bca0,VLW3HBQV,CAR,2024-10-09 14:28:27.005448+04:00
67065e1bbf21b415f92107a6,T29R6TBA,CAR,2024-10-09 14:42:35.949985+04:00
67065f6cda1149f7b90ff77a,ETNY7HB7,CAR,2024-10-09 14:48:12.252630+04:00
670661e091efe546fee4beab,Y8LMJQVW,CAR,2024-10-09 14:58:40.735030+04:00
6706652eda1149f7b90ff88d,9EXYS9NC,CAR,2024-10-09 15:12:46.245986+04:00
670667641613b873540e1426,8NM9YF5P,CAR,2024-10-09 15:22:12.416454+04:00
6706679137d0005062ae39ba,BVJPKNXS,CAR,2024-10-09 15:22:57.794147+04:00
67066926a8bbca260430ac1c,GXSW9JGM,CAR,2024-10-09 15:29:42.589811+04:00
670672d237d0005062ae3ce5,HZSKN5YD,CAR,2024-10-09 16:10:58.898458+04:00
670675d38bb5a9d5484989c5,RKMPA4VH,CAR,2024-10-09 16:23:47.652493+04:00
670675fed5404d57960a6b12,XXQNH37Q,CAR,2024-10-09 16:24:30.618255+04:00
670678ecd5404d57960a6bf6,6H76B4TL,CAR,2024-10-09 16:37:00.817174+04:00
670679f67e0857bba6ef890a,BSBXNAJU,CAR,2024-10-09 16:41:26.605595+04:00
67067be265902c05c90a4612,UNSHQZLM,CAR,2024-10-09 16:49:38.388993+04:00
67067cee669678e65377a427,BCJ5H5NY,CAR,2024-10-09 16:54:06.355685+04:00
67067d5837d0005062ae3e3a,4RUPCG8Z,CAR,2024-10-09 16:55:52.006336+04:00
67067f28669678e65377a4cb,ZMNU6BTK,CAR,2024-10-09 17:03:36.383784+04:00
67067f43877d15dff3968013,LLAWFL7Y,CAR,2024-10-09 17:04:03.463239+04:00
67068153d5404d57960a6e3d,ZL3KV4QF,CAR,2024-10-09 17:12:51.675921+04:00
67068344d5404d57960a6eb7,DKTSQ2N4,CAR,2024-10-09 17:21:08.474576+04:00
670683a065902c05c90a471c,S37RT6AU,CAR,2024-10-09 17:22:40.397416+04:00
67068546043829bc07072937,3Q42KNQF,CAR,2024-10-09 17:29:42.473469+04:00
6706866c0734da8f28cc0f2e,6MAW7HKK,CAR,2024-10-09 17:34:36.482777+04:00
67068770669678e65377a5d4,VJRRGCNR,CAR,2024-10-09 17:38:56.647032+04:00
670687c9b9cbdbea691f270b,RGQSW8FB,CAR,2024-10-09 17:40:25.364275+04:00
67068aa386e8bc050800ae21,2VJ8Y4GY,CAR,2024-10-09 17:52:35.181826+04:00
67068bfa043829bc07072a98,FJ3S3E4D,CAR,2024-10-09 17:58:18.958077+04:00
67068c250734da8f28cc10f7,DJT78R72,CAR,2024-10-09 17:59:01.738913+04:00
67068d1604930f356ef4a2f9,NU2C5ERU,CAR,2024-10-09 18:03:02.029033+04:00
67068d8786e8bc050800af09,67MN4MJJ,CAR,2024-10-09 18:04:55.106807+04:00
67068da30734da8f28cc110e,24R2LWHD,CAR,2024-10-09 18:05:23.583250+04:00
67068e7586e8bc050800af7b,A5964YMF,CAR,2024-10-09 18:08:53.652004+04:00
67068e9904930f356ef4a36b,2SF5BLLH,CAR,2024-10-09 18:09:29.050713+04:00
67068ec3669678e65377a6f3,BR5KB932,CAR,2024-10-09 18:10:11.183735+04:00
67068f6a0734da8f28cc11b4,9PVEZMKQ,CAR,2024-10-09 18:12:58.778467+04:00
670690220734da8f28cc122e,AGZY2VFA,CAR,2024-10-09 18:16:02.798272+04:00
670692b6877d15dff39680c0,GAEAZFSM,CAR,2024-10-09 18:27:02.403184+04:00
670694080734da8f28cc1443,XZYDV8SZ,CAR,2024-10-09 18:32:40.195367+04:00
6706965f3c44ba9106607574,HDAN9E33,CAR,2024-10-09 18:42:39.092882+04:00
67069bdf45c6620878b42c27,8C276WCV,CAR,2024-10-09 19:06:07.225338+04:00
67069dc7466cc2316c5ac265,3L464VCC,CAR,2024-10-09 19:14:15.297440+04:00
6706af7345c6620878b42f79,JKUTLPP2,CAR,2024-10-09 20:29:39.831750+04:00
6706b7bbd12955873f1dc110,PURX26XN,CAR,2024-10-09 21:04:59.631979+04:00
6706c2f5320e606c51fe2eda,3TAYMENF,CAR,2024-10-09 21:52:53.909861+04:00
6706c79645c6620878b431b0,U9N5MZ9X,CAR,2024-10-09 22:12:38.672485+04:00
6706c827d12955873f1dc2a8,9CX29EPQ,CAR,2024-10-09 22:15:03.452702+04:00
670748e4d12955873f1dc938,RA6PHKKU,CAR,2024-10-10 07:24:20.461069+04:00
670751ed71a1b495c57ecb74,J5ZGVRNQ,CAR,2024-10-10 08:02:53.457541+04:00
6707547a71a1b495c57ecbf3,5UUGKZ8K,CAR,2024-10-10 08:13:46.398814+04:00
670759f171a1b495c57ecd47,FNX8FXYX,CAR,2024-10-10 08:37:05.647506+04:00
67075db03f21a7b370a26a86,4BNZFQ94,CAR,2024-10-10 08:53:04.609773+04:00
67075fa23c44ba9106607604,2R854654,CAR,2024-10-10 09:01:22.198845+04:00
67076045c4a40835f744bfb9,FZXQUS3C,CAR,2024-10-10 09:04:05.727676+04:00
6707661c3f21a7b370a26b3c,P9VLLL64,CAR,2024-10-10 09:29:00.830330+04:00
670766697f2ef1f21d4cb575,BBBWGNZR,CAR,2024-10-10 09:30:17.027886+04:00
67076872c4a40835f744c07b,PSNTT5JZ,CAR,2024-10-10 09:38:58.307080+04:00
67076abc3f21a7b370a26bc8,89ZU3FVR,CAR,2024-10-10 09:48:44.310433+04:00
67076bb30061e21c7b9ac4db,42PCJR63,CAR,2024-10-10 09:52:51.009754+04:00
67076cff3f21a7b370a26c47,6QVDZSMX,CAR,2024-10-10 09:58:23.403264+04:00
67076d81db147eeb09510eed,FG7VNKR8,CAR,2024-10-10 10:00:33.623386+04:00
67076ec07f2ef1f21d4cb6a7,Z2L7H23C,CAR,2024-10-10 10:05:52.890437+04:00
67076f07f7e7ecd8941773a3,H2MCNSHU,CAR,2024-10-10 10:07:03.882634+04:00
67076f33320e606c51fe3330,T5BZXFCF,CAR,2024-10-10 10:07:47.532687+04:00
67076f830061e21c7b9ac551,MKHPZJ8T,CAR,2024-10-10 10:09:07.334794+04:00
670772c93f21a7b370a26d0d,46WTRZXF,CAR,2024-10-10 10:23:05.501162+04:00
67077378870a4f499542fb36,TXZCS5S8,CAR,2024-10-10 10:26:00.359944+04:00
6707738b71a1b495c57ed095,9VDE4SP8,CAR,2024-10-10 10:26:19.634097+04:00
670775dca39d658147ce03ca,6M5LTUC8,CAR,2024-10-10 10:36:12.197290+04:00
6707764ca39d658147ce043a,CT3L39GN,CAR,2024-10-10 10:38:04.568694+04:00
67077936a39d658147ce04ca,DFRBYZJC,CAR,2024-10-10 10:50:30.279532+04:00
67077a1a870a4f499542fbdf,SD46V8FH,CAR,2024-10-10 10:54:18.488494+04:00
67077b255c8a3ed0afb53789,EVT7866A,CAR,2024-10-10 10:58:45.170238+04:00
67077da36e7c896b39857ec5,FAEMLYXE,CAR,2024-10-10 11:09:23.802474+04:00
67077f20a39d658147ce057c,7WQF724V,CAR,2024-10-10 11:15:44.695748+04:00
670780aaa39d658147ce05f8,DWJ4FWBK,CAR,2024-10-10 11:22:18.072663+04:00
670783242356c3ded34b03a7,NXFJX24L,CAR,2024-10-10 11:32:52.158342+04:00
670785512356c3ded34b042c,TWYFUCL5,CAR,2024-10-10 11:42:09.321436+04:00
6707855ca39d658147ce0834,54USJWJF,CAR,2024-10-10 11:42:20.570190+04:00
6707859a722a196f7ffee371,CBZ34P8C,CAR,2024-10-10 11:43:22.663058+04:00
67078a8bec4b82f220db932b,MLFPCZTU,CAR,2024-10-10 12:04:27.316858+04:00
67078ab1a39d658147ce0a7e,S9F6BNPP,CAR,2024-10-10 12:05:05.861511+04:00
67078ceb5c8a3ed0afb539f6,4L5MGMN7,CAR,2024-10-10 12:14:35.901501+04:00
67078d53722a196f7ffee4d6,W9HUGLCY,CAR,2024-10-10 12:16:19.808800+04:00
67078d84a39d658147ce0b24,VJFFBE2E,CAR,2024-10-10 12:17:08.747871+04:00
67078dd8a39d658147ce0b96,XKVSPR23,CAR,2024-10-10 12:18:32.922271+04:00
67078df1a39d658147ce0c0a,48RKH7GQ,CAR,2024-10-10 12:18:57.187245+04:00
67078e082356c3ded34b04fc,493PU8CS,CAR,2024-10-10 12:19:20.774073+04:00
67078f55a39d658147ce0d1c,YEWTUPEB,CAR,2024-10-10 12:24:53.028171+04:00
6707907ba39d658147ce0eaf,75G7XAJS,CAR,2024-10-10 12:29:47.239726+04:00
67079392a39d658147ce1014,A7BXP7FE,CAR,2024-10-10 12:42:58.718554+04:00
6707958f6e7c896b39858164,6XZCCFHY,CAR,2024-10-10 12:51:26.991621+04:00
670795965c8a3ed0afb53c3b,TQ6SULJR,CAR,2024-10-10 12:51:34.348780+04:00
670796b7a39d658147ce1265,BCUHWSJD,CAR,2024-10-10 12:56:23.474723+04:00
67079762ec4b82f220db9634,N3FYCRTS,CAR,2024-10-10 12:59:14.964270+04:00
670798336e7c896b398581e2,ND8NUGEH,CAR,2024-10-10 13:02:43.099886+04:00
670798bcec4b82f220db9671,A3SKUZ2F,CAR,2024-10-10 13:05:00.327481+04:00
67079a2d5c8a3ed0afb53e3b,5BSBBE3H,CAR,2024-10-10 13:11:09.283521+04:00
67079a725c8a3ed0afb53ea9,PP4UBUKG,CAR,2024-10-10 13:12:18.882632+04:00
67079c59a39d658147ce142b,RUA52Z7J,CAR,2024-10-10 13:20:25.536351+04:00
67079cb1a39d658147ce149b,JUAJDZZL,CAR,2024-10-10 13:21:53.147054+04:00
67079d20722a196f7ffee6f7,9NBKPVF7,CAR,2024-10-10 13:23:44.784841+04:00
67079e526e7c896b39858280,6RD4984X,CAR,2024-10-10 13:28:50.204073+04:00
6707a4ab32b8217852936f00,AVPMVVC3,CAR,2024-10-10 13:55:55.334809+04:00
6707a60acdcf64126090255b,SSK34NYP,CAR,2024-10-10 14:01:46.780471+04:00
6707aaa4870a4f4995430101,DFR8VGF7,CAR,2024-10-10 14:21:24.157896+04:00
6707abe93f512389403233d9,RZV3U7CS,CAR,2024-10-10 14:26:49.752161+04:00
6707b0ca870a4f499543023c,B9XYHFK9,CAR,2024-10-10 14:47:38.475681+04:00
6707b44932b821785293719d,4B4C3VFL,CAR,2024-10-10 15:02:33.665991+04:00
6707b46d7f7358f4c3f0f0bb,PHX5UEHR,CAR,2024-10-10 15:03:09.132599+04:00
6707b57a3f51238940323502,LAZHG2CU,CAR,2024-10-10 15:07:38.572648+04:00
6707b59932b8217852937284,PGJPDVZ5,CAR,2024-10-10 15:08:09.424932+04:00
6707ba7d32b8217852937658,6DE42EC5,CAR,2024-10-10 15:29:01.165770+04:00
6707bb9c870a4f49954302e5,FE7AB5HS,CAR,2024-10-10 15:33:48.729533+04:00
6707c77256fcfd92dd85dc5a,X4BB6SDU,CAR,2024-10-10 16:24:18.559688+04:00
6707c82bcdcf6412609028b8,P7XMMZUM,CAR,2024-10-10 16:27:23.921323+04:00
6707caf3cdcf641260902967,H3XBJ6JC,CAR,2024-10-10 16:39:15.437512+04:00
6707cbcb56fcfd92dd85dd18,47MSZFF4,CAR,2024-10-10 16:42:51.115153+04:00
6707cd00cdcf6412609029dd,HZQ3LF7C,CAR,2024-10-10 16:48:00.878020+04:00
6707cf048a253aa6dc294204,QE379MX7,CAR,2024-10-10 16:56:36.609869+04:00
6707d15982891ae311443e52,29FXYTQT,CAR,2024-10-10 17:06:33.342961+04:00
6707d231832df5881f36ff00,Q28NCVL7,CAR,2024-10-10 17:10:09.003249+04:00
6707d448832df5881f36ffe4,U6PBVHX4,CAR,2024-10-10 17:19:04.765268+04:00
6707d8eec6c8fc4eafd23a89,6X2XAX8U,CAR,2024-10-10 17:38:54.137558+04:00
6707dac982891ae311444155,MZAMKDFE,CAR,2024-10-10 17:46:49.439401+04:00
6707de8d8a253aa6dc29436d,WDNVT9M6,CAR,2024-10-10 18:02:53.088249+04:00
6707e0994aa9dda6f51b2b41,GHCKFCLS,CAR,2024-10-10 18:11:37.726350+04:00
6707e8840350bc8b360b77e4,D6GHB6AM,CAR,2024-10-10 18:45:23.966667+04:00
6707e9ac10ba15f23cd76f77,5UAJVP38,CAR,2024-10-10 18:50:20.518884+04:00
6707ea438a253aa6dc29463d,YTHMETXX,CAR,2024-10-10 18:52:51.623585+04:00
6707eebd8a253aa6dc2947b6,3EJLWS58,CAR,2024-10-10 19:11:57.244653+04:00
6707f52f0350bc8b360b787f,Z4N6NFNF,CAR,2024-10-10 19:39:27.247597+04:00
6707f5bf0350bc8b360b78ef,5EPS2WSK,CAR,2024-10-10 19:41:51.070976+04:00
6707f8ae0350bc8b360b7a25,4T3DHA22,CAR,2024-10-10 19:54:22.101955+04:00
6707f8b8f3d92964387aa984,VXRN3CKG,CAR,2024-10-10 19:54:32.318099+04:00
6707faa8f3d92964387aaaa8,4ZL2UXB8,CAR,2024-10-10 20:02:48.738441+04:00
6707fe5f0350bc8b360b7aba,PLQZC32X,CAR,2024-10-10 20:18:39.223027+04:00
670800fd77fc442240977729,8LG428WP,CAR,2024-10-10 20:29:49.260218+04:00
670807fcf3d92964387aabe4,5TC5TYK9,CAR,2024-10-10 20:59:40.286997+04:00
6708134c77fc44224097783e,BNU6UB3X,CAR,2024-10-10 21:47:56.226225+04:00
6708234c77fc442240977912,WB5C4RC9,CAR,2024-10-10 22:56:12.686781+04:00
67082758fa3595c4bffdd330,ATGSZDP6,CAR,2024-10-10 23:13:28.191634+04:00
6708278510ba15f23cd77221,UXR5K6VT,CAR,2024-10-10 23:14:13.389767+04:00
6708447e77fc442240977c02,VAJHL4KE,CAR,2024-10-11 01:17:50.618433+04:00
67089c5a3525fb18e6bc2830,S7G3J2RM,CAR,2024-10-11 07:32:42.081085+04:00
6708a517065b1de417bd687d,ZX5XQ2P5,CAR,2024-10-11 08:09:59.894578+04:00
6708acc413fb5857a7d1cff0,RKCNQJLH,CAR,2024-10-11 08:42:44.890330+04:00
6708b04813fb5857a7d1d0fd,9KFA8MQA,CAR,2024-10-11 08:57:44.625586+04:00
6708b7b286e52756cab0ef61,U4Q8RDQH,CAR,2024-10-11 09:29:22.559731+04:00
6708bb8786e52756cab0f194,QJ3NPABN,CAR,2024-10-11 09:45:43.893784+04:00
6708bc3024d51eace0bf6e25,UWTVE2CF,CAR,2024-10-11 09:48:32.470328+04:00
6708bc3286e52756cab0f213,E72APZPN,CAR,2024-10-11 09:48:34.878376+04:00
6708bf2613fb5857a7d1d476,UNHM3RGB,CAR,2024-10-11 10:01:10.283886+04:00
6708c17e13fb5857a7d1d508,C4ESL6G6,CAR,2024-10-11 10:11:10.200533+04:00
6708c23c047d5250c89184af,VTYYVZGK,CAR,2024-10-11 10:14:20.672260+04:00
6708c3fa13fb5857a7d1d561,ME4LS4HW,CAR,2024-10-11 10:21:46.680677+04:00
6708c46b14a3bc89d3ad7fd9,ZRG9Z583,CAR,2024-10-11 10:23:39.000534+04:00
6708c49cffae9d281c62acdb,2KFX27PD,CAR,2024-10-11 10:24:28.466102+04:00
6708c4c7ffae9d281c62ad10,5V7WF3RA,CAR,2024-10-11 10:25:11.079092+04:00
6708c63a93de4d4dd7bbb2b5,UBVNEH9G,CAR,2024-10-11 10:31:22.840731+04:00
6708cb5514a3bc89d3ad8151,W29G5JGC,CAR,2024-10-11 10:53:09.737899+04:00
6708cbf3ffae9d281c62ad98,8QSKMG24,CAR,2024-10-11 10:55:46.984506+04:00
6708cc6245b281366ef70ac7,AR48G7V8,CAR,2024-10-11 10:57:38.434575+04:00
6708cffe45b281366ef70b2c,2MSYLADU,CAR,2024-10-11 11:13:02.654918+04:00
6708d2c7cdf40e018095c2d0,DGF3CFBP,CAR,2024-10-11 11:24:55.440196+04:00
6708d59545b281366ef70c3e,5XKP3V5R,CAR,2024-10-11 11:36:53.444043+04:00
6708d595979a63204f5f1b8f,8M9ELRXZ,CAR,2024-10-11 11:36:53.569506+04:00
6708d5bfcdf40e018095c364,HKXQCXGQ,CAR,2024-10-11 11:37:35.626982+04:00
6708d6b76399d5ee73c49357,R6EFNWAP,CAR,2024-10-11 11:41:43.931849+04:00
6708d765ae6545925e86d12d,XTTSBVN2,CAR,2024-10-11 11:44:37.078828+04:00
6708d8566399d5ee73c493d0,VCHSDPWP,CAR,2024-10-11 11:48:38.351748+04:00
6708d882cdf40e018095c44a,KE2EGLB6,CAR,2024-10-11 11:49:22.209436+04:00
6708d88e14a3bc89d3ad81e8,DZH5YASM,CAR,2024-10-11 11:49:34.030793+04:00
6708d915cdf40e018095c4f4,54AHJ3LG,CAR,2024-10-11 11:51:49.187203+04:00
6708d9196399d5ee73c494af,KR6A3QTH,CAR,2024-10-11 11:51:53.545753+04:00
6708d9e39f0a8817209c03bc,3M86J6V8,CAR,2024-10-11 11:55:15.388263+04:00
6708daaf9f0a8817209c0437,PCVGGABJ,CAR,2024-10-11 11:58:39.846642+04:00
6708dd4c3c2c7273186ca799,AWVZPRFJ,CAR,2024-10-11 12:09:47.993379+04:00
6708dd51cdf40e018095c5a7,SU8T776Q,CAR,2024-10-11 12:09:53.495767+04:00
6708df2acdf40e018095c625,LBGAZYQC,CAR,2024-10-11 12:17:46.566092+04:00
6708dfedcdf40e018095c6a1,NLFXYGL2,CAR,2024-10-11 12:21:01.754366+04:00
6708e0529f0a8817209c0507,9MEEG2FX,CAR,2024-10-11 12:22:42.362602+04:00
6708e0bfffae9d281c62b0ca,M47SA6Z9,CAR,2024-10-11 12:24:31.822420+04:00
6708e217cdf40e018095c764,4UHNWJFS,CAR,2024-10-11 12:30:15.787185+04:00
6708e4cd5fd552d92dc932bb,PPBS7VS7,CAR,2024-10-11 12:41:49.377146+04:00
6708e575ae6545925e86d503,G5U95F8H,CAR,2024-10-11 12:44:37.546021+04:00
6708e58bffae9d281c62b1b5,HM8UAZ6F,CAR,2024-10-11 12:44:59.339121+04:00
6708e79245b281366ef71075,FM4EUP4S,CAR,2024-10-11 12:53:38.553511+04:00
6708e7c65fd552d92dc93340,2FQNJWFX,CAR,2024-10-11 12:54:30.372933+04:00
6708e858ea1746ee80ae0821,RKZXTUZH,CAR,2024-10-11 12:56:56.149185+04:00
6708e985cdf40e018095c801,CU8KD3Q3,CAR,2024-10-11 13:01:57.358743+04:00
6708ec2cea1746ee80ae08da,MY5DGEU5,CAR,2024-10-11 13:13:16.633776+04:00
6708ecb6ea1746ee80ae0962,QGZCYE7J,CAR,2024-10-11 13:15:34.385979+04:00
6708eddc45b281366ef71177,7H7QQF4D,CAR,2024-10-11 13:20:28.640080+04:00
6708ede4ea1746ee80ae0a16,3LT8E6UZ,CAR,2024-10-11 13:20:36.298697+04:00
6708f07d15efa385976d1ff5,6W56FZ6V,CAR,2024-10-11 13:31:41.688325+04:00
6708f1556399d5ee73c4969c,5ZSQ88XB,CAR,2024-10-11 13:35:17.923571+04:00
6708f21e6399d5ee73c49713,RU5QDZ4U,CAR,2024-10-11 13:38:38.623280+04:00
6708f62bcdf40e018095c9cc,MK3HR5KZ,CAR,2024-10-11 13:55:55.325722+04:00
6708f69545b281366ef712d6,2PFUZ7JZ,CAR,2024-10-11 13:57:41.373069+04:00
6708fb4c45b281366ef714a8,UTRTANJB,CAR,2024-10-11 14:17:48.000492+04:00
6708fc60e2c9552145efdfbd,S2LXNGZC,CAR,2024-10-11 14:22:24.866876+04:00
6708fe5f2da3ba47bfe13d4d,7KHAF8JS,CAR,2024-10-11 14:30:55.449307+04:00
6708fee9a2c8c96a76420f5c,Q2SPFBA5,CAR,2024-10-11 14:33:13.928088+04:00
6708ffae45b281366ef714c8,V65QDHFW,CAR,2024-10-11 14:36:30.656737+04:00
6709023731e31390369ccf4a,KX9JRFYG,CAR,2024-10-11 14:47:19.625809+04:00
6709025f9e38df9286386279,KDQBEBE3,CAR,2024-10-11 14:47:59.655227+04:00
670906852da3ba47bfe13de2,RWB4HLPU,CAR,2024-10-11 15:05:41.949667+04:00
6709079845b281366ef716d9,DERCZDYV,CAR,2024-10-11 15:10:16.683363+04:00
67090d3b31e31390369cd159,R3W8AM82,CAR,2024-10-11 15:34:19.256443+04:00
67090dd031e31390369cd1d7,9F9HGUFD,CAR,2024-10-11 15:36:48.506273+04:00
67090f7c31e31390369cd318,JKXPQL2D,CAR,2024-10-11 15:43:56.184206+04:00
6709101444c31d3ab870b19c,9HEAJXN2,CAR,2024-10-11 15:46:28.332837+04:00
6709119d3a298561cc322b2d,UE6S8XYC,CAR,2024-10-11 15:53:01.154922+04:00
670911ea31e31390369cd38f,B76LVJXV,CAR,2024-10-11 15:54:18.481825+04:00
6709136d33e333e8ee0618da,AA7QE5NN,CAR,2024-10-11 16:00:45.076178+04:00
6709151ac72dee6963c2a521,L6K8RLDA,CAR,2024-10-11 16:07:54.941375+04:00
6709193454c58d3a961a25d6,EBMSCH4Y,CAR,2024-10-11 16:25:24.572356+04:00
67091daf58c2cb6ed1a70dce,3RVR3AVH,CAR,2024-10-11 16:44:31.415731+04:00
67091e8344c31d3ab870b3d8,ZJZ55LB8,CAR,2024-10-11 16:48:03.889229+04:00
670924b944c31d3ab870b51e,SNWVV25U,CAR,2024-10-11 17:14:33.926477+04:00
67092af92da3ba47bfe13e8e,WESQGAV4,CAR,2024-10-11 17:41:13.513108+04:00
6709330931e31390369cdab8,CFKENEP8,CAR,2024-10-11 18:15:37.277597+04:00
670934a844c31d3ab870b7e2,DAG3NGST,CAR,2024-10-11 18:22:32.094356+04:00
670936d344c31d3ab870b826,7RQHX8RN,CAR,2024-10-11 18:31:47.261006+04:00
67093a3b9e38df9286386541,Y4XC76XW,CAR,2024-10-11 18:46:19.809405+04:00
67093b8a31e31390369cdcb7,EKWLZZ7S,CAR,2024-10-11 18:51:54.849000+04:00
6709432631e31390369cdee4,28YP4MLR,CAR,2024-10-11 19:24:22.890478+04:00
67094a9144c31d3ab870b9f7,ZZ4WMXKF,CAR,2024-10-11 19:56:01.864396+04:00
67094bcf33e333e8ee061a61,TPLQJD76,CAR,2024-10-11 20:01:19.779538+04:00
67094d0a33e333e8ee061ae0,JPFCRMGQ,CAR,2024-10-11 20:06:34.514402+04:00
67094f459272b57092bfd772,MMPJ3AS7,CAR,2024-10-11 20:16:04.984601+04:00
670954d033e333e8ee061bca,NWP6KEXB,CAR,2024-10-11 20:39:44.824141+04:00
6709595144c31d3ab870bae4,3HX6YW8F,CAR,2024-10-11 20:58:57.337942+04:00
67095ba144c31d3ab870bb6f,Z9VNMWTP,CAR,2024-10-11 21:08:49.292426+04:00
670961affef372c66816b1b6,8JMVY6PN,CAR,2024-10-11 21:34:39.652851+04:00
6709639e5f0d612f67a5ce04,5T43BUWH,CAR,2024-10-11 21:42:54.384788+04:00
670965e05f0d612f67a5ceb3,ZUNEU4US,CAR,2024-10-11 21:52:32.854257+04:00
670968b45f0d612f67a5cf2e,DD5U8VRL,CAR,2024-10-11 22:04:36.837441+04:00
6709699d5f0d612f67a5cfa2,YQ4RKBE4,CAR,2024-10-11 22:08:29.725719+04:00
67096a3233e333e8ee061c84,YA5Z4YZ9,CAR,2024-10-11 22:10:58.323767+04:00
670980685f0d612f67a5d209,JEFUQM85,CAR,2024-10-11 23:45:44.207759+04:00
670983f49f3630177281ff1c,HQSHCCQZ,CAR,2024-10-12 00:00:52.771561+04:00
6709e71b0f33ef6b2ad38e69,67CTGDRK,CAR,2024-10-12 07:03:55.926779+04:00
6709f4dad93852b46fb57841,LXYX4WTE,CAR,2024-10-12 08:02:34.393203+04:00
6709fedfd93852b46fb5795c,CSGC9PEP,CAR,2024-10-12 08:45:19.394088+04:00
670a0421d93852b46fb57a96,YATPH5B2,CAR,2024-10-12 09:07:45.197430+04:00
670a07076d7165e048197820,S9C2CP4F,CAR,2024-10-12 09:20:07.448281+04:00
670a084ed93852b46fb57aef,B5ABEK4R,CAR,2024-10-12 09:25:33.988256+04:00
670a0e0dc86c6374cdc35be3,ZKEGG7M2,CAR,2024-10-12 09:50:05.268802+04:00
670a0e5b6d7165e048197a22,TMCW55YQ,CAR,2024-10-12 09:51:23.606310+04:00
670a10b20f33ef6b2ad39094,6Z9BP6D9,CAR,2024-10-12 10:01:22.807710+04:00
670a13a1d93852b46fb57d6e,466V6FEE,CAR,2024-10-12 10:13:53.045478+04:00
670a140a0f33ef6b2ad390a1,BTMGBWL6,CAR,2024-10-12 10:15:38.911238+04:00
670a1441d93852b46fb57e35,5NB3LQZY,CAR,2024-10-12 10:16:33.715369+04:00
670a182cf74827038b394568,KM73RE8Y,CAR,2024-10-12 10:33:16.311368+04:00
670a193e6d7165e048197c72,DRFMWNFU,CAR,2024-10-12 10:37:50.931857+04:00
670a1b6ff74827038b39462f,RUXBTCBT,CAR,2024-10-12 10:47:11.760014+04:00
670a1d8e6d7165e048197eaf,TU76T3R9,CAR,2024-10-12 10:56:14.389848+04:00
670a1ec76d7165e048197f1a,GA7APQLU,CAR,2024-10-12 11:01:27.656210+04:00
670a1f23f19dfb76f63f980b,LM67XA9F,CAR,2024-10-12 11:02:59.175816+04:00
670a22c80f33ef6b2ad3923e,XJBLJ2M9,CAR,2024-10-12 11:18:32.814517+04:00
670a23710f33ef6b2ad392b0,NV8CPQPM,CAR,2024-10-12 11:21:21.216910+04:00
670a23d3f74827038b3946e5,ASESED2U,CAR,2024-10-12 11:22:59.147004+04:00
670a277e6d7165e04819826c,PE2FJFX2,CAR,2024-10-12 11:38:38.792539+04:00
670a28ff6d7165e0481982e6,7QJ9X7KS,CAR,2024-10-12 11:45:03.251444+04:00
670a293ad99b8f90730fa60b,UKG5N5BN,CAR,2024-10-12 11:46:02.503812+04:00
670a2a5a6d7165e048198360,PGLACLGN,CAR,2024-10-12 11:50:50.953874+04:00
670a2aa2c86c6374cdc35f44,ZGVEMUCX,CAR,2024-10-12 11:52:02.409637+04:00
670a2c07f74827038b39478e,PG3R5NHD,CAR,2024-10-12 11:57:59.831095+04:00
670a2c33f74827038b39482a,WSL5FDMU,CAR,2024-10-12 11:58:43.296674+04:00
670a2c62d93852b46fb582ee,YQD6MKQU,CAR,2024-10-12 11:59:30.819207+04:00
670a2d5cd93852b46fb58303,3T6UPBG5,CAR,2024-10-12 12:03:40.515981+04:00
670a2d76f74827038b394899,YMSBYUUM,CAR,2024-10-12 12:04:06.140088+04:00
670a309df74827038b3949dd,69PVFU9H,CAR,2024-10-12 12:17:33.026054+04:00
670a31cbf74827038b394af8,FZVJMPET,CAR,2024-10-12 12:22:35.352026+04:00
670a3281d93852b46fb58454,QP8D8FE5,CAR,2024-10-12 12:25:37.077657+04:00
670a33c86d7165e048198670,6SM6ZT85,CAR,2024-10-12 12:31:04.902144+04:00
670a3570f74827038b394c78,JA7V59FB,CAR,2024-10-12 12:38:08.224520+04:00
670a387e29f43c8b1a123576,CHGKYFDC,CAR,2024-10-12 12:51:10.248548+04:00
670a39db56868830cf0269a9,YURANB9Y,CAR,2024-10-12 12:56:59.380632+04:00
670a3c4ff74827038b394d92,AJVN9ACP,CAR,2024-10-12 13:07:27.264626+04:00
670a3c6659447b80958ba949,W7CAVZWQ,CAR,2024-10-12 13:07:50.433918+04:00
670a3c6659447b80958ba94b,3ZHPZMLN,CAR,2024-10-12 13:07:50.480770+04:00
670a3ced59447b80958ba9bd,XPNGN86S,CAR,2024-10-12 13:10:05.045313+04:00
670a3d4556868830cf026a44,M8V2M73V,CAR,2024-10-12 13:11:33.384249+04:00
670a3eb656868830cf026adf,589N5NUK,CAR,2024-10-12 13:17:42.302769+04:00
670a40bdf74827038b394eb1,N3NCEZMN,CAR,2024-10-12 13:26:21.417521+04:00
670a416159447b80958bab42,TRK7PYR9,CAR,2024-10-12 13:29:05.090605+04:00
670a41c0c86c6374cdc35ff7,6WEDDCDH,CAR,2024-10-12 13:30:40.875516+04:00
670a41d559447b80958babad,MVQVF837,CAR,2024-10-12 13:31:01.915197+04:00
670a41fff74827038b394f24,25YCD4QB,CAR,2024-10-12 13:31:43.111784+04:00
670a4241f74827038b394f98,V5J4LNVW,CAR,2024-10-12 13:32:49.462170+04:00
670a42e4f74827038b39502c,CVZUXXMX,CAR,2024-10-12 13:35:32.322622+04:00
670a439956868830cf026c7d,YCSFDGFJ,CAR,2024-10-12 13:38:33.586672+04:00
670a46b859447b80958bac65,S7TB3XK9,CAR,2024-10-12 13:51:52.269485+04:00
670a482159447b80958bace3,X5Z8WEKZ,CAR,2024-10-12 13:57:53.550561+04:00
670a490bae4c456d081656ff,SFRRM5FG,CAR,2024-10-12 14:01:47.568037+04:00
670a492e59447b80958bad6a,DKW8MENW,CAR,2024-10-12 14:02:22.847517+04:00
670a49fd0f33ef6b2ad395ee,SBFELN8M,CAR,2024-10-12 14:05:49.650238+04:00
670a4be4ae4c456d08165792,FEKBNJZ3,CAR,2024-10-12 14:13:56.156072+04:00
670a4cb759447b80958bae64,JUFRH72C,CAR,2024-10-12 14:17:27.195040+04:00
670a4d3059447b80958baedb,JYX4ARXC,CAR,2024-10-12 14:19:28.413610+04:00
670a4d6059447b80958baf0e,2EC3NQRW,CAR,2024-10-12 14:20:16.202979+04:00
670a4f11ae4c456d0816586b,R9AMLJ3C,CAR,2024-10-12 14:27:29.551082+04:00
670a510159447b80958bafad,SEMPJBXS,CAR,2024-10-12 14:35:45.775156+04:00
670a510cae4c456d081658e7,CNCBP9FT,CAR,2024-10-12 14:35:56.226382+04:00
670a513f56868830cf026de1,VP9M44QT,CAR,2024-10-12 14:36:47.083056+04:00
670a515b00c4b5ff559885ff,GSTKUNDR,CAR,2024-10-12 14:37:15.912311+04:00
670a51f059447b80958bb06a,QVKLA3PE,CAR,2024-10-12 14:39:44.360701+04:00
670a525859447b80958bb0f0,XLFRPDBH,CAR,2024-10-12 14:41:28.521876+04:00
670a52ee0f33ef6b2ad39730,RFJVJUHV,CAR,2024-10-12 14:43:58.247929+04:00
670a551800c4b5ff55988739,VGG44RFM,CAR,2024-10-12 14:53:12.111347+04:00
670a57afae4c456d08165a35,82L7JMAX,CAR,2024-10-12 15:04:15.478532+04:00
670a58b3ae4c456d08165a6a,QUBEQZWF,CAR,2024-10-12 15:08:35.799594+04:00
670a59e959447b80958bb1d4,JYNL2CGE,CAR,2024-10-12 15:13:45.574472+04:00
670a5a1359447b80958bb242,T2U7JAKS,CAR,2024-10-12 15:14:27.420503+04:00
670a5b7059447b80958bb2d2,3BV9G6NY,CAR,2024-10-12 15:20:16.779272+04:00
670a5cf50f33ef6b2ad39813,NZ6JGD5L,CAR,2024-10-12 15:26:45.533394+04:00
670a5da059447b80958bb405,2ZVXDK2D,CAR,2024-10-12 15:29:36.286257+04:00
670a60e3d7df5df060eeca02,NLK8P8BV,CAR,2024-10-12 15:43:31.147503+04:00
670a6269ae4c456d08165ae8,S4AV9UST,CAR,2024-10-12 15:50:01.632458+04:00
670a626a0f33ef6b2ad398e0,FRJV7HQA,CAR,2024-10-12 15:50:02.172884+04:00
670a63beae4c456d08165b83,7J37XYYD,CAR,2024-10-12 15:55:42.182853+04:00
670a65ded7df5df060eecb53,H5N75GAC,CAR,2024-10-12 16:04:46.886707+04:00
670a678b59447b80958bb540,6Q3WNZKW,CAR,2024-10-12 16:11:55.930645+04:00
670a694cb9b089e9a6be5e63,8HGLC9TP,CAR,2024-10-12 16:19:24.728371+04:00
670a6c63e751e8ec5eb3c0a8,EDWNY8AQ,CAR,2024-10-12 16:32:35.911311+04:00
670a6e21d99b8f90730fa75d,WTAM4Q59,CAR,2024-10-12 16:40:01.219995+04:00
670a715a5bd1e23021978655,LR9KUHFN,CAR,2024-10-12 16:53:46.156289+04:00
670a7451e751e8ec5eb3c14e,TA6XNVKB,CAR,2024-10-12 17:06:25.409873+04:00
670a74cf1da43a701bcea8f8,72CA6UMY,CAR,2024-10-12 17:08:31.779798+04:00
670a75f61da43a701bcea96e,EV7D9RF4,CAR,2024-10-12 17:13:26.791231+04:00
670a7bdd135d5259a2a0a429,MF3D7K4N,CAR,2024-10-12 17:38:37.731651+04:00
670a8049d99b8f90730fa906,PDN4R5G8,CAR,2024-10-12 17:57:29.864301+04:00
670a81c6135d5259a2a0a583,YPRMWFWP,CAR,2024-10-12 18:03:50.749476+04:00
670a85fdd99b8f90730fa976,PMNR2D4D,CAR,2024-10-12 18:21:49.528295+04:00
670a89a775bc5ebf54de8cb4,PJ8ZBKLK,CAR,2024-10-12 18:37:27.641055+04:00
670a908975bc5ebf54de8dae,6DKVLW4W,CAR,2024-10-12 19:06:49.421851+04:00
670a9745135d5259a2a0a95e,6RB9XW4D,CAR,2024-10-12 19:35:33.499144+04:00
670a9881f19dfb76f63f988e,CVU8B8V7,CAR,2024-10-12 19:40:49.106334+04:00
670a9dac135d5259a2a0ab30,43UWRMRD,CAR,2024-10-12 20:02:52.799802+04:00
670aa26933e8e88afc052bfe,YW64A9RR,CAR,2024-10-12 20:23:05.843025+04:00
670aa7d9d7e1101d1a6fd56a,W3E7TQC4,CAR,2024-10-12 20:46:17.688073+04:00
670aa89b135d5259a2a0abb4,AFZT886C,CAR,2024-10-12 20:49:30.989742+04:00
670aab0d33e8e88afc052c54,XW26B7XR,CAR,2024-10-12 20:59:57.038713+04:00
670aaf4d57a16b23afc86e1c,P3MR5SZF,CAR,2024-10-12 21:18:05.430108+04:00
670ab13d522e2749e3e5f3b2,N7X9V6MB,CAR,2024-10-12 21:26:21.435017+04:00
670ab4c333e8e88afc052cdf,449TB9KL,CAR,2024-10-12 21:41:23.746868+04:00
670ad5aadb8057d86c65d021,V6FNRLB8,CAR,2024-10-13 00:01:46.002301+04:00
670ae2c57b9c202ad23ed40e,ASKDRWUX,CAR,2024-10-13 00:57:41.061563+04:00
670afa13d7e1101d1a6fd80d,C4L4PSAT,CAR,2024-10-13 02:37:07.453426+04:00
670b48186f2fcac4960e06b0,5TZR2QUE,CAR,2024-10-13 08:10:00.275247+04:00
670b4b947b9c202ad23ed4b2,P58NVUST,CAR,2024-10-13 08:24:52.837163+04:00
670b4e6adb8057d86c65d3c1,RCGB65G7,CAR,2024-10-13 08:36:58.138738+04:00
670b50fe53a3180b74dad8ae,EH3KLVJG,CAR,2024-10-13 08:47:58.445452+04:00
670b56b0db8057d86c65d4ca,C5LJWBJY,CAR,2024-10-13 09:12:16.451879+04:00
670b575adb8057d86c65d538,6H8MP9Y4,CAR,2024-10-13 09:15:06.084915+04:00
670b584d53a3180b74dad95a,26WHH8T8,CAR,2024-10-13 09:19:09.956594+04:00
670b5ccd53a3180b74dad9e7,GUAJRQZ2,CAR,2024-10-13 09:38:21.053576+04:00
670b614353a3180b74dada94,KB7Q8B2B,CAR,2024-10-13 09:57:23.285340+04:00
670b6245db8057d86c65d73c,Z6LHQYS7,CAR,2024-10-13 10:01:41.164246+04:00
670b63aed0dc7706e24ca2fa,WFYN53R7,CAR,2024-10-13 10:07:42.017854+04:00
670b67e3d0dc7706e24ca37c,VUEH24RX,CAR,2024-10-13 10:25:39.965552+04:00
670b69826ff18a1ddf8fcb65,TLW5W963,CAR,2024-10-13 10:32:34.946541+04:00
670b6b65e6ce7c0ddb82c58e,NN4NUQ2P,CAR,2024-10-13 10:40:37.089545+04:00
670b6c48d7e1101d1a6fd8ba,8GM5BCAD,CAR,2024-10-13 10:44:24.087818+04:00
670b6e7d6ff18a1ddf8fcc00,YDG2NLVL,CAR,2024-10-13 10:53:49.076703+04:00
670b6f38e6ce7c0ddb82c632,2ZERA9GD,CAR,2024-10-13 10:56:55.956276+04:00
670b70266ff18a1ddf8fccb1,78FZAYBN,CAR,2024-10-13 11:00:54.292840+04:00
670b70a46ff18a1ddf8fcd4c,YB4LVNDK,CAR,2024-10-13 11:02:59.985569+04:00
670b76d56ff18a1ddf8fcdee,HGPKDPX8,CAR,2024-10-13 11:29:25.561100+04:00
670b797bd0dc7706e24ca4d8,GC8DJMEF,CAR,2024-10-13 11:40:43.763215+04:00
670b79aa6ff18a1ddf8fce08,DBSASLG3,CAR,2024-10-13 11:41:30.285923+04:00
670b7e2fd7e1101d1a6fd95e,256WFPMM,CAR,2024-10-13 12:00:47.860389+04:00
670b7fc56ff18a1ddf8fceb6,GHUN4ENK,CAR,2024-10-13 12:07:33.872631+04:00
670b80f77b9c202ad23ed5dd,Z4EEQQ4D,CAR,2024-10-13 12:12:39.871608+04:00
670b81146ff18a1ddf8fd07e,PZVTQ56H,CAR,2024-10-13 12:13:08.889467+04:00
670b81917b9c202ad23ed659,AV2YY9YL,CAR,2024-10-13 12:15:13.348940+04:00
670b81e9e6ce7c0ddb82c88a,5L2KHXHT,CAR,2024-10-13 12:16:41.167930+04:00
670b8b0ed7e1101d1a6fd9ed,WTNGRRGL,CAR,2024-10-13 12:55:42.805943+04:00
670b8d20d7e1101d1a6fda28,J3ERUN5C,CAR,2024-10-13 13:04:32.753379+04:00
670b8e3275bc5ebf54de8f45,BK4NCM55,CAR,2024-10-13 13:09:06.750444+04:00
670b8e5cc1b7a1fed15a8305,6U9JQNVR,CAR,2024-10-13 13:09:48.111600+04:00
670b8f51d609db88a334a22f,WXEPHHUT,CAR,2024-10-13 13:13:53.455055+04:00
670b8ff0d609db88a334a2b8,6MJ8WZ2V,CAR,2024-10-13 13:16:32.612089+04:00
670b908f75bc5ebf54de9086,BDP5DBVZ,CAR,2024-10-13 13:19:11.203301+04:00
670b9123d609db88a334a335,8CKQL3WQ,CAR,2024-10-13 13:21:39.537633+04:00
670b91f6c1b7a1fed15a83c0,T3TEL2H8,CAR,2024-10-13 13:25:10.710556+04:00
670b935bc1b7a1fed15a8496,BFQPBCWJ,CAR,2024-10-13 13:31:07.078415+04:00
670b960bcf7d3f4cb2944b04,N3BMNULV,CAR,2024-10-13 13:42:35.348742+04:00
670b96f3f36d39ef059feed1,QVJ8P5JC,CAR,2024-10-13 13:46:27.920301+04:00
670b9818f36d39ef059fef06,VJBB7GFF,CAR,2024-10-13 13:51:20.020968+04:00
670b9aede6ce7c0ddb82cb5a,WJZN9KQT,CAR,2024-10-13 14:03:25.701985+04:00
670b9b76f19dfb76f63f9aab,7656XTNF,CAR,2024-10-13 14:05:42.319624+04:00
670b9ca5f36d39ef059fefce,D97V8U42,CAR,2024-10-13 14:10:45.284269+04:00
670b9e3d363e40119b15760b,KYNXGZWL,CAR,2024-10-13 14:17:33.555326+04:00
670b9e57cc3bc1438584bda5,6PXCZLYR,CAR,2024-10-13 14:17:59.138995+04:00
670ba0cdf36d39ef059ff0f5,4H789XJE,CAR,2024-10-13 14:28:29.707024+04:00
670ba328e6ce7c0ddb82ccc5,LREU3XXQ,CAR,2024-10-13 14:38:32.083865+04:00
670ba45b5294c297068aa2de,Y9Z2HPMX,CAR,2024-10-13 14:43:39.348562+04:00
670ba5e43083cf57f6d310fe,S9XE7EDF,CAR,2024-10-13 14:50:12.759412+04:00
670ba640e6ce7c0ddb82cd3f,V5R8NZRY,CAR,2024-10-13 14:51:44.892461+04:00
670ba876be10b21e32a4250b,NFWHCEUZ,CAR,2024-10-13 15:01:10.395197+04:00
670baaed5294c297068aa32f,PG7MJ8JW,CAR,2024-10-13 15:11:41.046051+04:00
670babdaf36d39ef059ff241,UZ98JT6T,CAR,2024-10-13 15:15:38.657311+04:00
670bb48ff36d39ef059ff2cc,6ZSGSSPE,CAR,2024-10-13 15:52:47.726431+04:00
670bb74acf7d3f4cb2944ed1,ZLM6TRBM,CAR,2024-10-13 16:04:26.340146+04:00
670bb7f6f19dfb76f63f9b07,VXCELT4B,CAR,2024-10-13 16:07:18.726973+04:00
670bbaaef36d39ef059ff3ad,A78K5LYX,CAR,2024-10-13 16:18:53.980222+04:00
670bbb37cf7d3f4cb2944ede,6G3CY4UC,CAR,2024-10-13 16:21:11.676886+04:00
670bbd31846b21ab687a312b,ZAG2P7EM,CAR,2024-10-13 16:29:37.551278+04:00
670bbe785294c297068aa40b,DJF6PFFC,CAR,2024-10-13 16:35:04.026460+04:00
670bd2a5846b21ab687a31ef,DTPJM9HQ,CAR,2024-10-13 18:01:09.684977+04:00
670bd355b1d0c642c840b823,MVGBRNVP,CAR,2024-10-13 18:04:05.938397+04:00
670bd35ed636883e636fc9be,Y28GN4GZ,CAR,2024-10-13 18:04:14.285038+04:00
670bd3f7846b21ab687a3280,3J737BY3,CAR,2024-10-13 18:06:47.144140+04:00
670bdd7ac3c5871375fb12e9,KN6CUD7D,CAR,2024-10-13 18:47:22.169209+04:00
670bddd3c3c5871375fb140d,P44FC7EQ,CAR,2024-10-13 18:48:51.526316+04:00
670bde71b1d0c642c840b907,J96TG6FN,CAR,2024-10-13 18:51:29.931021+04:00
670bde9ac3c5871375fb1493,BGA5B4AM,CAR,2024-10-13 18:52:10.166188+04:00
670be23b846b21ab687a33ff,3XZYKT5W,CAR,2024-10-13 19:07:39.438258+04:00
670bebe6c3c5871375fb155c,8JBM9EXT,CAR,2024-10-13 19:48:54.144055+04:00
670bf30e0d71766432f6a5fb,WVNX34GL,CAR,2024-10-13 20:19:26.499630+04:00
670bfa49b1d0c642c840ba5a,ET9STG4A,CAR,2024-10-13 20:50:17.859397+04:00
670bfd7ed636883e636fcc4f,VMKV6TDS,CAR,2024-10-13 21:03:58.593899+04:00
670bfec3846b21ab687a34df,A9XEX7HN,CAR,2024-10-13 21:09:23.797838+04:00
670c056974ef10c918b69e47,YX63CPUU,CAR,2024-10-13 21:37:45.058892+04:00
670c08ba99bd136d2b003843,5QY25ZDE,CAR,2024-10-13 21:51:54.297108+04:00
670c0cda74ef10c918b6a006,VLDRJ56H,CAR,2024-10-13 22:09:30.050827+04:00
670c1df463f8ef32816b39b6,FBBZYZ6Q,CAR,2024-10-13 23:22:28.577315+04:00
670c239e522e2749e3e5f555,RHASQY8L,CAR,2024-10-13 23:46:38.629888+04:00
670c2f09d23b8d09d94faabf,7NB3K6XA,CAR,2024-10-14 00:35:20.977020+04:00
670c33e474ef10c918b6a27d,WG77DUVJ,CAR,2024-10-14 00:56:04.330226+04:00
670c3e77ef8d9e5fb7a13e06,P9DKJN9Z,CAR,2024-10-14 01:41:11.807095+04:00
670c8c76ef8d9e5fb7a13f1d,PPB55QQH,CAR,2024-10-14 07:13:58.187030+04:00
670c9011d816afd162450856,MEV2TCKQ,CAR,2024-10-14 07:29:21.699875+04:00
670c9190ef8d9e5fb7a13f92,JHV4FZ5F,CAR,2024-10-14 07:35:44.108973+04:00
670c9638970f43c8d282e1c3,YSWGMV98,CAR,2024-10-14 07:55:36.091183+04:00
670c9b5449900ff05b9df956,3HAUHQMW,CAR,2024-10-14 08:17:24.551436+04:00
670c9cbcef8d9e5fb7a14037,PLXSL8CG,CAR,2024-10-14 08:23:24.338414+04:00
670c9f2dd23b8d09d94fac4c,DSEVS2HZ,CAR,2024-10-14 08:33:49.416702+04:00
670ca426ef8d9e5fb7a140b8,B5H9Y4NM,CAR,2024-10-14 08:55:02.868578+04:00
670ca4acd23b8d09d94facf0,5B6GV9Q3,CAR,2024-10-14 08:57:16.788494+04:00
670ca56d54165f5987a1d9ca,M3ZX8W9B,CAR,2024-10-14 09:00:29.020799+04:00
670ca6f94e345de143d8d6da,XM9NSW4Z,CAR,2024-10-14 09:07:05.262477+04:00
670ca8159dcc7338c1ae3d22,NAAAGA79,CAR,2024-10-14 09:11:49.842840+04:00
670caacf75ae16fb2005163e,9EBT2TG7,CAR,2024-10-14 09:23:27.317577+04:00
670caad09dcc7338c1ae3e4e,L6FJPF9V,CAR,2024-10-14 09:23:28.047793+04:00
670cad35bec0f914ed23c6a8,ALULN5YT,CAR,2024-10-14 09:33:41.345384+04:00
670cadf362ca2eecca1caee8,YLLQUXEU,CAR,2024-10-14 09:36:51.060537+04:00
670caea19dcc7338c1ae3f60,P2YM2J4B,CAR,2024-10-14 09:39:45.262295+04:00
670caeda8117b7a3974b738b,GDMK6DBR,CAR,2024-10-14 09:40:42.566182+04:00
670caee49dcc7338c1ae3f95,5T5NRD32,CAR,2024-10-14 09:40:52.444246+04:00
670cb048bec0f914ed23c735,WURXFZ63,CAR,2024-10-14 09:46:48.430633+04:00
670cb0c362ca2eecca1caf63,BYD5DDTV,CAR,2024-10-14 09:48:51.792272+04:00
670cb2d09f5e3b42ff3d281f,6LLU68CE,CAR,2024-10-14 09:57:36.327328+04:00
670cb2d6f59e8e4e330a8ad6,Z5APN2M7,CAR,2024-10-14 09:57:42.745367+04:00
670cb37254165f5987a1dcf5,5CN85WY4,CAR,2024-10-14 10:00:18.659911+04:00
670cb54bbec0f914ed23c8e0,CDW7AJJJ,CAR,2024-10-14 10:08:11.045150+04:00
670cb74d3079aa51d02c8b03,ALLF7V68,CAR,2024-10-14 10:16:45.923434+04:00
670cb8e63079aa51d02c8b6a,UGJZTEDJ,CAR,2024-10-14 10:23:34.177919+04:00
670cb93dbec0f914ed23c99f,MUWRANXC,CAR,2024-10-14 10:25:01.792686+04:00
670cb99c3224bcdfb290b6c0,TWK99DHL,CAR,2024-10-14 10:26:36.919409+04:00
670cb9e69f5e3b42ff3d2a80,9R7PCJFV,CAR,2024-10-14 10:27:50.554661+04:00
670cbb969f5e3b42ff3d2b1a,5HC7H5L8,CAR,2024-10-14 10:35:02.477230+04:00
670cbbce54165f5987a1decd,FEJBDEJM,CAR,2024-10-14 10:35:58.758908+04:00
670cbcf1ce89b3987f907f3d,6CMXMPEJ,CAR,2024-10-14 10:40:49.858153+04:00
670cbf723079aa51d02c8c6f,GF4FMS5F,CAR,2024-10-14 10:51:30.710927+04:00
670cc0d049900ff05b9dfa76,3ZCADLML,CAR,2024-10-14 10:57:20.124971+04:00
670cc11a3079aa51d02c8cf0,KVYNL6R2,CAR,2024-10-14 10:58:34.504434+04:00
670cc1c5ce89b3987f907fea,JJSE877F,CAR,2024-10-14 11:01:25.345998+04:00
670cc360b5953fc0cb238202,M6FX7YZJ,CAR,2024-10-14 11:08:16.868802+04:00
670cc4b7bec0f914ed23ca92,VF7G22N7,CAR,2024-10-14 11:13:59.951236+04:00
670cc5763079aa51d02c8da8,SQLJYE3U,CAR,2024-10-14 11:17:10.420229+04:00
670cc5f14c4f4970fd6faf31,YLM3CJWJ,CAR,2024-10-14 11:19:13.023194+04:00
670cc6b4ce89b3987f90812a,H93ZLENJ,CAR,2024-10-14 11:22:28.103522+04:00
670cc747ce89b3987f9081a1,97NBDL92,CAR,2024-10-14 11:24:55.604705+04:00
670cc875ce89b3987f908239,GK92QF87,CAR,2024-10-14 11:29:57.128635+04:00
670cc999522e2749e3e5f6e7,485DMPLK,CAR,2024-10-14 11:34:49.446273+04:00
670cca1dce89b3987f9082d3,QZ2PZBQR,CAR,2024-10-14 11:37:01.165688+04:00
670cca5049900ff05b9dfc1c,6VC5KV7F,CAR,2024-10-14 11:37:52.733330+04:00
670cca69295483626244d0ca,GX53LQ7J,CAR,2024-10-14 11:38:17.007051+04:00
670cca78b5953fc0cb238400,M9C6SL2B,CAR,2024-10-14 11:38:32.823992+04:00
670ccaa0b5953fc0cb2384a7,DWNMDCMH,CAR,2024-10-14 11:39:12.191891+04:00
670ccb95ce89b3987f90836f,WKELC6TF,CAR,2024-10-14 11:43:17.129182+04:00
670ccbb78e289b87070c0efc,P88PLHCA,CAR,2024-10-14 11:43:51.890759+04:00
670ccc7d295483626244d176,GFSXNRRW,CAR,2024-10-14 11:47:09.694648+04:00
670cccb64c4f4970fd6fb077,Y84VXXK7,CAR,2024-10-14 11:48:06.381350+04:00
670ccfdb8e289b87070c1036,WFNC8C4S,CAR,2024-10-14 12:01:31.316008+04:00
670cd2cdc66ff6bbb31498b5,38HZYWPS,CAR,2024-10-14 12:14:05.124196+04:00
670cd3acc66ff6bbb3149923,4KHQEN7V,CAR,2024-10-14 12:17:48.518600+04:00
670cd5fb904cb02db80c7901,Q2ATWGZT,CAR,2024-10-14 12:27:39.094307+04:00
670cd611904cb02db80c796f,ZPMEK845,CAR,2024-10-14 12:28:01.524843+04:00
670cd675904cb02db80c79ee,75NFWD6T,CAR,2024-10-14 12:29:41.862042+04:00
670cd6ed1526aaeda45c0b90,2ZGSU6ZW,CAR,2024-10-14 12:31:41.174457+04:00
670cd843904cb02db80c7a7a,9WKZJH97,CAR,2024-10-14 12:37:23.297495+04:00
670cd96acaf759c5bf4fc8aa,WWJJEW27,CAR,2024-10-14 12:42:18.916401+04:00
670cdb17491d438e66baa713,AXTV9D4A,CAR,2024-10-14 12:49:27.437004+04:00
670cdd0edc1b0585ae33084a,FF5WJ8T8,CAR,2024-10-14 12:57:50.759390+04:00
670cde06fe72bb0c1417f720,CTRQ3Y74,CAR,2024-10-14 13:01:58.310993+04:00
670cde0c491d438e66baa79d,ENC273ZA,CAR,2024-10-14 13:02:04.889430+04:00
670cde1fbb27a9245b781dc9,A5S9MX8V,CAR,2024-10-14 13:02:23.755543+04:00
670cdec4119d5fbc011554c8,S6UNDRA4,CAR,2024-10-14 13:05:08.798824+04:00
670ce28abb27a9245b781e58,AY8JC6CF,CAR,2024-10-14 13:21:14.803034+04:00
670ce4e698d9c59a845b0f54,NT85KRFQ,CAR,2024-10-14 13:31:18.653289+04:00
670ce555bb27a9245b781fdb,TFN7VBS2,CAR,2024-10-14 13:33:09.024119+04:00
670ce70e738888a3cfe9043e,B2X36VA4,CAR,2024-10-14 13:40:30.865715+04:00
670ce7bf738888a3cfe904af,2MEWNNNX,CAR,2024-10-14 13:43:27.028112+04:00
670ce86d5778000083510f85,M7JL2MG2,CAR,2024-10-14 13:46:21.436959+04:00
670ce899738888a3cfe90558,FMGY48D6,CAR,2024-10-14 13:47:05.463336+04:00
670ce8bf7475e44c99707711,WDAV8BMQ,CAR,2024-10-14 13:47:43.785939+04:00
670ce9bf98d9c59a845b10b7,DQUDGK5B,CAR,2024-10-14 13:51:59.682155+04:00
670cea1c738888a3cfe905e2,JYWHNZCE,CAR,2024-10-14 13:53:32.641007+04:00
670cece9600481306c622d52,VYKTNJTX,CAR,2024-10-14 14:05:28.982664+04:00
670cede2600481306c622dd8,7NCUR5DT,CAR,2024-10-14 14:09:38.081796+04:00
670cee47da5a5883767e8095,EL53UWS8,CAR,2024-10-14 14:11:19.391600+04:00
670cf0b494039e48e55645f9,JMH6PGKF,CAR,2024-10-14 14:21:40.327628+04:00
670cf0e0119d5fbc0115574e,S3BUTCQ7,CAR,2024-10-14 14:22:24.904414+04:00
670cf215119d5fbc011557cb,YHXLPJ8N,CAR,2024-10-14 14:27:33.829632+04:00
670cf23b246ac5b86c0be36b,N5DWEXDQ,CAR,2024-10-14 14:28:11.016111+04:00
670cf24757780000835112ee,VR8RVL2D,CAR,2024-10-14 14:28:23.951772+04:00
670cf24c94039e48e5564672,CXX3UJNS,CAR,2024-10-14 14:28:28.944215+04:00
670cf278600481306c622ed3,PHCAK9R7,CAR,2024-10-14 14:29:12.699583+04:00
670cf39ada5a5883767e8175,CBDKQ4Y6,CAR,2024-10-14 14:34:02.735271+04:00
670cf3b2246ac5b86c0be467,V3N8G9AX,CAR,2024-10-14 14:34:26.737426+04:00
670cf5e07475e44c997077e4,YKVFGDJD,CAR,2024-10-14 14:43:44.681571+04:00
670cf621da5a5883767e82cc,MQN8DPYR,CAR,2024-10-14 14:44:49.086155+04:00
670cf716600481306c622f9d,RDP2GHK4,CAR,2024-10-14 14:48:54.510301+04:00
670cfa29246ac5b86c0be79d,K4HDJSBU,CAR,2024-10-14 15:02:01.313924+04:00
670cfb33dcf637f7c8585fa9,TBU6N9TS,CAR,2024-10-14 15:06:27.459669+04:00
670cfba03ebf78ef2e580ca6,3PN4FNXK,CAR,2024-10-14 15:08:16.934559+04:00
670cfc1d3ebf78ef2e580d50,YS6EWZPX,CAR,2024-10-14 15:10:21.039865+04:00
670cfcc1119d5fbc01155961,2NDDV68T,CAR,2024-10-14 15:13:05.015430+04:00
670cfecf119d5fbc011559f6,M778Z7MP,CAR,2024-10-14 15:21:51.251580+04:00
670cfee4119d5fbc01155a6e,T2H5DJ6Y,CAR,2024-10-14 15:22:12.332202+04:00
670cffee3ebf78ef2e580e74,7PU2QEQ6,CAR,2024-10-14 15:26:38.780607+04:00
670d01245f2ffa6e853653da,KSQNGY4H,CAR,2024-10-14 15:31:48.812529+04:00
670d015cc9e78a1bd0004477,LLPM82SB,CAR,2024-10-14 15:32:44.905734+04:00
670d01653ebf78ef2e580efa,WQ5LMK3P,CAR,2024-10-14 15:32:53.313877+04:00
670d0206119d5fbc01155b40,TJ97PXMZ,CAR,2024-10-14 15:35:34.022523+04:00
670d020f119d5fbc01155bac,AP8M5CU5,CAR,2024-10-14 15:35:43.229007+04:00
670d03753ebf78ef2e58105f,W9BX2JGW,CAR,2024-10-14 15:41:41.500753+04:00
670d06f3dcf637f7c8586091,Y95LQ59D,CAR,2024-10-14 15:56:35.939911+04:00
670d09703ebf78ef2e581688,2JUNDGSG,CAR,2024-10-14 16:07:12.598483+04:00
670d0a2170a87ba25dcdf487,SRH2ZBHH,CAR,2024-10-14 16:10:09.574158+04:00
670d0cb6aa24e4eb1eece0a1,SKUH4V9Z,CAR,2024-10-14 16:21:10.459741+04:00
670d0d423ebf78ef2e581761,MZM25LXS,CAR,2024-10-14 16:23:30.012961+04:00
670d0f033ebf78ef2e581936,E9ZUWG43,CAR,2024-10-14 16:30:59.032512+04:00
670d0f04088d9216d959d198,D68RRKPE,CAR,2024-10-14 16:31:00.485890+04:00
670d0f79aa24e4eb1eece12d,NM9B8H35,CAR,2024-10-14 16:32:57.585361+04:00
670d10b72acfeb451a1f9f61,AMXD87PE,CAR,2024-10-14 16:38:15.524433+04:00
670d1182c8515d3319b3367f,BD4BAV2L,CAR,2024-10-14 16:41:38.157858+04:00
670d118338b92ca2eb6d6aa4,EDJDFRXX,CAR,2024-10-14 16:41:39.488939+04:00
670d12289d4e968826c560c4,5TQ4S7LS,CAR,2024-10-14 16:44:24.315823+04:00
670d126a38b92ca2eb6d6b18,Y5EFNB6P,CAR,2024-10-14 16:45:30.576363+04:00
670d132438b92ca2eb6d6b8e,9MCZ9AT5,CAR,2024-10-14 16:48:36.379722+04:00
670d139e9d4e968826c5613a,SP7S2L6W,CAR,2024-10-14 16:50:38.024084+04:00
670d158e2acfeb451a1fa05f,PPV7FHBD,CAR,2024-10-14 16:58:54.162317+04:00
670d177b8deab384943643af,SB3KF7XU,CAR,2024-10-14 17:07:07.504964+04:00
670d1acbc8515d3319b3385e,N4C2LT54,CAR,2024-10-14 17:21:15.707526+04:00
670d1f7592b86441d33371f8,UMCVJXQN,CAR,2024-10-14 17:41:09.263394+04:00
670d20fe9467697f61e0884b,QLAURUKN,CAR,2024-10-14 17:47:42.401737+04:00
670d216692b86441d3337278,5ZLPQQJ7,CAR,2024-10-14 17:49:26.277819+04:00
670d268992b86441d3337356,CZE6E6T8,CAR,2024-10-14 18:11:21.183471+04:00
670d26d59467697f61e08a09,P9AB79CX,CAR,2024-10-14 18:12:37.695488+04:00
670d274207244f5f6840dd30,VSPGR6HJ,CAR,2024-10-14 18:14:26.508879+04:00
670d277307244f5f6840dda1,UQQRLW2U,CAR,2024-10-14 18:15:15.778281+04:00
670d28e29d4e968826c56263,LZQFCCL6,CAR,2024-10-14 18:21:22.017736+04:00
670d294c92b86441d3337416,KPQSRVHW,CAR,2024-10-14 18:23:08.041207+04:00
670d2c94d344c576142837e1,QXPUV2UX,CAR,2024-10-14 18:37:08.839089+04:00
670d2e42861afdd36563440a,BDSSEM5J,CAR,2024-10-14 18:44:17.983938+04:00
670d300cdcf637f7c858636a,TBCESQLZ,CAR,2024-10-14 18:51:56.640436+04:00
670d3261f38ec9623b267d9a,EKFS6FMN,CAR,2024-10-14 19:01:53.636794+04:00
670d3344dcf637f7c85863ef,AUU7E6PY,CAR,2024-10-14 19:05:40.759273+04:00
670d33599467697f61e08add,3YJJ8R26,CAR,2024-10-14 19:06:01.788629+04:00
670d3437f38ec9623b267e64,8UE6MFU3,CAR,2024-10-14 19:09:43.564049+04:00
670d35dd2ad722a4ae869fcd,AFYARMXD,CAR,2024-10-14 19:16:45.028137+04:00
670d37cdb6521f9b87b05aa0,GB33UPZ2,CAR,2024-10-14 19:25:01.082738+04:00
670d3a522ad722a4ae86a092,6XKR8N34,CAR,2024-10-14 19:35:46.852276+04:00
670d3cedd344c5761428386c,YG9UWXZ4,CAR,2024-10-14 19:46:53.017792+04:00
670d3feef38ec9623b267f13,VVSKADZ8,CAR,2024-10-14 19:59:42.150597+04:00
670d4193d344c576142838ec,NYTG3YEC,CAR,2024-10-14 20:06:43.116654+04:00
670d43dd230f15c07e0685e3,BFARGFHY,CAR,2024-10-14 20:16:29.096807+04:00
670d47d3230f15c07e068666,9FX3EQFB,CAR,2024-10-14 20:33:23.645388+04:00
670d494c230f15c07e068709,9YN7PGMS,CAR,2024-10-14 20:39:40.532005+04:00
670d4c7bb542f207f3d4e066,YJC3LJL5,CAR,2024-10-14 20:53:15.805036+04:00
670d54c7b542f207f3d4e130,5XSFTGKH,CAR,2024-10-14 21:28:39.152051+04:00
670d5506230f15c07e0687bc,U24258VQ,CAR,2024-10-14 21:29:42.343072+04:00
670d55f6f0d1524e47398f6f,4MM4NDWM,CAR,2024-10-14 21:33:42.321120+04:00
670d57fdf0d1524e47398fee,RCNF3W4Q,CAR,2024-10-14 21:42:21.342930+04:00
670d595bf0d1524e47399035,C8QYD54H,CAR,2024-10-14 21:48:11.336313+04:00
670d617e4f93b8c470f4332e,4W9BMEZQ,CAR,2024-10-14 22:22:54.261912+04:00
670d6613337e499464dc076d,MMWFDH29,CAR,2024-10-14 22:42:27.238870+04:00
670d66417e8061e87aabd121,FG79RQ9A,CAR,2024-10-14 22:43:13.571682+04:00
670d781a337e499464dc07d6,X6NZQ9BH,CAR,2024-10-14 23:59:22.486938+04:00
670d7b459f98e3669b02b0c3,CQN3E25K,CAR,2024-10-15 00:12:53.840025+04:00
670d97f23d479e1052f83082,FFUUYPC5,CAR,2024-10-15 02:15:14.688136+04:00
670dc0249f98e3669b02b12c,GGFZLFU9,CAR,2024-10-15 05:06:44.830129+04:00
670ddfb59f98e3669b02b29a,EE3Y5LLH,CAR,2024-10-15 07:21:25.619531+04:00
670de23f9f98e3669b02b31c,S954384P,CAR,2024-10-15 07:32:15.936653+04:00
670de976b8e9bbbbae5fe1ec,QWUJQKYR,CAR,2024-10-15 08:03:02.076811+04:00
670de99ab8e9bbbbae5fe262,BZKTDDHR,CAR,2024-10-15 08:03:38.019417+04:00
670df4295d07307e84ddd8e4,H3V9S4NP,CAR,2024-10-15 08:48:41.423888+04:00
670df6539258463027e02086,JJ2GXEQ6,CAR,2024-10-15 08:57:55.942775+04:00
670df9819258463027e02172,YL9XP5JA,CAR,2024-10-15 09:11:29.812134+04:00
670dfb3b4e3a0fa6b4bea09c,BTQCGRXM,CAR,2024-10-15 09:18:51.267124+04:00
670dfb9a4e3a0fa6b4bea10f,33KWBT3N,CAR,2024-10-15 09:20:26.790404+04:00
670dfed6f9d4e4ebbed7a65d,8LNJV2KM,CAR,2024-10-15 09:34:14.310878+04:00
670e0140f9d4e4ebbed7a70c,YZJP7RE5,CAR,2024-10-15 09:44:32.274457+04:00
670e018e4e3a0fa6b4bea288,ZMFZ8FP9,CAR,2024-10-15 09:45:49.980665+04:00
670e02ab9f98e3669b02b47e,62MYXZNC,CAR,2024-10-15 09:50:35.322368+04:00
670e033d9f98e3669b02b4b1,8GM25ZCR,CAR,2024-10-15 09:53:01.225461+04:00
670e064e18da1b27b9e8e3ba,HP36ZLWX,CAR,2024-10-15 10:06:06.198579+04:00
670e08350800145059b94a75,BQJLVY4M,CAR,2024-10-15 10:14:13.019154+04:00
670e085a1eadd253078f0391,26QNMHQL,CAR,2024-10-15 10:14:50.940240+04:00
670e09eaa24ba48586c933c0,UCRGL9PQ,CAR,2024-10-15 10:21:30.148056+04:00
670e09fb33222513e1aaa261,MPLZ9VLN,CAR,2024-10-15 10:21:46.986081+04:00
670e0aa7f635b7606deb9e03,TEJBUAMK,CAR,2024-10-15 10:24:39.316830+04:00
670e0ad9a8a77c58291274c1,K5QWVNFC,CAR,2024-10-15 10:25:29.132598+04:00
670e0b6133222513e1aaa2ac,EV5GQ8EK,CAR,2024-10-15 10:27:45.699302+04:00
670e0bb1f635b7606deb9e73,8QNX2H59,CAR,2024-10-15 10:29:05.708353+04:00
670e0c1c3ba702c2295c76e7,8P67A89F,CAR,2024-10-15 10:30:52.631219+04:00
670e0d0b2525cd86f6f17733,3ZHNCZ6J,CAR,2024-10-15 10:34:51.347157+04:00
670e0d5633222513e1aaa350,AX2EKR94,CAR,2024-10-15 10:36:06.238048+04:00
670e0ed433222513e1aaa3d7,TR5RL2K4,CAR,2024-10-15 10:42:28.230622+04:00
670e0f3387b3aeec08aca1cf,FZ4J6FWM,CAR,2024-10-15 10:44:03.419328+04:00
670e0faea8a77c58291275c9,XLUKN4SH,CAR,2024-10-15 10:46:06.436847+04:00
670e10018f8e0277ab39631b,VFN8H4WY,CAR,2024-10-15 10:47:29.405218+04:00
670e11233ba702c2295c7782,CC2EB3JK,CAR,2024-10-15 10:52:19.704334+04:00
670e1175a8a77c5829127657,4MDEPTBP,CAR,2024-10-15 10:53:41.887328+04:00
670e118b23f34d070ed950a6,4S9UFQBC,CAR,2024-10-15 10:54:03.326765+04:00
670e129aa8a77c58291276df,D23DDQ98,CAR,2024-10-15 10:58:34.483938+04:00
670e14de33222513e1aaa554,VAYH76KJ,CAR,2024-10-15 11:08:14.263748+04:00
670e154b1eadd253078f046c,9HUNYH4R,CAR,2024-10-15 11:10:03.681004+04:00
670e15a99fa63b56bf014ce1,LETSY34Y,CAR,2024-10-15 11:11:37.702321+04:00
670e16590800145059b94c4d,YFKNVBHF,CAR,2024-10-15 11:14:33.590393+04:00
670e17280800145059b94ccd,JMREJ5AM,CAR,2024-10-15 11:18:00.513593+04:00
670e1a48d5ac546efcae5470,8DLCE3NX,CAR,2024-10-15 11:31:20.738774+04:00
670e1ba0a8a77c58291277a8,SDVR8GE2,CAR,2024-10-15 11:37:04.924214+04:00
670e1d65d5ac546efcae54e8,65FM4HTF,CAR,2024-10-15 11:44:37.083622+04:00
670e1d9392dca5c244c61466,2FBS7MWB,CAR,2024-10-15 11:45:23.888929+04:00
670e1e643ba702c2295c794d,C333SB7B,CAR,2024-10-15 11:48:52.140938+04:00
670e1e7c2117f21b57173d51,FG7HECKR,CAR,2024-10-15 11:49:16.412401+04:00
670e20382117f21b57173dc8,WY5RWSN3,CAR,2024-10-15 11:56:40.657377+04:00
670e21b92525cd86f6f177f7,W75YQXH3,CAR,2024-10-15 12:03:05.755323+04:00
670e223ed5ac546efcae5549,E9TUTATB,CAR,2024-10-15 12:05:18.614887+04:00
670e245fa8a77c5829127868,A7WUS4ZW,CAR,2024-10-15 12:14:23.203457+04:00
670e26a333222513e1aaa78b,CFKQHTB2,CAR,2024-10-15 12:24:03.158881+04:00
670e2839f6efd37cbe2d8595,SS2YD756,CAR,2024-10-15 12:30:49.509036+04:00
670e2b77d5ac546efcae5695,GH3KFD6W,CAR,2024-10-15 12:44:39.946155+04:00
670e2c541eadd253078f05e0,WJ6GASUD,CAR,2024-10-15 12:48:20.810733+04:00
670e2d5f48694144f50f5a9d,9PYGY7HS,CAR,2024-10-15 12:52:47.004375+04:00
670e30f0a8a77c5829127a5f,T6JKLE48,CAR,2024-10-15 13:07:59.957051+04:00
670e331bcb62e303365fca35,PEPKXPX8,CAR,2024-10-15 13:17:15.478021+04:00
670e33bbcb62e303365fcaa7,Q9V28M2W,CAR,2024-10-15 13:19:55.419453+04:00
670e33bb6cf2f2f8b1dbb1a5,UKNZBZU7,CAR,2024-10-15 13:19:55.558589+04:00
670e33cb8f8e0277ab396453,VDBALHDM,CAR,2024-10-15 13:20:11.021802+04:00
670e33cea8a77c5829127af6,S72HNTRS,CAR,2024-10-15 13:20:14.200736+04:00
670e3635cb62e303365fcb8e,U3EC98AT,CAR,2024-10-15 13:30:29.002689+04:00
670e37f91eadd253078f0745,MWCA6ENL,CAR,2024-10-15 13:38:01.181284+04:00
670e39eaf6efd37cbe2d87be,X8ALKX56,CAR,2024-10-15 13:46:18.851619+04:00
670e3a2d33222513e1aaaa3f,D6Z6YGMF,CAR,2024-10-15 13:47:25.053765+04:00
670e3aed48694144f50f5c3d,QTL5XDQW,CAR,2024-10-15 13:50:37.202448+04:00
670e3bb433222513e1aaaadf,J34RQZR6,CAR,2024-10-15 13:53:56.648564+04:00
670e3ccaa8a77c5829127c88,GE3BUACX,CAR,2024-10-15 13:58:34.081813+04:00
670e3d696cf2f2f8b1dbb24f,DXVT4GSR,CAR,2024-10-15 14:01:13.051920+04:00
670e3dc66ad2ac53fb66c5fd,MXLGDTC2,CAR,2024-10-15 14:02:46.539878+04:00
670e3df2cb62e303365fce20,89ZEDVKD,CAR,2024-10-15 14:03:30.430856+04:00
670e3e38a8a77c5829127d0d,K8UJMT3Z,CAR,2024-10-15 14:04:40.074739+04:00
670e3edea8a77c5829127d79,VAT584TZ,CAR,2024-10-15 14:07:26.210513+04:00
670e3f0af635b7606deb9fe1,3NP5QEC6,CAR,2024-10-15 14:08:10.814436+04:00
670e4184c67788322e0358bf,GMWPJM4B,CAR,2024-10-15 14:18:44.384728+04:00
670e41f133222513e1aaac7b,HSZFWENV,CAR,2024-10-15 14:20:33.905138+04:00
670e44ffcb62e303365fce87,2RVYGPGB,CAR,2024-10-15 14:33:35.208106+04:00
670e46e4bc04d61b7a79d5e7,LTSHEGWA,CAR,2024-10-15 14:41:40.886424+04:00
670e4724bc04d61b7a79d686,V5K5E2GW,CAR,2024-10-15 14:42:44.325008+04:00
670e4920bc04d61b7a79d6fa,NYBJX7X7,CAR,2024-10-15 14:51:12.926078+04:00
670e4a4b0bacc05492ee5d87,QQP83SND,CAR,2024-10-15 14:56:11.940363+04:00
670e4a5bbc04d61b7a79d85f,ZL7867ZT,CAR,2024-10-15 14:56:27.278728+04:00
670e4a65bc04d61b7a79d864,B3S8EKPZ,CAR,2024-10-15 14:56:37.201766+04:00
670e4b025ec615269f849940,94MUCLGU,CAR,2024-10-15 14:59:14.162150+04:00
670e51e851806d588f43e29a,S3KRWY2M,CAR,2024-10-15 15:28:40.154940+04:00
670e558dd5ac546efcae5956,EX7WFYJN,CAR,2024-10-15 15:44:13.658578+04:00
670e56db33222513e1aab06c,R7A653A9,CAR,2024-10-15 15:49:47.010185+04:00
670e57bbf635b7606deba0d3,Z68P3EW3,CAR,2024-10-15 15:53:31.828997+04:00
670e591eb9f762d6d13288b7,AEP682ZT,CAR,2024-10-15 15:59:26.893926+04:00
670e5b861fb99eba15bca22f,D7GYAXPG,CAR,2024-10-15 16:09:42.478764+04:00
670e5e2a80eaa0a584755240,FJRDR3CN,CAR,2024-10-15 16:20:58.708572+04:00
670e5ffc0800145059b9507a,MYFKGVVK,CAR,2024-10-15 16:28:44.217543+04:00
670e60f30800145059b950e3,Q46G96HP,CAR,2024-10-15 16:32:51.097106+04:00
670e62d3f635b7606deba117,AXGAG65K,CAR,2024-10-15 16:40:51.316144+04:00
670e6394f635b7606deba1be,AXRJHS7T,CAR,2024-10-15 16:44:04.866242+04:00
670e649a5206b9a2057ccb17,LK5TRANN,CAR,2024-10-15 16:48:26.339965+04:00
670e6516bc04d61b7a79d928,DPE9V7TV,CAR,2024-10-15 16:50:30.332497+04:00
670e662d315bc49c6b25ac1a,DSASNKYP,CAR,2024-10-15 16:55:09.188564+04:00
670e66a25ec615269f849a0b,PYVTWPUJ,CAR,2024-10-15 16:57:06.338661+04:00
670e6738315bc49c6b25ac89,RL5L5GNL,CAR,2024-10-15 16:59:36.516935+04:00
670e6842304ea248bc75d629,CTC25EZ2,CAR,2024-10-15 17:04:02.665617+04:00
670e698ab9f762d6d13289cd,9FGDZE3V,CAR,2024-10-15 17:09:30.296820+04:00
670e69c0b9f762d6d1328a3e,T9QZ4UYT,CAR,2024-10-15 17:10:24.571425+04:00
670e706a315bc49c6b25ad4c,5DCN5MSS,CAR,2024-10-15 17:38:50.559323+04:00
670e71b474dabf29cb02e6ad,6S6ZQBHD,CAR,2024-10-15 17:44:20.680752+04:00
670e79c1315bc49c6b25af11,EZVMHZBX,CAR,2024-10-15 18:18:41.099135+04:00
670e7beb3fe0fba9db6faaac,HJ9KKFBM,CAR,2024-10-15 18:27:55.641581+04:00
670e7f7d304ea248bc75d6b7,LRH8DXW6,CAR,2024-10-15 18:43:09.044988+04:00
670e7fa780eaa0a5847555ae,BEV428GA,CAR,2024-10-15 18:43:51.164514+04:00
670e81b73fe0fba9db6fab45,DXTHZ9EK,CAR,2024-10-15 18:52:39.690244+04:00
670e82825ec615269f849d75,TMZGA6A6,CAR,2024-10-15 18:56:02.640673+04:00
670e82840800145059b953ed,6PEVGYUM,CAR,2024-10-15 18:56:04.888486+04:00
670e84d3f635b7606deba2d6,9T44GQQ6,CAR,2024-10-15 19:05:55.446274+04:00
670e8505d5ac546efcae5ad4,Y6RS5MD8,CAR,2024-10-15 19:06:45.312205+04:00
670e8931bc04d61b7a79da63,QESW4C9M,CAR,2024-10-15 19:24:33.705113+04:00
670e89660800145059b95437,EG7KXWD2,CAR,2024-10-15 19:25:26.788824+04:00
670e8d8ad5ac546efcae5bee,62QUHJ6D,CAR,2024-10-15 19:43:06.904849+04:00
670e8da8752cf956c8bed6bd,SGXMLLZK,CAR,2024-10-15 19:43:36.201482+04:00
670e8f3b315bc49c6b25b075,ABB9EMJF,CAR,2024-10-15 19:50:19.821454+04:00
670e915c315bc49c6b25b0f4,83HS27NV,CAR,2024-10-15 19:59:24.251320+04:00
670e96c1e04ce401a025ed21,AGEJ5TFA,CAR,2024-10-15 20:22:25.255960+04:00
670e99be0265c2e72529b58e,CYEC8WA7,CAR,2024-10-15 20:35:10.643884+04:00
670e99d6591d84bce32cb3a9,GYSGGJBJ,CAR,2024-10-15 20:35:34.649154+04:00
670e9b3ef1850e368e35e092,VPT5A3T6,CAR,2024-10-15 20:41:34.773740+04:00
670e9c93a3484b2524905ac9,PXW452L9,CAR,2024-10-15 20:47:15.203388+04:00
670e9dace04ce401a025ee18,ZSPDGCRZ,CAR,2024-10-15 20:51:56.831317+04:00
670e9f322b678cefcfc4a92c,NG6FGKAJ,CAR,2024-10-15 20:58:26.941775+04:00
670e9f440265c2e72529b686,E2YE8CVP,CAR,2024-10-15 20:58:44.164627+04:00
670ea332a3484b2524905c4c,WTTS9PVY,CAR,2024-10-15 21:15:30.146248+04:00
670eaa6ef1850e368e35e1c0,QHKBB8BG,CAR,2024-10-15 21:46:22.294080+04:00
670eae59f1850e368e35e306,6SJRF64E,CAR,2024-10-15 22:03:05.188147+04:00
670eaf912b678cefcfc4aa8d,TWK62KBK,CAR,2024-10-15 22:08:17.337168+04:00
670eb3510265c2e72529b7c8,2Q57UBVA,CAR,2024-10-15 22:24:17.903303+04:00
670eb4a8f1850e368e35e3c9,U3A2EK34,CAR,2024-10-15 22:30:00.116577+04:00
670eb4ef0265c2e72529b8ee,BAH3ZM2A,CAR,2024-10-15 22:31:11.183162+04:00
670eb72bf1850e368e35e46c,55G9R8KD,CAR,2024-10-15 22:40:43.549645+04:00
670eb82ba3484b2524905f3d,6ACW8RN8,CAR,2024-10-15 22:44:59.847390+04:00
670ed171f1850e368e35e6d9,2CXF7D5M,CAR,2024-10-16 00:32:49.513761+04:00
670f2748f1850e368e35e7c3,XVJG6V6C,CAR,2024-10-16 06:39:04.781806+04:00
670f34b0f1850e368e35e8ce,9HFWHMVT,CAR,2024-10-16 07:36:16.761562+04:00
670f3746e04ce401a025f40f,PMMX5UR7,CAR,2024-10-16 07:47:18.279138+04:00
670f392ef1850e368e35e948,NHF2ZPQM,CAR,2024-10-16 07:55:26.662862+04:00
670f3ee491a83b7de4d96fa9,GNSA9XQC,CAR,2024-10-16 08:19:48.584569+04:00
670f40a9e8300d83a29ebc70,B5CXNW2B,CAR,2024-10-16 08:27:21.218371+04:00
670f40d0f1850e368e35ea82,4Y5TPYJX,CAR,2024-10-16 08:28:00.418005+04:00
670f436119e014f33bef2e0b,5S4CEXRK,CAR,2024-10-16 08:38:57.207646+04:00
670f44ba19e014f33bef2e8d,GUPU8AAW,CAR,2024-10-16 08:44:42.909675+04:00
670f47dbf1850e368e35ebe2,VTGUJNGA,CAR,2024-10-16 08:58:03.803082+04:00
670f4845e2eae36629f66fb3,BF7QUX24,CAR,2024-10-16 08:59:49.467796+04:00
670f491df1850e368e35ec63,2SB6C3Z2,CAR,2024-10-16 09:03:25.519257+04:00
670f4a80e2eae36629f67052,WP8KRTU5,CAR,2024-10-16 09:09:20.253793+04:00
670f4e2bf1850e368e35edbd,7S65T64H,CAR,2024-10-16 09:24:59.291990+04:00
670f4e35e8300d83a29ebd1d,ZLRDBWS3,CAR,2024-10-16 09:25:09.393376+04:00
670f4f8d19e014f33bef309e,SEVLD45H,CAR,2024-10-16 09:30:53.843409+04:00
670f514db36bab51ae1d7ca1,BN3NRBNT,CAR,2024-10-16 09:38:21.456734+04:00
670f5162d8e83dbc1e0e2916,Q7TME8F2,CAR,2024-10-16 09:38:42.933452+04:00
670f5276e8300d83a29ebe39,XY48QBJK,CAR,2024-10-16 09:43:18.874629+04:00
670f5385d8e83dbc1e0e29f9,ADA2UG2J,CAR,2024-10-16 09:47:49.761442+04:00
670f5406d8e83dbc1e0e2a7e,WC2CB3Z3,CAR,2024-10-16 09:49:58.800561+04:00
670f54b6d8e83dbc1e0e2b00,GM4H6YSF,CAR,2024-10-16 09:52:54.755391+04:00
670f56fd19e014f33bef31ef,LFGP7L4G,CAR,2024-10-16 10:02:37.096691+04:00
670f5781e2eae36629f672d7,5L4WQNUW,CAR,2024-10-16 10:04:49.415918+04:00
670f57a519e014f33bef326d,TTYJ6F5W,CAR,2024-10-16 10:05:25.101331+04:00
670f597dd8e83dbc1e0e2c87,TUHDT6LU,CAR,2024-10-16 10:13:17.294995+04:00
670f59c0d8e83dbc1e0e2d3f,5BCATRWD,CAR,2024-10-16 10:14:24.869456+04:00
670f5d3fe8300d83a29ebfc9,QTNJWTMP,CAR,2024-10-16 10:29:19.768251+04:00
670f605b64a330b75be72b29,X6QSK65E,CAR,2024-10-16 10:42:35.768916+04:00
670f608b19e014f33bef352b,3YNMCXRJ,CAR,2024-10-16 10:43:23.965898+04:00
670f6234e8300d83a29ec00a,42A6VVBD,CAR,2024-10-16 10:50:28.098847+04:00
670f63c919e014f33bef366f,T84542UM,CAR,2024-10-16 10:57:13.510632+04:00
670f65ee64a330b75be72b6a,NFML2CL2,CAR,2024-10-16 11:06:21.994099+04:00
670f668085b264dbd68429a2,SPF8AAJH,CAR,2024-10-16 11:08:48.334028+04:00
670f6856b4fad4fc075294a1,HN6RE7U7,CAR,2024-10-16 11:16:38.828985+04:00
670f69f464a330b75be72c28,2KXVBLGD,CAR,2024-10-16 11:23:32.331187+04:00
670f6a4985b264dbd6842b24,HJS3VRWB,CAR,2024-10-16 11:24:57.948802+04:00
670f6b2cb4fad4fc0752950f,MG9A2NFT,CAR,2024-10-16 11:28:44.798213+04:00
670f6bfa10cc2e1e3f604b37,TJTJ4JU6,CAR,2024-10-16 11:32:10.265973+04:00
670f6d7db4fad4fc075295fd,Z4T4GB6F,CAR,2024-10-16 11:38:37.532641+04:00
670f6eaa07591af56c1ae477,Q4NMF5F7,CAR,2024-10-16 11:43:38.036286+04:00
670f7007b4fad4fc075296c2,G3L5VCX9,CAR,2024-10-16 11:49:27.380384+04:00
670f70114acf60f9779f9024,2F44BW7A,CAR,2024-10-16 11:49:37.720594+04:00
670f702d85b264dbd6842d0c,3F88FWZ4,CAR,2024-10-16 11:50:05.466605+04:00
670f715210cc2e1e3f604b5b,58NPMWVA,CAR,2024-10-16 11:54:58.718527+04:00
670f720764a330b75be72d36,ZYQNZJCQ,CAR,2024-10-16 11:57:59.378780+04:00
670f725f9a7e838080dc108e,JGG4FCKA,CAR,2024-10-16 11:59:27.248931+04:00
670f73ba85b264dbd6842dba,TN8QVRRX,CAR,2024-10-16 12:05:14.513053+04:00
670f75e89a7e838080dc1109,QZEB3M86,CAR,2024-10-16 12:14:32.054426+04:00
670f76ea2484f28ce7bb5a09,BACMZX54,CAR,2024-10-16 12:18:50.730087+04:00
670f776110cc2e1e3f604d09,LRWN5WY4,CAR,2024-10-16 12:20:49.161683+04:00
670f77da85b264dbd6842f13,DTEUJHFU,CAR,2024-10-16 12:22:50.150785+04:00
670f77f04acf60f9779f90b9,4ADRDTUZ,CAR,2024-10-16 12:23:12.889136+04:00
670f7946b4fad4fc07529901,8S24J72F,CAR,2024-10-16 12:28:54.072207+04:00
670f7efe10cc2e1e3f604e01,6PJQ2XYM,CAR,2024-10-16 12:53:18.801416+04:00
670f8046e087608525eae580,YJCRC34Q,CAR,2024-10-16 12:58:46.934512+04:00
670f80e9b4fad4fc07529c2f,4FEPRAXF,CAR,2024-10-16 13:01:29.410688+04:00
670f8139b4fad4fc07529ce3,AR7LG8ZF,CAR,2024-10-16 13:02:49.847478+04:00
670f8165b4fad4fc07529d55,QK5RJKE3,CAR,2024-10-16 13:03:33.377236+04:00
670f821310cc2e1e3f604ec3,QMKHG4KU,CAR,2024-10-16 13:06:26.974124+04:00
670f843410cc2e1e3f605097,DES2EYYB,CAR,2024-10-16 13:15:32.034739+04:00
670f85a6e087608525eae6a4,WRS2CQMF,CAR,2024-10-16 13:21:42.276665+04:00
670f861ed3c77d5a6b9a0919,SJ26AR7B,CAR,2024-10-16 13:23:42.825144+04:00
670f861fb4fad4fc0752a153,UGS2P2YB,CAR,2024-10-16 13:23:43.702244+04:00
670f8645d3c77d5a6b9a094e,CQP3QRF8,CAR,2024-10-16 13:24:21.777812+04:00
670f8663b4fad4fc0752a1fc,NPEMW6P4,CAR,2024-10-16 13:24:51.269075+04:00
670f86a607591af56c1ae690,4TJPELYQ,CAR,2024-10-16 13:25:58.467955+04:00
670f86d6d3c77d5a6b9a09bc,X568HHY8,CAR,2024-10-16 13:26:46.357511+04:00
670f8871d3c77d5a6b9a0ad1,288Y6ZLM,CAR,2024-10-16 13:33:37.399283+04:00
670f88c4b4fad4fc0752a3d9,PTUMU92D,CAR,2024-10-16 13:35:00.134044+04:00
670f88ddd3c77d5a6b9a0b74,J4YXGR5L,CAR,2024-10-16 13:35:25.627309+04:00
670f8bf0e087608525eae777,WAKAMM6E,CAR,2024-10-16 13:48:32.197338+04:00
670f8c8bd3c77d5a6b9a0c53,8HTM3QRF,CAR,2024-10-16 13:51:07.368693+04:00
670f8c9ed3c77d5a6b9a0cf3,GA6N7HKY,CAR,2024-10-16 13:51:26.461464+04:00
670f8cff2af1a50d4ed0efed,2W9CPCXX,CAR,2024-10-16 13:53:03.191064+04:00
670f8d1710cc2e1e3f605228,GF6WQQB3,CAR,2024-10-16 13:53:27.656920+04:00
670f8d46f0ea04d0003f05ac,L42CEBZZ,CAR,2024-10-16 13:54:14.151861+04:00
670f8d9de087608525eae801,QAHYGVYU,CAR,2024-10-16 13:55:41.403052+04:00
670f8da7d3c77d5a6b9a0dbf,84XGDFN4,CAR,2024-10-16 13:55:51.588545+04:00
670f8ddfb4fad4fc0752a5ce,YHEXCN8B,CAR,2024-10-16 13:56:47.235648+04:00
670f90bfb950990747ae2583,UP32ZVUD,CAR,2024-10-16 14:09:03.499027+04:00
670f90f3b950990747ae25e1,5V79GUEH,CAR,2024-10-16 14:09:55.016798+04:00
670f9158e087608525eae85b,6P5UZTJH,CAR,2024-10-16 14:11:36.919560+04:00
670f91abb950990747ae2666,N6FTCDHM,CAR,2024-10-16 14:12:59.605235+04:00
670f92a53f41d474e1b74181,8SCD28N9,CAR,2024-10-16 14:17:09.860413+04:00
670f9595b950990747ae26f4,HEZAJY9J,CAR,2024-10-16 14:29:41.006036+04:00
670f9604b950990747ae2763,D54R8DTH,CAR,2024-10-16 14:31:32.612937+04:00
670f971d3f41d474e1b741e2,KJKDQ6SV,CAR,2024-10-16 14:36:13.880783+04:00
670f97923f41d474e1b74221,ZSDEGEVL,CAR,2024-10-16 14:38:10.585784+04:00
670f9918d3c77d5a6b9a10a6,RC6S3ADW,CAR,2024-10-16 14:44:40.839637+04:00
670f9c3dfda1dadcc0b40b16,NKR4XBSH,CAR,2024-10-16 14:58:05.395311+04:00
670f9cf2fda1dadcc0b40bb8,2R4JHNAH,CAR,2024-10-16 15:01:06.254762+04:00
670f9fadfda1dadcc0b40c5b,E6SPHP4Z,CAR,2024-10-16 15:12:45.669196+04:00
670fa104ec8d14086a01c931,ETF5CHTY,CAR,2024-10-16 15:18:28.319609+04:00
670fa1b2ec8d14086a01c9b9,G8FGAXEK,CAR,2024-10-16 15:21:22.097668+04:00
670fa1d99b44e7d95b548fc0,MCF4JM59,CAR,2024-10-16 15:22:01.534346+04:00
670fa260b8d85352cd557997,X6TA2PEF,CAR,2024-10-16 15:24:16.794573+04:00
670fa2abec8d14086a01ca3a,98PRAMEQ,CAR,2024-10-16 15:25:31.084309+04:00
670fa2ae3f41d474e1b74430,ZEXLMQ93,CAR,2024-10-16 15:25:34.605942+04:00
670fa3299b44e7d95b548fd7,TSLUXA6Q,CAR,2024-10-16 15:27:37.279297+04:00
670fa38ee5237341493aa33e,W8LWBXMW,CAR,2024-10-16 15:29:18.947517+04:00
670fa3df9b44e7d95b549011,TF2PYLM8,CAR,2024-10-16 15:30:39.464444+04:00
670fa57cec8d14086a01cb93,PFNKHAXA,CAR,2024-10-16 15:37:32.208169+04:00
670fa68cb950990747ae290b,YZL3MGNZ,CAR,2024-10-16 15:42:04.808713+04:00
670fa6e7df38940daa8cf91e,ABEP6LE3,CAR,2024-10-16 15:43:35.877390+04:00
670fa710ec8d14086a01ccd0,DJEXXYNL,CAR,2024-10-16 15:44:15.985551+04:00
670fa73fe5237341493aa504,7LR44CPG,CAR,2024-10-16 15:45:03.360428+04:00
670fa7a0ec8d14086a01cd7d,JTJ9EQCU,CAR,2024-10-16 15:46:40.078643+04:00
670fa7ac5c566d24e9891ee2,R2S3U2UL,CAR,2024-10-16 15:46:52.038596+04:00
670fa7fadf38940daa8cfa49,9G7ANXMU,CAR,2024-10-16 15:48:10.599264+04:00
670fa831ec8d14086a01cec3,2G92CG5A,CAR,2024-10-16 15:49:05.538457+04:00
670fa8a95c566d24e9891f46,FXD4UJQA,CAR,2024-10-16 15:51:05.659085+04:00
670fa8c8b8d85352cd557b12,KQWZ3E27,CAR,2024-10-16 15:51:36.645308+04:00
670fa936eacc22fbe14c74c3,T4SLAPFC,CAR,2024-10-16 15:53:26.570750+04:00
670fa9cbb950990747ae2988,6VQHRNJU,CAR,2024-10-16 15:55:54.986542+04:00
670fa9fce5237341493aa5b3,MD8UQZGM,CAR,2024-10-16 15:56:44.852546+04:00
670faa56b950990747ae29f6,JGWWZSUN,CAR,2024-10-16 15:58:14.362579+04:00
670faa749b44e7d95b54907d,EQC62FZ9,CAR,2024-10-16 15:58:44.867953+04:00
670faacd3f41d474e1b7450d,RBS2X2NL,CAR,2024-10-16 16:00:13.403617+04:00
670faaf65c566d24e9891fe3,84KLVSWE,CAR,2024-10-16 16:00:54.881129+04:00
670faea5acea35fd7870cedb,GMHH2D2J,CAR,2024-10-16 16:16:37.746568+04:00
670fafa1df38940daa8cfc22,AK3NQYWN,CAR,2024-10-16 16:20:49.799043+04:00
670fb2ac953b17439b729ab0,DYFBN5Y3,CAR,2024-10-16 16:33:47.982391+04:00
670fb2eee5237341493aa7d0,FRNXFTVJ,CAR,2024-10-16 16:34:54.696015+04:00
670fb31fdf38940daa8cfc6d,YUMW5G4P,CAR,2024-10-16 16:35:43.030227+04:00
670fb3fd953b17439b729b50,WD4V2VQ2,CAR,2024-10-16 16:39:25.967647+04:00
670fb5c2fd2d3ff185d8db17,4LTAQ2AR,CAR,2024-10-16 16:46:58.450816+04:00
670fb621953b17439b729c10,S2CXCUZT,CAR,2024-10-16 16:48:33.790368+04:00
670fbab2fd2d3ff185d8dbab,3BDSKDFH,CAR,2024-10-16 17:08:02.266484+04:00
670fbc9e9d7c8af9907910a2,HF26PJ42,CAR,2024-10-16 17:16:14.886259+04:00
670fbceafd2d3ff185d8dcd5,5PTFNHKU,CAR,2024-10-16 17:17:30.907342+04:00
670fbe7378a16b0b4c1a0ed7,TALB6K2S,CAR,2024-10-16 17:24:03.214913+04:00
670fbf559d7c8af990791115,KUL7TBAV,CAR,2024-10-16 17:27:49.156591+04:00
670fc07278a16b0b4c1a0f95,577K9PEK,CAR,2024-10-16 17:32:34.009448+04:00
670fc18ffd2d3ff185d8dd68,JB3Y37DY,CAR,2024-10-16 17:37:19.566299+04:00
670fc52078a16b0b4c1a1049,QCC5JYYF,CAR,2024-10-16 17:52:32.114062+04:00
670fc69778a16b0b4c1a110c,R65G8YUU,CAR,2024-10-16 17:58:47.397702+04:00
670fc6df953b17439b729e90,4WL63S5A,CAR,2024-10-16 17:59:59.225901+04:00
670fc876e5059a6b9ae77bb8,8CCFSQPT,CAR,2024-10-16 18:06:46.083704+04:00
670fc958e5059a6b9ae77c1f,DMB47Y4P,CAR,2024-10-16 18:10:32.385269+04:00
670fcad5953b17439b729feb,33WHY3FX,CAR,2024-10-16 18:16:53.645316+04:00
670fcb3f78a16b0b4c1a119c,Q5M9ARZN,CAR,2024-10-16 18:18:39.346560+04:00
670fd20178a16b0b4c1a122d,5DY8L85S,CAR,2024-10-16 18:47:29.234544+04:00
670fd5d678a16b0b4c1a12c3,YBEXKKK4,CAR,2024-10-16 19:03:50.143524+04:00
670fd92a953b17439b72a23c,LV2QPFRE,CAR,2024-10-16 19:18:02.802833+04:00
670fda27953b17439b72a2bf,UNR5PWBW,CAR,2024-10-16 19:22:15.819852+04:00
670fe088dbf00bfecc746ec7,JHW925WC,CAR,2024-10-16 19:49:28.488106+04:00
670fe74edbf00bfecc746fd9,HT4NDH4G,CAR,2024-10-16 20:18:22.754713+04:00
670fe89de5059a6b9ae77f6e,UA3VY4VQ,CAR,2024-10-16 20:23:57.443309+04:00
670fea7878a16b0b4c1a14cc,M47LX8KP,CAR,2024-10-16 20:31:52.288316+04:00
670feceb34d624e2cc12d27f,TVUQ6JS7,CAR,2024-10-16 20:42:19.436416+04:00
670fed2d34d624e2cc12d2e9,Z7VHGE5F,CAR,2024-10-16 20:43:25.047358+04:00
670fee82e5059a6b9ae780a5,P9F4BT7Y,CAR,2024-10-16 20:49:06.276920+04:00
670fee9124d927ecade84d82,X4HRRD7Z,CAR,2024-10-16 20:49:21.084738+04:00
670ffc2a34d624e2cc12d40b,RJE38BTU,CAR,2024-10-16 21:47:22.615305+04:00
670fffa304d8067294df1fcc,WYK4BSCL,CAR,2024-10-16 22:02:11.163793+04:00
6710070d34d624e2cc12d4d5,9Z5ABVKB,CAR,2024-10-16 22:33:49.517268+04:00
67100898dbf00bfecc747159,5H3SE87K,CAR,2024-10-16 22:40:24.802252+04:00
6710127e80707a00987a6ad5,6LRX2VVZ,CAR,2024-10-16 23:22:38.179159+04:00
67101ba824d927ecade85042,MELSMSBF,CAR,2024-10-17 00:01:44.446855+04:00
67101bcee727ac112146efbd,GBB73DEP,CAR,2024-10-17 00:02:22.670267+04:00
6710231624d927ecade851a8,XH6F2MHB,CAR,2024-10-17 00:33:25.984922+04:00
6710250c34d624e2cc12d66d,W8FQ2PG7,CAR,2024-10-17 00:41:47.999864+04:00
671026f634d624e2cc12d6dc,G56BQBVJ,CAR,2024-10-17 00:49:58.049521+04:00
67102c6a0c9643a677fd663c,WA3GL8AG,CAR,2024-10-17 01:13:14.164983+04:00
67108d040c9643a677fd6863,QQSQXWRN,CAR,2024-10-17 08:05:24.177125+04:00
67108e7180707a00987a6b66,PPKPSBDR,CAR,2024-10-17 08:11:29.691470+04:00
67108ff9e727ac112146f26d,GWT9U38Y,CAR,2024-10-17 08:18:01.095186+04:00
671093310c9643a677fd6906,UKH3YLF3,CAR,2024-10-17 08:31:45.854367+04:00
6710964cda6f3353b2445c00,7R9XGA8Q,CAR,2024-10-17 08:45:00.656378+04:00
67109936da6f3353b2445c79,TEZCGDJ8,CAR,2024-10-17 08:57:26.331657+04:00
671099c24838881a6b18439b,ASZNZRS3,CAR,2024-10-17 08:59:46.653925+04:00
67109b640c9643a677fd69e0,SVGBJYHB,CAR,2024-10-17 09:06:44.626319+04:00
67109c4ae727ac112146f297,CEQRXS5G,CAR,2024-10-17 09:10:34.252772+04:00
67109f2f0c9643a677fd6ae3,LM23HM33,CAR,2024-10-17 09:22:55.636854+04:00
6710a02ee727ac112146f490,9C52RTHM,CAR,2024-10-17 09:27:10.339536+04:00
6710a0e4e727ac112146f500,4DLRK549,CAR,2024-10-17 09:30:12.479168+04:00
6710a1f3e727ac112146f56c,5ALBYTNE,CAR,2024-10-17 09:34:43.311654+04:00
6710a36cda6f3353b2445e4d,AWUVN7CQ,CAR,2024-10-17 09:41:00.875682+04:00
6710a4bf8a4d1a78989a92e9,3SSWTE3T,CAR,2024-10-17 09:46:39.615229+04:00
6710a5084838881a6b184557,TQAX8SQ6,CAR,2024-10-17 09:47:52.576593+04:00
6710a8aa1097917620c49b1d,S94B38MV,CAR,2024-10-17 10:03:22.850817+04:00
6710a9aa1097917620c49b62,GXXRQ9W4,CAR,2024-10-17 10:07:38.452639+04:00
6710aa351097917620c49bd0,NMCJHU5Z,CAR,2024-10-17 10:09:57.630424+04:00
6710ac3e1097917620c49c72,8DPDG76L,CAR,2024-10-17 10:18:38.694203+04:00
6710ade6610602aaab82e40f,4QT9RQD3,CAR,2024-10-17 10:25:42.605222+04:00
6710adee1097917620c49e1e,MQNCFEK6,CAR,2024-10-17 10:25:50.785208+04:00
6710af514d7aae8d7cc0f62e,JRUW7LNB,CAR,2024-10-17 10:31:45.150567+04:00
6710afbb1097917620c49ea9,SVPEK9BD,CAR,2024-10-17 10:33:31.067504+04:00
6710b0808a4d1a78989a937f,P9XQUWZ3,CAR,2024-10-17 10:36:48.075357+04:00
6710b1741097917620c49f37,82FFEE8P,CAR,2024-10-17 10:40:52.648227+04:00
6710b41704d8067294df207f,B7RNU2TM,CAR,2024-10-17 10:52:07.046498+04:00
6710b4b02f53340c19ce4994,HQXRTM2X,CAR,2024-10-17 10:54:40.192794+04:00
6710b5e38a4d1a78989a9435,LGXJ3V2K,CAR,2024-10-17 10:59:47.184211+04:00
6710b7572f53340c19ce4a0d,78FHZKRL,CAR,2024-10-17 11:05:59.717404+04:00
6710b7b28a4d1a78989a9564,7AX4X3ZW,CAR,2024-10-17 11:07:30.652358+04:00
6710b92180707a00987a6c66,NW38Q5NP,CAR,2024-10-17 11:13:37.339515+04:00
6710bb33e44cd8f6404401ba,8WWHNR2H,CAR,2024-10-17 11:22:27.386274+04:00
6710bc464d7aae8d7cc0f7f1,DWLVKJB2,CAR,2024-10-17 11:27:02.899027+04:00
6710bde507c1e5a55af9c31f,TFDC7SF7,CAR,2024-10-17 11:33:56.989333+04:00
6710bf2907c1e5a55af9c3b9,JPVDR5D4,CAR,2024-10-17 11:39:21.776514+04:00
6710bf3d2f53340c19ce4d58,FYNGKCTM,CAR,2024-10-17 11:39:41.482628+04:00
6710c11f04d8067294df21b8,LNPNVE34,CAR,2024-10-17 11:47:43.341318+04:00
6710c2534d7aae8d7cc0f841,JMQFTTB9,CAR,2024-10-17 11:52:51.587233+04:00
6710c40f85cb531c8c5b6e09,KEF2FNPK,CAR,2024-10-17 12:00:15.890301+04:00
6710c4450c3a8f435b6c1eac,WAF6G24P,CAR,2024-10-17 12:01:09.164816+04:00
6710c4ea0c3a8f435b6c1f5b,WTXY2LVH,CAR,2024-10-17 12:03:54.882205+04:00
6710c98680707a00987a6d64,P36N4VK9,CAR,2024-10-17 12:23:34.624886+04:00
6710c98e85cb531c8c5b6fc9,ENZAYHU5,CAR,2024-10-17 12:23:42.933355+04:00
6710cd1885cb531c8c5b70d8,SZV6MS9P,CAR,2024-10-17 12:38:48.094405+04:00
6710cec380707a00987a6e9f,MNJYFSAT,CAR,2024-10-17 12:45:55.505646+04:00
6710d0c680707a00987a6f1a,CPWXJEXX,CAR,2024-10-17 12:54:30.334646+04:00
6710d14c80707a00987a6f73,LS437Z4G,CAR,2024-10-17 12:56:44.886493+04:00
6710d19db5fc6b505c5092e8,Q7LBU4CH,CAR,2024-10-17 12:58:05.237426+04:00
6710d1eb9d7c8af990791227,ULPFNDUR,CAR,2024-10-17 12:59:23.256202+04:00
6710d5867e14dfc2fdc6750a,C65DXA4W,CAR,2024-10-17 13:14:46.197280+04:00
6710d724b5fc6b505c5093f7,8WDMHE8F,CAR,2024-10-17 13:21:40.262731+04:00
6710d87ab5fc6b505c50946b,R55YKAPT,CAR,2024-10-17 13:27:22.453579+04:00
6710d8a6dd7cb8fe0b89cf08,N6V4C7JK,CAR,2024-10-17 13:28:06.169483+04:00
6710d9b40c3a8f435b6c231f,NVVLRDAR,CAR,2024-10-17 13:32:36.587333+04:00
6710da0bdd7cb8fe0b89cf85,WBVEA82S,CAR,2024-10-17 13:34:03.290299+04:00
6710dadeb5fc6b505c509593,G73SE458,CAR,2024-10-17 13:37:34.686123+04:00
6710dc9cdd7cb8fe0b89d03f,KZ7Y8Z9K,CAR,2024-10-17 13:45:00.089936+04:00
6710e010dd7cb8fe0b89d0fb,DUWVQYM5,CAR,2024-10-17 13:59:44.175865+04:00
6710e0c682692a164e5692c0,55WCNB4X,CAR,2024-10-17 14:02:46.915104+04:00
6710e2556c07d26fb93f9440,7R7QAXVL,CAR,2024-10-17 14:09:25.432946+04:00
6710e3c9dd7cb8fe0b89d194,QRTULBHX,CAR,2024-10-17 14:15:37.209431+04:00
6710e5b1dd7cb8fe0b89d208,M5M3STJA,CAR,2024-10-17 14:23:45.827317+04:00
6710e619b5fc6b505c509672,YNQQHFK2,CAR,2024-10-17 14:25:29.256396+04:00
6710e62f6c07d26fb93f9553,PKRQNV58,CAR,2024-10-17 14:25:50.992115+04:00
6710e6bc82692a164e56934f,3GSQUWJ6,CAR,2024-10-17 14:28:12.495304+04:00
6710e76e82692a164e5693c4,9B7E65CW,CAR,2024-10-17 14:31:10.895413+04:00
6710e93ffd2d3ff185d8dde6,77EVGVTQ,CAR,2024-10-17 14:38:55.090372+04:00
6710ea3882692a164e569410,CDZZ6UTR,CAR,2024-10-17 14:43:04.723233+04:00
6710eb2cb305dea6d2f7dc72,7GXLX6G4,CAR,2024-10-17 14:47:08.477213+04:00
6710eb3f6c07d26fb93f965e,SFFQ4AHP,CAR,2024-10-17 14:47:27.838799+04:00
6710eb67852f9fa5856f614d,NCSQ5RLE,CAR,2024-10-17 14:48:07.898106+04:00
6710eb8682692a164e569492,DFX8YTN7,CAR,2024-10-17 14:48:38.243210+04:00
6710ed00b305dea6d2f7dd10,563R9ETE,CAR,2024-10-17 14:54:56.608285+04:00
6710ed37b305dea6d2f7ddb2,2GSU78Y3,CAR,2024-10-17 14:55:51.973922+04:00
6710ef82e44cd8f640440473,DGY6QRMY,CAR,2024-10-17 15:05:38.075499+04:00
6710f062d74df34afc786237,AM7UFULU,CAR,2024-10-17 15:09:22.236873+04:00
6710f0a6d74df34afc7862ab,27TML7RH,CAR,2024-10-17 15:10:30.541503+04:00
6710f0bcb305dea6d2f7de69,ALV2CM9Z,CAR,2024-10-17 15:10:52.940246+04:00
6710f114b5b504efa1bf27ff,389PURFY,CAR,2024-10-17 15:12:20.487422+04:00
6710f27e7e14dfc2fdc67692,LFEYPDW2,CAR,2024-10-17 15:18:22.856481+04:00
6710f2e33e6dc479361d7720,YVTTH5GA,CAR,2024-10-17 15:20:03.904320+04:00
6710f388b305dea6d2f7df06,XX9YHA2H,CAR,2024-10-17 15:22:48.576155+04:00
6710f3c9b5b504efa1bf2921,BBMU2TV4,CAR,2024-10-17 15:23:53.227285+04:00
6710f41ad74df34afc786482,J87XPG6P,CAR,2024-10-17 15:25:14.277308+04:00
6710f7253e6dc479361d77d9,5LJ9E4GV,CAR,2024-10-17 15:38:13.268903+04:00
6710f7bfb305dea6d2f7df8b,APGXG3M6,CAR,2024-10-17 15:40:47.648383+04:00
6710f7e4b6340d2d29d68fd6,VXB95DPE,CAR,2024-10-17 15:41:24.646770+04:00
6710fae6b5fc6b505c5097c0,THYL6YQB,CAR,2024-10-17 15:54:14.638431+04:00
6710fb743f71217e323aeb0a,QPJ7ZC6T,CAR,2024-10-17 15:56:36.714804+04:00
6710fbf9b5b504efa1bf2a0a,HNZAD9R3,CAR,2024-10-17 15:58:49.237062+04:00
6710fd959d7c8af99079133e,E7U5UF92,CAR,2024-10-17 16:05:41.136362+04:00
6710fe55655acdc68f773769,MDLX4A39,CAR,2024-10-17 16:08:53.728022+04:00
6710ff70334dfd74407ffe9c,W2TF6H7X,CAR,2024-10-17 16:13:36.684818+04:00
6710ffb5334dfd74407fff15,X2LZNX36,CAR,2024-10-17 16:14:45.367416+04:00
6711009f7e14dfc2fdc677b0,YKZPBH2E,CAR,2024-10-17 16:18:39.465501+04:00
6711024a7e14dfc2fdc67852,JLTLTTRJ,CAR,2024-10-17 16:25:45.976165+04:00
6711031ab305dea6d2f7e0ff,28GFALE4,CAR,2024-10-17 16:29:14.388137+04:00
671103f28621f230a80db9e3,2DMK6FCD,CAR,2024-10-17 16:32:50.478198+04:00
67110423655acdc68f7737b2,BQX7RN99,CAR,2024-10-17 16:33:39.767576+04:00
671104f0b6340d2d29d690a7,AVQBD5L9,CAR,2024-10-17 16:37:04.861274+04:00
671104f93e6dc479361d7948,ARYGE6D2,CAR,2024-10-17 16:37:13.548145+04:00
671106dbc77384a942e574a6,8XUFRT8A,CAR,2024-10-17 16:45:15.456147+04:00
671107208621f230a80dba67,P8LMGJN7,CAR,2024-10-17 16:46:24.346430+04:00
67110732655acdc68f77389f,YUDG53Y5,CAR,2024-10-17 16:46:42.526910+04:00
67110c33c77384a942e57512,AF3BSGEL,CAR,2024-10-17 17:08:03.242754+04:00
67110f15ed21d5a824b1ebd8,8TTHDM5W,CAR,2024-10-17 17:20:21.221972+04:00
671110d2ed21d5a824b1ec6d,E5KZ6P54,CAR,2024-10-17 17:27:46.648079+04:00
671110e62a771a17119dfea1,MBGL6BWF,CAR,2024-10-17 17:28:06.411899+04:00
6711159f2a32e49e52b229a6,MTYQD55G,CAR,2024-10-17 17:48:15.607359+04:00
6711161fed21d5a824b1ee3d,3ECCK8V4,CAR,2024-10-17 17:50:23.480678+04:00
67111750bd2d7767d7991101,39YFYQ4X,CAR,2024-10-17 17:55:28.877187+04:00
6711187bc77384a942e5777b,JMY9WNBU,CAR,2024-10-17 18:00:27.846606+04:00
671118f999836dc5bda0c363,L2J39VGL,CAR,2024-10-17 18:02:33.915167+04:00
67111de7d82b37149121e6cc,367UT2TY,CAR,2024-10-17 18:23:35.181302+04:00
67112621e69d9352edf00958,PUJQSHDP,CAR,2024-10-17 18:58:41.406948+04:00
671127c9ecce7f3671f36e09,MPJYZ3MZ,CAR,2024-10-17 19:05:45.329296+04:00
671128715fb5d4631d2d46ba,KUAXMV9S,CAR,2024-10-17 19:08:33.309199+04:00
67112a14e69d9352edf00a1c,8HAAYEAM,CAR,2024-10-17 19:15:32.330116+04:00
67112bdd8621f230a80dbc86,49LALFD9,CAR,2024-10-17 19:23:09.896185+04:00
67112ea1fd3fe66500a54f7d,TBVPBVD9,CAR,2024-10-17 19:34:57.917353+04:00
67112ef00a42bb4deb606d94,Q6YZRVLS,CAR,2024-10-17 19:36:15.985720+04:00
6711314b99836dc5bda0c621,3LNERF9H,CAR,2024-10-17 19:46:19.329373+04:00
67113236fd3fe66500a5500b,7WZRWPDV,CAR,2024-10-17 19:50:14.819197+04:00
67113361fd3fe66500a55076,9EXE6VFT,CAR,2024-10-17 19:55:12.958443+04:00
671134c2ecce7f3671f36efb,LF6D8EVB,CAR,2024-10-17 20:01:06.040271+04:00
67113963fd3fe66500a55100,R8CZZNB4,CAR,2024-10-17 20:20:51.233648+04:00
67113b3a0a42bb4deb606e30,WD5MP65K,CAR,2024-10-17 20:28:42.171202+04:00
67113b7ad82b37149121e865,BE4Q4PJA,CAR,2024-10-17 20:29:46.892591+04:00
67113d7ecc020295e490b1f7,W24GQRDJ,CAR,2024-10-17 20:38:22.299559+04:00
67113f4f13f37ca2774ed402,S2MMVMF3,CAR,2024-10-17 20:46:07.493103+04:00
67113f6a0a42bb4deb606ebf,BC4XD5N7,CAR,2024-10-17 20:46:34.497356+04:00
67114e5dc259034e4bb922e3,NB4SXQ4J,CAR,2024-10-17 21:50:21.745450+04:00
671153cdecce7f3671f37019,WJE3QA56,CAR,2024-10-17 22:13:33.059588+04:00
6711613ae153335962eb8d9c,JHGEHDYP,CAR,2024-10-17 23:10:50.058938+04:00
67116279c259034e4bb924f2,C7TQVZAA,CAR,2024-10-17 23:16:09.384854+04:00
67116925c259034e4bb925bd,TUGZEKN2,CAR,2024-10-17 23:44:37.239799+04:00
67117bfaffa19b1c93f3e9de,A3PPD7DQ,CAR,2024-10-18 01:04:58.692742+04:00
6711ec0ae2de5047c9fc46bb,UFLVDHAR,CAR,2024-10-18 09:03:06.919414+04:00
6711f09b981058ee869b6208,96DEPTKA,CAR,2024-10-18 09:22:35.138971+04:00
6711f0ace2de5047c9fc47f5,UMMWK4SM,CAR,2024-10-18 09:22:52.862291+04:00
6711f0cb981058ee869b627a,JJSSHYLS,CAR,2024-10-18 09:23:23.961603+04:00
6711f1ad981058ee869b630b,2G45XT75,CAR,2024-10-18 09:27:09.366613+04:00
6711f820981058ee869b640f,BG59QYK5,CAR,2024-10-18 09:54:39.974436+04:00
6711f868e2de5047c9fc49e8,ZUXTEY5Q,CAR,2024-10-18 09:55:52.295114+04:00
6711f94bd62a9e1bb2bd5691,JE83QMNH,CAR,2024-10-18 09:59:39.332519+04:00
6711f9a3d62a9e1bb2bd56d1,WL2W8WAM,CAR,2024-10-18 10:01:07.452583+04:00
6711f9fbaaa5b03b63c8ff06,HH82LFMP,CAR,2024-10-18 10:02:35.546714+04:00
6711fa5f981058ee869b649d,8USFG32Z,CAR,2024-10-18 10:04:15.207066+04:00
6711fa83e2de5047c9fc4a96,7GQB6C4Y,CAR,2024-10-18 10:04:51.041424+04:00
6711fbfed62a9e1bb2bd575f,WFMQT3MV,CAR,2024-10-18 10:11:10.537374+04:00
6711fd46981058ee869b65ef,2LJKD8P2,CAR,2024-10-18 10:16:38.840783+04:00
6711fd82981058ee869b6663,SRY6WTN8,CAR,2024-10-18 10:17:38.730361+04:00
6712014fd62a9e1bb2bd58af,4ZV6B7JY,CAR,2024-10-18 10:33:51.089826+04:00
67120632d62a9e1bb2bd5a83,VHNE4HG4,CAR,2024-10-18 10:54:42.925798+04:00
671207c5aaa5b03b63c90013,SWDC9X6J,CAR,2024-10-18 11:01:25.189480+04:00
671209dbe2de5047c9fc4c40,7TV8K4MC,CAR,2024-10-18 11:10:19.669683+04:00
67120a128e4f0103e6e5677f,HBV65YW8,CAR,2024-10-18 11:11:14.090503+04:00
67120bd015219c0ded1865d2,HYJF2F6M,CAR,2024-10-18 11:18:40.537591+04:00
67120cd28e4f0103e6e568c9,SVNMQ83L,CAR,2024-10-18 11:22:58.531273+04:00
67120eaae2de5047c9fc4e40,DLAL6KHM,CAR,2024-10-18 11:30:50.184670+04:00
671210f58e4f0103e6e569da,HTDUT5MC,CAR,2024-10-18 11:40:37.643224+04:00
6712117be2de5047c9fc4ed4,93FDWFSC,CAR,2024-10-18 11:42:51.477859+04:00
6712135815219c0ded1866d7,9V946VSL,CAR,2024-10-18 11:50:48.109540+04:00
6712139915219c0ded18677c,NSZ2TLTP,CAR,2024-10-18 11:51:53.671273+04:00
671214728e4f0103e6e56a7d,HDZE656V,CAR,2024-10-18 11:55:30.342411+04:00
6712148415219c0ded18682d,B25TRXAA,CAR,2024-10-18 11:55:48.284536+04:00
671214bcd62a9e1bb2bd5bae,7KWCP2PL,CAR,2024-10-18 11:56:44.063819+04:00
6712157d8e4f0103e6e56abd,Y4S8XPEB,CAR,2024-10-18 11:59:57.123413+04:00
671215e88e4f0103e6e56b68,3NKDSHWL,CAR,2024-10-18 12:01:44.788258+04:00
671217b6f7ce969274fb943f,NFEFT8YF,CAR,2024-10-18 12:09:26.824961+04:00
671218b387ff085ccc31d542,HVRC6LS2,CAR,2024-10-18 12:13:39.865311+04:00
671219398e4f0103e6e56bf6,YYHE56NB,CAR,2024-10-18 12:15:53.882018+04:00
67121a2bd62a9e1bb2bd5c30,RP4QC9PZ,CAR,2024-10-18 12:19:55.337969+04:00
67121b6015219c0ded1869f2,RX4KV7KX,CAR,2024-10-18 12:25:04.950377+04:00
67121bb21e4ecbd9b79a07e4,HKW9BKCE,CAR,2024-10-18 12:26:26.172618+04:00
67121c1115219c0ded186b47,ZEWXZMGE,CAR,2024-10-18 12:28:01.861862+04:00
67121e7ef7ce969274fb94d8,3J75WS5Y,CAR,2024-10-18 12:38:22.605310+04:00
67121e9d8e4f0103e6e56cbc,74AGT7K7,CAR,2024-10-18 12:38:53.535417+04:00
6712223887ff085ccc31d56d,8WU24ZMM,CAR,2024-10-18 12:54:16.248714+04:00
671224d7d62a9e1bb2bd5cda,TYDEELUW,CAR,2024-10-18 13:05:27.895532+04:00
671224e6d62a9e1bb2bd5d49,2FBPGCTJ,CAR,2024-10-18 13:05:42.406049+04:00
671230403a0388d6728d2680,KBV5RKFS,CAR,2024-10-18 13:54:08.610748+04:00
67123223fc8d885c71ae1ca8,UAVAQXZZ,CAR,2024-10-18 14:02:11.617481+04:00
67123482fc8d885c71ae1dfa,A4ZXLVPA,CAR,2024-10-18 14:12:18.290935+04:00
6712354715219c0ded186f2f,Y35F2QM4,CAR,2024-10-18 14:15:35.253829+04:00
67123559f7ce969274fb98c1,X97LRNM7,CAR,2024-10-18 14:15:53.442468+04:00
671236f7fc8d885c71ae1eab,8BHWS8LH,CAR,2024-10-18 14:22:47.813763+04:00
671237366c2bca626a08080a,6VHPPWP6,CAR,2024-10-18 14:23:50.848037+04:00
671238b0fc8d885c71ae1f79,GVX4JLUP,CAR,2024-10-18 14:30:07.978901+04:00
67123a1caaa5b03b63c9013b,X5XMYMG9,CAR,2024-10-18 14:36:12.890553+04:00
67123b9ad3c6d73f1cc5c95f,6HAKJ85F,CAR,2024-10-18 14:42:34.609158+04:00
67123bb9d3c6d73f1cc5ca02,43K249ZJ,CAR,2024-10-18 14:43:05.104282+04:00
67123c98aaa5b03b63c901bb,D9MDW4WJ,CAR,2024-10-18 14:46:48.744804+04:00
67123e4b6f4bbf2cab8ee5a8,MBFSWWS4,CAR,2024-10-18 14:54:03.974236+04:00
671244580da0b0aa4f8e8d59,ZEMRMK7P,CAR,2024-10-18 15:19:52.539413+04:00
67124503f7ce969274fb9b74,TKLDVULL,CAR,2024-10-18 15:22:43.534742+04:00
671245634e2fa564b650a969,GSHGP3XE,CAR,2024-10-18 15:24:19.127680+04:00
671245ca6c2bca626a080896,URSW34RJ,CAR,2024-10-18 15:26:02.408955+04:00
671246234e2fa564b650aa57,CEPUC6QP,CAR,2024-10-18 15:27:31.066535+04:00
671246244e2fa564b650aa59,TBEFCNRP,CAR,2024-10-18 15:27:32.106292+04:00
6712492a4e2fa564b650ac79,5PVA628H,CAR,2024-10-18 15:40:26.891077+04:00
67124a204e2fa564b650acc1,Q3B5LMSY,CAR,2024-10-18 15:44:32.863158+04:00
67124db22fee767d98cf8422,A9DV5QMG,CAR,2024-10-18 15:59:46.644687+04:00
67124ea26f4bbf2cab8ee819,SJWACVWF,CAR,2024-10-18 16:03:46.813827+04:00
67124ee74e2fa564b650ad9a,L47BNZFW,CAR,2024-10-18 16:04:55.334256+04:00
67124fc14e2fa564b650ae4f,5UU66WFD,CAR,2024-10-18 16:08:33.041716+04:00
67124fcd2fee767d98cf8548,FTV2UAWW,CAR,2024-10-18 16:08:45.921164+04:00
671250f00da0b0aa4f8e8ebd,HV6TXS2B,CAR,2024-10-18 16:13:36.744654+04:00
671251686f4bbf2cab8ee8ad,ATCK2PA7,CAR,2024-10-18 16:15:36.639955+04:00
671252b40da0b0aa4f8e8f35,RFHEGBFK,CAR,2024-10-18 16:21:08.496969+04:00
671256021e4ecbd9b79a0944,ZEPCLGG2,CAR,2024-10-18 16:35:14.304372+04:00
6712564c9765920ff3bdcbca,A3YBFEGP,CAR,2024-10-18 16:36:28.801661+04:00
671256f92fee767d98cf8699,RMLGXG4G,CAR,2024-10-18 16:39:21.879674+04:00
671257682fee767d98cf86e1,7ZBNXH73,CAR,2024-10-18 16:41:12.016072+04:00
6712583caaa5b03b63c90224,RSSNX3L9,CAR,2024-10-18 16:44:44.672002+04:00
671258dd0da0b0aa4f8e8feb,9Q9SY8CM,CAR,2024-10-18 16:47:25.835167+04:00
67125bd81e4ecbd9b79a0a71,KGSPFG5R,CAR,2024-10-18 17:00:08.099993+04:00
67125d259d128c1d99ca5f33,2ZJ4ZRJE,CAR,2024-10-18 17:05:41.739567+04:00
67125d63aaa5b03b63c90350,SRBLZTVB,CAR,2024-10-18 17:06:43.790063+04:00
67125efe1e4ecbd9b79a0b6c,LCPBBTZJ,CAR,2024-10-18 17:13:34.393359+04:00
671262750da0b0aa4f8e90ee,HEQ8HT8F,CAR,2024-10-18 17:28:21.313719+04:00
67126319aaa5b03b63c903cc,26MB5YC7,CAR,2024-10-18 17:31:05.141983+04:00
671268af9d128c1d99ca6047,M2HRZPB8,CAR,2024-10-18 17:54:55.541516+04:00
671269809d128c1d99ca60c1,V7PZQ9LN,CAR,2024-10-18 17:58:24.625373+04:00
6712698c1e4ecbd9b79a0c2e,J65JTCB3,CAR,2024-10-18 17:58:36.590634+04:00
67126c799765920ff3bdce09,VHJJ4F6R,CAR,2024-10-18 18:11:05.255368+04:00
67126d863a0388d6728d2813,P9T24RJS,CAR,2024-10-18 18:15:34.797464+04:00
67126fab9d128c1d99ca6169,V8Q68MWL,CAR,2024-10-18 18:24:43.089448+04:00
671270349d128c1d99ca61d5,GQBPB3JW,CAR,2024-10-18 18:27:00.061293+04:00
671270e49765920ff3bdd00d,VHW7G7UV,CAR,2024-10-18 18:29:56.942499+04:00
671270f3dda463a821fdbb7a,XBUQHXG3,CAR,2024-10-18 18:30:11.797426+04:00
671275079d128c1d99ca6315,HXKK9NZK,CAR,2024-10-18 18:47:35.200049+04:00
671277a39765920ff3bdd166,YQZA72VG,CAR,2024-10-18 18:58:43.142553+04:00
67127b4d9765920ff3bdd259,C3DNGQDQ,CAR,2024-10-18 19:14:21.487628+04:00
671281e06f4bbf2cab8ee97a,TDSWD6H6,CAR,2024-10-18 19:42:24.076356+04:00
671282976c2bca626a08097c,SGNBHXPP,CAR,2024-10-18 19:45:27.677635+04:00
6712872caaa5b03b63c9048b,WVMLW2RP,CAR,2024-10-18 20:05:00.039499+04:00
6712890e9d128c1d99ca63ac,G3PSADZ9,CAR,2024-10-18 20:13:02.574598+04:00
67128bf7dda463a821fdbedd,P6GBRV7R,CAR,2024-10-18 20:25:27.193746+04:00
67128c2172bc18b1f962d91d,T9YPURLV,CAR,2024-10-18 20:26:09.610131+04:00
67128c7c72bc18b1f962d994,K77ADKZB,CAR,2024-10-18 20:27:40.700004+04:00
6712981372bc18b1f962db6c,DVDEZNC2,CAR,2024-10-18 21:17:07.406505+04:00
671299fee3dbf445ad6a20c0,P324D74A,CAR,2024-10-18 21:25:18.590614+04:00
6712a3d572bc18b1f962dd12,2KGKRVFZ,CAR,2024-10-18 22:07:17.104677+04:00
6712a6efbcf348c8bbd9bd58,8TKKW9ZH,CAR,2024-10-18 22:20:31.884819+04:00
6712a960bcf348c8bbd9be6e,D8H5DPC4,CAR,2024-10-18 22:30:56.399131+04:00
6712a968bcf348c8bbd9be70,FZBDFFDS,CAR,2024-10-18 22:31:04.365220+04:00
6712b8f3dda463a821fdbfb2,QUXSS3HV,CAR,2024-10-18 23:37:23.519751+04:00
6712c1dab662e91414d6085c,GZJR8AVU,CAR,2024-10-19 00:15:22.806256+04:00
6712d24dbff64dd1c3d404c6,3BA7HY9Q,CAR,2024-10-19 01:25:33.460812+04:00
6712e7e1b662e91414d60930,K2U4LAB9,CAR,2024-10-19 02:57:37.890896+04:00
67131a6abff64dd1c3d40566,UUABLN24,CAR,2024-10-19 06:33:14.377746+04:00
67132a9bb662e91414d60b11,CVMNLBKR,CAR,2024-10-19 07:42:19.163903+04:00
671330d1bcf348c8bbd9c0b3,5SB5A2UY,CAR,2024-10-19 08:08:49.305128+04:00
6713380223bd30d451427901,HBTM9NCZ,CAR,2024-10-19 08:39:30.561925+04:00
67133a07bff64dd1c3d406dc,RH7STRWA,CAR,2024-10-19 08:48:07.446189+04:00
67133a712028a3ae8235d83f,YDAY9739,CAR,2024-10-19 08:49:53.933051+04:00
67133c27bff64dd1c3d40713,AZETXN6A,CAR,2024-10-19 08:57:11.931945+04:00
67133cf5fb4cc2c7e5d901d5,BATK5CGS,CAR,2024-10-19 09:00:37.908200+04:00
67133d9287ff085ccc31d6da,PEV276SA,CAR,2024-10-19 09:03:14.299918+04:00
67133de22028a3ae8235d901,S6LH73FQ,CAR,2024-10-19 09:04:34.484167+04:00
67133eff23bd30d451427a04,ZDRJSWTU,CAR,2024-10-19 09:09:18.981829+04:00
67133f982028a3ae8235d9d4,2AGX3BL6,CAR,2024-10-19 09:11:52.430494+04:00
671341fe2028a3ae8235da58,FF8CRJSU,CAR,2024-10-19 09:22:06.863809+04:00
671342a9bff64dd1c3d40780,QAC65MK3,CAR,2024-10-19 09:24:57.835298+04:00
6713437a2028a3ae8235db9b,VWT2GF6M,CAR,2024-10-19 09:28:26.586070+04:00
671343a0d3c6d73f1cc5ca56,4Z2RYUZJ,CAR,2024-10-19 09:29:04.884916+04:00
6713471d819497469b3362ec,7WSRY2ZF,CAR,2024-10-19 09:43:57.935891+04:00
6713499682a94f34978f2611,BN57FJSV,CAR,2024-10-19 09:54:30.753866+04:00
67134cc32028a3ae8235dc41,AYVFZ4YY,CAR,2024-10-19 10:08:03.957763+04:00
67134cd72028a3ae8235dcb1,W39GGETX,CAR,2024-10-19 10:08:23.133914+04:00
67134e912028a3ae8235dd36,3JWEV5MG,CAR,2024-10-19 10:15:45.680141+04:00
67134f5d6c2bca626a080b3e,PU5QCTLY,CAR,2024-10-19 10:19:09.314837+04:00
6713516e82a94f34978f271d,CWZ69BEL,CAR,2024-10-19 10:27:58.789286+04:00
671356befb4cc2c7e5d9027f,DGAUF54T,CAR,2024-10-19 10:50:38.076042+04:00
671356f8ae2b069b7a2bc5e8,8DKU8F2Y,CAR,2024-10-19 10:51:36.069636+04:00
67135732819497469b336569,X6MLH7EY,CAR,2024-10-19 10:52:34.827888+04:00
67135c123a2452e7fb0e4f7d,Z9D7QHAG,CAR,2024-10-19 11:13:22.279779+04:00
67135c7f819497469b33664a,JP5B69ZF,CAR,2024-10-19 11:15:11.817977+04:00
67135f1dae2b069b7a2bc6ef,96LPYX7J,CAR,2024-10-19 11:26:21.841131+04:00
67136000eb346596cc5b3341,F4LW2GW4,CAR,2024-10-19 11:30:08.967231+04:00
671361267048e19313e53bc7,F7V867YG,CAR,2024-10-19 11:35:02.468730+04:00
67136138819497469b336666,ZAN23KDP,CAR,2024-10-19 11:35:20.476237+04:00
6713618afb4cc2c7e5d9035a,4X5F8NW4,CAR,2024-10-19 11:36:42.494171+04:00
671362db7048e19313e53c09,QEDHWU33,CAR,2024-10-19 11:42:19.116516+04:00
671363d3fb4cc2c7e5d903cd,J76DGVD2,CAR,2024-10-19 11:46:27.918680+04:00
671363dd3a2452e7fb0e502f,RSNLP5BB,CAR,2024-10-19 11:46:37.619620+04:00
671364bb7048e19313e53c8c,GXNQ8VW3,CAR,2024-10-19 11:50:19.636522+04:00
6713654b23bd30d451427b9a,9FJRJSFH,CAR,2024-10-19 11:52:43.393887+04:00
67136631c91dea2c14fc7160,G5RBJZAH,CAR,2024-10-19 11:56:33.028302+04:00
67136796eb346596cc5b3497,2Z6VV4PT,CAR,2024-10-19 12:02:30.755264+04:00
67136998c1f9eda5371bb418,MANZWZRB,CAR,2024-10-19 12:11:04.210489+04:00
671369a523bd30d451427c10,NX8NKWZN,CAR,2024-10-19 12:11:17.284219+04:00
671369a83a2452e7fb0e50f8,UPR5SGFW,CAR,2024-10-19 12:11:20.457282+04:00
671369dc3a2452e7fb0e5161,UJY3UKMA,CAR,2024-10-19 12:12:12.079723+04:00
67136b3cae2b069b7a2bc74d,RPG9AZ24,CAR,2024-10-19 12:18:04.707770+04:00
67136b8eae2b069b7a2bc7f5,43JTD5FM,CAR,2024-10-19 12:19:26.007344+04:00
67136cb4fb4cc2c7e5d90468,HVEZXSAC,CAR,2024-10-19 12:24:20.170360+04:00
67136cb7c1f9eda5371bb48f,D98DMU5V,CAR,2024-10-19 12:24:23.448660+04:00
67136cf73a2452e7fb0e5208,B89WZYTZ,CAR,2024-10-19 12:25:26.988695+04:00
67136d07eb346596cc5b3547,6SU8H3AV,CAR,2024-10-19 12:25:43.016072+04:00
67136d0bded27d12381f6086,5KGXGTWG,CAR,2024-10-19 12:25:47.948762+04:00
67136dab82a94f34978f29fa,L5P6KVYX,CAR,2024-10-19 12:28:27.855920+04:00
67136eb782a94f34978f2a9b,YWE4CX3G,CAR,2024-10-19 12:32:55.666046+04:00
671370d63a2452e7fb0e529a,QYHB32R3,CAR,2024-10-19 12:41:58.605515+04:00
6713720e82a94f34978f2b4a,EMYRFLT6,CAR,2024-10-19 12:47:10.493534+04:00
671374a5d3c6d73f1cc5cb02,ELCG67MS,CAR,2024-10-19 12:58:13.398745+04:00
671374e422f2735431ec4d9b,QQPQ9ENL,CAR,2024-10-19 12:59:16.828566+04:00
671376a482a94f34978f2c05,U68T2WTE,CAR,2024-10-19 13:06:44.906513+04:00
671377d282a94f34978f2c72,3KMKKGYU,CAR,2024-10-19 13:11:46.316951+04:00
671378d8c1f9eda5371bb56d,LZQH9CS5,CAR,2024-10-19 13:16:08.596619+04:00
67137940c91dea2c14fc71bd,W3RD85SK,CAR,2024-10-19 13:17:52.223587+04:00
67137a37ded27d12381f6154,KLXTPQKK,CAR,2024-10-19 13:21:59.467622+04:00
67137a8cd3c6d73f1cc5cb83,5SEMHYVD,CAR,2024-10-19 13:23:24.266078+04:00
67137aa988028aac394dc6f2,YPR2R3NX,CAR,2024-10-19 13:23:53.171892+04:00
67137c7deb346596cc5b36e0,5QNSCG2Y,CAR,2024-10-19 13:31:41.346968+04:00
67137d5fded27d12381f624c,P2TN8L6D,CAR,2024-10-19 13:35:27.499458+04:00
67138015ded27d12381f62ae,4PFNW4TM,CAR,2024-10-19 13:47:01.416448+04:00
67138061eb346596cc5b3835,LD5WLE3R,CAR,2024-10-19 13:48:17.440914+04:00
67138130d3c6d73f1cc5cc13,R7P9V8KU,CAR,2024-10-19 13:51:44.885730+04:00
671385e7026a6b4b1feffef9,WKU2ERZZ,CAR,2024-10-19 14:11:51.016193+04:00
671387aa88028aac394dc800,5TMJSJTC,CAR,2024-10-19 14:19:22.048451+04:00
671387dc21e00cb0b0ab8d3f,BXUV5DBP,CAR,2024-10-19 14:20:12.471352+04:00
671387f4026a6b4b1fefff86,PGT3X24G,CAR,2024-10-19 14:20:36.713087+04:00
671389dc21e00cb0b0ab8de6,FTEYUSCZ,CAR,2024-10-19 14:28:44.554921+04:00
67138aafd3c6d73f1cc5cd56,TCZRYFWT,CAR,2024-10-19 14:32:15.105632+04:00
67138b0601c6aaf36112ef4b,SD4Z997N,CAR,2024-10-19 14:33:42.831094+04:00
67139052d3c6d73f1cc5cddc,RJU6CG93,CAR,2024-10-19 14:56:18.871286+04:00
67139373cf91f7f21ffa5622,P3BMFKEX,CAR,2024-10-19 15:09:39.730299+04:00
6713938a01c6aaf36112eff5,4EVUKFNC,CAR,2024-10-19 15:10:02.232916+04:00
671393bdd7a2b7fa6b7b60a6,7BFLWPQD,CAR,2024-10-19 15:10:53.229347+04:00
671393edd8ca61f1a1b79f6f,2YD2RR4Z,CAR,2024-10-19 15:11:41.803641+04:00
67139467c91dea2c14fc7279,VJNKPACL,CAR,2024-10-19 15:13:43.151363+04:00
67139657c0fd8d30c4e67626,4X34YJAZ,CAR,2024-10-19 15:21:59.669875+04:00
67139694b2292a1bd0fab487,2JQSYXRX,CAR,2024-10-19 15:23:00.853375+04:00
67139770d7a2b7fa6b7b612b,VZWAUKTL,CAR,2024-10-19 15:26:40.693982+04:00
671398fec0fd8d30c4e676cc,Z8G4VURQ,CAR,2024-10-19 15:33:18.076229+04:00
67139af0d8ca61f1a1b7a1b4,U8GDJYCF,CAR,2024-10-19 15:41:36.869072+04:00
67139cd1d8ca61f1a1b7a251,UPXQT3EY,CAR,2024-10-19 15:49:37.125231+04:00
6713a02d135c1a1b424ab6aa,5R6KTK8E,CAR,2024-10-19 16:03:57.455070+04:00
6713a1b9b2292a1bd0fab6ed,XJE2FBE8,CAR,2024-10-19 16:10:33.814354+04:00
6713a307d94b15ea7dc7b8f9,89TW3VAV,CAR,2024-10-19 16:16:07.719862+04:00
6713a3dd135c1a1b424ab6f7,QZ4VX4XT,CAR,2024-10-19 16:19:41.900777+04:00
6713a77ad7b4e0452235e2b4,Q3REHLTT,CAR,2024-10-19 16:35:06.717776+04:00
6713b0b5b69ed9cac8370fe9,5VSMSPXH,CAR,2024-10-19 17:14:29.199888+04:00
6713b169d7b4e0452235e4ea,3QCGVY44,CAR,2024-10-19 17:17:29.488865+04:00
6713b1d56f786d4888a74fc4,TS3SE6GY,CAR,2024-10-19 17:19:17.060032+04:00
6713b43a6f786d4888a75043,DTGLPV3T,CAR,2024-10-19 17:29:30.050497+04:00
6713b4f86f786d4888a750bb,Z72FUKS4,CAR,2024-10-19 17:32:40.761184+04:00
6713b5a3135c1a1b424ab79f,K3XGH74M,CAR,2024-10-19 17:35:31.376302+04:00
6713b7086f786d4888a7529b,V5AYDLH4,CAR,2024-10-19 17:41:28.755624+04:00
6713b9936f786d4888a753c4,AEQ3328C,CAR,2024-10-19 17:52:19.197428+04:00
6713c32e635370dc0eb5e29a,9VM3K9FG,CAR,2024-10-19 18:33:18.442392+04:00
6713cea82235d5c7498edd43,MA7TEFQ3,CAR,2024-10-19 19:22:16.016020+04:00
6713d1d8b367a1cab4947fc7,C2HVFVEH,CAR,2024-10-19 19:35:52.498073+04:00
6713d21eb367a1cab4948037,4ACDE6UJ,CAR,2024-10-19 19:37:02.904999+04:00
6713d241635370dc0eb5e3cb,2TZ4E9KC,CAR,2024-10-19 19:37:37.201347+04:00
6713d8f9ac67792715f7e5b6,92BMZ65G,CAR,2024-10-19 20:06:17.905918+04:00
6713db918aebc3e6a1014ecf,MMHN46TA,CAR,2024-10-19 20:17:21.314092+04:00
6713dd99eb346596cc5b38e1,2SUGH2NT,CAR,2024-10-19 20:26:01.523703+04:00
6713e24b8aebc3e6a1014f71,CVY86ZDM,CAR,2024-10-19 20:46:03.966373+04:00
6713e29cd7a2b7fa6b7b629f,T6LACNPN,CAR,2024-10-19 20:47:24.069414+04:00
6713e3df61d0a7c8ea210b32,LK7UEPW5,CAR,2024-10-19 20:52:47.897865+04:00
6713e5b78aebc3e6a1015001,WBEGE4L6,CAR,2024-10-19 21:00:39.189756+04:00
6713e65d635370dc0eb5e405,YDTW4ZPM,CAR,2024-10-19 21:03:25.444380+04:00
6713e676d7a2b7fa6b7b6313,N2F65282,CAR,2024-10-19 21:03:50.899656+04:00
6713e8a1d7a2b7fa6b7b6375,BWG52SN8,CAR,2024-10-19 21:13:05.412834+04:00
6713e8eb635370dc0eb5e416,AFBUFMZA,CAR,2024-10-19 21:14:19.655493+04:00
6713e9a8440a3f7265b47c99,BCQYQ7PD,CAR,2024-10-19 21:17:27.993309+04:00
6713eb8161d0a7c8ea210bd2,3T8N3KX6,CAR,2024-10-19 21:25:21.137248+04:00
6713ed7a42994c342a12d4e9,TBQQDVBH,CAR,2024-10-19 21:33:46.040550+04:00
6713f01f42994c342a12d588,LZL7ATB7,CAR,2024-10-19 21:45:03.455637+04:00
6713f71d8f3ab1e3c7a90fec,PFUV4MY8,CAR,2024-10-19 22:14:53.386912+04:00
6713f74461d0a7c8ea210c6f,T3P5WJPX,CAR,2024-10-19 22:15:32.305659+04:00
6713f8c88f3ab1e3c7a910ac,KEY9HJYD,CAR,2024-10-19 22:22:00.257262+04:00
671401108f3ab1e3c7a9114e,FRJ54PQM,CAR,2024-10-19 22:57:20.458741+04:00
67140414f7a3c4a25ae1b84f,2FRBKHUJ,CAR,2024-10-19 23:10:12.415735+04:00
67140473f7a3c4a25ae1b887,UQAXNSKU,CAR,2024-10-19 23:11:47.648480+04:00
6714047f4f84eba6ed47b532,K2CG2TGL,CAR,2024-10-19 23:11:59.895207+04:00
67142f374f84eba6ed47b63b,88VV4JN6,CAR,2024-10-20 02:14:15.417749+04:00
6714393b04c1c04e422856ba,XXKTNNX7,CAR,2024-10-20 02:56:59.767002+04:00
67148d3ecdb0082e1dbfd03a,EG76S6M6,CAR,2024-10-20 08:55:26.354260+04:00
671490a44ed6520b1dc55c5b,5SCKRFPE,CAR,2024-10-20 09:09:56.522819+04:00
67149178c1ef924821fbd2a1,Y9G59T96,CAR,2024-10-20 09:13:28.707766+04:00
671498a2cdb0082e1dbfd34c,UEZHSJ5U,CAR,2024-10-20 09:44:02.538005+04:00
671499a4dfe61c950d278c2e,4NLT8E4M,CAR,2024-10-20 09:48:19.895095+04:00
67149da5f1df828c095c9243,QRLJFKVA,CAR,2024-10-20 10:05:25.140266+04:00
67149ea04f84eba6ed47b70e,GWHFFDGL,CAR,2024-10-20 10:09:36.041727+04:00
6714a323dfe61c950d278c96,PJACBMXL,CAR,2024-10-20 10:28:51.538976+04:00
6714a41032d41e8b12fa76de,ZAFFY7FK,CAR,2024-10-20 10:32:48.026903+04:00
6714a87232d41e8b12fa77a6,WSCQRMPR,CAR,2024-10-20 10:51:30.480041+04:00
6714b0095fbbce60998092bb,B2QJ8BJP,CAR,2024-10-20 11:23:53.059871+04:00
6714b0115fbbce60998092f0,FJRFNWSW,CAR,2024-10-20 11:24:01.361578+04:00
6714b4eb32d41e8b12fa78df,6WTEU4T4,CAR,2024-10-20 11:44:43.710112+04:00
6714b7b8bb96dcf1dad340a3,XYBGYFF7,CAR,2024-10-20 11:56:40.304611+04:00
6714b8055fbbce609980941d,CPGBBZ5N,CAR,2024-10-20 11:57:57.215554+04:00
6714baa7438a64749c842b29,FJRLE4CU,CAR,2024-10-20 12:09:11.283686+04:00
6714bcb3bb96dcf1dad3426e,VBDQSAXB,CAR,2024-10-20 12:17:55.930254+04:00
6714bde8438a64749c842c00,XN9TWUMR,CAR,2024-10-20 12:23:04.111122+04:00
6714bdef5fbbce60998096c5,3BWVB3C2,CAR,2024-10-20 12:23:11.697874+04:00
6714be839b1d14ea9c917992,E2LJGVXT,CAR,2024-10-20 12:25:39.609044+04:00
6714c0ff635370dc0eb5e4c6,QBC5TE38,CAR,2024-10-20 12:36:15.354046+04:00
6714c3199b1d14ea9c9179e1,EF45235C,CAR,2024-10-20 12:45:13.168949+04:00
6714c405ab2161bb513ecc3c,QRKMMBKN,CAR,2024-10-20 12:49:09.643270+04:00
6714c42c438a64749c842cd1,SB5TCFZF,CAR,2024-10-20 12:49:48.788231+04:00
6714c501e6d66197c87a5f5d,SUWAZ6RU,CAR,2024-10-20 12:53:21.055781+04:00
6714cb85ab2161bb513eccce,R6AARVT7,CAR,2024-10-20 13:21:09.184110+04:00
6714cf16e791c128b71a86e9,7SQH9AXB,CAR,2024-10-20 13:36:22.399783+04:00
6714cf54e791c128b71a8756,8F84Y299,CAR,2024-10-20 13:37:24.015401+04:00
6714d389ab2161bb513ecd4b,G66GXFC2,CAR,2024-10-20 13:55:20.972258+04:00
6714d3c9973c66cb952ad547,GM54NLYY,CAR,2024-10-20 13:56:25.001126+04:00
6714d3cf47c05184059f9351,2SH8YXJ6,CAR,2024-10-20 13:56:31.493311+04:00
6714d426e23cb5446c061495,G56CM797,CAR,2024-10-20 13:57:58.760163+04:00
6714d457973c66cb952ad5ba,YWUDY53K,CAR,2024-10-20 13:58:47.537477+04:00
6714d4ae55b03c19687b08da,KK2ZH3B5,CAR,2024-10-20 14:00:14.595405+04:00
6714d765b4fce72c3395e3d6,SY2CETZS,CAR,2024-10-20 14:11:49.402718+04:00
6714dc097932d6a36a0841b3,KP8TJEMY,CAR,2024-10-20 14:31:37.544938+04:00
6714dcbdb4fce72c3395e4b1,7DRP8RBV,CAR,2024-10-20 14:34:37.021344+04:00
6714e006ab2161bb513ecea9,6YXDGQJM,CAR,2024-10-20 14:48:38.626942+04:00
6714e5557932d6a36a084310,GZUBRX46,CAR,2024-10-20 15:11:17.890229+04:00
6714e8c8ecaf75b93ecf76da,ZUGV2HM5,CAR,2024-10-20 15:25:59.979109+04:00
6714e919ecaf75b93ecf774e,V5PWJTER,CAR,2024-10-20 15:27:21.717779+04:00
6714e9dce3afec46cca88e88,NPQUXU65,CAR,2024-10-20 15:30:36.556154+04:00
6714ea18ecaf75b93ecf7788,CD5TA82H,CAR,2024-10-20 15:31:36.238676+04:00
6714ea1a973c66cb952ad70b,YMGNXR78,CAR,2024-10-20 15:31:38.798114+04:00
6714eb1e7932d6a36a0843fa,UMX662TF,CAR,2024-10-20 15:35:58.348080+04:00
6714ee9804c1c04e4228578c,A68YB2XT,CAR,2024-10-20 15:50:48.057610+04:00
6714f400ecaf75b93ecf7887,YNJZ8P5V,CAR,2024-10-20 16:13:52.050390+04:00
6714fd29524984f2bb3a545c,LN6NMBU3,CAR,2024-10-20 16:52:57.938560+04:00
6714fd4909003747df578579,HVM7UDTL,CAR,2024-10-20 16:53:29.718777+04:00
6714ff3d289f84c77ee54e44,SKLGQ97P,CAR,2024-10-20 17:01:49.429079+04:00
6714ff6a09003747df578618,3WF6M3NB,CAR,2024-10-20 17:02:34.661549+04:00
6714ff85ecaf75b93ecf799b,TMUGW2UU,CAR,2024-10-20 17:03:01.663584+04:00
671500da09003747df57868d,ZFXT6XKM,CAR,2024-10-20 17:08:42.025571+04:00
671501e109003747df5786fe,UJMUT4NT,CAR,2024-10-20 17:13:05.384800+04:00
671504a4524984f2bb3a5536,Y2Z5GWZP,CAR,2024-10-20 17:24:52.301570+04:00
6715055b09003747df5787a9,LS336HLN,CAR,2024-10-20 17:27:55.873339+04:00
671506d4289f84c77ee54eff,HEPNWZHQ,CAR,2024-10-20 17:34:12.832506+04:00
6715075f09003747df5787e1,NAV9YDAZ,CAR,2024-10-20 17:36:31.673020+04:00
6715078aecaf75b93ecf7a28,Z9DTRTKA,CAR,2024-10-20 17:37:14.071331+04:00
671508a9524984f2bb3a5687,RRXN6EEC,CAR,2024-10-20 17:42:01.465764+04:00
67150ac709003747df5788fa,FNFAUUVZ,CAR,2024-10-20 17:51:03.672893+04:00
67150b61524984f2bb3a5735,V7BFQ4KC,CAR,2024-10-20 17:53:37.949290+04:00
67150d47524984f2bb3a57d5,ZK6DGUH9,CAR,2024-10-20 18:01:43.926849+04:00
67151a562a4fe18bffc299de,Z2BPNRR7,CAR,2024-10-20 18:57:26.387684+04:00
671525d3af3fe3b36fc63e9b,GCM64SQS,CAR,2024-10-20 19:46:27.501434+04:00
67152be46e89fb60f51bde12,CYF7XNZ2,CAR,2024-10-20 20:12:20.743267+04:00
67152cf2af3fe3b36fc63f50,W6ZDF2CH,CAR,2024-10-20 20:16:50.450584+04:00
67152f7daf3fe3b36fc63ffb,3V9T8UDL,CAR,2024-10-20 20:27:41.017071+04:00
67152f956e89fb60f51bdf3c,7G8U54K9,CAR,2024-10-20 20:28:05.486453+04:00
671532476e89fb60f51bdfcd,ZHF252MR,CAR,2024-10-20 20:39:35.773450+04:00
671535902a4fe18bffc29aaa,GNEU8RC5,CAR,2024-10-20 20:53:36.755536+04:00
6715371efb09896f2d31c300,6LG37S23,CAR,2024-10-20 21:00:14.767647+04:00
67153b5efb09896f2d31c37a,6J3W6SYM,CAR,2024-10-20 21:18:22.457013+04:00
67153dfe5c4ddb0e4378b01e,TUQPSB2S,CAR,2024-10-20 21:29:34.743985+04:00
67153ee8f677048c8586b130,UZRA5MCG,CAR,2024-10-20 21:33:28.270394+04:00
67153f2baf3fe3b36fc640dc,8RN363EV,CAR,2024-10-20 21:34:35.096704+04:00
671542b9af3fe3b36fc64160,P5W58DXE,CAR,2024-10-20 21:49:45.506311+04:00
6715457a6e89fb60f51be0d0,FMGCZFKA,CAR,2024-10-20 22:01:30.742214+04:00
67155cd094c9488a3ba3752d,8G3V8BEY,CAR,2024-10-20 23:41:04.602122+04:00
671561c2af3fe3b36fc6422a,DFZVF6SZ,CAR,2024-10-21 00:02:10.143751+04:00
6715648fe8aba3565532a841,TFV9BQM9,CAR,2024-10-21 00:14:07.159466+04:00
6715874d484bf9730a64ce58,R66JFXBG,CAR,2024-10-21 02:42:21.005259+04:00
6715cbbe94c9488a3ba376a7,4B9Q63RS,CAR,2024-10-21 07:34:22.397918+04:00
6715ccae97fc130d705532a9,9YZHZVEJ,CAR,2024-10-21 07:38:22.841668+04:00
6715cd10f7a3c4a25ae1b9c0,DNNP6EL3,CAR,2024-10-21 07:40:00.393708+04:00
6715d11297fc130d705532ed,2HYJEKJH,CAR,2024-10-21 07:57:06.197974+04:00
6715da437a76d861b2446bcf,VJWCFWDX,CAR,2024-10-21 08:36:19.021422+04:00
6715de57e8aba3565532a9c7,AP9F9LF3,CAR,2024-10-21 08:53:43.754633+04:00
6715dfaeaf3fe3b36fc642b8,GUSRLX6B,CAR,2024-10-21 08:59:26.676537+04:00
6715e15d7a76d861b2446be9,N6EF7DWX,CAR,2024-10-21 09:06:37.008141+04:00
6715e1bb64dc8ad6c98335f4,N4XWECS5,CAR,2024-10-21 09:08:11.157022+04:00
6715e25964dc8ad6c983369c,Q6H26L4G,CAR,2024-10-21 09:10:49.683664+04:00
6715e539484bf9730a64cf1c,TVCRNK2L,CAR,2024-10-21 09:23:05.675803+04:00
6715e5ab7a76d861b2446c14,3BEYABCL,CAR,2024-10-21 09:24:59.054031+04:00
6715e5bb64dc8ad6c983373c,3JF9RXCE,CAR,2024-10-21 09:25:15.902932+04:00
6715e74364dc8ad6c98337c1,QET6FFCL,CAR,2024-10-21 09:31:47.935772+04:00
6715e8cce8aba3565532aa5e,6DYB4B8Q,CAR,2024-10-21 09:38:20.276200+04:00
6715e8e2923756ffd6be707c,6X9DKHWA,CAR,2024-10-21 09:38:42.472254+04:00
6715e9c5923756ffd6be70ca,JS4LDK8T,CAR,2024-10-21 09:42:29.258936+04:00
6715edc27a76d861b2446ccf,HUKGP32Z,CAR,2024-10-21 09:59:30.009989+04:00
6715ee25d78bda3d2b655ee1,2RMXCAZ9,CAR,2024-10-21 10:01:09.350077+04:00
6715ee8ed78bda3d2b655f57,VUJ4ENGA,CAR,2024-10-21 10:02:54.562599+04:00
6715ef77e826b91172f29b32,D4HX8MHV,CAR,2024-10-21 10:06:47.397837+04:00
6715efa3d78bda3d2b65612a,USDFWRUA,CAR,2024-10-21 10:07:31.874569+04:00
6715f003e826b91172f29c54,YS6DNKKT,CAR,2024-10-21 10:09:07.934272+04:00
6715f12ee826b91172f29d44,WTJG99WE,CAR,2024-10-21 10:14:06.580093+04:00
6715f255748048aad486bc8d,JMA4KT7W,CAR,2024-10-21 10:19:01.373259+04:00
6715f264e826b91172f29dcb,83KAUUWL,CAR,2024-10-21 10:19:16.610415+04:00
6715f26e4410f1930008070d,HXCQEU35,CAR,2024-10-21 10:19:26.703587+04:00
6715f2b4d78bda3d2b6561c3,EHBMYUXH,CAR,2024-10-21 10:20:36.943386+04:00
6715f30cf677048c8586b2a1,UC8E4MX4,CAR,2024-10-21 10:22:04.047295+04:00
6715f3c98b7209c03557643c,3YW43TNM,CAR,2024-10-21 10:25:13.851356+04:00
6715f3cd8b7209c035576440,GXKPQULD,CAR,2024-10-21 10:25:17.161599+04:00
6715f454f677048c8586b33e,TTUQ3QLT,CAR,2024-10-21 10:27:32.805100+04:00
6715f4880c45aa022b4abfc5,VRQQD44K,CAR,2024-10-21 10:28:24.526638+04:00
6715f4b8fb7aeb21c28af841,WEB7XVB5,CAR,2024-10-21 10:29:12.453454+04:00
6715f5484410f193000807a5,PNLR98VE,CAR,2024-10-21 10:31:36.561322+04:00
6715f56a0c45aa022b4ac0c3,8ZXAXXFF,CAR,2024-10-21 10:32:10.045778+04:00
6715f6affb7aeb21c28afa8f,LE6NXV2Z,CAR,2024-10-21 10:37:35.238176+04:00
6715f713fb7aeb21c28afb05,KEJ8FDBS,CAR,2024-10-21 10:39:15.637996+04:00
6715f805748048aad486be78,FWTXWGBR,CAR,2024-10-21 10:43:17.437042+04:00
6715f8ec748048aad486bf1e,4GMRHW2Y,CAR,2024-10-21 10:47:08.781868+04:00
6715fabb4a83c54b0b55b3ef,WQ3NJ8Q8,CAR,2024-10-21 10:54:51.637166+04:00
6715fb1af9de143f5ae3a538,4JSB8U3Z,CAR,2024-10-21 10:56:26.710432+04:00
6715fb3df677048c8586b48c,6LY3CMFN,CAR,2024-10-21 10:57:01.400603+04:00
6715fb3e4a83c54b0b55b469,BRN334PU,CAR,2024-10-21 10:57:02.799070+04:00
6715fc53f677048c8586b4ff,DJJQRLNV,CAR,2024-10-21 11:01:39.609599+04:00
6715fed04a83c54b0b55b52d,5R5HS92S,CAR,2024-10-21 11:12:16.672046+04:00
6715ff4b4a83c54b0b55b5a3,JXRQ9LCG,CAR,2024-10-21 11:14:19.666733+04:00
6715ffb3c91dea2c14fc7578,E8DR573U,CAR,2024-10-21 11:16:03.753905+04:00
6715ffc2c91dea2c14fc7582,3LGH4XGR,CAR,2024-10-21 11:16:18.183900+04:00
67160042bcccf9219004dfa2,A9K74KPQ,CAR,2024-10-21 11:18:26.377429+04:00
67160097be574ef139642028,SKW3XPG7,CAR,2024-10-21 11:19:51.774692+04:00
671602273c8a957101de08e6,HSF9WX45,CAR,2024-10-21 11:26:31.934492+04:00
67160239f9de143f5ae3a6fe,D3ELAPYK,CAR,2024-10-21 11:26:49.857826+04:00
6716024e77cb32d3bfebd0a8,YPJY5WR8,CAR,2024-10-21 11:27:10.570067+04:00
67160367bcccf9219004e08b,ULWKU44T,CAR,2024-10-21 11:31:51.115730+04:00
67160468bcccf9219004e124,SZTWWWRS,CAR,2024-10-21 11:36:08.672890+04:00
67160752f29a243524c9a9f1,9MRJNH59,CAR,2024-10-21 11:48:34.413532+04:00
67160802bcccf9219004e1f8,82X283L5,CAR,2024-10-21 11:51:30.045071+04:00
67160911be574ef13964211b,DP3XEDJ9,CAR,2024-10-21 11:56:01.242858+04:00
67160c01f29a243524c9abac,YERYPQU9,CAR,2024-10-21 12:08:33.088397+04:00
67160c2377cb32d3bfebd21f,GG3LPCSS,CAR,2024-10-21 12:09:07.290343+04:00
67160d8bf9b2ccda1422c005,NUSLAXRD,CAR,2024-10-21 12:15:07.430968+04:00
67160fa6e246d9f94b6559eb,9VASXYDU,CAR,2024-10-21 12:24:06.444484+04:00
67161002be574ef139642352,ZW3UEW2Q,CAR,2024-10-21 12:25:38.906792+04:00
67161184be574ef1396423e3,UEC6MV28,CAR,2024-10-21 12:32:04.409371+04:00
67161260f9de143f5ae3a83a,FHAC36L9,CAR,2024-10-21 12:35:44.214190+04:00
6716136977cb32d3bfebd2c8,DPDUPFV8,CAR,2024-10-21 12:40:09.897321+04:00
6716149c77cb32d3bfebd374,E6M2JAYF,CAR,2024-10-21 12:45:16.355141+04:00
6716156789848ec71e11a016,V8GE8YQ9,CAR,2024-10-21 12:48:39.383443+04:00
6716162de246d9f94b655b3f,SZLN8PGJ,CAR,2024-10-21 12:51:57.686678+04:00
67161647f29a243524c9ac9c,X3N2SC9Y,CAR,2024-10-21 12:52:23.164020+04:00
67161681821f681c31b3812e,LMJGV952,CAR,2024-10-21 12:53:21.694131+04:00
6716188d77cb32d3bfebd408,V7PYQMZ4,CAR,2024-10-21 13:02:05.616114+04:00
671619ca298ff5f72c228585,L6NCDMGE,CAR,2024-10-21 13:07:22.070289+04:00
67161d3289848ec71e11a270,9N4SBA7Q,CAR,2024-10-21 13:21:54.107085+04:00
67161d93d2fb2412aa91cba6,P4H68YE7,CAR,2024-10-21 13:23:30.995732+04:00
67161dbdd2fb2412aa91cc23,R96WKDMG,CAR,2024-10-21 13:24:13.236000+04:00
67161e23d2fb2412aa91cc96,48JNLPS5,CAR,2024-10-21 13:25:55.452062+04:00
67161f12298ff5f72c22873e,F7JD3799,CAR,2024-10-21 13:29:54.787347+04:00
6716216be246d9f94b655c7f,QHRMKXUF,CAR,2024-10-21 13:39:55.899187+04:00
671621e3b1ec358b20490a8f,Z5MXN7LX,CAR,2024-10-21 13:41:55.089412+04:00
6716227789848ec71e11a3a4,UKT7WNPF,CAR,2024-10-21 13:44:23.082272+04:00
671622c08d53407739a9108b,6C7KR6XR,CAR,2024-10-21 13:45:36.606862+04:00
6716240ae246d9f94b655d14,6STAGZBG,CAR,2024-10-21 13:51:06.507422+04:00
671624158d53407739a910b0,V4NV5SHT,CAR,2024-10-21 13:51:17.922883+04:00
6716249a3c8a957101de09e8,7G4MCCKF,CAR,2024-10-21 13:53:30.845777+04:00
671624f08d53407739a910c0,V4PHR5FB,CAR,2024-10-21 13:54:56.866269+04:00
671624f5b1ec358b20490acb,SWQ5TL4C,CAR,2024-10-21 13:55:01.838767+04:00
671625294ed59a6ab31ca834,A5WSU38W,CAR,2024-10-21 13:55:53.199909+04:00
6716269490e07cdae1e0aaec,LWQHLB8H,CAR,2024-10-21 14:01:56.342161+04:00
671627873ccc0761f4b49a81,VKXQSDYH,CAR,2024-10-21 14:05:59.573246+04:00
671627de90e07cdae1e0ab6a,N3TACPQE,CAR,2024-10-21 14:07:26.446146+04:00
671628393ccc0761f4b49af8,RXWCSSWK,CAR,2024-10-21 14:08:57.636430+04:00
67162867b1ec358b20490ba5,32CKKAXA,CAR,2024-10-21 14:09:43.740565+04:00
67162a083ccc0761f4b49c23,MU2Y6AX6,CAR,2024-10-21 14:16:40.861881+04:00
67162a0e590625faf90d2996,VEM6LXS9,CAR,2024-10-21 14:16:46.645778+04:00
67162c5b501962cdb5eeb501,PVTBUCDS,CAR,2024-10-21 14:26:35.443464+04:00
67162de63ccc0761f4b49d31,C35WFUJ9,CAR,2024-10-21 14:33:10.390176+04:00
67162eaf501962cdb5eeb553,7W8LLWHU,CAR,2024-10-21 14:36:31.911574+04:00
67162eff90e07cdae1e0ad14,UYVUGQ9D,CAR,2024-10-21 14:37:51.079293+04:00
6716300792d19e3f57fdaa42,T6VHH27C,CAR,2024-10-21 14:42:15.319641+04:00
671630b99dc6a66af9667003,QEVP3AWJ,CAR,2024-10-21 14:45:13.043514+04:00
6716331e3ccc0761f4b49d8c,7AQBQE76,CAR,2024-10-21 14:55:26.549843+04:00
67163591484bf9730a64d08e,XMLSYU88,CAR,2024-10-21 15:05:53.000978+04:00
671636cb92d19e3f57fdaa8c,AP5ZWW9G,CAR,2024-10-21 15:11:07.740190+04:00
6716377092d19e3f57fdab42,X5F5TV9N,CAR,2024-10-21 15:13:52.140019+04:00
6716385b4ed59a6ab31caa3d,VPBZDDYV,CAR,2024-10-21 15:17:47.136947+04:00
6716390392d19e3f57fdac1e,GDJRD3QE,CAR,2024-10-21 15:20:35.245489+04:00
67163aa292d19e3f57fdacab,FB7LSUBA,CAR,2024-10-21 15:27:30.519612+04:00
67163b6a501962cdb5eeb980,9UH5KXT8,CAR,2024-10-21 15:30:50.041012+04:00
67163b89fbcf9ba4dece6620,7WAG5ZDH,CAR,2024-10-21 15:31:20.954925+04:00
67163c53fbcf9ba4dece679b,S9UY258C,CAR,2024-10-21 15:34:43.889913+04:00
67163caafbcf9ba4dece681d,PSQXUULW,CAR,2024-10-21 15:36:10.299254+04:00
67163cd39dc6a66af96672de,TV54UEGN,CAR,2024-10-21 15:36:51.407273+04:00
67163df99dc6a66af966732a,K3GEYBW8,CAR,2024-10-21 15:41:44.993581+04:00
67163e40501962cdb5eeba4c,3R3NX62Z,CAR,2024-10-21 15:42:56.387253+04:00
67163e9318a6b01147a22f89,PWFXLTR3,CAR,2024-10-21 15:44:19.061523+04:00
67163eaa69855ffc524b1c57,EPZQ4UL3,CAR,2024-10-21 15:44:42.784119+04:00
67163fb189607e1d7459dd64,4XT3RLCX,CAR,2024-10-21 15:49:05.666577+04:00
67164071efe3a8d722e5e638,SQLJRFGC,CAR,2024-10-21 15:52:17.425675+04:00
6716410589607e1d7459de16,X9FESCEB,CAR,2024-10-21 15:54:45.180196+04:00
6716414fefe3a8d722e5e6c2,MCR9EUP8,CAR,2024-10-21 15:55:59.784515+04:00
671641aff2c32eba82970b75,K7YPY7PL,CAR,2024-10-21 15:57:35.385728+04:00
671641b6f2c32eba82970b79,7WLM5LNS,CAR,2024-10-21 15:57:42.175330+04:00
6716426eefe3a8d722e5e741,Y8MZLWK6,CAR,2024-10-21 16:00:46.591006+04:00
6716426f0ea7a57b862cf12e,SVBAWWEP,CAR,2024-10-21 16:00:47.348918+04:00
6716434eefe3a8d722e5e7c2,H47NBNW6,CAR,2024-10-21 16:04:30.530231+04:00
6716438a18a6b01147a22ff7,RUP82U3Y,CAR,2024-10-21 16:05:29.983492+04:00
671643fefa88525303108a17,3TZHKN2U,CAR,2024-10-21 16:07:26.714487+04:00
6716445cf2c32eba82970c02,K779WWSV,CAR,2024-10-21 16:09:00.748829+04:00
67164685efe3a8d722e5e8e1,6YV6MDUE,CAR,2024-10-21 16:18:13.091343+04:00
6716476fe6bf936a3cb1656b,RSFGBQEM,CAR,2024-10-21 16:22:07.857589+04:00
6716486d0198b627d4f30615,L82XQD9L,CAR,2024-10-21 16:26:21.039356+04:00
671648bbe6bf936a3cb165a6,MDAGDGGK,CAR,2024-10-21 16:27:39.051655+04:00
671648d5efe3a8d722e5e995,D6A6M884,CAR,2024-10-21 16:28:05.490019+04:00
67164ab318a6b01147a230fc,WUUTX6L4,CAR,2024-10-21 16:36:03.716866+04:00
67164abe89607e1d7459e099,G3XYLP4E,CAR,2024-10-21 16:36:14.798494+04:00
67164ad60ea7a57b862cf274,BZDU8P2C,CAR,2024-10-21 16:36:38.212290+04:00
67164db2efe3a8d722e5eaae,ZGDWZ86G,CAR,2024-10-21 16:48:50.415651+04:00
67164e2e69855ffc524b1ed1,A7CS86NT,CAR,2024-10-21 16:50:54.374314+04:00
67164e52981d8f7b2a7b7525,B44ESAWE,CAR,2024-10-21 16:51:30.656658+04:00
67164ee6896b6d35729e7a84,VZG7S4SE,CAR,2024-10-21 16:53:58.925945+04:00
67164f2789607e1d7459e168,69WY5JJ8,CAR,2024-10-21 16:55:03.366353+04:00
6716501d18a6b01147a231b9,FHHNW9JN,CAR,2024-10-21 16:59:09.251032+04:00
67165063efe3a8d722e5eb6e,RS3MS9YZ,CAR,2024-10-21 17:00:19.193587+04:00
671653dccb1e3de222a7bb93,4BMMMK5Z,CAR,2024-10-21 17:15:08.529925+04:00
671656e8efe3a8d722e5ec6c,Y4HEQVMP,CAR,2024-10-21 17:28:08.056699+04:00
6716585ecb1e3de222a7bce1,AS3JEN55,CAR,2024-10-21 17:34:22.242666+04:00
67165b6d896b6d35729e7db9,W9SYWNVD,CAR,2024-10-21 17:47:25.880062+04:00
67165c14cb1e3de222a7bdea,JG2A5X9S,CAR,2024-10-21 17:50:12.519352+04:00
67165c26896b6d35729e7e24,LGXZFUKA,CAR,2024-10-21 17:50:30.170903+04:00
67165e09cb1e3de222a7beba,S7YLW4BA,CAR,2024-10-21 17:58:33.394168+04:00
6716603dcb1e3de222a7bedb,5UC3WSDR,CAR,2024-10-21 18:07:57.306287+04:00
67166127715f72e0b91220da,9BX3W8N7,CAR,2024-10-21 18:11:51.301972+04:00
6716627ecb1e3de222a7bf6d,6NZRRGE6,CAR,2024-10-21 18:17:34.240211+04:00
671662af981d8f7b2a7b76ff,EA8KF4YJ,CAR,2024-10-21 18:18:23.563718+04:00
67166354715f72e0b9122235,KDYBD6QS,CAR,2024-10-21 18:21:08.076558+04:00
671663b7715f72e0b91222a9,NRUD3WE4,CAR,2024-10-21 18:22:47.218250+04:00
67166b8a715f72e0b91224a8,Y7Z7PQUH,CAR,2024-10-21 18:56:10.264494+04:00
67166da9896b6d35729e7f9b,NNWVFGJ5,CAR,2024-10-21 19:05:13.726514+04:00
67166e280fe90d772d93b47c,6LRBVLQA,CAR,2024-10-21 19:07:20.746374+04:00
67166e5a715f72e0b91225e4,EQTQN4MQ,CAR,2024-10-21 19:08:10.762231+04:00
67166ea3cb1e3de222a7c133,XCPG8UZR,CAR,2024-10-21 19:09:23.168717+04:00
671670decb1e3de222a7c1a6,5D7XMXS8,CAR,2024-10-21 19:18:54.203234+04:00
6716714b715f72e0b9122738,9UPBHJRJ,CAR,2024-10-21 19:20:43.040813+04:00
6716751e715f72e0b91227cf,GBPV6TFK,CAR,2024-10-21 19:37:01.973956+04:00
6716753c981d8f7b2a7b7a7f,3Z6P452L,CAR,2024-10-21 19:37:32.143991+04:00
671675aa981d8f7b2a7b7af2,M9B8D2WK,CAR,2024-10-21 19:39:22.191210+04:00
671675ff0fe90d772d93b54c,CSSJNYGT,CAR,2024-10-21 19:40:47.190612+04:00
67167618896b6d35729e80ac,AQBGNGYU,CAR,2024-10-21 19:41:12.934810+04:00
671676a4981d8f7b2a7b7b89,EDDVRF84,CAR,2024-10-21 19:43:32.957078+04:00
67167808715f72e0b9122889,AC8CZ664,CAR,2024-10-21 19:49:28.620200+04:00
6716784b981d8f7b2a7b7c13,WBS89CUR,CAR,2024-10-21 19:50:35.947603+04:00
67167a5e715f72e0b912291c,M3D3YDMF,CAR,2024-10-21 19:59:26.372612+04:00
67167bef715f72e0b9122935,SZ672SYR,CAR,2024-10-21 20:06:07.097557+04:00
67167f5d981d8f7b2a7b7d91,Z5Z8CQY6,CAR,2024-10-21 20:20:44.976793+04:00
671681ce981d8f7b2a7b7de1,86WVEEGR,CAR,2024-10-21 20:31:10.960208+04:00
6716830caf39dc4be507fb44,A53QQB8W,CAR,2024-10-21 20:36:28.516274+04:00
6716834e0fe90d772d93b5d1,KTW3EYAJ,CAR,2024-10-21 20:37:34.688739+04:00
671683b2506647a84907e8e0,2JJUTG86,CAR,2024-10-21 20:39:14.274555+04:00
6716864da325124342303a49,ZEM4A5MQ,CAR,2024-10-21 20:50:21.653333+04:00
6716880c715f72e0b9122a40,8HYPC2E4,CAR,2024-10-21 20:57:48.160198+04:00
671688e89b81332dc850f5bc,LRNT3GVV,CAR,2024-10-21 21:01:28.378964+04:00
67168af5617f8ee2eddf41e7,XF3TBCGW,CAR,2024-10-21 21:10:13.808093+04:00
67168bc7715f72e0b9122b06,UTKZ55DR,CAR,2024-10-21 21:13:43.368631+04:00
67169070af39dc4be507fbbe,E6JQBD2E,CAR,2024-10-21 21:33:36.387160+04:00
67169397eea88300a181d9e9,U9HKEX5Q,CAR,2024-10-21 21:47:03.715457+04:00
6716947a715f72e0b9122bb0,Z42CFXHC,CAR,2024-10-21 21:50:50.033246+04:00
6716990faf39dc4be507fbff,TKUHD3J5,CAR,2024-10-21 22:10:23.588178+04:00
67169aee715f72e0b9122c3a,AKKA3XXM,CAR,2024-10-21 22:18:22.835782+04:00
6716adeea325124342303cb6,7QXXVE9C,CAR,2024-10-21 23:39:26.411802+04:00
6716b11e2a8e6b16ece5ec2e,YVWZ4QU2,CAR,2024-10-21 23:53:02.236678+04:00
6716b76c9b81332dc850fa84,LNEKMSBJ,CAR,2024-10-22 00:19:56.242524+04:00
67170a78a325124342303e2b,K7D3GJ3H,CAR,2024-10-22 06:14:16.555040+04:00
67171383af39dc4be507fcd2,9AZAACAS,CAR,2024-10-22 06:52:51.264735+04:00
671718ab2a8e6b16ece5ec9c,5KWVS4HH,CAR,2024-10-22 07:14:51.499758+04:00
6717190388940109f6bfa2b9,WF5XGJCK,CAR,2024-10-22 07:16:19.089760+04:00
6717219e88940109f6bfa49a,MHJAASRE,CAR,2024-10-22 07:53:02.616541+04:00
6717235288940109f6bfa512,YP8FVVF2,CAR,2024-10-22 08:00:18.871368+04:00
671724492a8e6b16ece5ed0e,RB34W9LC,CAR,2024-10-22 08:04:25.233772+04:00
671725339b81332dc850fbef,UTWYFFT4,CAR,2024-10-22 08:08:19.153010+04:00
6717278dbec66027559489ab,2CZMLKBN,CAR,2024-10-22 08:18:21.640289+04:00
67172e63eea88300a181dcf0,TK7JJNR7,CAR,2024-10-22 08:47:31.876299+04:00
67173299617f8ee2eddf43dc,WZLSXKFF,CAR,2024-10-22 09:05:29.151389+04:00
671734770f2a27a89af5e4da,VD8EK9MK,CAR,2024-10-22 09:13:27.341354+04:00
671734e80f2a27a89af5e58d,HYF3LYPU,CAR,2024-10-22 09:15:20.923233+04:00
67173801617f8ee2eddf4448,8L5TZP23,CAR,2024-10-22 09:28:33.028986+04:00
671739030f2a27a89af5e625,HB55PD6N,CAR,2024-10-22 09:32:51.621154+04:00
671739065b16b7a190938074,EMNCT68L,CAR,2024-10-22 09:32:54.136969+04:00
671739415b16b7a1909380e1,NQWQWTK3,CAR,2024-10-22 09:33:53.274411+04:00
67173a720f2a27a89af5e69d,HCHBPULE,CAR,2024-10-22 09:38:58.343260+04:00
67173b1688a2ba52d1d61855,CZZKBN2Y,CAR,2024-10-22 09:41:42.436505+04:00
67173c2b0f2a27a89af5e83b,EDP3BDGE,CAR,2024-10-22 09:46:19.076507+04:00
67173de3f75cd64b4d06a4c8,96486DG6,CAR,2024-10-22 09:53:39.638094+04:00
67173ec30f2a27a89af5e8f5,6HFPKNRR,CAR,2024-10-22 09:57:23.526215+04:00
67173ed1bec6602755948b0b,YAS77NX3,CAR,2024-10-22 09:57:37.945110+04:00
67173fa6617f8ee2eddf460d,9U2648PE,CAR,2024-10-22 10:01:10.091946+04:00
67173fc0f75cd64b4d06a558,UCJ292Q2,CAR,2024-10-22 10:01:36.441910+04:00
671740ae96dd0eed01067dfa,HLYY8F6C,CAR,2024-10-22 10:05:34.444684+04:00
6717413a0f2a27a89af5e97a,WMLFW4C9,CAR,2024-10-22 10:07:54.663774+04:00
6717416deea88300a181de6c,2YLE39TL,CAR,2024-10-22 10:08:45.192167+04:00
67174223eea88300a181dee3,68SK7QRW,CAR,2024-10-22 10:11:47.315185+04:00
6717444feea88300a181df59,F3GQ6SDY,CAR,2024-10-22 10:21:02.975472+04:00
6717449296dd0eed01067e74,ZU9Z6UZE,CAR,2024-10-22 10:22:10.631748+04:00
671744d1bec6602755948b80,LMTN4JJ6,CAR,2024-10-22 10:23:13.445604+04:00
6717456bbec6602755948bfb,JCRVMVTD,CAR,2024-10-22 10:25:47.824153+04:00
6717459d86fca6bd5d406cee,MDJJ4MF3,CAR,2024-10-22 10:26:37.957722+04:00
6717460e5b16b7a1909383e9,UH8MCDX3,CAR,2024-10-22 10:28:30.225741+04:00
67174760f75cd64b4d06a783,MQP8YSKK,CAR,2024-10-22 10:34:08.807934+04:00
6717476eeea88300a181e00b,VPF2XLV3,CAR,2024-10-22 10:34:22.361355+04:00
6717494bbec6602755948c90,HGQWWP4U,CAR,2024-10-22 10:42:19.439923+04:00
671749b486fca6bd5d406e1b,KLBKGCZ7,CAR,2024-10-22 10:44:04.673410+04:00
67174a42bec6602755948cd5,PVHN875C,CAR,2024-10-22 10:46:26.934566+04:00
67174b6d609f53b3bc2b8da7,73JTG3KE,CAR,2024-10-22 10:51:25.686193+04:00
67174d225db5bf9bb73b8b60,MXCNNDFD,CAR,2024-10-22 10:58:42.830167+04:00
67174e2e1bb6673bc3b0528b,JCN43FWC,CAR,2024-10-22 11:03:10.502881+04:00
67174e93b3cf958ef1f9da84,PYR98ERU,CAR,2024-10-22 11:04:51.742288+04:00
6717503272854f0261b138d1,NQVBZEVY,CAR,2024-10-22 11:11:46.509709+04:00
6717512b609f53b3bc2b8ef1,PTT9K3B7,CAR,2024-10-22 11:15:55.887411+04:00
671752f704ca2b9297e97681,TT9SVFXW,CAR,2024-10-22 11:23:35.698634+04:00
6717534b72854f0261b139e0,9TFB3CJL,CAR,2024-10-22 11:24:59.926925+04:00
6717535604ca2b9297e976f3,PMYSPKAM,CAR,2024-10-22 11:25:10.940058+04:00
6717536fb3cf958ef1f9db3b,2LUC5SAR,CAR,2024-10-22 11:25:35.383563+04:00
6717542f609f53b3bc2b8f83,8XXS8QEV,CAR,2024-10-22 11:28:47.474550+04:00
6717547204ca2b9297e977a3,27CU8NYH,CAR,2024-10-22 11:29:54.292481+04:00
671754bb609f53b3bc2b907b,PSNATKHS,CAR,2024-10-22 11:31:07.625411+04:00
671755419fcc04c374efc44c,GDQ45XRT,CAR,2024-10-22 11:33:21.866777+04:00
671755d0609f53b3bc2b9283,3TUWWC9U,CAR,2024-10-22 11:35:44.929836+04:00
67175619410739ad2c59ec11,AYMZZPAF,CAR,2024-10-22 11:36:57.142962+04:00
671756a41bb6673bc3b0531b,VPEW93BZ,CAR,2024-10-22 11:39:16.942684+04:00
671756b2609f53b3bc2b92fd,JVPEDFCE,CAR,2024-10-22 11:39:30.453778+04:00
67175705609f53b3bc2b9371,D72UMFF6,CAR,2024-10-22 11:40:53.153869+04:00
67175775b3cf958ef1f9dc54,5NCN5L6A,CAR,2024-10-22 11:42:45.852830+04:00
671757cf609f53b3bc2b9405,BM76XEPK,CAR,2024-10-22 11:44:15.804399+04:00
671757f561973b50a7939426,EC4HFA2M,CAR,2024-10-22 11:44:53.411709+04:00
6717581f609f53b3bc2b947f,T5RH4DAF,CAR,2024-10-22 11:45:35.057113+04:00
67175a155db5bf9bb73b8db8,2ARQZ88C,CAR,2024-10-22 11:53:57.168713+04:00
67175c5b04ca2b9297e97951,27ASNS4T,CAR,2024-10-22 12:03:39.174086+04:00
67175eb272854f0261b13cf3,Y5AYKTLF,CAR,2024-10-22 12:13:38.709002+04:00
67175fcd410739ad2c59ed3d,DTAKAQN7,CAR,2024-10-22 12:18:21.939942+04:00
67176149609f53b3bc2b9670,V6BDWK6W,CAR,2024-10-22 12:24:41.697821+04:00
671762d404ca2b9297e979e2,LVLZRYDZ,CAR,2024-10-22 12:31:16.202630+04:00
6717631e609f53b3bc2b9705,HTNDNDT2,CAR,2024-10-22 12:32:30.135837+04:00
671764b9410739ad2c59ee82,R4G23N6D,CAR,2024-10-22 12:39:21.452224+04:00
671766246ca42811d58d0ba3,49KEHKXA,CAR,2024-10-22 12:45:24.031222+04:00
671766a05db5bf9bb73b8e67,A8JJR6Y8,CAR,2024-10-22 12:47:28.824207+04:00
6717671b609f53b3bc2b97e8,H22T8WQF,CAR,2024-10-22 12:49:31.636537+04:00
67176901b3cf958ef1f9de0b,T3Q5XD3C,CAR,2024-10-22 12:57:37.071793+04:00
67176bcd1bb6673bc3b054f5,Q2SUKMME,CAR,2024-10-22 13:09:33.097946+04:00
67176e0b61973b50a7939645,R5U94PWS,CAR,2024-10-22 13:19:07.253612+04:00
67176f9a4900c3c04e886b8b,QK24PNXU,CAR,2024-10-22 13:25:46.867229+04:00
67177037b3cf958ef1f9df2f,MDZ6SX9D,CAR,2024-10-22 13:28:23.157293+04:00
67177075b3cf958ef1f9df6f,U7NAWBTB,CAR,2024-10-22 13:29:25.559398+04:00
6717742e410739ad2c59f048,D62Z7Z6Y,CAR,2024-10-22 13:45:18.787954+04:00
6717756bb3cf958ef1f9e04c,MZ8RJNZZ,CAR,2024-10-22 13:50:35.744145+04:00
671775cc5bb4902d2509fa27,W463G7BD,CAR,2024-10-22 13:52:12.590084+04:00
671776c65bb4902d2509fae8,CUN6C92E,CAR,2024-10-22 13:56:22.782329+04:00
671776ed61973b50a79396ac,TP2EEPHL,CAR,2024-10-22 13:57:01.785143+04:00
6717787961973b50a7939722,USQWSW2R,CAR,2024-10-22 14:03:37.648546+04:00
671779eb4900c3c04e886ced,BBFVYAP5,CAR,2024-10-22 14:09:47.843049+04:00
67177b5e5bb4902d2509fb8d,8DQCYLHD,CAR,2024-10-22 14:15:58.103789+04:00
67177c18b3cf958ef1f9e0d3,VXACXND8,CAR,2024-10-22 14:19:04.569891+04:00
67177d5ac92def4338b8f6af,U5G6FV4K,CAR,2024-10-22 14:24:26.279067+04:00
67177e3d61973b50a793989b,UWV8VLMY,CAR,2024-10-22 14:28:13.241431+04:00
671781deed2421ced9c4e060,BU65WPYN,CAR,2024-10-22 14:43:41.982414+04:00
6717830da0c304ad6a306ed5,TC38Y2RF,CAR,2024-10-22 14:48:44.987758+04:00
671783205bb4902d2509fd23,HZW8QJNM,CAR,2024-10-22 14:49:04.352108+04:00
671785ef85aadb5dc3e71dd2,RX5GD862,CAR,2024-10-22 15:01:03.251708+04:00
671786b24900c3c04e886e7c,4QBTFQES,CAR,2024-10-22 15:04:18.431407+04:00
671786dba0c304ad6a306f9c,KH7488NG,CAR,2024-10-22 15:04:59.287501+04:00
67178730fd0d48a6c12ce573,9EJB7F4E,CAR,2024-10-22 15:06:24.171097+04:00
671788a74900c3c04e886f36,ZTX7AALJ,CAR,2024-10-22 15:12:39.205299+04:00
671788b64900c3c04e886fdd,KHP8F2TN,CAR,2024-10-22 15:12:54.936046+04:00
67178a00fd0d48a6c12ce6df,WQ7LBYMW,CAR,2024-10-22 15:18:24.323049+04:00
67178a1fa0c304ad6a307035,GEQZZBVB,CAR,2024-10-22 15:18:55.020783+04:00
67178ab8fd0d48a6c12ce72b,ZASLFZQM,CAR,2024-10-22 15:21:28.166546+04:00
67178b98ed2421ced9c4e170,XRQ7AHVQ,CAR,2024-10-22 15:25:12.103178+04:00
67178bf24900c3c04e88703a,NXJ87HL9,CAR,2024-10-22 15:26:42.024543+04:00
67178dc385aadb5dc3e71eef,2YFJ59D2,CAR,2024-10-22 15:34:27.322355+04:00
67178de6ed2421ced9c4e1fa,GKHL5GNT,CAR,2024-10-22 15:35:02.248600+04:00
67178edffd0d48a6c12ce8ed,95F3YYUZ,CAR,2024-10-22 15:39:11.830229+04:00
67179155fd0d48a6c12ce99a,7B6CWHWD,CAR,2024-10-22 15:49:41.420335+04:00
671793d00ef6b57f9a7c50a0,K2UBGPZF,CAR,2024-10-22 16:00:16.183331+04:00
671794e1c92def4338b8f916,APKYR239,CAR,2024-10-22 16:04:49.295337+04:00
6717965f5bb4902d250a00ec,DWG7TY22,CAR,2024-10-22 16:11:11.457561+04:00
67179822ed2421ced9c4e49f,WFFUV9T7,CAR,2024-10-22 16:18:42.822333+04:00
6717986fc92def4338b8f98b,8D2BN2S5,CAR,2024-10-22 16:19:59.284146+04:00
6717997eed2421ced9c4e51b,3MMR83SE,CAR,2024-10-22 16:24:30.387428+04:00
671799dd590fa9549ddd8ba6,CZLQWE6A,CAR,2024-10-22 16:26:05.838304+04:00
67179ae9ed2421ced9c4e59c,95HM7EMH,CAR,2024-10-22 16:30:33.496023+04:00
67179bcded2421ced9c4e65f,5H7VMP6P,CAR,2024-10-22 16:34:21.393636+04:00
67179c6ded2421ced9c4e6a1,U98Y8FBV,CAR,2024-10-22 16:37:01.454079+04:00
67179c8bc92def4338b8fa42,ZUKGNH8P,CAR,2024-10-22 16:37:31.851084+04:00
67179d508753079ee2e0f61b,AC6MPTTD,CAR,2024-10-22 16:40:48.239989+04:00
67179f2c8753079ee2e0f72e,SL2HDNP3,CAR,2024-10-22 16:48:44.045871+04:00
6717a22dc5cc78d8643eed5d,YK62KG3V,CAR,2024-10-22 17:01:33.652629+04:00
6717a2418753079ee2e0f84f,5LVETBEU,CAR,2024-10-22 17:01:53.766494+04:00
6717a279c5cc78d8643eedd7,3QKJWBM6,CAR,2024-10-22 17:02:49.545734+04:00
6717a3dec5cc78d8643eee85,3HFJPLGX,CAR,2024-10-22 17:08:46.844322+04:00
6717a5bac92def4338b8fb6c,KVWA9HLZ,CAR,2024-10-22 17:16:42.096657+04:00
6717a760ed2421ced9c4e92e,H34R8JY6,CAR,2024-10-22 17:23:44.162753+04:00
6717a767c5cc78d8643eeefe,7CDZ63V4,CAR,2024-10-22 17:23:51.344651+04:00
6717a9020ef6b57f9a7c5262,JDCFW8T4,CAR,2024-10-22 17:30:42.883378+04:00
6717aa0b0ef6b57f9a7c52e8,SG55EZ7W,CAR,2024-10-22 17:35:07.601636+04:00
6717ac2a8753079ee2e0f913,C82V78RE,CAR,2024-10-22 17:44:10.248422+04:00
6717ada08753079ee2e0fa4f,VV2R85YJ,CAR,2024-10-22 17:50:24.937626+04:00
6717b046442655e2bbeb7cd7,56PTCJ3Q,CAR,2024-10-22 18:01:42.956323+04:00
6717b178a765015861c759cc,85CWB4FH,CAR,2024-10-22 18:06:48.232057+04:00
6717b631462d4bec738b7dbf,XLM66986,CAR,2024-10-22 18:26:57.130379+04:00
6717b72384462424db9a34c2,B7EGF5V6,CAR,2024-10-22 18:30:59.955939+04:00
6717bb27e8a0e61c99dbc649,67A3K8WP,CAR,2024-10-22 18:48:07.935421+04:00
6717bb9549e8ab7f0717166c,VXLPUJB3,CAR,2024-10-22 18:49:57.860581+04:00
6717bc64a6fd7ef61247d53b,VQZVNHJ4,CAR,2024-10-22 18:53:24.221326+04:00
6717bd0fa6fd7ef61247d5a8,HDUMEP23,CAR,2024-10-22 18:56:15.765769+04:00
6717bfcaa6fd7ef61247d623,D5CHCDT7,CAR,2024-10-22 19:07:54.692666+04:00
6717c420e8a0e61c99dbc78e,DKL9RJAZ,CAR,2024-10-22 19:26:24.279282+04:00
6717c5ad49e8ab7f07171840,A75HW52M,CAR,2024-10-22 19:33:01.723258+04:00
6717c7a1fec5d3ad2367fe3f,F8ZC2Q4K,CAR,2024-10-22 19:41:21.145902+04:00
6717c864a1e6b22a31dc6b45,3FLY738D,CAR,2024-10-22 19:44:36.331897+04:00
6717c8f649e8ab7f071718fa,AD8Y5YAM,CAR,2024-10-22 19:47:02.135541+04:00
6717c9eed003cb677d41e3e2,JQR8ESK6,CAR,2024-10-22 19:51:10.739730+04:00
6717cac649e8ab7f071719b7,NNGKBAQD,CAR,2024-10-22 19:54:46.375496+04:00
6717cc20fec5d3ad2367feb6,4BZZZ6ZA,CAR,2024-10-22 20:00:32.724908+04:00
6717cd0d49e8ab7f07171a36,NGQWQRSB,CAR,2024-10-22 20:04:29.402411+04:00
6717d11449e8ab7f07171a9e,H4A8NE7F,CAR,2024-10-22 20:21:40.295762+04:00
6717d279d003cb677d41e51d,EBXZ9SZ7,CAR,2024-10-22 20:27:37.531159+04:00
6717d2cee8a0e61c99dbc90c,3G75EMVP,CAR,2024-10-22 20:29:02.365764+04:00
6717d748fec5d3ad2367ff91,6YWPXZ76,CAR,2024-10-22 20:48:08.406867+04:00
6717d985fec5d3ad236800d6,EVMMD2MB,CAR,2024-10-22 20:57:41.822751+04:00
6717da52a6fd7ef61247d94e,4ZTP6BDY,CAR,2024-10-22 21:01:06.915790+04:00
6717dc47fec5d3ad23680242,H2DKM69Y,CAR,2024-10-22 21:09:27.664736+04:00
6717e11bfec5d3ad236802b5,Y8T4F2H6,CAR,2024-10-22 21:30:03.961845+04:00
6717e3c08e2c6d6f7d8c0f51,EW22CW5R,CAR,2024-10-22 21:41:20.324317+04:00
6717e3d5a6fd7ef61247db66,8UK5ZK7P,CAR,2024-10-22 21:41:41.837989+04:00
6717ed5249e8ab7f07171c92,AQ2GSKQV,CAR,2024-10-22 22:22:10.667321+04:00
6717ed85fec5d3ad23680361,KYH8ZHS7,CAR,2024-10-22 22:23:01.052310+04:00
6717efcda1e6b22a31dc6d88,ZAT23R4X,CAR,2024-10-22 22:32:45.317762+04:00
67180cde8bc174f30092148d,2Z469WVF,CAR,2024-10-23 00:36:46.319033+04:00
671850dd5bb6ee33cad89811,E2CHRMG9,CAR,2024-10-23 05:26:53.753026+04:00
6718699a5bb6ee33cad898d5,BZT3PBNM,CAR,2024-10-23 07:12:26.787308+04:00
671876505bb6ee33cad89965,BUDNR35M,CAR,2024-10-23 08:06:39.966676+04:00
671878a7376e0c8cf281ee63,QDDC5N9C,CAR,2024-10-23 08:16:38.970754+04:00
6718791f9f7296fbf0a162be,6WRYG7GN,CAR,2024-10-23 08:18:39.747913+04:00
67187986376e0c8cf281eed6,HSD7RU53,CAR,2024-10-23 08:20:22.838072+04:00
67187a809f7296fbf0a16342,YFCZFC57,CAR,2024-10-23 08:24:32.379056+04:00
67187ba9376e0c8cf281eede,TKZJH7XY,CAR,2024-10-23 08:29:29.944164+04:00
67187c399f7296fbf0a163ae,SCQPQVHF,CAR,2024-10-23 08:31:53.102926+04:00
67187dd4556ccd4b41b7a74c,5DLE6L4Y,CAR,2024-10-23 08:38:44.410560+04:00
671881c140dd6809b4db3324,AEPZHGLD,CAR,2024-10-23 08:55:29.174041+04:00
671882bf9f7296fbf0a1642d,KNZF6RZR,CAR,2024-10-23 08:59:42.989949+04:00
671889e48bc174f300921a53,LK2ELY5C,CAR,2024-10-23 09:30:12.677960+04:00
67188c8c9f7296fbf0a165d6,5UQAGG2P,CAR,2024-10-23 09:41:32.499541+04:00
67188d9b5bb6ee33cad89be6,M3MD4YMG,CAR,2024-10-23 09:46:03.095784+04:00
6718903740dd6809b4db34a2,9EV8GXN6,CAR,2024-10-23 09:57:11.516567+04:00
671892eb5bb6ee33cad89cec,GE4C3FUH,CAR,2024-10-23 10:08:43.358225+04:00
671893365bb6ee33cad89d93,NGWL5URL,CAR,2024-10-23 10:09:58.128213+04:00
671893ec40dd6809b4db34c1,CZR3UPE7,CAR,2024-10-23 10:13:00.185978+04:00
671893ef9f7296fbf0a16703,KNXBK437,CAR,2024-10-23 10:13:03.755942+04:00
6718947240dd6809b4db356d,9LARCFG3,CAR,2024-10-23 10:15:14.000072+04:00
671894a1376e0c8cf281ef7f,MZZWP86S,CAR,2024-10-23 10:16:01.064000+04:00
671895de9f7296fbf0a1677d,JHS5RAEZ,CAR,2024-10-23 10:21:18.693448+04:00
6718967b5bb6ee33cad89e6c,4ZT5DPQ6,CAR,2024-10-23 10:23:55.182398+04:00
671896dd8bc174f300921c28,HUL8HWY8,CAR,2024-10-23 10:25:33.823909+04:00
6718982df8b290f32b29c92f,82M6UCZF,CAR,2024-10-23 10:31:09.051629+04:00
671899a89f7296fbf0a16832,X7VBDBM4,CAR,2024-10-23 10:37:28.340643+04:00
67189a2ff8b290f32b29c9f7,Y9FDSP8D,CAR,2024-10-23 10:39:43.097165+04:00
67189b558bc174f300921f58,48TGGQA9,CAR,2024-10-23 10:44:37.427914+04:00
67189cba8bc174f300921fbd,D7M2A4HN,CAR,2024-10-23 10:50:34.214254+04:00
67189d4ef8b290f32b29caa2,DK3JKJ2E,CAR,2024-10-23 10:53:02.536938+04:00
67189dc28bc174f300921fce,AAAS3Z9A,CAR,2024-10-23 10:54:58.920426+04:00
67189ed69f7296fbf0a168d7,NTG3A3Z3,CAR,2024-10-23 10:59:34.496959+04:00
67189f212041982ed2d4d0c3,G36Y7J8R,CAR,2024-10-23 11:00:49.886646+04:00
6718a0ab2041982ed2d4d13f,XT3CJ86U,CAR,2024-10-23 11:07:23.425952+04:00
6718a0ff9f7296fbf0a1693d,X8GRPNLJ,CAR,2024-10-23 11:08:47.293608+04:00
6718a324cb4e84533666e405,GAEHZHR6,CAR,2024-10-23 11:17:56.285788+04:00
6718a3762971b7cd3a980e4c,5AWPH3FU,CAR,2024-10-23 11:19:18.005322+04:00
6718a4722971b7cd3a980ecc,NE8NSTQK,CAR,2024-10-23 11:23:30.962034+04:00
6718a4a19f7296fbf0a16a12,4KMXL4XP,CAR,2024-10-23 11:24:17.278369+04:00
6718a79b9f7296fbf0a16aee,URHZ3FMM,CAR,2024-10-23 11:36:59.282663+04:00
6718a8be2971b7cd3a98111d,853EN7UL,CAR,2024-10-23 11:41:50.751346+04:00
6718a9ad9f7296fbf0a16cb2,3N3GFFZ3,CAR,2024-10-23 11:45:49.319572+04:00
6718a9bd2971b7cd3a981191,NFKRMRSF,CAR,2024-10-23 11:46:05.964740+04:00
6718aaf63430ffe4482aa602,CLX5LWCE,CAR,2024-10-23 11:51:18.887684+04:00
6718ac263430ffe4482aa628,VP2BE8EP,CAR,2024-10-23 11:56:22.215487+04:00
6718ad5a9f7296fbf0a16f33,43LEMLEJ,CAR,2024-10-23 12:01:30.029162+04:00
6718ae3b9f7296fbf0a16fe6,9YW765S8,CAR,2024-10-23 12:05:15.779522+04:00
6718ae7b3430ffe4482aa78d,BHF2Z2DL,CAR,2024-10-23 12:06:19.628420+04:00
6718afd02971b7cd3a98127b,F299D59N,CAR,2024-10-23 12:12:00.715189+04:00
6718b0552971b7cd3a981384,DF3WGBJ6,CAR,2024-10-23 12:14:13.322555+04:00
6718b1ba3430ffe4482aa7f2,3CHQF245,CAR,2024-10-23 12:20:10.796868+04:00
6718b2e62971b7cd3a98149a,USSFPCH9,CAR,2024-10-23 12:25:10.830719+04:00
6718b3fc2971b7cd3a981518,ETEBN2QV,CAR,2024-10-23 12:29:48.314594+04:00
6718b46a2971b7cd3a98158f,XNSRUXQP,CAR,2024-10-23 12:31:38.838754+04:00
6718b49c407e3c19854fa6b2,R6DF3Y2M,CAR,2024-10-23 12:32:28.348839+04:00
6718b55a407e3c19854fa756,K347PNG5,CAR,2024-10-23 12:35:38.928995+04:00
6718b5752971b7cd3a9816c8,Y7R9V6D4,CAR,2024-10-23 12:36:05.415131+04:00
6718b9183430ffe4482aa9cb,LJAQPF6L,CAR,2024-10-23 12:51:36.452118+04:00
6718baa9ef314731e4789751,VCRRR5LQ,CAR,2024-10-23 12:58:17.887507+04:00
6718bc032971b7cd3a98184b,FWFLFPBX,CAR,2024-10-23 13:04:03.185802+04:00
6718bc3a2971b7cd3a9818bb,PYA8D59B,CAR,2024-10-23 13:04:58.426990+04:00
6718bc3cef314731e47897d9,2ZYDRZK4,CAR,2024-10-23 13:04:59.999389+04:00
6718be293430ffe4482aaa43,QQNAWGZK,CAR,2024-10-23 13:13:13.835669+04:00
6718bf072971b7cd3a9819f8,MF393L7M,CAR,2024-10-23 13:16:55.746995+04:00
6718bf625b790826fd79fa1e,MXXAKQ79,CAR,2024-10-23 13:18:25.985054+04:00
6718c036fe0d6a687480c715,9TK6B54C,CAR,2024-10-23 13:21:58.379226+04:00
6718c36ec2455bb20a9fce59,6YEXVJH3,CAR,2024-10-23 13:35:42.839928+04:00
6718c531fe0d6a687480c7d2,F4PX9RAT,CAR,2024-10-23 13:43:13.196776+04:00
6718c5b5407e3c19854fa7d4,G5WS39GM,CAR,2024-10-23 13:45:25.405671+04:00
6718c7bc120e9f3304200e1d,X8QD2ZPD,CAR,2024-10-23 13:54:04.109936+04:00
6718c82aef314731e4789a01,BYVGSLG9,CAR,2024-10-23 13:55:54.154136+04:00
6718c9cdef314731e4789a96,YZ6YSWSE,CAR,2024-10-23 14:02:53.655400+04:00
6718ccbbc2455bb20a9fceb9,999GLQTB,CAR,2024-10-23 14:15:23.865821+04:00
6718cd78b0be6f5508fc2b4f,E9AAZ8W7,CAR,2024-10-23 14:18:32.831807+04:00
6718cfe3e954ba373c5cfaf5,BV39P7E5,CAR,2024-10-23 14:28:51.557251+04:00
6718d05cf77a833c423e4bc3,YPB8LJRV,CAR,2024-10-23 14:30:52.581663+04:00
6718d0a23a77e7f1072e21ef,D3Q6JL5E,CAR,2024-10-23 14:32:02.654445+04:00
6718d0f288b2edafb16c1503,8MYFAGCS,CAR,2024-10-23 14:33:22.139220+04:00
6718d25af77a833c423e4ca8,2V6M2SEJ,CAR,2024-10-23 14:39:22.353794+04:00
6718d31f88b2edafb16c15a8,WLFETJEB,CAR,2024-10-23 14:42:39.096055+04:00
6718d3c5e954ba373c5cfbb0,TL8D3TSR,CAR,2024-10-23 14:45:25.030744+04:00
6718d509e954ba373c5cfc62,N2V49TWW,CAR,2024-10-23 14:50:49.059477+04:00
6718d56f3a77e7f1072e23c2,FED5THSD,CAR,2024-10-23 14:52:31.330638+04:00
6718d679f77a833c423e4d41,ENM7Y84H,CAR,2024-10-23 14:56:57.555500+04:00
6718d6b288b2edafb16c163f,CUEQ9KTB,CAR,2024-10-23 14:57:54.748592+04:00
6718d74288b2edafb16c16c8,Z5M3KL3S,CAR,2024-10-23 15:00:18.933111+04:00
6718d7ecf77a833c423e4e13,WK9KZAZC,CAR,2024-10-23 15:03:08.045340+04:00
6718d979fafe32f7b72b0269,HPYCN9T9,CAR,2024-10-23 15:09:45.287380+04:00
6718db66e2aeeb0fb31bbeb8,BWRHZ4MS,CAR,2024-10-23 15:17:58.037959+04:00
6718de033a77e7f1072e24b9,J7BR47GE,CAR,2024-10-23 15:29:07.256266+04:00
6718de9788b2edafb16c1803,R4XFCL66,CAR,2024-10-23 15:31:35.548525+04:00
6718e0da3a77e7f1072e24ef,TWRSLJSR,CAR,2024-10-23 15:41:14.624675+04:00
6718e0f788b2edafb16c1a30,RSAJJUUX,CAR,2024-10-23 15:41:43.298315+04:00
6718e1e0fd5c74d0adc00e6b,NWU8AVCQ,CAR,2024-10-23 15:45:36.150722+04:00
6718e31fe954ba373c5cfd62,DE9LVYPW,CAR,2024-10-23 15:50:55.943155+04:00
6718e3e688b2edafb16c1ac3,WU53M7LD,CAR,2024-10-23 15:54:14.270045+04:00
6718e48b3a77e7f1072e2616,QKR2S3LM,CAR,2024-10-23 15:56:59.025335+04:00
6718e4e73a77e7f1072e2620,H3PU6S5B,CAR,2024-10-23 15:58:31.631473+04:00
6718e4ec88b2edafb16c1b15,XCQPMVVG,CAR,2024-10-23 15:58:36.200541+04:00
6718e60c88b2edafb16c1b92,4TEVK2E8,CAR,2024-10-23 16:03:24.901773+04:00
6718eba888b2edafb16c1e78,LGL73M8J,CAR,2024-10-23 16:27:20.177881+04:00
6718ec4b88b2edafb16c1ef2,SLTDY6ZE,CAR,2024-10-23 16:30:03.371429+04:00
6718ed693a77e7f1072e26e4,7BT56CW3,CAR,2024-10-23 16:34:49.743752+04:00
6718efa83a77e7f1072e2723,SX4HE5K4,CAR,2024-10-23 16:44:24.877775+04:00
6718efe2f77a833c423e4fd3,L3NTH2HU,CAR,2024-10-23 16:45:22.505441+04:00
6718f03efafe32f7b72b0306,84UB3T2D,CAR,2024-10-23 16:46:54.178387+04:00
6718f667fafe32f7b72b038b,ESRBHNB6,CAR,2024-10-23 17:13:11.824809+04:00
6718f6e0a73f2b4285167fdb,5GQCWSWN,CAR,2024-10-23 17:15:12.684722+04:00
6718f6f0f77a833c423e5095,69MXKXJA,CAR,2024-10-23 17:15:28.622019+04:00
6718f971e954ba373c5cfe07,HBXAX64Y,CAR,2024-10-23 17:26:09.776738+04:00
6718fa7ffafe32f7b72b0512,83PZ43CN,CAR,2024-10-23 17:30:39.839881+04:00
6718fb98f77a833c423e5122,ZE533AHK,CAR,2024-10-23 17:35:20.699324+04:00
6718ffbb88b2edafb16c2227,ULLBBMV5,CAR,2024-10-23 17:52:59.150207+04:00
6719004355ff3f1b05854f26,U2PARG63,CAR,2024-10-23 17:55:15.351624+04:00
6719013f3a77e7f1072e2809,56QEBZWQ,CAR,2024-10-23 17:59:27.111355+04:00
671903980c6385965f64967a,4C952F7N,CAR,2024-10-23 18:09:28.638980+04:00
67190a9ff9a715a5bd0c9a09,62R37T8Y,CAR,2024-10-23 18:39:27.382929+04:00
67190fbaebdc4c8628751075,E374ZBL5,CAR,2024-10-23 19:01:14.240420+04:00
6719105febdc4c86287511b0,NK9KW5B7,CAR,2024-10-23 19:03:59.258640+04:00
6719106b12f0b1690f68f0e6,P6R6934G,CAR,2024-10-23 19:04:11.755736+04:00
67191525ebdc4c8628751546,BJZMVZSA,CAR,2024-10-23 19:24:21.597246+04:00
671917beafa148af97309098,HC5B3G43,CAR,2024-10-23 19:35:26.403668+04:00
67191a970c6385965f64970b,9AEEFYXP,CAR,2024-10-23 19:47:35.455580+04:00
67191c281765b4c385da26da,LW9AG429,CAR,2024-10-23 19:54:16.549429+04:00
67191ca7f9a715a5bd0c9b7d,M6ZDHD4Z,CAR,2024-10-23 19:56:23.339991+04:00
67191cfb1765b4c385da270e,DFMNCWPW,CAR,2024-10-23 19:57:47.246682+04:00
67192203158be97a646e22fb,HE5859JZ,CAR,2024-10-23 20:19:15.252135+04:00
671923e9479d0c732f3c96f9,ZTB9SEXG,CAR,2024-10-23 20:27:21.102114+04:00
67192925158be97a646e2335,9AVBH9NA,CAR,2024-10-23 20:49:41.722714+04:00
67192a9ff9a715a5bd0c9c4e,EZYTMNSZ,CAR,2024-10-23 20:55:59.645450+04:00
67192fd8479d0c732f3c9888,THZRN8H3,CAR,2024-10-23 21:18:16.885730+04:00
67193152f9a715a5bd0c9c6e,CE2Y98MP,CAR,2024-10-23 21:24:34.394719+04:00
67193210f9a715a5bd0c9c78,HPPFCKSG,CAR,2024-10-23 21:27:44.373108+04:00
67193311158be97a646e23c2,VVBDZEC3,CAR,2024-10-23 21:32:01.154422+04:00
6719356cebdc4c86287517b8,FHHJSVTY,CAR,2024-10-23 21:42:04.899650+04:00
6719371e10db54a55fd0748a,MK5CF6RV,CAR,2024-10-23 21:49:18.779832+04:00
67193d690c6385965f6497d7,TH4WF8P3,CAR,2024-10-23 22:16:09.391667+04:00
67194563ebdc4c8628751a44,3JK7JCRS,CAR,2024-10-23 22:50:11.388338+04:00
67194e88479d0c732f3c9c7a,PAP6N8QQ,CAR,2024-10-23 23:29:12.893843+04:00
671951b1afa148af97309172,A7SX2ZUV,CAR,2024-10-23 23:42:41.286177+04:00
67195442ebdc4c8628751bd8,BWDKX6ZB,CAR,2024-10-23 23:53:38.095241+04:00
67196159f9a715a5bd0c9ddb,8JM9KE6E,CAR,2024-10-24 00:49:29.420593+04:00
67196b65ebdc4c8628751c3d,EZELJLDB,CAR,2024-10-24 01:32:21.964202+04:00
6719875e158be97a646e2520,6HRRYPVG,CAR,2024-10-24 03:31:42.734919+04:00
6719a78bebdc4c8628751cea,F5UH5RET,CAR,2024-10-24 05:48:59.643270+04:00
6719ae630c6385965f649854,9Y45QMSL,CAR,2024-10-24 06:18:11.193180+04:00
6719b50210db54a55fd078f6,6XVHSV83,CAR,2024-10-24 06:46:26.139120+04:00
6719be4d479d0c732f3c9d19,DX5AMYCL,CAR,2024-10-24 07:26:04.969066+04:00
6719be7310db54a55fd07a43,GHH2DP3W,CAR,2024-10-24 07:26:43.256937+04:00
6719be7d479d0c732f3c9d87,7LZU5XPB,CAR,2024-10-24 07:26:53.324131+04:00
6719c13c710d52452f4d41c9,WRBPLGLU,CAR,2024-10-24 07:38:36.310171+04:00
6719c664710d52452f4d4235,A79LYRQQ,CAR,2024-10-24 08:00:36.869653+04:00
6719cf0c0c6385965f649867,E2VQE6VS,CAR,2024-10-24 08:37:32.571309+04:00
6719d44fb35a16c10b2f22a4,GSMK6SK3,CAR,2024-10-24 08:59:59.724950+04:00
6719d741b35a16c10b2f2347,YWQWSMRP,CAR,2024-10-24 09:12:33.362881+04:00
6719d8d6f9a715a5bd0ca065,98S6AV7R,CAR,2024-10-24 09:19:18.943850+04:00
6719dba4f9a715a5bd0ca0b4,SBX8GA7Y,CAR,2024-10-24 09:31:16.161134+04:00
6719dbde0654e076445d1c38,D536KM6N,CAR,2024-10-24 09:32:14.652887+04:00
6719dbf16eca6f0f50c91aae,TZ745ZYV,CAR,2024-10-24 09:32:33.483400+04:00
6719df846f3692c475ada370,BN8FXT9L,CAR,2024-10-24 09:47:48.460375+04:00
6719e0fc710d52452f4d4521,BTWKA9VQ,CAR,2024-10-24 09:54:04.356287+04:00
6719e2cc710d52452f4d45ae,ZVR78ZPW,CAR,2024-10-24 10:01:47.984885+04:00
6719e42b0654e076445d1cb8,JUM96LT2,CAR,2024-10-24 10:07:39.367222+04:00
6719e473b6c133f06d695a31,B5PPCJEN,CAR,2024-10-24 10:08:51.762621+04:00
6719e6439eea776b34a6a393,GZBRK7PW,CAR,2024-10-24 10:16:35.006975+04:00
6719e66b6eca6f0f50c91c46,E3RXP3E4,CAR,2024-10-24 10:17:15.330322+04:00
6719e7e608f3389a72473d8e,TXWKQ8TZ,CAR,2024-10-24 10:23:34.484142+04:00
6719e80d08f3389a72473dc0,H3XV6GRJ,CAR,2024-10-24 10:24:13.226196+04:00
6719e83608f3389a72473e2e,3647MEJU,CAR,2024-10-24 10:24:54.579060+04:00
6719e8a96eca6f0f50c91cf8,NRN9KUGB,CAR,2024-10-24 10:26:49.635146+04:00
6719e9fab5dcfc55a5e53601,7W39ZDGS,CAR,2024-10-24 10:32:26.619530+04:00
6719eaa5b5dcfc55a5e536ad,4AVJ8NNF,CAR,2024-10-24 10:35:17.004932+04:00
6719eabf08f3389a72473eac,TA2SS5BM,CAR,2024-10-24 10:35:43.772716+04:00
6719ead908f3389a72473f48,JGZ382B9,CAR,2024-10-24 10:36:09.578177+04:00
6719eb336eca6f0f50c91d75,A4J7R4ZB,CAR,2024-10-24 10:37:39.328065+04:00
6719ed40b6c133f06d695c93,2VLRU5MY,CAR,2024-10-24 10:46:24.486965+04:00
6719ee44b5dcfc55a5e53834,X2UUQWRM,CAR,2024-10-24 10:50:44.412330+04:00
6719ee92b6c133f06d695d0d,6T3BGYDC,CAR,2024-10-24 10:52:02.685184+04:00
6719ee98b5dcfc55a5e538b4,NLNY5ZBG,CAR,2024-10-24 10:52:08.361348+04:00
6719ef22b6c133f06d695d7b,HHE4TWUP,CAR,2024-10-24 10:54:26.830599+04:00
6719f1166eca6f0f50c91dea,HXX2GB7G,CAR,2024-10-24 11:02:46.031746+04:00
6719f302b5dcfc55a5e539df,TK73SK4S,CAR,2024-10-24 11:10:58.642303+04:00
6719f348b5dcfc55a5e53a49,GKX427VG,CAR,2024-10-24 11:12:08.394322+04:00
6719f37fb6c133f06d695e0f,Y8PHVKPU,CAR,2024-10-24 11:13:03.623570+04:00
6719f3d76eca6f0f50c91e5c,82JVSYK7,CAR,2024-10-24 11:14:31.457358+04:00
6719f6706eca6f0f50c91f00,6K8U4FSB,CAR,2024-10-24 11:25:36.782305+04:00
6719f8146eca6f0f50c91f92,HY8B6K8V,CAR,2024-10-24 11:32:36.864690+04:00
6719f9b4b5dcfc55a5e53be2,TTQHX3DC,CAR,2024-10-24 11:39:32.775908+04:00
6719fad2b5dcfc55a5e53c58,HQEDRYM8,CAR,2024-10-24 11:44:18.895783+04:00
6719fc3bb5dcfc55a5e53d96,HERQDXFT,CAR,2024-10-24 11:50:19.324657+04:00
6719fdb5b5dcfc55a5e53e1c,KW5HAF8B,CAR,2024-10-24 11:56:37.560956+04:00
671a000eaf4d1ee1de63ac89,5NTH5VHB,CAR,2024-10-24 12:06:38.162017+04:00
671a0207af4d1ee1de63ad6d,W8JNP8ZE,CAR,2024-10-24 12:15:03.340511+04:00
671a03f623264c1f0e7d08a9,UVQAHH3J,CAR,2024-10-24 12:23:18.271168+04:00
671a042523264c1f0e7d091a,GHQXJBFE,CAR,2024-10-24 12:24:05.052417+04:00
671a045623264c1f0e7d0997,JBEHRD2F,CAR,2024-10-24 12:24:54.128958+04:00
671a04ede5c4d82cd161599a,XW8PE4ZZ,CAR,2024-10-24 12:27:25.304916+04:00
671a065c23264c1f0e7d09f8,ZXLCL9NR,CAR,2024-10-24 12:33:32.191790+04:00
671a06b4af4d1ee1de63af1d,JQPFFV9L,CAR,2024-10-24 12:35:00.542382+04:00
671a092223264c1f0e7d0b7b,4C6PERYY,CAR,2024-10-24 12:45:22.718401+04:00
671a0c0e23264c1f0e7d0c16,XTPDUU7R,CAR,2024-10-24 12:57:50.607502+04:00
671a0c152fe306032d4efe44,K75T5MLE,CAR,2024-10-24 12:57:57.788586+04:00
671a0c3523264c1f0e7d0cbe,S99NRE95,CAR,2024-10-24 12:58:29.843320+04:00
671a0dd0af4d1ee1de63b119,V8XC7NCF,CAR,2024-10-24 13:05:20.465599+04:00
671a105223264c1f0e7d0e38,6GLH95MH,CAR,2024-10-24 13:16:02.260872+04:00
671a11d8379b5f3813dd5292,KNN5EHCB,CAR,2024-10-24 13:22:32.888962+04:00
671a126923264c1f0e7d0ebc,2UT2WUV9,CAR,2024-10-24 13:24:57.853401+04:00
671a13e1af4d1ee1de63b2fd,T726FYB6,CAR,2024-10-24 13:31:13.164368+04:00
671a13ff223194775050383c,SNPCE6QY,CAR,2024-10-24 13:31:43.798640+04:00
671a159aaf4d1ee1de63b3bb,HHPLVRXR,CAR,2024-10-24 13:38:34.120157+04:00
671a16b134d7b2278487eb51,WAAX6SWX,CAR,2024-10-24 13:43:13.078835+04:00
671a17de3ae6ba65c2375a46,LLKMGM5F,CAR,2024-10-24 13:48:14.487851+04:00
671a18343ae6ba65c2375aaf,46TUYNR5,CAR,2024-10-24 13:49:40.191505+04:00
671a19a0af4d1ee1de63b453,2BWSP93M,CAR,2024-10-24 13:55:44.351756+04:00
671a19c6441335b7d327816c,ZSZXR9F4,CAR,2024-10-24 13:56:22.237469+04:00
671a1afa3ae6ba65c2375b7c,7M6T52CC,CAR,2024-10-24 14:01:30.761075+04:00
671a1bf9379b5f3813dd5368,9HKR94DT,CAR,2024-10-24 14:05:45.518724+04:00
671a2061b139e6156824cc07,ZYYUCCHQ,CAR,2024-10-24 14:24:33.625240+04:00
671a20ca379b5f3813dd541b,KBKW5K69,CAR,2024-10-24 14:26:18.270889+04:00
671a20e5af4d1ee1de63b52d,HTECSKRY,CAR,2024-10-24 14:26:45.957217+04:00
671a2151441335b7d3278313,DSBCK6F2,CAR,2024-10-24 14:28:33.073235+04:00
671a22de3ae6ba65c2375de0,EC5SJ66K,CAR,2024-10-24 14:35:10.589582+04:00
671a23e434d7b2278487ec57,KAZJWK7H,CAR,2024-10-24 14:39:32.460263+04:00
671a249b3ae6ba65c2375e5e,L59TT8KG,CAR,2024-10-24 14:42:35.131318+04:00
671a2656452771fdd4bbcba2,6REF2KFX,CAR,2024-10-24 14:49:58.574434+04:00
671a2672b57792399aaf04a5,JZ74K628,CAR,2024-10-24 14:50:26.140427+04:00
671a293f452771fdd4bbcd81,VZ2L9K9E,CAR,2024-10-24 15:02:23.790678+04:00
671a2b4ef774dd914c2c5b47,ESHMJYUM,CAR,2024-10-24 15:11:10.289853+04:00
671a2bdff774dd914c2c5bb6,HGYBRK4A,CAR,2024-10-24 15:13:35.096419+04:00
671a2c13f774dd914c2c5bbd,MTRYAQS3,CAR,2024-10-24 15:14:27.650365+04:00
671a2cd8452771fdd4bbd05b,RVV2PMCS,CAR,2024-10-24 15:17:44.065494+04:00
671a2e7c37adfcba4ffcef7f,RV6A2G62,CAR,2024-10-24 15:24:44.531139+04:00
671a30aaae6c82c160ed1d7a,JPCFVHL3,CAR,2024-10-24 15:34:02.255719+04:00
671a32487e47f04721845542,6HQHQDW4,CAR,2024-10-24 15:40:56.245280+04:00
671a33f0ae6c82c160ed1df0,WHKGCJQE,CAR,2024-10-24 15:48:00.483008+04:00
671a34a2b57792399aaf06de,WE6GM64D,CAR,2024-10-24 15:50:58.066842+04:00
671a36e7b57792399aaf0787,VKE2P8M8,CAR,2024-10-24 16:00:39.492150+04:00
671a371424e0a4787a8cc41f,5B6AMPAV,CAR,2024-10-24 16:01:24.260390+04:00
671a377924e0a4787a8cc4aa,MQVPEH3J,CAR,2024-10-24 16:03:05.218697+04:00
671a3c12b57792399aaf0896,JP6QBPZE,CAR,2024-10-24 16:22:42.340156+04:00
671a3d7a7e47f047218456af,FUG684GB,CAR,2024-10-24 16:28:42.398655+04:00
671a3db0f774dd914c2c5e2d,EE23TK39,CAR,2024-10-24 16:29:36.709113+04:00
671a3f17b57792399aaf0a37,482M6VC3,CAR,2024-10-24 16:35:35.200612+04:00
671a3f2cb47cdfee6e0f96c8,T9Y8M9DB,CAR,2024-10-24 16:35:56.685254+04:00
671a43837e47f04721845880,SBVSDW2G,CAR,2024-10-24 16:54:27.156899+04:00
671a46be7e47f04721845922,3D9U3EA3,CAR,2024-10-24 17:08:14.448411+04:00
671a46eab57792399aaf0bd9,CYDAFDSG,CAR,2024-10-24 17:08:58.193072+04:00
671a47287e47f047218459ce,HJE5DWPJ,CAR,2024-10-24 17:10:00.880570+04:00
671a4a2b65fc1d8caed68e73,EKRGC6MM,CAR,2024-10-24 17:22:51.741154+04:00
671a4b6b7e47f04721845bf2,FTHXYZXY,CAR,2024-10-24 17:28:11.173285+04:00
671a4d1f65fc1d8caed68eb7,MEK2AAUV,CAR,2024-10-24 17:35:27.077797+04:00
671a4d92577d06080c7efaeb,MRR88MPX,CAR,2024-10-24 17:37:22.478668+04:00
671a4e013c2550b8f5648cf2,U82AL6PL,CAR,2024-10-24 17:39:13.859423+04:00
671a4e483c2550b8f5648d26,SR6EQ4GX,CAR,2024-10-24 17:40:24.872795+04:00
671a4ef865fc1d8caed68ed3,NFZ8DEFT,CAR,2024-10-24 17:43:20.619473+04:00
671a4f42577d06080c7efb87,4WNQ96BK,CAR,2024-10-24 17:44:34.249346+04:00
671a500065fc1d8caed68ee5,R5Y9S85S,CAR,2024-10-24 17:47:44.153353+04:00
671a5110577d06080c7efc8c,YCDSQKK2,CAR,2024-10-24 17:52:16.810026+04:00
671a524765fc1d8caed6904c,UURBX2TC,CAR,2024-10-24 17:57:27.102743+04:00
671a54b42fd8e50c668732c9,W2FNBLRB,CAR,2024-10-24 18:07:48.170698+04:00
671a56fc577d06080c7f0113,NVGY4WGP,CAR,2024-10-24 18:17:32.491334+04:00
671a5888577d06080c7f01ad,2BZ8D2XV,CAR,2024-10-24 18:24:07.976980+04:00
671a5b29f02851ce45d2babc,L3DCW9G8,CAR,2024-10-24 18:35:21.087650+04:00
671a5d2f65fc1d8caed6924a,8LL2TFVR,CAR,2024-10-24 18:43:59.831933+04:00
671a5dae577d06080c7f036f,EFXAPBCP,CAR,2024-10-24 18:46:06.588703+04:00
671a5e28577d06080c7f03ed,ZKWYYXEB,CAR,2024-10-24 18:48:08.268321+04:00
671a63ed83f49bdb7d54edac,VMJ7T32T,CAR,2024-10-24 19:12:45.594147+04:00
671a65af577d06080c7f05b9,T2YHPG7L,CAR,2024-10-24 19:20:15.306140+04:00
671a672f577d06080c7f065b,KRVEUGUK,CAR,2024-10-24 19:26:38.996982+04:00
671a67fa65fc1d8caed69351,ETZ6M2KT,CAR,2024-10-24 19:30:02.547496+04:00
671a6f83f02851ce45d2bbda,4PUCYHZ5,CAR,2024-10-24 20:02:11.072530+04:00
671a702183f49bdb7d54ef2c,REQFQ9H6,CAR,2024-10-24 20:04:49.471871+04:00
671a71e283f49bdb7d54eff0,SU5RFGZV,CAR,2024-10-24 20:12:18.021711+04:00
671a727bf02851ce45d2bc87,EWATPMJS,CAR,2024-10-24 20:14:51.355089+04:00
671a733d6e6edb2795abd32e,BFGGXGQE,CAR,2024-10-24 20:18:05.283202+04:00
671a79daf02851ce45d2bd33,48RFKVHZ,CAR,2024-10-24 20:46:18.807805+04:00
671a7dd1f02851ce45d2bdd5,QPJXYPUR,CAR,2024-10-24 21:03:13.514612+04:00
671a821f3e55ea8e1948a41c,KNTG2JVN,CAR,2024-10-24 21:21:35.813025+04:00
671a83b341919aff3c15613f,CKUCC9DP,CAR,2024-10-24 21:28:19.745454+04:00
671a856b41919aff3c1561e9,VQKBUVQB,CAR,2024-10-24 21:35:39.368565+04:00
671a8efc41919aff3c156286,J4KVJVV6,CAR,2024-10-24 22:16:28.293256+04:00
671a92619837fc01c2207d98,4B4P7SLJ,CAR,2024-10-24 22:30:57.214680+04:00
671aa1a63700ac4c1d139dc5,ZSWR74CU,CAR,2024-10-24 23:36:06.021611+04:00
671b0527d68dd94449638492,J6W6GMSE,CAR,2024-10-25 06:40:39.281985+04:00
671b08cdd68dd944496385b9,W7FDGQHE,CAR,2024-10-25 06:56:12.979893+04:00
671b172ad68dd9444963869d,VSLVGK2B,CAR,2024-10-25 07:57:30.678297+04:00
671b1ee0d68dd94449638765,BRPJBHZJ,CAR,2024-10-25 08:30:24.931322+04:00
671b2122d68dd94449638815,SKNUN7P2,CAR,2024-10-25 08:40:02.878776+04:00
671b265c9459a7f0c6797615,H6JN28FC,CAR,2024-10-25 09:02:20.579586+04:00
671b2790b9d7a7a37ab20638,CGP6SQHN,CAR,2024-10-25 09:07:28.974120+04:00
671b2887d68dd94449638a6d,QS4ZHUFY,CAR,2024-10-25 09:11:35.237830+04:00
671b2ac8b9d7a7a37ab2084f,65LESBTU,CAR,2024-10-25 09:21:12.450073+04:00
671b2b73b9d7a7a37ab20925,JPC4C89W,CAR,2024-10-25 09:24:03.042523+04:00
671b2f56b9d7a7a37ab20a43,3FY8UWVV,CAR,2024-10-25 09:40:38.937443+04:00
671b31c3b9d7a7a37ab20acb,KYQX88SW,CAR,2024-10-25 09:50:59.847103+04:00
671b321e3d609ee7a31ce5f1,66K4J5PQ,CAR,2024-10-25 09:52:30.664059+04:00
671b34a1b9d7a7a37ab20bd0,84REW44J,CAR,2024-10-25 10:03:13.555078+04:00
671b34bad68dd94449638c9f,NSD3UEVQ,CAR,2024-10-25 10:03:38.430313+04:00
671b3b6eb9d7a7a37ab20c9c,SU4TPZMX,CAR,2024-10-25 10:32:14.366227+04:00
671b3ba89459a7f0c6797832,MDMQDPG5,CAR,2024-10-25 10:33:12.204916+04:00
671b3c92b9d7a7a37ab20d55,2F9ZWZRU,CAR,2024-10-25 10:37:06.968842+04:00
671b3dbe645d098579d5770a,9MHQG988,CAR,2024-10-25 10:42:06.618903+04:00
671b3dfcd68dd94449638ead,JMDNPSJY,CAR,2024-10-25 10:43:08.179746+04:00
671b3f43b9d7a7a37ab20dfe,HV3RUYW2,CAR,2024-10-25 10:48:35.619806+04:00
671b3f60d68dd94449638f77,2GGHM2GD,CAR,2024-10-25 10:49:04.532404+04:00
671b4020d68dd94449638fc9,UCYSQSXD,CAR,2024-10-25 10:52:16.219975+04:00
671b41db3d609ee7a31ce8a2,CHCU8V5G,CAR,2024-10-25 10:59:39.532983+04:00
671b4240d68dd94449639077,3S4QXU9M,CAR,2024-10-25 11:01:20.177816+04:00
671b42988d4efb735e0ba3c2,8E9SWZUF,CAR,2024-10-25 11:02:48.913277+04:00
671b4bc4a4f38a88f0976627,CEWGDS9R,CAR,2024-10-25 11:41:56.747974+04:00
671b4d689459a7f0c6797901,M4HAZ4PL,CAR,2024-10-25 11:48:56.777198+04:00
671b4d78a4f38a88f0976717,UEA5NE9A,CAR,2024-10-25 11:49:12.876685+04:00
671b4e4e068ad368ae457221,Q7QCEWDD,CAR,2024-10-25 11:52:45.977344+04:00
671b4e719459a7f0c6797979,S397NCWJ,CAR,2024-10-25 11:53:21.875307+04:00
671b4f879459a7f0c67979f2,2HZVMBRE,CAR,2024-10-25 11:57:59.680214+04:00
671b52f88d4efb735e0ba573,P66R9H55,CAR,2024-10-25 12:12:40.062194+04:00
671b53d18f6749224f72093e,6TVUS3BQ,CAR,2024-10-25 12:16:17.496339+04:00
671b541e9459a7f0c6797a8c,D4JF222U,CAR,2024-10-25 12:17:34.620427+04:00
671b542d068ad368ae457344,VWJ8GSLU,CAR,2024-10-25 12:17:49.467437+04:00
671b55348d4efb735e0ba5fa,Z9NNNK3G,CAR,2024-10-25 12:22:12.179642+04:00
671b57a9a4f38a88f0976b0c,7XDMTAPK,CAR,2024-10-25 12:32:41.584653+04:00
671b583fa4f38a88f0976b97,W8527EJR,CAR,2024-10-25 12:35:11.696162+04:00
671b5c518d4efb735e0ba6c3,PAHL7G77,CAR,2024-10-25 12:52:33.053286+04:00
671b5e009459a7f0c6797c03,N5ZMW6AQ,CAR,2024-10-25 12:59:44.362433+04:00
671b600a3d609ee7a31cea32,6FJUY87K,CAR,2024-10-25 13:08:26.138269+04:00
671b60b3068ad368ae45754a,TFEM8KLW,CAR,2024-10-25 13:11:15.467591+04:00
671b64808f6749224f720adc,9U4AAA78,CAR,2024-10-25 13:27:28.463607+04:00
671b667a9459a7f0c6797d9e,DGGX47T3,CAR,2024-10-25 13:35:54.480769+04:00
671b67b49459a7f0c6797e7b,SKNPJAMU,CAR,2024-10-25 13:41:08.670200+04:00
671b682e8f6749224f720b56,2DJDT4VY,CAR,2024-10-25 13:43:10.030365+04:00
671b69a2645d098579d57a6b,K34CVLMJ,CAR,2024-10-25 13:49:22.182981+04:00
671b6a5d645d098579d57b0e,8MSCUGTB,CAR,2024-10-25 13:52:29.620244+04:00
671b6ab2b9e2d58f15e2f015,H2TLRQ7N,CAR,2024-10-25 13:53:54.694385+04:00
671b6ba8068ad368ae457669,JEWNBE97,CAR,2024-10-25 13:58:00.730151+04:00
671b6f13b9e2d58f15e2f122,2ZCEDRCH,CAR,2024-10-25 14:12:35.029285+04:00
671b70cb44b51e9d15a51ddd,GFCA73SU,CAR,2024-10-25 14:19:55.923814+04:00
671b7148b9e2d58f15e2f1c7,7PW854F5,CAR,2024-10-25 14:22:00.848436+04:00
671b770a2956ebc1eb0d05de,TBYMU8TG,CAR,2024-10-25 14:46:34.598745+04:00
671b801cb9e2d58f15e2f301,9UJYMTEA,CAR,2024-10-25 15:25:16.501743+04:00
671b81439cce7dc776e54ed5,7LBSUBD2,CAR,2024-10-25 15:30:11.178241+04:00
671b81e42956ebc1eb0d0807,S4RHKGUD,CAR,2024-10-25 15:32:52.726202+04:00
671b81ff7f8db43a54f964bf,3FAV8CH3,CAR,2024-10-25 15:33:19.692754+04:00
671b8394b9e2d58f15e2f3d0,448VMNN6,CAR,2024-10-25 15:40:03.991769+04:00
671b84382956ebc1eb0d09d6,ZKDURZ26,CAR,2024-10-25 15:42:48.352968+04:00
671b848d2956ebc1eb0d0b19,ZDLXQ9DP,CAR,2024-10-25 15:44:13.263150+04:00
671b856a9cce7dc776e54f4b,5H8QAVR6,CAR,2024-10-25 15:47:54.271216+04:00
671b86712956ebc1eb0d0be3,BEKFSNWF,CAR,2024-10-25 15:52:17.237774+04:00
671b8759b9e2d58f15e2f474,64F39FWC,CAR,2024-10-25 15:56:09.202330+04:00
671b87c32956ebc1eb0d0c95,QAKWP6D5,CAR,2024-10-25 15:57:55.043127+04:00
671b89c4068ad368ae457b46,NT234EJ3,CAR,2024-10-25 16:06:28.614561+04:00
671b8b252b5916b7b05c4170,TZC4W8P3,CAR,2024-10-25 16:12:21.789223+04:00
671b8c262956ebc1eb0d0e49,HGGYXYY5,CAR,2024-10-25 16:16:38.058313+04:00
671b8d964376affe8affb5a1,X3TPNUM8,CAR,2024-10-25 16:22:46.264759+04:00
671b8f009cce7dc776e55148,AH5TSPT9,CAR,2024-10-25 16:28:48.491205+04:00
671b901a2956ebc1eb0d0ea2,54DA48KL,CAR,2024-10-25 16:33:30.137603+04:00
671b90292b5916b7b05c424e,TXKEQY6X,CAR,2024-10-25 16:33:45.862983+04:00
671b90467f8db43a54f966b1,KPGAHEPY,CAR,2024-10-25 16:34:14.701808+04:00
671b95167f8db43a54f96771,PSKKU2GF,CAR,2024-10-25 16:54:46.469340+04:00
671b96d58d4efb735e0ba8a0,KB5ABQ5K,CAR,2024-10-25 17:02:13.410980+04:00
671b98968d4efb735e0ba917,6X3L3MC5,CAR,2024-10-25 17:09:41.969296+04:00
671b98b22956ebc1eb0d0f28,DJ2WWTC6,CAR,2024-10-25 17:10:10.240003+04:00
671b9be08d4efb735e0ba98a,D9K44MT6,CAR,2024-10-25 17:23:44.381810+04:00
671b9d382956ebc1eb0d0f95,CZW74JS3,CAR,2024-10-25 17:29:27.971509+04:00
671b9da22b5916b7b05c43e2,6FJ6LDLD,CAR,2024-10-25 17:31:14.588964+04:00
671b9eddaf9b72280fb9398c,D7FB47EC,CAR,2024-10-25 17:36:29.327580+04:00
671ba17162d22e24b87f8aa0,2A48THAJ,CAR,2024-10-25 17:47:29.609986+04:00
671ba2f5af9b72280fb93a10,5VY7PQ46,CAR,2024-10-25 17:53:57.160899+04:00
671ba7f962d22e24b87f8bb2,SSPV75JP,CAR,2024-10-25 18:15:21.262509+04:00
671ba8eeff0028b60387ab02,LZYGG6RQ,CAR,2024-10-25 18:19:26.293344+04:00
671ba9b84376affe8affb646,CNFCVC8K,CAR,2024-10-25 18:22:47.955929+04:00
671baa4862d22e24b87f8c5e,7SLGT68Y,CAR,2024-10-25 18:25:12.622273+04:00
671bad5062d22e24b87f8cc6,ZYS4PQZD,CAR,2024-10-25 18:38:08.169114+04:00
671baf4a62d22e24b87f8d40,STB4PEV4,CAR,2024-10-25 18:46:34.645893+04:00
671bb14cff0028b60387ac92,M4MNT84M,CAR,2024-10-25 18:55:08.339440+04:00
671bb7881930858f4346271e,PNHZZC83,CAR,2024-10-25 19:21:44.237185+04:00
671bb7ff356f58bfb643e340,S3HDG4J9,CAR,2024-10-25 19:23:43.244279+04:00
671bba9162d22e24b87f8ee3,FYYKRNGK,CAR,2024-10-25 19:34:41.548610+04:00
671bbbc0af9b72280fb93b0b,XGFLS32R,CAR,2024-10-25 19:39:44.580138+04:00
671bbe8fdea7769317c17a5f,X8MDGX3Q,CAR,2024-10-25 19:51:43.694510+04:00
671bbf1b1930858f4346285b,VJZ7DK6D,CAR,2024-10-25 19:54:03.761535+04:00
671bc16d5bc119dd94a9e868,QEGQXAAN,CAR,2024-10-25 20:03:57.344322+04:00
671bc2501930858f434628ed,V56URXRH,CAR,2024-10-25 20:07:44.493913+04:00
671bcb3eaf9b72280fb93b6a,FHTZZMNV,CAR,2024-10-25 20:45:50.057765+04:00
671bd2211930858f434629f8,W8S9WBEX,CAR,2024-10-25 21:15:13.064154+04:00
671bd7bb4376affe8affb6d4,5KP3FRRS,CAR,2024-10-25 21:39:07.434425+04:00
671bdb18dea7769317c17b82,5YU4LUJW,CAR,2024-10-25 21:53:28.234074+04:00
671be04ad1c092b762e3b289,DRHL2EQC,CAR,2024-10-25 22:15:38.083891+04:00
671be8aa92636084e43283f5,QUMDH8FH,CAR,2024-10-25 22:51:22.191098+04:00
671bea7b5bc119dd94a9eb0f,GD72W89M,CAR,2024-10-25 22:59:07.802280+04:00
671bf03592636084e43284b5,9DUUDN76,CAR,2024-10-25 23:23:33.494105+04:00
671bf37946222f5afb02d38d,7YWB64E3,CAR,2024-10-25 23:37:29.912503+04:00
671bf8ee46222f5afb02d414,R7CZECAS,CAR,2024-10-26 00:00:46.238924+04:00
671bfed192636084e432853e,3FYZCCJB,CAR,2024-10-26 00:25:53.528056+04:00
671bff044c306c03d598962e,9KBX6R2X,CAR,2024-10-26 00:26:44.841161+04:00
671c177546222f5afb02d4c8,76RLKWEM,CAR,2024-10-26 02:11:01.883032+04:00
671c52a49d112da810bbde3a,6GAZ5LF2,CAR,2024-10-26 06:23:32.041719+04:00
671c613f92636084e43285d7,7LHVFKVT,CAR,2024-10-26 07:25:51.430264+04:00
671c65464c306c03d59896e2,U3JPYKDR,CAR,2024-10-26 07:43:02.148878+04:00
671c66194c306c03d5989764,4QW8E3YF,CAR,2024-10-26 07:46:33.127044+04:00
671c685692636084e4328651,U3MV23K9,CAR,2024-10-26 07:56:06.838516+04:00
671c6f50af9b72280fb93c1a,A4XCZDHF,CAR,2024-10-26 08:25:52.801654+04:00
671c73e846222f5afb02d76d,R9DU8DMR,CAR,2024-10-26 08:45:28.654058+04:00
671c7b3fdea7769317c17c22,LTSUMJ3T,CAR,2024-10-26 09:16:47.087765+04:00
671c7b6892636084e432877b,WVKNF485,CAR,2024-10-26 09:17:28.385475+04:00
671c7e6bc6fb0318197edf01,AU8KANAZ,CAR,2024-10-26 09:30:19.914171+04:00
671c808cdea7769317c17c98,TCGX4RHF,CAR,2024-10-26 09:39:24.423135+04:00
671c813c44b51e9d15a51f49,QY8JVWZP,CAR,2024-10-26 09:42:20.488192+04:00
671c86189d112da810bbe1c2,TMPG9KHB,CAR,2024-10-26 10:03:04.454101+04:00
671c87812b8ea07188eb69b9,RGDNK7H2,CAR,2024-10-26 10:09:05.609504+04:00
671c879524d851e5a793038d,W4BAJ5Z3,CAR,2024-10-26 10:09:25.619610+04:00
671c87dfc6fb0318197ee0ca,4QQU3LYG,CAR,2024-10-26 10:10:39.200140+04:00
671c896424d851e5a793041b,BGHS6ZTW,CAR,2024-10-26 10:17:08.871560+04:00
671c8a172b8ea07188eb6ada,NYQADL32,CAR,2024-10-26 10:20:07.957531+04:00
671c8be62b8ea07188eb6b4b,SYWFJBKB,CAR,2024-10-26 10:27:50.049834+04:00
671c8d1c2b8ea07188eb6bd8,Y8GYMKLE,CAR,2024-10-26 10:33:00.560699+04:00
671c8d242b8ea07188eb6c40,FWNGQZ9A,CAR,2024-10-26 10:33:08.855550+04:00
671c8e8124d851e5a7930449,UT3AD8M3,CAR,2024-10-26 10:38:57.554718+04:00
671c8ece24d851e5a7930483,46FUXYZU,CAR,2024-10-26 10:40:14.431500+04:00
671c93da5bc119dd94a9ebf4,DJJTZ5XH,CAR,2024-10-26 11:01:46.011749+04:00
671c944224d851e5a7930522,D5KMZ25K,CAR,2024-10-26 11:03:30.318260+04:00
671c9637ca5fe216055c5722,83D6597H,CAR,2024-10-26 11:11:51.192711+04:00
671c974c2b6bdf3034a5f802,ZR5U8JTC,CAR,2024-10-26 11:16:28.485666+04:00
671c986bca5fe216055c5828,FS2VDVSL,CAR,2024-10-26 11:21:15.894374+04:00
671c98c05e7317dfbced28a2,NRJ9XF5V,CAR,2024-10-26 11:22:40.641451+04:00
671c98c6ca5fe216055c5898,EKNZE9MK,CAR,2024-10-26 11:22:46.832237+04:00
671c999d2b6bdf3034a5f86c,6XRTPJJA,CAR,2024-10-26 11:26:21.382383+04:00
671c99cfca5fe216055c590d,9TTPEPFV,CAR,2024-10-26 11:27:11.822805+04:00
671c9a0f2b6bdf3034a5f8df,AUL7HLL5,CAR,2024-10-26 11:28:15.292953+04:00
671c9ad324d851e5a79306d6,HJ226JDF,CAR,2024-10-26 11:31:31.660706+04:00
671c9b27dea7769317c17cfa,A7EMN55Z,CAR,2024-10-26 11:32:55.795132+04:00
671c9c3aca5fe216055c599f,Y7JWMBHL,CAR,2024-10-26 11:37:30.097370+04:00
671c9d6b2b6bdf3034a5f92c,HCXHSJ26,CAR,2024-10-26 11:42:35.240613+04:00
671c9d6e5e7317dfbced290a,HCADQGG2,CAR,2024-10-26 11:42:38.560661+04:00
671c9dd32b6bdf3034a5fa7b,D36EZAHV,CAR,2024-10-26 11:44:19.202944+04:00
671c9dedca5fe216055c59e4,FAXSK6JZ,CAR,2024-10-26 11:44:45.776648+04:00
671c9e175037066ac74938df,44QLV2KF,CAR,2024-10-26 11:45:26.966963+04:00
671c9f9dca5fe216055c5a80,63Z482LZ,CAR,2024-10-26 11:51:57.841312+04:00
671ca0902b6bdf3034a5fb40,H73VK795,CAR,2024-10-26 11:56:00.174755+04:00
671ca1442b6bdf3034a5fb86,R3K5DCDY,CAR,2024-10-26 11:59:00.854072+04:00
671ca16f24d851e5a7930795,YQHUM847,CAR,2024-10-26 11:59:43.606480+04:00
671ca26924d851e5a7930811,6HE4ATUE,CAR,2024-10-26 12:03:53.404035+04:00
671ca2b92b6bdf3034a5fc6e,XHL4SBW4,CAR,2024-10-26 12:05:13.230136+04:00
671ca2efca5fe216055c5b86,645A23AP,CAR,2024-10-26 12:06:07.022431+04:00
671ca4785e7317dfbced2a17,9ZVY3KYG,CAR,2024-10-26 12:12:40.221098+04:00
671ca5635e7317dfbced2acf,Z8765B95,CAR,2024-10-26 12:16:35.691936+04:00
671ca5edd7ec4b857a84bc96,G8PZ96HQ,CAR,2024-10-26 12:18:53.511941+04:00
671ca75f2b6bdf3034a5fd96,6QJA37AE,CAR,2024-10-26 12:25:03.747719+04:00
671ca8abd7ec4b857a84bd5e,9TPPZXFH,CAR,2024-10-26 12:30:35.430311+04:00
671cab36d7ec4b857a84bdd5,QGPV4Z8R,CAR,2024-10-26 12:41:26.337193+04:00
671cb33f0b282a2d79bba25c,C7WU4TV8,CAR,2024-10-26 13:15:43.870856+04:00
671cb528d7ec4b857a84c0d8,U9UHF47C,CAR,2024-10-26 13:23:52.231571+04:00
671cb54a0b282a2d79bba2e6,V2DF3H8P,CAR,2024-10-26 13:24:26.303257+04:00
671cb5bf0b282a2d79bba391,QJWPQE3A,CAR,2024-10-26 13:26:23.668213+04:00
671cb8375b37d6c944c09486,RFAY39NR,CAR,2024-10-26 13:36:55.659612+04:00
671cb8630b282a2d79bba4ea,D76AJ9ZR,CAR,2024-10-26 13:37:39.739089+04:00
671cb8ca5b37d6c944c0952f,NGP8JH3A,CAR,2024-10-26 13:39:22.627687+04:00
671cba0ad51ad888f94f73cd,TVNRU2WA,CAR,2024-10-26 13:44:41.982497+04:00
671cba37a6aef76d7dda88a5,JTYG9AJH,CAR,2024-10-26 13:45:27.246015+04:00
671cbd745b37d6c944c095e4,WJEWU89H,CAR,2024-10-26 13:59:16.145094+04:00
671cbfd55b37d6c944c09705,RPHTFW9P,CAR,2024-10-26 14:09:25.033575+04:00
671cc1f85b37d6c944c098c9,WFMQZ3B6,CAR,2024-10-26 14:18:32.458455+04:00
671cc6c8a7aa2c5206e78a38,YRJMEDGK,CAR,2024-10-26 14:39:04.854960+04:00
671cc7e2a6aef76d7dda8a1a,SYX2GZP3,CAR,2024-10-26 14:43:46.883880+04:00
671cc954a7aa2c5206e78aa9,QSGMJHYG,CAR,2024-10-26 14:49:55.999272+04:00
671cc979a7aa2c5206e78b14,RMG25KMH,CAR,2024-10-26 14:50:33.533659+04:00
671cc9cba7aa2c5206e78bb0,RXAF59BR,CAR,2024-10-26 14:51:55.210667+04:00
671cca2adea7769317c17e48,L37WXFUZ,CAR,2024-10-26 14:53:30.682814+04:00
671ccad1a7aa2c5206e78c30,BLDTUK55,CAR,2024-10-26 14:56:17.531089+04:00
671ccae0a6aef76d7dda8b12,YSY4RUR2,CAR,2024-10-26 14:56:32.759800+04:00
671ccdd15b37d6c944c099d6,35G7R74K,CAR,2024-10-26 15:09:05.074017+04:00
671ccfd3a6aef76d7dda8c26,FWWUW9ZG,CAR,2024-10-26 15:17:39.006521+04:00
671cd129a6aef76d7dda8c97,ZCL5SQ25,CAR,2024-10-26 15:23:21.166501+04:00
671cd19d865189cddf5827da,SQVAFNQL,CAR,2024-10-26 15:25:17.407145+04:00
671cd1f9d4fc2e3b59823b8a,R699SGAC,CAR,2024-10-26 15:26:49.651822+04:00
671cd304d4fc2e3b59823c16,8EAW59M4,CAR,2024-10-26 15:31:16.404089+04:00
671cd4933748a6952ae35633,Q9Z63AZK,CAR,2024-10-26 15:37:55.531248+04:00
671cd69ea7aa2c5206e78ce8,6STSDDGM,CAR,2024-10-26 15:46:38.616485+04:00
671cd83e3748a6952ae35703,UNLKKJTN,CAR,2024-10-26 15:53:34.360334+04:00
671cdac35b37d6c944c09bd3,FY849FHT,CAR,2024-10-26 16:04:19.355368+04:00
671cdcb56d9f19122947a7e0,B6T2X2XG,CAR,2024-10-26 16:12:37.193044+04:00
671cde56a6aef76d7dda8d70,HB6AXZWM,CAR,2024-10-26 16:19:34.286399+04:00
671ce4c93748a6952ae3583e,K2AVG7PG,CAR,2024-10-26 16:47:05.281240+04:00
671ce7c3035b68861dcf9451,ZWYBJGZ8,CAR,2024-10-26 16:59:47.848625+04:00
671ce7f62dcf7d586affbd0e,N6N2GELB,CAR,2024-10-26 17:00:38.863316+04:00
671cf02244b51e9d15a51fee,SKM274YJ,CAR,2024-10-26 17:35:30.630999+04:00
671cf1586d9f19122947a92d,JD4Q3ZU2,CAR,2024-10-26 17:40:40.431916+04:00
671cf1b22dcf7d586affbdbe,N3GSWBAT,CAR,2024-10-26 17:42:10.329595+04:00
671cf23a7cf5fb9a46bab447,H5J56XG2,CAR,2024-10-26 17:44:26.690902+04:00
671cf3766d9f19122947a9b4,7GTLUU3E,CAR,2024-10-26 17:49:42.763335+04:00
671cf4f0035b68861dcf957d,APLAET4D,CAR,2024-10-26 17:56:00.799179+04:00
671cf5ae6d9f19122947aa24,QXEBEWPF,CAR,2024-10-26 17:59:10.403652+04:00
671cf651035b68861dcf9597,UTCQZ4YN,CAR,2024-10-26 18:01:53.471500+04:00
671cfa48dde79da93786e352,LLCBPPA7,CAR,2024-10-26 18:18:48.928154+04:00
671cfb80dde79da93786e3c6,57PTJPFB,CAR,2024-10-26 18:24:00.373020+04:00
671cfed07cf5fb9a46bab4c8,TUFFD9RH,CAR,2024-10-26 18:38:08.184124+04:00
671cfff285015e121f560822,76SFQQX5,CAR,2024-10-26 18:42:58.530784+04:00
671d017df9c12562a14a4c7f,2DQUULUR,CAR,2024-10-26 18:49:33.512344+04:00
671d01b1f9c12562a14a4c85,Q65Q8LY8,CAR,2024-10-26 18:50:25.522042+04:00
671d0287035b68861dcf9650,GPE5BHU6,CAR,2024-10-26 18:53:59.045278+04:00
671d041af9c12562a14a4d02,9WN7FDUN,CAR,2024-10-26 19:00:42.517153+04:00
671d04607cf5fb9a46bab54c,4ATNA7XS,CAR,2024-10-26 19:01:52.912640+04:00
671d047785015e121f5608d2,YY3SRHLP,CAR,2024-10-26 19:02:15.346006+04:00
671d08bf1f50b43d5f13e5f1,JL4PK4AX,CAR,2024-10-26 19:20:31.147085+04:00
671d0c5685015e121f56098b,AXNYBLSY,CAR,2024-10-26 19:35:50.117308+04:00
671d0e32035b68861dcf978c,VB5FD3ZV,CAR,2024-10-26 19:43:46.347577+04:00
671d10ae1f50b43d5f13e740,MHJKTMDZ,CAR,2024-10-26 19:54:22.284025+04:00
671d113ace3caa2dd72eb8bd,S24R6SV3,CAR,2024-10-26 19:56:42.267633+04:00
671d116b1f50b43d5f13e7b2,BS7GKZZH,CAR,2024-10-26 19:57:31.431192+04:00
671d1b05ce3caa2dd72eb94f,CTFTKYPK,CAR,2024-10-26 20:38:29.618638+04:00
671d1c79d290972e9d995940,KJ74FJTZ,CAR,2024-10-26 20:44:41.132757+04:00
671d208685015e121f5609e8,62XUEGWN,CAR,2024-10-26 21:01:58.595716+04:00
671d29a7ce3caa2dd72ebab2,H8Z3TGYW,CAR,2024-10-26 21:40:55.760223+04:00
671d2d90d0e9d89b7624aa2b,GJNPEF6D,CAR,2024-10-26 21:57:36.010241+04:00
671d4521d0e9d89b7624ab4c,MZKJQAKY,CAR,2024-10-26 23:38:09.488243+04:00
671d4ab9d115ef628259cad2,BMNSJVEE,CAR,2024-10-27 00:02:01.078142+04:00
671d5449d115ef628259cb41,S6SG8YDR,CAR,2024-10-27 00:42:49.579091+04:00
671d9fc366b70ff1cd2e59fb,58AGAM7Z,CAR,2024-10-27 06:04:51.062073+04:00
671dc5a540149a96f3993b52,67CPRLUK,CAR,2024-10-27 08:46:29.392326+04:00
671dc80a66b70ff1cd2e5b1c,BNRJ73JG,CAR,2024-10-27 08:56:42.029747+04:00
671dca1ef9c12562a14a4df0,FPBQHT5K,CAR,2024-10-27 09:05:34.389491+04:00
671dca6740149a96f3993c14,QZKFRB8G,CAR,2024-10-27 09:06:47.486069+04:00
671dd1670c6d1a1423a6f50d,86C5UC2S,CAR,2024-10-27 09:36:39.754475+04:00
671dd2b085015e121f560b3c,QT5GLZMN,CAR,2024-10-27 09:42:08.931338+04:00
671dd2b866b70ff1cd2e5b30,L82JCR68,CAR,2024-10-27 09:42:16.826799+04:00
671dd6800c6d1a1423a6f577,J2QHEVG4,CAR,2024-10-27 09:58:24.285684+04:00
671dddad0c6d1a1423a6f5f4,9TGEEBLD,CAR,2024-10-27 10:29:01.627101+04:00
671de3060c6d1a1423a6f6ba,7S7LWXVV,CAR,2024-10-27 10:51:50.529990+04:00
671de92440149a96f3993e00,58ZKFL4B,CAR,2024-10-27 11:17:56.679416+04:00
671de959e8cc495313711e3f,M9KM7V6K,CAR,2024-10-27 11:18:49.165088+04:00
671de987f9c12562a14a4e69,GZNVHGVL,CAR,2024-10-27 11:19:35.428561+04:00
671def3c482013e1c5514845,BJZNRJ53,CAR,2024-10-27 11:43:56.924177+04:00
671df88e85015e121f560b87,6HTN78KD,CAR,2024-10-27 12:23:42.131494+04:00
671dfac8482013e1c5514aa8,TXRFBN9B,CAR,2024-10-27 12:33:12.469475+04:00
671dfaeb1bd3146ea4022353,73V8YXAR,CAR,2024-10-27 12:33:47.303421+04:00
671dfb9a20cddce481f7a8b1,8RHZSVXR,CAR,2024-10-27 12:36:42.225973+04:00
671dfbd31bd3146ea40223c2,TXR2HFXE,CAR,2024-10-27 12:37:39.698747+04:00
671e01319e72ade8befdfb76,5TCRVFKS,CAR,2024-10-27 13:00:33.006480+04:00
671e015d6a2ec165523e23d6,PUZPCZHJ,CAR,2024-10-27 13:01:17.827149+04:00
671e031720cddce481f7aa10,EHNQ98DA,CAR,2024-10-27 13:08:39.551093+04:00
671e038dfe70979f4e626b6d,8Z6TZP7C,CAR,2024-10-27 13:10:37.338180+04:00
671e04c86a2ec165523e245c,Q8B49UEC,CAR,2024-10-27 13:15:52.943946+04:00
671e04d19e72ade8befdfc4d,C6GSV74E,CAR,2024-10-27 13:16:01.588864+04:00
671e0579f9398da6f92f2dc8,USPBXSYY,CAR,2024-10-27 13:18:49.182882+04:00
671e09836a2ec165523e24f4,XDSBB8EY,CAR,2024-10-27 13:36:03.551495+04:00
671e0bdadbfc1ac029be69cc,58FFU5X3,CAR,2024-10-27 13:46:02.416863+04:00
671e0cb06a2ec165523e2588,JA43A8D6,CAR,2024-10-27 13:49:36.940017+04:00
671e0df8dbfc1ac029be6a4e,A6Z6P5FK,CAR,2024-10-27 13:55:04.590955+04:00
671e0edd6a2ec165523e2605,QJ3YWAB8,CAR,2024-10-27 13:58:53.705433+04:00
671e13286a2ec165523e268d,H4MXUCNW,CAR,2024-10-27 14:17:12.457998+04:00
671e143d6a2ec165523e2700,BD6UL724,CAR,2024-10-27 14:21:49.022084+04:00
671e157cf9398da6f92f2fdb,FTMU9XLY,CAR,2024-10-27 14:27:08.278421+04:00
671e1b680dbe95f8152846d8,RJKMSTT6,CAR,2024-10-27 14:52:23.991455+04:00
671e1b900dbe95f8152846e7,4UKDFUNA,CAR,2024-10-27 14:53:04.767278+04:00
671e1bac9c3f8b05b6223ddb,VTHPX5EH,CAR,2024-10-27 14:53:32.134557+04:00
671e27b29c3f8b05b6223ef7,CKBTU9KY,CAR,2024-10-27 15:44:50.836309+04:00
671e2b14b795fcbc6c990a0c,ZGMF2P37,CAR,2024-10-27 15:59:16.687010+04:00
671e30cbcc219a7ee01e30fb,9N88TJK3,CAR,2024-10-27 16:23:39.216972+04:00
671e32e4b795fcbc6c990b5f,TVKLE3BH,CAR,2024-10-27 16:32:36.048923+04:00
671e3566cc219a7ee01e3284,TF3VWEFS,CAR,2024-10-27 16:43:17.977236+04:00
671e35fecc219a7ee01e32fc,CXML5BJJ,CAR,2024-10-27 16:45:50.568255+04:00
671e3646c2e8d8e6492eab90,357R9RMT,CAR,2024-10-27 16:47:02.675999+04:00
671e37f94a41434a0d943761,9FZ9Y79J,CAR,2024-10-27 16:54:17.297416+04:00
671e37fec2e8d8e6492eabad,D326FYN9,CAR,2024-10-27 16:54:22.665663+04:00
671e3884c2e8d8e6492eac21,S7MAPYS4,CAR,2024-10-27 16:56:36.878663+04:00
671e39f8c2e8d8e6492eac5e,AHZX5C6P,CAR,2024-10-27 17:02:48.726595+04:00
671e40d64a41434a0d943882,2A7ZBGPT,CAR,2024-10-27 17:32:06.156823+04:00
671e412e4a41434a0d9438e9,PEY3GGCQ,CAR,2024-10-27 17:33:34.945218+04:00
671e4252b795fcbc6c990c75,XF6NHWPT,CAR,2024-10-27 17:38:26.892948+04:00
671e42e4cc219a7ee01e3327,TUVJWFLA,CAR,2024-10-27 17:40:52.144960+04:00
671e445d4376affe8affb78f,PN3HEXCS,CAR,2024-10-27 17:47:09.507857+04:00
671e457adbfc1ac029be6b5d,TEQM56MY,CAR,2024-10-27 17:51:54.086039+04:00
671e4b18a628b3c94f9ed9fd,DDTHQ68A,CAR,2024-10-27 18:15:52.712573+04:00
671e5216a628b3c94f9edb32,CYHUKYFV,CAR,2024-10-27 18:45:42.392352+04:00
671e568610003f525e09ec1a,BCYYV5J9,CAR,2024-10-27 19:04:38.182084+04:00
671e585110003f525e09ec8e,65SWX6L2,CAR,2024-10-27 19:12:17.958738+04:00
671e609d8e67822fc5eb014f,YCPHGLN6,CAR,2024-10-27 19:47:41.555798+04:00
671e61430dbe95f815284874,ASU9UVM8,CAR,2024-10-27 19:50:27.014003+04:00
671e62cf10003f525e09ed1c,UVTU2LTD,CAR,2024-10-27 19:57:03.728666+04:00
671e668d10003f525e09edfd,8CK4U9TC,CAR,2024-10-27 20:13:01.409970+04:00
671e686710003f525e09ee77,WDLVSC2B,CAR,2024-10-27 20:20:55.622180+04:00
671e695210003f525e09eeef,MGZCJP7E,CAR,2024-10-27 20:24:50.943073+04:00
671e6d5e6919b7c3cb1faa8c,FAQX7Q9B,CAR,2024-10-27 20:42:06.300468+04:00
671e6e3637b326e7dc4ef46b,LZB58NTA,CAR,2024-10-27 20:45:42.662779+04:00
671e6f0f37b326e7dc4ef4e2,YBL5K9F3,CAR,2024-10-27 20:49:19.644610+04:00
671e780f37b326e7dc4ef585,2D3ZTKR3,CAR,2024-10-27 21:27:43.882994+04:00
671e7ac88e67822fc5eb02f7,FFEYKMDU,CAR,2024-10-27 21:39:20.667527+04:00
671e7b6218cf14d78d7a34ee,MH33KU5L,CAR,2024-10-27 21:41:54.215547+04:00
671e7cf26919b7c3cb1fabe3,J6RP54P2,CAR,2024-10-27 21:48:34.152833+04:00
671e7e8d37b326e7dc4ef652,AWDRMNKK,CAR,2024-10-27 21:55:25.397275+04:00
671e7f6e6919b7c3cb1fad19,RAGN2S9J,CAR,2024-10-27 21:59:10.295657+04:00
671e841d6919b7c3cb1fade7,7AWUZN2X,CAR,2024-10-27 22:19:09.185025+04:00
671e88cc37b326e7dc4ef6dd,7V3TT5Z3,CAR,2024-10-27 22:39:08.567637+04:00
671e91b06919b7c3cb1fae79,9VCW7L7H,CAR,2024-10-27 23:17:04.305922+04:00
671e95576919b7c3cb1faf24,JPM36AN9,CAR,2024-10-27 23:32:39.027184+04:00
671ee36e9f5ddf21cbb07c8a,BLKTZNAY,CAR,2024-10-28 05:05:50.634370+04:00
671ee5fcf2f9e974a553e91a,QU6D9BFR,CAR,2024-10-28 05:16:44.105706+04:00
671eee42bfc52bb0f49d117f,E77YHNKC,CAR,2024-10-28 05:52:02.783228+04:00
671ef8a2db1bc2f86f821b74,TM9MD62F,CAR,2024-10-28 06:36:18.101094+04:00
671f0405db1bc2f86f821bfd,7WP2FWHL,CAR,2024-10-28 07:24:53.571167+04:00
671f06c767ff58474d49c916,XK3Z5Y77,CAR,2024-10-28 07:36:39.926761+04:00
671f0f1fbfc52bb0f49d1312,NBS7783R,CAR,2024-10-28 08:12:15.087685+04:00
671f1066bfc52bb0f49d138a,NNG5SKPT,CAR,2024-10-28 08:17:42.653006+04:00
671f1291bfc52bb0f49d147f,Z3X24B38,CAR,2024-10-28 08:26:57.765756+04:00
671f144a4f11f449fe5fee0a,B69VKKN9,CAR,2024-10-28 08:34:18.898031+04:00
671f1584e3d6c8f58496aaae,8J3T4BPE,CAR,2024-10-28 08:39:32.805080+04:00
671f164bbfc52bb0f49d14fc,YTZAXYEA,CAR,2024-10-28 08:42:51.875664+04:00
671f16c5bfc52bb0f49d1564,2BCXZ5X8,CAR,2024-10-28 08:44:53.876786+04:00
671f195ebfc52bb0f49d16a8,B7ZA26Q5,CAR,2024-10-28 08:55:58.452650+04:00
671f1b014f11f449fe5fee81,V3T3E8CT,CAR,2024-10-28 09:02:57.816715+04:00
671f1b22db1bc2f86f821ed1,5DZN7DSS,CAR,2024-10-28 09:03:30.214166+04:00
671f1dfd67ff58474d49ca4a,FRRLAKJU,CAR,2024-10-28 09:15:41.649917+04:00
671f1fcfbfc52bb0f49d19a2,TSKAM72B,CAR,2024-10-28 09:23:26.989583+04:00
671f2065db1bc2f86f821fbe,ZQL53FKZ,CAR,2024-10-28 09:25:57.823472+04:00
671f20f8db1bc2f86f821fd4,VGN2BHGP,CAR,2024-10-28 09:28:24.915207+04:00
671f2688db1bc2f86f822163,FNM34B7H,CAR,2024-10-28 09:52:08.710705+04:00
671f2764db1bc2f86f8221ee,P7VYDG4U,CAR,2024-10-28 09:55:48.359202+04:00
671f2a06db1bc2f86f8222ab,SWS3D6WX,CAR,2024-10-28 10:07:02.336462+04:00
671f2ad2bfc52bb0f49d1ddd,Q66WBQB9,CAR,2024-10-28 10:10:26.868891+04:00
671f2c0edb1bc2f86f82231b,4MNARX8N,CAR,2024-10-28 10:15:42.199628+04:00
671f2defdb1bc2f86f8223a9,88QZKHVR,CAR,2024-10-28 10:23:43.486403+04:00
671f2e98db1bc2f86f822472,TE5RRCHT,CAR,2024-10-28 10:26:32.775041+04:00
671f2e9cdb1bc2f86f822476,WE9QNWUH,CAR,2024-10-28 10:26:36.873414+04:00
671f2f18db1bc2f86f822540,BBAZ3K3X,CAR,2024-10-28 10:28:40.806251+04:00
671f2fc0eb8787d06905a7ac,4N5KLUZM,CAR,2024-10-28 10:31:28.677172+04:00
671f313cbfc52bb0f49d20eb,W4RBTZEJ,CAR,2024-10-28 10:37:47.990229+04:00
671f314c67ff58474d49cb0d,8K6G3NXD,CAR,2024-10-28 10:38:04.370203+04:00
671f320abfc52bb0f49d2184,BWDS46HB,CAR,2024-10-28 10:41:14.352379+04:00
671f32d94f11f449fe5feedd,SV29QATD,CAR,2024-10-28 10:44:41.616501+04:00
671f3369eb8787d06905a8c6,RWZ355K5,CAR,2024-10-28 10:47:05.555490+04:00
671f3399bfc52bb0f49d2273,UNKE8GJH,CAR,2024-10-28 10:47:53.452310+04:00
671f33d5f9d57f31452e8622,3DGVJJNU,CAR,2024-10-28 10:48:53.801436+04:00
671f341867ff58474d49cb91,EHMTB3D6,CAR,2024-10-28 10:50:00.347256+04:00
671f351e4f11f449fe5fef51,YT7E58Z9,CAR,2024-10-28 10:54:22.000073+04:00
671f35e0e617df3c1b2aad69,YLLEPYS3,CAR,2024-10-28 10:57:36.210563+04:00
671f3660f9d57f31452e8657,ZKYHT4YC,CAR,2024-10-28 10:59:44.860932+04:00
671f37c0f9d57f31452e86b7,DHVNFZNT,CAR,2024-10-28 11:05:36.492301+04:00
671f37e7f9d57f31452e8721,PASRUWQG,CAR,2024-10-28 11:06:15.877941+04:00
671f385de617df3c1b2aae12,FS6WK2QA,CAR,2024-10-28 11:08:13.953642+04:00
671f3863f9d57f31452e8799,UN8U2CQ5,CAR,2024-10-28 11:08:19.372504+04:00
671f38b7d8f023eb6ea073f2,KJYJJSGD,CAR,2024-10-28 11:09:43.011951+04:00
671f38dd39f1d2bb688852b3,S3FK4KD7,CAR,2024-10-28 11:10:21.008808+04:00
671f39f24f11f449fe5ff010,LW2XJ4VZ,CAR,2024-10-28 11:14:58.199518+04:00
671f3a66e617df3c1b2aaeec,NS95QEA7,CAR,2024-10-28 11:16:54.273109+04:00
671f3bdef9d57f31452e88d5,EMV4XLLP,CAR,2024-10-28 11:23:10.046434+04:00
671f3ca5eb8787d06905aa38,JPPAEZQ7,CAR,2024-10-28 11:26:29.948166+04:00
671f3dc5eb8787d06905aac0,HCWSCYZT,CAR,2024-10-28 11:31:17.950475+04:00
671f3fc0e617df3c1b2ab126,A6CCL2C5,CAR,2024-10-28 11:39:44.656935+04:00
671f4015f9d57f31452e89eb,C4KKPWVN,CAR,2024-10-28 11:41:09.073688+04:00
671f409beb8787d06905abe1,D8JZPUQT,CAR,2024-10-28 11:43:23.511046+04:00
671f40b8eb8787d06905ac80,45KD3T4P,CAR,2024-10-28 11:43:52.769386+04:00
671f40d839f1d2bb6888537d,KVEUBKNQ,CAR,2024-10-28 11:44:24.609543+04:00
671f4114eb8787d06905ad1f,SBL7MJBE,CAR,2024-10-28 11:45:24.172931+04:00
671f4138e617df3c1b2ab1c1,UF3F9R5S,CAR,2024-10-28 11:46:00.053965+04:00
671f41be4f11f449fe5ff223,W4XNLQZN,CAR,2024-10-28 11:48:14.564800+04:00
671f41c9eb8787d06905ad4f,S86GH3H8,CAR,2024-10-28 11:48:25.634122+04:00
671f4206eb8787d06905adb7,MZPH29W3,CAR,2024-10-28 11:49:26.696309+04:00
671f42abf9d57f31452e8b55,YSL5NFSR,CAR,2024-10-28 11:52:11.093630+04:00
671f4348e3d6c8f58496aea3,PJQZARR4,CAR,2024-10-28 11:54:48.657324+04:00
671f438beb8787d06905ae31,SBVFN87P,CAR,2024-10-28 11:55:55.714817+04:00
671f438ef9d57f31452e8bb8,HSMPRGPC,CAR,2024-10-28 11:55:58.929721+04:00
671f43ace3d6c8f58496af14,M24W9343,CAR,2024-10-28 11:56:28.634065+04:00
671f461980678e385b127a23,ERA3BUKA,CAR,2024-10-28 12:06:49.398978+04:00
671f46b90e0cd198d40e6cd4,LXVE2MRM,CAR,2024-10-28 12:09:29.194433+04:00
671f46d50e0cd198d40e6d42,J46J3DUF,CAR,2024-10-28 12:09:57.554277+04:00
671f47760e0cd198d40e6e11,CTNCTRS2,CAR,2024-10-28 12:12:37.983299+04:00
671f48031d5c6db8f0e35e86,E9VEBCTP,CAR,2024-10-28 12:14:59.385383+04:00
671f48480e0cd198d40e6e85,TSMPB9MS,CAR,2024-10-28 12:16:08.943660+04:00
671f48530e0cd198d40e6f21,4D5MM4G7,CAR,2024-10-28 12:16:19.316774+04:00
671f49c180678e385b127ad1,BGD2R8GH,CAR,2024-10-28 12:22:25.007879+04:00
671f4a1655fadb4f3a0119a9,6SW4R64J,CAR,2024-10-28 12:23:50.631254+04:00
671f4a7d5f21e4c055a65666,FZ4GGL5M,CAR,2024-10-28 12:25:33.295435+04:00
671f4a9916798c1bc9cd02e7,RXTU8NRN,CAR,2024-10-28 12:26:01.554854+04:00
671f4b0d5f21e4c055a656da,NFRYFJ93,CAR,2024-10-28 12:27:57.444271+04:00
671f4cdb0e0cd198d40e6fa8,5PGVHZCZ,CAR,2024-10-28 12:35:39.308513+04:00
671f4d42ad3c7e6d2ef171c1,E8TWMB5V,CAR,2024-10-28 12:37:22.721271+04:00
671f4d760e0cd198d40e701e,8947898S,CAR,2024-10-28 12:38:14.578405+04:00
671f4e895f21e4c055a65782,LFZ9ZAVD,CAR,2024-10-28 12:42:49.196772+04:00
671f4eb9b24b5ec8bd20f021,9LR76HN8,CAR,2024-10-28 12:43:37.928266+04:00
671f4f38ad3c7e6d2ef17299,AFYEWHKF,CAR,2024-10-28 12:45:44.522853+04:00
671f523fb24b5ec8bd20f133,2F9TQ8ED,CAR,2024-10-28 12:58:39.176219+04:00
671f52fc0e0cd198d40e70fb,ULFFG56F,CAR,2024-10-28 13:01:48.028419+04:00
671f535c5f21e4c055a657e8,EVR5ZZV9,CAR,2024-10-28 13:03:24.006629+04:00
671f53dd6140ad44e9800b4e,58ULHQ27,CAR,2024-10-28 13:05:33.361320+04:00
671f544980678e385b127c33,WT6BT8PM,CAR,2024-10-28 13:07:21.309781+04:00
671f547d0e0cd198d40e7192,9LN4PCST,CAR,2024-10-28 13:08:13.256185+04:00
671f55685f21e4c055a65872,EDCVZ9EG,CAR,2024-10-28 13:12:08.085227+04:00
671f5645ad3c7e6d2ef173c3,D8RQ4HJE,CAR,2024-10-28 13:15:49.209364+04:00
671f57ce16798c1bc9cd0427,V3LH8VZA,CAR,2024-10-28 13:22:22.901969+04:00
671f590d80678e385b127c99,RBA4BAMB,CAR,2024-10-28 13:27:41.701331+04:00
671f59365f21e4c055a65969,9XK7CX98,CAR,2024-10-28 13:28:22.693232+04:00
671f59380e0cd198d40e7234,Q4CYN9S7,CAR,2024-10-28 13:28:24.664968+04:00
671f59f40e0cd198d40e72ce,92UXA8W3,CAR,2024-10-28 13:31:32.543164+04:00
671f5ad67c153f520aec1997,3WQEWMFA,CAR,2024-10-28 13:35:18.050850+04:00
671f5bc50e0cd198d40e7373,JJYKNXJZ,CAR,2024-10-28 13:39:17.453450+04:00
671f5c0f6140ad44e9800c1a,R3T7CGX7,CAR,2024-10-28 13:40:31.088574+04:00
671f5db9ad3c7e6d2ef17600,B6ZWACGN,CAR,2024-10-28 13:47:37.257681+04:00
671f5dfe6140ad44e9800c6e,2YGH6KAF,CAR,2024-10-28 13:48:46.395856+04:00
671f5e015f21e4c055a659b3,R46TYNVF,CAR,2024-10-28 13:48:49.035895+04:00
671f5e955f21e4c055a65a24,AXSZQN67,CAR,2024-10-28 13:51:17.183635+04:00
671f5f555f21e4c055a65a9e,TSVZHQAL,CAR,2024-10-28 13:54:29.302883+04:00
671f614c0e0cd198d40e7599,4ADASFYS,CAR,2024-10-28 14:02:52.569527+04:00
671f61760e0cd198d40e75fe,GNUMHE8J,CAR,2024-10-28 14:03:34.205061+04:00
671f626aad3c7e6d2ef178f8,UXH4MBVL,CAR,2024-10-28 14:07:38.648338+04:00
671f64e3ad3c7e6d2ef17a13,EYVBSCY2,CAR,2024-10-28 14:18:11.278037+04:00
671f65bd17d8d26242e9e29a,CTUZYV3B,CAR,2024-10-28 14:21:49.880370+04:00
671f6695110eb083e245932a,UJ9XW6XD,CAR,2024-10-28 14:25:25.261277+04:00
671f678c17d8d26242e9e319,G9PJN5J7,CAR,2024-10-28 14:29:32.440039+04:00
671f69f397583ad710672c64,JL3YDA4T,CAR,2024-10-28 14:39:47.873653+04:00
671f6acb0e0cd198d40e7837,8PX456ML,CAR,2024-10-28 14:43:23.966066+04:00
671f6bce97583ad710672cb3,9JMC26AJ,CAR,2024-10-28 14:47:42.069404+04:00
671f6ce70e0cd198d40e78e3,BA8LTSZD,CAR,2024-10-28 14:52:23.345894+04:00
671f6cee110eb083e245945c,FBWKWAFE,CAR,2024-10-28 14:52:30.908150+04:00
671f6d39110eb083e2459511,LPN29CJQ,CAR,2024-10-28 14:53:45.682898+04:00
671f6dd00e0cd198d40e79cf,3SVDHCC6,CAR,2024-10-28 14:56:16.165492+04:00
671f6e1a89ef9f7698360759,ME7S9KU6,CAR,2024-10-28 14:57:30.831081+04:00
671f6e2d39ac0fe5d110907d,STKKW697,CAR,2024-10-28 14:57:49.252523+04:00
671f6e8718024e93cbdaa621,PKB9HVZX,CAR,2024-10-28 14:59:19.451029+04:00
671f701039ac0fe5d1109218,MFMD5R8J,CAR,2024-10-28 15:05:52.194658+04:00
671f7039b955defe26a17240,AGNJL82L,CAR,2024-10-28 15:06:33.207436+04:00
671f713db955defe26a172fb,HTDKLWBX,CAR,2024-10-28 15:10:53.456498+04:00
671f714f39ac0fe5d11092ae,78F7H6A2,CAR,2024-10-28 15:11:11.443222+04:00
671f736a75b7de236a875e7a,5XWVN5PG,CAR,2024-10-28 15:20:10.063771+04:00
671f7500b955defe26a17460,3ZFUWR77,CAR,2024-10-28 15:26:56.134501+04:00
671f754c39ac0fe5d1109354,VB5GWV8A,CAR,2024-10-28 15:28:12.040146+04:00
671f76073bd2679d386383f8,GV4BMUV2,CAR,2024-10-28 15:31:19.035411+04:00
671f769fb955defe26a174dc,8UH56WJR,CAR,2024-10-28 15:33:51.966930+04:00
671f77eb601f83a87b88b5f8,HN88JSNM,CAR,2024-10-28 15:39:23.683829+04:00
671f79bd18024e93cbdaa71c,ABEBJFC7,CAR,2024-10-28 15:47:09.170179+04:00
671f79de18024e93cbdaa78c,3EP4B2KR,CAR,2024-10-28 15:47:42.149895+04:00
671f7a633bd2679d38638510,YDBZFAQR,CAR,2024-10-28 15:49:54.955608+04:00
671f7a693bd2679d38638544,2NCYPZFL,CAR,2024-10-28 15:50:01.653105+04:00
671f7a8f18024e93cbdaa808,QBBQCZJW,CAR,2024-10-28 15:50:39.038302+04:00
671f7b5718024e93cbdaa883,NNY6GMWY,CAR,2024-10-28 15:53:59.510843+04:00
671f7bd375b7de236a875f83,A2QTBW6N,CAR,2024-10-28 15:56:03.920779+04:00
671f7c2a75b7de236a876029,NZ8M6YF3,CAR,2024-10-28 15:57:30.789488+04:00
671f7cf518024e93cbdaa8df,BA2FTRAB,CAR,2024-10-28 16:00:53.935123+04:00
671f7dbf18024e93cbdaa95f,XM5EWT7N,CAR,2024-10-28 16:04:15.744134+04:00
671f7e9d75b7de236a8760f9,QBQTPRXK,CAR,2024-10-28 16:07:57.557684+04:00
671f7fbb3bd2679d38638684,95T5V7AY,CAR,2024-10-28 16:12:43.003363+04:00
671f7fd018024e93cbdaa9ef,XP9CYTYP,CAR,2024-10-28 16:13:03.976835+04:00
671f80643bd2679d38638693,JR8VBE9H,CAR,2024-10-28 16:15:32.039190+04:00
671f815418024e93cbdaaa9c,7RKSTHPC,CAR,2024-10-28 16:19:32.602216+04:00
671f815a18024e93cbdaaaa0,D9FZ84KW,CAR,2024-10-28 16:19:38.079016+04:00
671f815c18024e93cbdaaaa4,EQADW77G,CAR,2024-10-28 16:19:40.410441+04:00
671f816018024e93cbdaaaaa,BMD6PPCX,CAR,2024-10-28 16:19:44.175128+04:00
671f816275b7de236a8761ad,YLE6Y7ZY,CAR,2024-10-28 16:19:46.757891+04:00
671f816518024e93cbdaaab0,HMGHK75W,CAR,2024-10-28 16:19:49.412903+04:00
671f816675b7de236a8761b1,285HNMVE,CAR,2024-10-28 16:19:50.620776+04:00
671f816818024e93cbdaaab4,XK9ZZNWG,CAR,2024-10-28 16:19:52.642698+04:00
671f816918024e93cbdaaab8,LGH36XHP,CAR,2024-10-28 16:19:53.873992+04:00
671f816d75b7de236a8761b5,6UJHSNVF,CAR,2024-10-28 16:19:57.260341+04:00
671f817018024e93cbdaaabd,6HMEWKA5,CAR,2024-10-28 16:20:00.772109+04:00
671f817575b7de236a8761ba,YWGNTLUH,CAR,2024-10-28 16:20:05.071744+04:00
671f817db955defe26a175fa,7AHXAPWA,CAR,2024-10-28 16:20:13.502785+04:00
671f836975b7de236a8762c5,ZDSB4BEJ,CAR,2024-10-28 16:28:25.542152+04:00
671f858e75b7de236a87638c,HWR2598F,CAR,2024-10-28 16:37:34.806337+04:00
671f861375b7de236a8763d7,THCU7263,CAR,2024-10-28 16:39:47.624526+04:00
671f8797043912351dc72e44,MG3ESNAE,CAR,2024-10-28 16:46:15.496799+04:00
671f87a135fcbbd6603591b1,78PEGZYY,CAR,2024-10-28 16:46:25.018889+04:00
671f88fd76d902891babec02,7RFNHRCZ,CAR,2024-10-28 16:52:13.188036+04:00
671f891776d902891babec35,9K9VTCJG,CAR,2024-10-28 16:52:39.709449+04:00
671f8a788f09b49d9849dc20,EELCU5P6,CAR,2024-10-28 16:58:32.528088+04:00
671f8a9a5de393cf6c7e5397,6SFN9BW6,CAR,2024-10-28 16:59:06.421176+04:00
671f8bcc5de393cf6c7e54a3,T7JAUKER,CAR,2024-10-28 17:04:12.293446+04:00
671f8d306271faa02cb5933b,S3WZQXJF,CAR,2024-10-28 17:10:08.334237+04:00
671f90025de393cf6c7e5572,6P42AFZV,CAR,2024-10-28 17:22:10.596558+04:00
671f93575de393cf6c7e55f3,JGRZCQ7M,CAR,2024-10-28 17:36:23.286198+04:00
671f96476271faa02cb594b2,A7S8VXKX,CAR,2024-10-28 17:48:55.135658+04:00
671f973e1c06fd013f986e3c,HJXH286X,CAR,2024-10-28 17:53:02.451647+04:00
671f97a88f09b49d9849dd46,UE4ABTJD,CAR,2024-10-28 17:54:48.885026+04:00
671f9a156271faa02cb59536,EGTSYMBR,CAR,2024-10-28 18:05:09.712884+04:00
671f9b3b35fcbbd6603592f0,C72RYH2A,CAR,2024-10-28 18:10:03.662761+04:00
671f9b96043912351dc73077,3UVF2ZTB,CAR,2024-10-28 18:11:34.912628+04:00
671f9daf76d902891babeeb9,Z2CCG4CM,CAR,2024-10-28 18:20:31.479387+04:00
671f9ea135fcbbd660359360,349SQYJN,CAR,2024-10-28 18:24:33.727506+04:00
671f9f9376d902891babef4f,SCZXSH9T,CAR,2024-10-28 18:28:35.628307+04:00
671fa4bc76d902891babf136,82BSFBWR,CAR,2024-10-28 18:50:36.707367+04:00
671fa5b36271faa02cb5976f,R5M3P58U,CAR,2024-10-28 18:54:42.993749+04:00
671fa7ab483af899844703ed,4N4KPEV4,CAR,2024-10-28 19:03:07.194267+04:00
671fa86f76d902891babf3b0,MTLEW7XR,CAR,2024-10-28 19:06:22.952716+04:00
671faa276271faa02cb59892,Z8VQ26YH,CAR,2024-10-28 19:13:42.983388+04:00
671fac0d76d902891babf5b7,BGM429QW,CAR,2024-10-28 19:21:49.387137+04:00
671fad0d76d902891babf667,DTGRAL56,CAR,2024-10-28 19:26:05.442622+04:00
671fad2b76d902891babf6d6,PL9TJW6L,CAR,2024-10-28 19:26:35.445228+04:00
671fb4476271faa02cb599fb,NSNMS4R7,CAR,2024-10-28 19:56:55.470993+04:00
671fb5dc576ad43be8212558,E2NQ82UC,CAR,2024-10-28 20:03:40.950876+04:00
671fb611d5f4162acd21be4d,HB5GH96W,CAR,2024-10-28 20:04:33.147591+04:00
671fb725043912351dc73310,GS8Z5GFM,CAR,2024-10-28 20:09:09.799722+04:00
671fb846fd43d2aa9209e5c5,ZLTKDPFQ,CAR,2024-10-28 20:13:58.568402+04:00
671fba13043912351dc73385,TGST33XH,CAR,2024-10-28 20:21:39.290709+04:00
671fbb296271faa02cb59b96,9FK5AGX3,CAR,2024-10-28 20:26:17.120700+04:00
671fbb848f09b49d9849ded2,ZENDP6HE,CAR,2024-10-28 20:27:48.161948+04:00
671fbfaa6271faa02cb59bf6,W3Z6NVUJ,CAR,2024-10-28 20:45:30.536358+04:00
671fc01a6271faa02cb59c6c,VT9SNNWV,CAR,2024-10-28 20:47:22.581405+04:00
671fc058d5f4162acd21bef8,N2BV3TSA,CAR,2024-10-28 20:48:24.253472+04:00
671fc193576ad43be82125c9,PFDQ429M,CAR,2024-10-28 20:53:39.310796+04:00
671fc1bb8776adbf167a14f4,WL9KYCNN,CAR,2024-10-28 20:54:19.238162+04:00
671fc1e8c66cc63460fabdf9,7G4KQHH8,CAR,2024-10-28 20:55:04.885408+04:00
671fc2367e4ef79a26f435a2,J9NEB2GS,CAR,2024-10-28 20:56:22.087111+04:00
671fc3988776adbf167a168c,JTFZDK9D,CAR,2024-10-28 21:02:16.230200+04:00
671fca1ed5f4162acd21c02c,SSP6V88S,CAR,2024-10-28 21:30:06.484620+04:00
671fcaec8776adbf167a1760,G9P29K7A,CAR,2024-10-28 21:33:32.120185+04:00
671fcb008a14d30e61ec0824,DBAU6VET,CAR,2024-10-28 21:33:52.325177+04:00
671fcb468a14d30e61ec08a1,B3NAL4ZV,CAR,2024-10-28 21:35:02.242549+04:00
671fcd65576ad43be821270a,9W5F79QW,CAR,2024-10-28 21:44:05.145619+04:00
671fd365576ad43be8212747,QZPXNLYH,CAR,2024-10-28 22:09:41.450282+04:00
671fd7dfc66cc63460fabe73,FXK24S47,CAR,2024-10-28 22:28:47.601191+04:00
671fdae5d5f4162acd21c23b,AYXLXVE7,CAR,2024-10-28 22:41:41.850912+04:00
671febb68a14d30e61ec0bc3,WQ2JUJK3,CAR,2024-10-28 23:53:26.335197+04:00
671fed57fd43d2aa9209e677,T9C57SP5,CAR,2024-10-29 00:00:23.236177+04:00
672038ddd5f4162acd21c720,QG66AE4P,CAR,2024-10-29 05:22:37.679987+04:00
6720442e39afc02790b0de84,3MVZX7AU,CAR,2024-10-29 06:10:54.547847+04:00
67204af2576ad43be8212983,3GMQ3TTN,CAR,2024-10-29 06:39:46.725311+04:00
67204d7e39afc02790b0df01,SCZHZ4WH,CAR,2024-10-29 06:50:38.011786+04:00
67204e0a576ad43be82129fb,L9WPPCEP,CAR,2024-10-29 06:52:58.649176+04:00
6720575b39afc02790b0df9b,EYLALZ45,CAR,2024-10-29 07:32:43.735251+04:00
67205858d5f4162acd21c75c,VDCA82ZB,CAR,2024-10-29 07:36:56.438504+04:00
672058ce8a14d30e61ec0f16,T9F2H76Y,CAR,2024-10-29 07:38:54.897684+04:00
672059c68a14d30e61ec0f2d,A2K4F29C,CAR,2024-10-29 07:43:02.325715+04:00
67205d3839afc02790b0e012,6LV3VVH2,CAR,2024-10-29 07:57:44.937872+04:00
6720632b39afc02790b0e0b3,CAHJ9GEU,CAR,2024-10-29 08:23:07.477925+04:00
672069d6b6df3cf64af27bf3,R6R7VPFF,CAR,2024-10-29 08:51:34.341568+04:00
67206a71b6df3cf64af27c6c,AVPR88UB,CAR,2024-10-29 08:54:09.197195+04:00
67206c31b6df3cf64af27c86,HHCW42NU,CAR,2024-10-29 09:01:37.620159+04:00
67206c75b6df3cf64af27cfe,478ACMDC,CAR,2024-10-29 09:02:45.521965+04:00
67206cdee1c94b353d8cb3aa,TTHY24C3,CAR,2024-10-29 09:04:30.012320+04:00
67206d45e1c94b353d8cb46c,Y3DEM44D,CAR,2024-10-29 09:06:13.258475+04:00
67206d4bb6df3cf64af27da7,D442EAY7,CAR,2024-10-29 09:06:19.687200+04:00
67206d7ae1c94b353d8cb4de,RZELB34V,CAR,2024-10-29 09:07:06.199301+04:00
67206e76c66cc63460fac112,55AXW2ND,CAR,2024-10-29 09:11:18.815387+04:00
67206efe576ad43be8212b37,UWBCV2HW,CAR,2024-10-29 09:13:34.161979+04:00
67206fbc576ad43be8212be1,WSGK69NK,CAR,2024-10-29 09:16:44.260759+04:00
67207204b6df3cf64af27f35,MWBJPACD,CAR,2024-10-29 09:26:28.708506+04:00
6720738ee1c94b353d8cb5f6,769MA5BS,CAR,2024-10-29 09:33:02.476935+04:00
67207393e1c94b353d8cb5fa,PVB69598,CAR,2024-10-29 09:33:07.370179+04:00
6720739b576ad43be8212cd6,Z2CNHK2G,CAR,2024-10-29 09:33:15.773986+04:00
672073c5b6df3cf64af27fda,E8PHULSQ,CAR,2024-10-29 09:33:57.068504+04:00
672073dd576ad43be8212d4a,UJFK54LM,CAR,2024-10-29 09:34:21.336088+04:00
67207545b6df3cf64af280a9,4H3NQNMN,CAR,2024-10-29 09:40:21.922137+04:00
6720758ef092fcc94346bbf3,JYFYD262,CAR,2024-10-29 09:41:34.031243+04:00
6720766bb6df3cf64af28161,8RBSHHRM,CAR,2024-10-29 09:45:15.481890+04:00
6720790fb6df3cf64af28222,P72RFD8H,CAR,2024-10-29 09:56:31.505416+04:00
6720790ff092fcc94346bc78,FWNK8SP2,CAR,2024-10-29 09:56:31.922950+04:00
67207925e1c94b353d8cb6ab,7B4G8QF5,CAR,2024-10-29 09:56:53.530455+04:00
67207962e1c94b353d8cb6e4,963H3GM9,CAR,2024-10-29 09:57:54.298594+04:00
67207984b6df3cf64af282a8,88ZDF6AJ,CAR,2024-10-29 09:58:28.072185+04:00
672079cbb6df3cf64af28328,F6Z9QFVG,CAR,2024-10-29 09:59:39.532789+04:00
67207b3039afc02790b0e176,Z9289A6D,CAR,2024-10-29 10:05:36.470315+04:00
67207c5f6ab8b3ea13904c1d,MPG557BH,CAR,2024-10-29 10:10:39.443877+04:00
67207c6ebd187818bd3fb364,FSXE38Z4,CAR,2024-10-29 10:10:54.044912+04:00
67207d1e458540bf43582cfc,NT7VNBXC,CAR,2024-10-29 10:13:50.325925+04:00
67207ec5bd187818bd3fb41a,BJSG7TTU,CAR,2024-10-29 10:20:53.909512+04:00
67207eff458540bf43582d50,7WQRRPCT,CAR,2024-10-29 10:21:51.647080+04:00
67207f81bd187818bd3fb498,9T3PA6D8,CAR,2024-10-29 10:24:01.478814+04:00
67207fef2bb522cc7f966e95,7L4BGCLA,CAR,2024-10-29 10:25:51.060196+04:00
6720804d201b74a72d05db37,UVUZS773,CAR,2024-10-29 10:27:25.053606+04:00
6720815db43124945d683f62,P7A2F5F7,CAR,2024-10-29 10:31:57.209804+04:00
6720816a249aa0e61b924c11,ZPCFKGUQ,CAR,2024-10-29 10:32:10.231041+04:00
6720825f458540bf43582db6,ZWVBV8C5,CAR,2024-10-29 10:36:15.569146+04:00
672082f8458540bf43582e25,LXXKM88M,CAR,2024-10-29 10:38:48.301088+04:00
6720835eb43124945d68400f,KGM6GF4Z,CAR,2024-10-29 10:40:30.915422+04:00
67208389458540bf43582e98,ELYUSLCN,CAR,2024-10-29 10:41:13.681506+04:00
67208768b43124945d68416c,S38R2SPX,CAR,2024-10-29 10:57:44.247333+04:00
672087a9201b74a72d05dd1e,TDW83X72,CAR,2024-10-29 10:58:49.898692+04:00
672088ac249aa0e61b924dde,4V8M3W63,CAR,2024-10-29 11:03:08.457871+04:00
672088c4bd187818bd3fb759,J99B3E6U,CAR,2024-10-29 11:03:32.536756+04:00
67208978bd187818bd3fb7e0,DKZN69XX,CAR,2024-10-29 11:06:32.210116+04:00
67208afeb43124945d6842ea,WHUKPN9B,CAR,2024-10-29 11:13:02.021972+04:00
67208b53458540bf43582fed,DX7UQS7P,CAR,2024-10-29 11:14:27.412907+04:00
67208c966ab8b3ea139050fc,UEDDDR7A,CAR,2024-10-29 11:19:50.524209+04:00
67208dd06ab8b3ea1390510c,4EHLZ5FD,CAR,2024-10-29 11:25:04.543361+04:00
67208e7a458540bf43583086,HLULRML7,CAR,2024-10-29 11:27:54.834395+04:00
67208e7fbd187818bd3fb8e8,33LMCP2Q,CAR,2024-10-29 11:27:59.052413+04:00
67208f7c2bb522cc7f967343,BXXARSXW,CAR,2024-10-29 11:32:12.621601+04:00
67209119d55d0c3602c96e27,ZA6SLS3G,CAR,2024-10-29 11:39:05.285923+04:00
67209186458540bf43583188,XQWGCJ4K,CAR,2024-10-29 11:40:54.845504+04:00
6720927ab43124945d6843b8,WSXNQ3ZB,CAR,2024-10-29 11:44:58.451432+04:00
672092a96ab8b3ea139051d2,D87G4DFH,CAR,2024-10-29 11:45:45.572513+04:00
67209427249aa0e61b9250e6,99CRXHPM,CAR,2024-10-29 11:52:07.894753+04:00
6720943d249aa0e61b9250f0,LML9D3BG,CAR,2024-10-29 11:52:29.553479+04:00
6720948fadc5b38815236472,V6MFPV9U,CAR,2024-10-29 11:53:51.313346+04:00
672096ca9c9e203174e1e2dd,A86N6TM9,CAR,2024-10-29 12:03:22.873509+04:00
6720972a458540bf435832be,8YFTE3J8,CAR,2024-10-29 12:04:58.930722+04:00
672099152f57a7f9a1f63e60,LR22VMVE,CAR,2024-10-29 12:13:09.812642+04:00
6720997f2f57a7f9a1f63e68,RCEY6NWU,CAR,2024-10-29 12:14:55.504781+04:00
67209b29adc5b388152364fd,XGDEY3VZ,CAR,2024-10-29 12:22:01.916740+04:00
67209bfe9c9e203174e1e401,A3CPKZEQ,CAR,2024-10-29 12:25:34.374825+04:00
67209f02458540bf43583469,NAJJY2FC,CAR,2024-10-29 12:38:26.636424+04:00
67209f50249aa0e61b925281,DN56PZM8,CAR,2024-10-29 12:39:44.133697+04:00
67209f5ffcd8a73e2ea994b7,MKMTQ6F7,CAR,2024-10-29 12:39:59.132790+04:00
6720a103249aa0e61b9253a1,9A2BH4JE,CAR,2024-10-29 12:46:59.659305+04:00
6720a113458540bf435834d2,T27LCLS9,CAR,2024-10-29 12:47:15.522764+04:00
6720a1c1be22f0b729495a9d,KL76L9NB,CAR,2024-10-29 12:50:09.542569+04:00
6720a27e9c9e203174e1e4af,NTLFCDZT,CAR,2024-10-29 12:53:18.350229+04:00
6720a30dbe22f0b729495b1a,3NGNVWSJ,CAR,2024-10-29 12:55:41.690346+04:00
6720a3a1fcd8a73e2ea995b1,9WXBM4S5,CAR,2024-10-29 12:58:09.662349+04:00
6720a3d5ebda0e9618cea470,NVNYVV9Q,CAR,2024-10-29 12:59:01.506871+04:00
6720a49e63a00b8f0d20cc3b,C2KGCQJC,CAR,2024-10-29 13:02:22.644196+04:00
6720a506fcd8a73e2ea99625,N8XR7D5H,CAR,2024-10-29 13:04:06.800066+04:00
6720a72bebda0e9618cea504,QAP67LLL,CAR,2024-10-29 13:13:15.221733+04:00
6720a83bbc9ce22cfec15b80,8TKG75JW,CAR,2024-10-29 13:17:47.355117+04:00
6720a83b2f57a7f9a1f63fa4,2TTZVBHE,CAR,2024-10-29 13:17:47.376866+04:00
6720a86ca17502d3dc4b09c2,4F4BSYRU,CAR,2024-10-29 13:18:36.462802+04:00
6720a8a9a17502d3dc4b0a2b,8PBWUCD5,CAR,2024-10-29 13:19:37.116397+04:00
6720aa08bc9ce22cfec15c00,Q8QRWBUM,CAR,2024-10-29 13:25:27.993237+04:00
6720aba9adc5b388152365bd,R7MA6642,CAR,2024-10-29 13:32:25.045851+04:00
6720ad25e725803768cbe4c0,A93NREU3,CAR,2024-10-29 13:38:45.578567+04:00
6720ad7063a00b8f0d20cd57,DACPB43A,CAR,2024-10-29 13:40:00.791303+04:00
6720ae72e725803768cbe4d0,WDYH2448,CAR,2024-10-29 13:44:18.955129+04:00
6720af39e725803768cbe4e3,T85QAKJ4,CAR,2024-10-29 13:47:37.308350+04:00
6720afb263a00b8f0d20cdcf,7Z5UHGKF,CAR,2024-10-29 13:49:38.591695+04:00
6720aff9720b6ace4215964a,NHT2HD2J,CAR,2024-10-29 13:50:49.930481+04:00
6720b0a2bc9ce22cfec15c4c,K3TGGAVK,CAR,2024-10-29 13:53:38.896794+04:00
6720b1c6cc3523fdfbb06c08,C6DKFKPK,CAR,2024-10-29 13:58:30.304330+04:00
6720b5b7cc3523fdfbb06c98,9CHDRGEQ,CAR,2024-10-29 14:15:19.050431+04:00
6720b63e720b6ace4215984b,SK4Q2H8G,CAR,2024-10-29 14:17:34.026138+04:00
6720ba213031099910ec1f15,D3D4XP5E,CAR,2024-10-29 14:34:09.657731+04:00
6720ba8f26ac19e523de12a1,N6QCV2AT,CAR,2024-10-29 14:35:59.764244+04:00
6720bbcabc9ce22cfec15d2f,TVEFKC8V,CAR,2024-10-29 14:41:14.109322+04:00
6720bc29a17502d3dc4b0bb0,XR6PFMAF,CAR,2024-10-29 14:42:49.171234+04:00
6720be55cd01181aa1d27a00,73ADX37U,CAR,2024-10-29 14:52:05.233604+04:00
6720bf2c720b6ace42159a41,2D6NMH2A,CAR,2024-10-29 14:55:40.302541+04:00
6720bf6094575390e4226bcb,9KNBAUFJ,CAR,2024-10-29 14:56:32.273500+04:00
6720bf877ef6e6f37ee40f4c,LEALGFD4,CAR,2024-10-29 14:57:11.962141+04:00
6720c004cc3523fdfbb06dae,355PKYAJ,CAR,2024-10-29 14:59:16.401724+04:00
6720c2a5720b6ace42159c54,VBGBFDDC,CAR,2024-10-29 15:10:29.564582+04:00
6720c33a103f253269b93200,5CDSRNHG,CAR,2024-10-29 15:12:58.339459+04:00
6720c34ce725803768cbe66e,5LLCP5BU,CAR,2024-10-29 15:13:16.063051+04:00
6720c3d1cd01181aa1d27adf,WJFC2TY2,CAR,2024-10-29 15:15:29.874521+04:00
6720c3f5103f253269b93237,D8CS6M49,CAR,2024-10-29 15:16:05.112290+04:00
6720c411e725803768cbe676,C7BMKHL4,CAR,2024-10-29 15:16:33.205612+04:00
6720c56f103f253269b932c0,SQ3T3PUL,CAR,2024-10-29 15:22:23.217520+04:00
6720c7a4740ca4978fe38efe,AZ7KHDYF,CAR,2024-10-29 15:31:48.214721+04:00
6720ca7a103f253269b933fa,SPA924TR,CAR,2024-10-29 15:43:54.050369+04:00
6720cb047ef6e6f37ee41104,KUVRKH5Y,CAR,2024-10-29 15:46:12.936818+04:00
6720cbcf740ca4978fe38f1a,WUUJ6G8G,CAR,2024-10-29 15:49:35.309056+04:00
6720cbe5816562a14338ffb0,WVNVLPQ4,CAR,2024-10-29 15:49:57.850797+04:00
6720cd32103f253269b9348b,XNXARHFZ,CAR,2024-10-29 15:55:30.072577+04:00
6720ce0f740ca4978fe38fc9,Q3TRDPVQ,CAR,2024-10-29 15:59:11.081251+04:00
6720ce54103f253269b93508,8NZTPE8H,CAR,2024-10-29 16:00:20.279593+04:00
6720ce79cc3523fdfbb06e7b,TCLZ22R5,CAR,2024-10-29 16:00:57.038236+04:00
6720ceb8103f253269b9357b,LSPKT4SC,CAR,2024-10-29 16:02:00.171620+04:00
6720d2c5816562a14339007e,Z5NMKM64,CAR,2024-10-29 16:19:17.374460+04:00
6720d3ca103f253269b936e2,ZFLSPJ6P,CAR,2024-10-29 16:23:38.075906+04:00
6720d4c4103f253269b93766,VNBVJUKC,CAR,2024-10-29 16:27:48.772764+04:00
6720d5fd103f253269b937df,JQ5RGJ53,CAR,2024-10-29 16:33:01.287403+04:00
6720da5c103f253269b938a4,4Z39F7EV,CAR,2024-10-29 16:51:40.137080+04:00
6720db338fc92d57fb406ee3,2BNH2Z6A,CAR,2024-10-29 16:55:15.459174+04:00
6720db858fc92d57fb406f4f,TYJ9TEBP,CAR,2024-10-29 16:56:37.589599+04:00
6720de96f3bf29dc5c9c7cc2,KPKZ3KPE,CAR,2024-10-29 17:09:42.341709+04:00
6720e1be103f253269b93964,G3YWG4GD,CAR,2024-10-29 17:23:10.520656+04:00
6720e246f3bf29dc5c9c7d67,PHLQLSM7,CAR,2024-10-29 17:25:26.698028+04:00
6720e7e9312263058744c9c9,7HJ7XVWR,CAR,2024-10-29 17:49:28.972781+04:00
6720e9dcf3bf29dc5c9c7ec5,KSEPJWRR,CAR,2024-10-29 17:57:48.890056+04:00
6720e9fbf3bf29dc5c9c7f35,UYRKRKKL,CAR,2024-10-29 17:58:19.487716+04:00
6720ed4e312263058744ca5e,QRGKP4FF,CAR,2024-10-29 18:12:30.822177+04:00
6720ed53ce929137ee0cf26d,3NLEH5ZM,CAR,2024-10-29 18:12:35.090999+04:00
6720ee8854efffdd366990af,Q662AS8M,CAR,2024-10-29 18:17:44.949165+04:00
6720efbbce929137ee0cf341,NLU6KL4N,CAR,2024-10-29 18:22:51.673409+04:00
6720f16cce929137ee0cf404,6U54FYJE,CAR,2024-10-29 18:30:04.751988+04:00
6720f25cce929137ee0cf415,U9GTTLQS,CAR,2024-10-29 18:34:04.393865+04:00
6720f81fd1d7fe99c9a364f9,G5NZ744S,CAR,2024-10-29 18:58:39.370673+04:00
6720f882d1d7fe99c9a3656c,9PXAUB3A,CAR,2024-10-29 19:00:18.311704+04:00
6720fac0d1d7fe99c9a365f7,3CXYWHKE,CAR,2024-10-29 19:09:52.557314+04:00
6720fb59ce929137ee0cf500,GNEDE9BK,CAR,2024-10-29 19:12:25.961505+04:00
6720fc8005fa79b7b5d4e9a9,QSBW9JBG,CAR,2024-10-29 19:17:20.033489+04:00
6720fe8ece929137ee0cf5a2,UYEALDZG,CAR,2024-10-29 19:26:06.929034+04:00
6721008d7a33375fe9bf51b1,6N7KDBLH,CAR,2024-10-29 19:34:37.246355+04:00
67210114ce929137ee0cf6ae,VJV64FKT,CAR,2024-10-29 19:36:52.246125+04:00
672105530dd4a69e9d9efc88,KUXZ8JMV,CAR,2024-10-29 19:54:59.715433+04:00
6721099580ace3e26894b3cf,SQCQVRFQ,CAR,2024-10-29 20:13:09.811137+04:00
672109e980ace3e26894b408,R7Q4Q2MY,CAR,2024-10-29 20:14:33.449378+04:00
67210b45550e4184b09f64df,KSL5A7VZ,CAR,2024-10-29 20:20:21.547087+04:00
67210ce6d1d7fe99c9a36711,BXY8B37H,CAR,2024-10-29 20:27:18.257729+04:00
67210fd8d1d7fe99c9a367c6,Z9FJNBG6,CAR,2024-10-29 20:39:52.793655+04:00
67212aeb0dd4a69e9d9efd4d,RA76ETKU,CAR,2024-10-29 22:35:23.644237+04:00
67212bdd0dd4a69e9d9efdc4,H56PU7XD,CAR,2024-10-29 22:39:25.559439+04:00
672136dfce929137ee0cf937,3CCUDUFW,CAR,2024-10-29 23:26:23.863344+04:00
67213fb00dd4a69e9d9efe70,U7G78WNE,CAR,2024-10-30 00:04:00.628161+04:00
6721411d05fa79b7b5d4ea9b,V8RWQ2GS,CAR,2024-10-30 00:10:05.723083+04:00
67219b6a80ace3e26894b76c,AEPPU5MP,CAR,2024-10-30 06:35:22.819698+04:00
6721a5ab05fa79b7b5d4eb3e,RX6MHSMM,CAR,2024-10-30 07:19:07.792361+04:00
6721a9da80ace3e26894b821,2THMQAEM,CAR,2024-10-30 07:36:58.639748+04:00
6721aacb6195a5f1305fe9d8,YJBC8W9L,CAR,2024-10-30 07:40:59.790130+04:00
6721ae90de28cec31cf8588a,Y6YSTNL5,CAR,2024-10-30 07:57:04.119471+04:00
6721af336bc0741bfc387d6c,SV8WQFCV,CAR,2024-10-30 07:59:47.448646+04:00
6721af9a05fa79b7b5d4ebca,AM3BLYAX,CAR,2024-10-30 08:01:30.506125+04:00
6721b1b454efffdd366992fc,7HLEPLW7,CAR,2024-10-30 08:10:28.204281+04:00
6721b1c205fa79b7b5d4ecf2,CFWA4DTC,CAR,2024-10-30 08:10:42.628918+04:00
6721b1cdd1d7fe99c9a36932,2FG3P2LB,CAR,2024-10-30 08:10:53.860150+04:00
6721b2ddd1d7fe99c9a3697b,PD3JTDS6,CAR,2024-10-30 08:15:25.063984+04:00
6721b75b05fa79b7b5d4ed6f,MPY72ZD9,CAR,2024-10-30 08:34:35.214166+04:00
6721bce1d1d7fe99c9a36a49,ULFY6TBX,CAR,2024-10-30 08:58:09.349196+04:00
6721bfdfe278e3271e2a05ea,G26MRKH3,CAR,2024-10-30 09:10:55.622927+04:00
6721c27b6bc0741bfc387f9a,N2H9FLKQ,CAR,2024-10-30 09:22:03.104003+04:00
6721c2aee278e3271e2a06c8,BLR3L9TR,CAR,2024-10-30 09:22:54.422095+04:00
6721c3cfe278e3271e2a0767,7NMT934S,CAR,2024-10-30 09:27:43.523022+04:00
6721c4b2550e4184b09f65b0,6QGRQ3BZ,CAR,2024-10-30 09:31:30.639269+04:00
6721c53cd1d7fe99c9a36a5d,QXAPEWZX,CAR,2024-10-30 09:33:48.031490+04:00
6721c53fe278e3271e2a0820,B43NNYAW,CAR,2024-10-30 09:33:51.528094+04:00
6721c6b1336a4d65024d1bb1,EEVJ62MJ,CAR,2024-10-30 09:40:01.809801+04:00
6721c73cd1d7fe99c9a36b1e,CASQBPGS,CAR,2024-10-30 09:42:20.315250+04:00
6721c82a336a4d65024d1c49,F677UNMT,CAR,2024-10-30 09:46:18.790383+04:00
6721c8a74a65862ce8d884cd,KA9J9WHN,CAR,2024-10-30 09:48:23.157374+04:00
6721c8bb54efffdd366993fc,LKLNDV3J,CAR,2024-10-30 09:48:43.716437+04:00
6721c9156bc0741bfc38814e,4U2RC7K8,CAR,2024-10-30 09:50:13.540388+04:00
6721ca5405fa79b7b5d4eec0,A9CUBK59,CAR,2024-10-30 09:55:32.521255+04:00
6721ca8705fa79b7b5d4ef2c,LDGCK8JG,CAR,2024-10-30 09:56:23.204258+04:00
6721cb90550e4184b09f65f1,D4JR4UXY,CAR,2024-10-30 10:00:47.981635+04:00
6721cccbd1d7fe99c9a36bcd,GARSX3LC,CAR,2024-10-30 10:06:03.497435+04:00
6721cd0cd1d7fe99c9a36c42,N5YSA9QV,CAR,2024-10-30 10:07:08.252894+04:00
6721cd4a4a65862ce8d88514,U52WWRWL,CAR,2024-10-30 10:08:10.815395+04:00
6721d0164a65862ce8d885a0,9FAX2JZ4,CAR,2024-10-30 10:20:06.280475+04:00
6721d070d37cbcc72ab8ab3e,L93Z77VR,CAR,2024-10-30 10:21:36.415490+04:00
6721d11cd37cbcc72ab8abba,G7J8J6N6,CAR,2024-10-30 10:24:28.559768+04:00
6721d13bd37cbcc72ab8ac34,VU8BBH4E,CAR,2024-10-30 10:24:59.330613+04:00
6721d1f523da2958316eeac9,2CPUXFYN,CAR,2024-10-30 10:28:04.997455+04:00
6721d28c4a65862ce8d8861a,WTZ7N6NF,CAR,2024-10-30 10:30:36.317267+04:00
6721d49c945f8333deb2877d,SD5KG29X,CAR,2024-10-30 10:39:24.324948+04:00
6721d5b295b3fc93a13db2f9,JUVE48Y2,CAR,2024-10-30 10:44:02.262507+04:00
6721d5cad6113a306b716a86,N7WR8S6S,CAR,2024-10-30 10:44:26.596534+04:00
6721d66c23da2958316eeb91,W8NQC9QH,CAR,2024-10-30 10:47:08.766110+04:00
6721d6ac54efffdd36699525,NV8Z53GE,CAR,2024-10-30 10:48:12.481468+04:00
6721d71095b3fc93a13db374,8U5LDS4K,CAR,2024-10-30 10:49:52.171063+04:00
6721d72b945f8333deb28800,5ZKK833S,CAR,2024-10-30 10:50:19.461840+04:00
6721d82323da2958316eec2b,TVJ64V74,CAR,2024-10-30 10:54:27.137528+04:00
6721d963d37cbcc72ab8ad76,7UQWRWDS,CAR,2024-10-30 10:59:47.568771+04:00
6721d985945f8333deb28897,N6APWZSP,CAR,2024-10-30 11:00:21.618378+04:00
6721dc87945f8333deb2894d,QRVGWQ55,CAR,2024-10-30 11:13:11.829258+04:00
6721dd7ad6113a306b716add,YMJCSDYQ,CAR,2024-10-30 11:17:14.082814+04:00
6721ddbb945f8333deb289cb,QDRHZLQH,CAR,2024-10-30 11:18:19.425275+04:00
6721e03623da2958316eedca,CL7BAWUX,CAR,2024-10-30 11:28:54.712513+04:00
6721e042d37cbcc72ab8ae71,EZY2TP8Q,CAR,2024-10-30 11:29:06.326164+04:00
6721e0d454efffdd36699700,WV9MMTPY,CAR,2024-10-30 11:31:32.486494+04:00
6721e20cd6113a306b716ba7,A6CWWC2S,CAR,2024-10-30 11:36:44.968137+04:00
6721e39f945f8333deb28a74,VSY487M5,CAR,2024-10-30 11:43:27.740205+04:00
6721e48f550e4184b09f66b1,225JNCCP,CAR,2024-10-30 11:47:27.529997+04:00
6721e5234a65862ce8d88725,ECZDSELT,CAR,2024-10-30 11:49:55.599926+04:00
6721e5484a65862ce8d88794,X3ZMDSYL,CAR,2024-10-30 11:50:32.551390+04:00
6721e78054efffdd36699809,89PWQ34M,CAR,2024-10-30 12:00:00.179859+04:00
6721e7dd945f8333deb28d36,NBHVJRCM,CAR,2024-10-30 12:01:33.525647+04:00
6721e87e945f8333deb28dc0,TE9QAZAP,CAR,2024-10-30 12:04:14.528918+04:00
6721e886550e4184b09f673b,PAJTFWBJ,CAR,2024-10-30 12:04:22.210787+04:00
6721e8a754efffdd3669987e,VS8NECUY,CAR,2024-10-30 12:04:55.047493+04:00
6721e9c2945f8333deb28e65,HDLBM6DA,CAR,2024-10-30 12:09:38.247791+04:00
6721eb5b2fe3bfcfb6a77ac6,5S3URB92,CAR,2024-10-30 12:16:26.943567+04:00
6721ebd354efffdd36699991,L9S9GP5F,CAR,2024-10-30 12:18:27.504539+04:00
6721ebec945f8333deb28f79,MKPUCL2M,CAR,2024-10-30 12:18:52.016261+04:00
6721ec3f54efffdd36699a01,TARY8PQW,CAR,2024-10-30 12:20:15.616497+04:00
6721ec8b23da2958316ef2e3,JAPLX43F,CAR,2024-10-30 12:21:31.067264+04:00
6721ecab4a65862ce8d88833,BFE69AU3,CAR,2024-10-30 12:22:03.169265+04:00
6721ed8d945f8333deb29001,4XKVWCZ2,CAR,2024-10-30 12:25:49.113076+04:00
6721edd82b603eaaae159cd8,5GVS8RKW,CAR,2024-10-30 12:27:04.283519+04:00
6721ee2314618828aef700c9,TBWJSSF3,CAR,2024-10-30 12:28:19.036999+04:00
6721f0412b603eaaae159e32,ADDJPDDG,CAR,2024-10-30 12:37:21.694520+04:00
6721f1742b603eaaae159e47,49V28CQJ,CAR,2024-10-30 12:42:28.300791+04:00
6721f1b74a65862ce8d888d8,8QPSGUXK,CAR,2024-10-30 12:43:35.537926+04:00
6721f2832fe3bfcfb6a77af4,8ZRYVKBP,CAR,2024-10-30 12:46:59.471762+04:00
6721f36014618828aef701ac,V789Y8YX,CAR,2024-10-30 12:50:40.519248+04:00
6721f47a14618828aef70225,AVVD6A3Z,CAR,2024-10-30 12:55:22.956399+04:00
6721f4d852f782d01e560b2c,3D72UJSW,CAR,2024-10-30 12:56:56.273219+04:00
6721f56facd9d82c9faf7b75,FLTC2443,CAR,2024-10-30 12:59:27.246116+04:00
6721f6064a65862ce8d88a6c,SSWCASW7,CAR,2024-10-30 13:01:58.662093+04:00
6721f70114618828aef702f7,8A6DEMFU,CAR,2024-10-30 13:06:09.822067+04:00
6721fbf252f782d01e560d77,GMXAL8LA,CAR,2024-10-30 13:27:14.276626+04:00
6721fc322fe3bfcfb6a77c00,SFBLZFGH,CAR,2024-10-30 13:28:18.891895+04:00
6721fe8652f782d01e560db1,GS29SL3T,CAR,2024-10-30 13:38:14.720972+04:00
6721ff07acd9d82c9faf7cc5,6TR3NMH6,CAR,2024-10-30 13:40:23.298675+04:00
672201352b603eaaae159f9e,XXFKKWP7,CAR,2024-10-30 13:49:41.425870+04:00
67220275f6f0a7acd69dd4f6,MREAKH56,CAR,2024-10-30 13:55:01.375085+04:00
6722030bf6f0a7acd69dd571,PKCWLY9Q,CAR,2024-10-30 13:57:31.042338+04:00
6722046ef6f0a7acd69dd61a,ZKYUSKG5,CAR,2024-10-30 14:03:26.119473+04:00
67220684635a00d050fa89ad,ZJ3U3CZS,CAR,2024-10-30 14:12:20.656684+04:00
67220735f6f0a7acd69dd6b0,694HHLT9,CAR,2024-10-30 14:15:17.870813+04:00
672208b804fc558eb888adfe,QJCUAQW5,CAR,2024-10-30 14:21:44.385131+04:00
67220900a0edbff63b68afe3,MRF3WLUK,CAR,2024-10-30 14:22:56.152761+04:00
67220a2ca0edbff63b68b05d,9PNQJPBE,CAR,2024-10-30 14:27:56.140550+04:00
67220a4c635a00d050fa8a52,P86UGH3T,CAR,2024-10-30 14:28:28.163875+04:00
67220ac6635a00d050fa8ac7,UWJH5ZWB,CAR,2024-10-30 14:30:30.551947+04:00
67220b4ecca6dc2eab484f43,VMX4RZCG,CAR,2024-10-30 14:32:46.028468+04:00
67220cb60420ba107559ec31,JYTX7TRT,CAR,2024-10-30 14:38:46.041947+04:00
67220cf1ed17764d8b8b61ac,LC5TU5SZ,CAR,2024-10-30 14:39:45.528532+04:00
67220e14635a00d050fa8b1e,U3XK6DG4,CAR,2024-10-30 14:44:36.204093+04:00
67220f5ed5405d1eef58ddc8,W3FBLFHG,CAR,2024-10-30 14:50:06.767353+04:00
67220fe0635a00d050fa8bb8,69YX6DSS,CAR,2024-10-30 14:52:16.201177+04:00
6722127acddc702130586ba1,NY63KQPK,CAR,2024-10-30 15:03:22.463231+04:00
672212cecddc702130586c40,U9S9D4YG,CAR,2024-10-30 15:04:46.821678+04:00
67221324a0edbff63b68b2a7,MJHB9P2U,CAR,2024-10-30 15:06:12.449881+04:00
67221353ed17764d8b8b62bb,KMY4BTAR,CAR,2024-10-30 15:06:59.524803+04:00
672218bc635a00d050fa8e71,7TMT2FK8,CAR,2024-10-30 15:30:04.105084+04:00
67221cfefb345b9fc3ee3d90,Y2GP5D8V,CAR,2024-10-30 15:48:14.591646+04:00
67221d10cca6dc2eab4850e1,WVLGF9TY,CAR,2024-10-30 15:48:32.626011+04:00
67221d59d5405d1eef58df37,DD4UDTYL,CAR,2024-10-30 15:49:44.975569+04:00
67221e30cddc702130586cd8,WV8PPYLU,CAR,2024-10-30 15:53:20.567885+04:00
67221f1dfb345b9fc3ee3e19,F2MZHCVU,CAR,2024-10-30 15:57:17.563175+04:00
67221f7cd5405d1eef58e067,JGM3AGVC,CAR,2024-10-30 15:58:52.313719+04:00
67222065d5405d1eef58e0e6,JENGFGX8,CAR,2024-10-30 16:02:45.090273+04:00
672222cb6adcc8a19095e56e,ELF9BFZ2,CAR,2024-10-30 16:12:59.495460+04:00
67222350d5405d1eef58e1eb,TPWCPPKH,CAR,2024-10-30 16:15:12.833963+04:00
672225d66adcc8a19095e5d5,D9ZBUZLA,CAR,2024-10-30 16:25:58.075450+04:00
672227066adcc8a19095e63f,MTNCY33X,CAR,2024-10-30 16:31:02.370922+04:00
672227e292d5f5f3679a6929,34Z6NACW,CAR,2024-10-30 16:34:41.992144+04:00
67222948d5405d1eef58e331,KS9MWSGY,CAR,2024-10-30 16:40:40.698311+04:00
67222aeaa1489e60092c33fc,FCAREMJN,CAR,2024-10-30 16:47:38.217572+04:00
67222bd592d5f5f3679a69d0,T2HCQB52,CAR,2024-10-30 16:51:33.238344+04:00
67222c93fb345b9fc3ee3fb3,KNNP8K77,CAR,2024-10-30 16:54:43.463413+04:00
67222f64a1489e60092c34bc,J9MSFYJP,CAR,2024-10-30 17:06:44.199651+04:00
67222fada1489e60092c3530,AWFS9L2N,CAR,2024-10-30 17:07:57.081617+04:00
6722310cfb345b9fc3ee408e,EU6BUG73,CAR,2024-10-30 17:13:48.677736+04:00
6722341fa415341682b6e36d,QCVJTXTL,CAR,2024-10-30 17:26:55.180209+04:00
672234a8cddc702130586d8b,E3ZSMQ3V,CAR,2024-10-30 17:29:12.302136+04:00
67223819fb345b9fc3ee411c,ZSEJY73K,CAR,2024-10-30 17:43:53.644626+04:00
67223853ea9f520e47d68fbf,6AC3D2BG,CAR,2024-10-30 17:44:51.087915+04:00
67223bbe92d5f5f3679a6a57,T259PRHY,CAR,2024-10-30 17:59:26.414284+04:00
67223c62a1489e60092c3688,ZWJS4H4C,CAR,2024-10-30 18:02:10.013764+04:00
6722424bea9f520e47d690a6,LGAZFX3F,CAR,2024-10-30 18:27:23.123884+04:00
672248dccfd08ac7efebecb6,L927CY6F,CAR,2024-10-30 18:55:24.072737+04:00
672248f91343890ca95b29aa,KVASJF4Q,CAR,2024-10-30 18:55:53.906134+04:00
67224a3aea9f520e47d6916f,6SB6SF2Y,CAR,2024-10-30 19:01:14.147800+04:00
67224d7af3da23fa09d815c3,HLCNFAC9,CAR,2024-10-30 19:15:06.830014+04:00
67225058cfd08ac7efebee21,BVRFVR8E,CAR,2024-10-30 19:27:20.465731+04:00
67225cef92487a782783775b,6N4BUH6Z,CAR,2024-10-30 20:21:03.650664+04:00
67225e4eb2976eaaaec13d23,MU464KHF,CAR,2024-10-30 20:26:54.160225+04:00
67225f2ccddc702130586f11,FQB9RB3N,CAR,2024-10-30 20:30:36.967106+04:00
67226d394aaaa35c5ad3a3e3,488Q6DAG,CAR,2024-10-30 21:30:33.565497+04:00
67226f1077c4502c8d06edc8,JBECXZLL,CAR,2024-10-30 21:38:24.477207+04:00
67227073128ea2bf6129c653,7MRMNX7K,CAR,2024-10-30 21:44:19.913377+04:00
672272b42603d3bf84bc3389,RE9DFBWW,CAR,2024-10-30 21:53:56.506591+04:00
67227aee2603d3bf84bc3421,YHJU6Q32,CAR,2024-10-30 22:29:02.306089+04:00
67227cf777c4502c8d06ee60,BCMHMQA8,CAR,2024-10-30 22:37:42.992290+04:00
67227f3f23ff5202fc37a735,AJS2LS6Z,CAR,2024-10-30 22:47:27.929889+04:00
6722b47923ff5202fc37a8e4,SCZKKUMQ,CAR,2024-10-31 02:34:33.757476+04:00
67230777b2976eaaaec14200,38RN7VKJ,CAR,2024-10-31 08:28:39.700074+04:00
67230c1a0173046ba3dc97bf,9EA7S3H8,CAR,2024-10-31 08:48:26.611227+04:00
67230ea82d58e2b963a65632,ERDXNSRD,CAR,2024-10-31 08:59:20.470499+04:00
672311ad0173046ba3dc984e,BBGELVYL,CAR,2024-10-31 09:12:13.622341+04:00
672311af2d58e2b963a656a6,2PU7QJWJ,CAR,2024-10-31 09:12:15.386574+04:00
6723131f2d58e2b963a6572c,LRYAW3NW,CAR,2024-10-31 09:18:23.075870+04:00
6723145dd971e2b2e1e5aeb8,33K6ACWR,CAR,2024-10-31 09:23:41.376334+04:00
67231462d971e2b2e1e5aebc,7L78DSF8,CAR,2024-10-31 09:23:46.867765+04:00
67231928cd6063daf24a9b45,2D8LHHP3,CAR,2024-10-31 09:44:08.494098+04:00
672319676bfacd51f342ef12,3QP6VJ9M,CAR,2024-10-31 09:45:11.492757+04:00
67231a012d58e2b963a65892,BG98PBJX,CAR,2024-10-31 09:47:45.588772+04:00
67231e702d58e2b963a65a31,E3FZ6BWY,CAR,2024-10-31 10:06:40.476974+04:00
67231f33d971e2b2e1e5b1a5,QZ8XALSG,CAR,2024-10-31 10:09:55.082060+04:00
67232050e4130029fdf919bc,QGSXHBFG,CAR,2024-10-31 10:14:40.166870+04:00
672320e0e4130029fdf91a5e,WUNUVWWQ,CAR,2024-10-31 10:17:04.800920+04:00
67232257cd6063daf24a9bb5,SEXCMJ7N,CAR,2024-10-31 10:23:19.657302+04:00
67232272e4130029fdf91ade,GUQJG6QG,CAR,2024-10-31 10:23:46.854227+04:00
67232477e4130029fdf91be0,5NCDZ639,CAR,2024-10-31 10:32:23.885183+04:00
6723250c6409bf83714874b2,E5Y7Q2W5,CAR,2024-10-31 10:34:52.844829+04:00
6723266a31086935304ce4dc,VJH6VNV4,CAR,2024-10-31 10:40:42.361465+04:00
67232829a5df07f6c2b1c52c,3KF7FYWL,CAR,2024-10-31 10:48:09.032230+04:00
672328dcdb79d25b33d1ba3c,NTZRLAYC,CAR,2024-10-31 10:51:08.032894+04:00
6723290131086935304ce532,62FFX7UD,CAR,2024-10-31 10:51:45.471430+04:00
67232a4a6409bf837148754b,3UYWHX6C,CAR,2024-10-31 10:57:14.377843+04:00
67232a8c31086935304ce5b1,YV9D78HB,CAR,2024-10-31 10:58:20.402708+04:00
67232b5f6409bf837148761c,B2VLF5Z6,CAR,2024-10-31 11:01:51.401784+04:00
67232d6ba5df07f6c2b1c691,R4WTNKLP,CAR,2024-10-31 11:10:35.046442+04:00
67232db6a5df07f6c2b1c6ff,JRUJ9TJU,CAR,2024-10-31 11:11:50.275370+04:00
6723306ea5df07f6c2b1c71a,QYWW3383,CAR,2024-10-31 11:23:26.023017+04:00
672330dd6bfacd51f342f06a,4XQP76AG,CAR,2024-10-31 11:25:17.865502+04:00
67233282a5df07f6c2b1c7ab,Q2XJ9AYP,CAR,2024-10-31 11:32:18.365185+04:00
672336a7196d1eb1e3f6a47f,U5VKLPSB,CAR,2024-10-31 11:49:59.460475+04:00
6723394de07926eef4149a88,MY6N57JE,CAR,2024-10-31 12:01:17.295095+04:00
672339663bb4e2413343152d,3AV8H5SU,CAR,2024-10-31 12:01:42.291564+04:00
67233a94196d1eb1e3f6a553,388T8LJ9,CAR,2024-10-31 12:06:44.062434+04:00
67233adc196d1eb1e3f6a5bd,7YE5B7XQ,CAR,2024-10-31 12:07:56.602790+04:00
67233b6de07926eef4149a96,CRGREYZA,CAR,2024-10-31 12:10:21.029700+04:00
67233ba6196d1eb1e3f6a661,4WNJUMLR,CAR,2024-10-31 12:11:18.862668+04:00
67233bb9e07926eef4149b0a,ZQU6GZQV,CAR,2024-10-31 12:11:37.926918+04:00
67233dcbc0dc5dfe359c12da,N6WAF64T,CAR,2024-10-31 12:20:27.760154+04:00
67233feabc51e244550a2207,KN4NPV6M,CAR,2024-10-31 12:29:30.854702+04:00
6723417453f62400c5cd5bc5,C5VK2XUH,CAR,2024-10-31 12:36:04.145825+04:00
672341b553f62400c5cd5c36,2Y3XUC42,CAR,2024-10-31 12:37:09.283327+04:00
6723427d53f62400c5cd5ca5,XR5MXRE3,CAR,2024-10-31 12:40:29.948133+04:00
6723435633dec2cf7f4d3f3b,S4226EVV,CAR,2024-10-31 12:44:06.483090+04:00
672346931343890ca95b2aa5,95CSRXBX,CAR,2024-10-31 12:57:55.620398+04:00
672347c033dec2cf7f4d3f86,PVAB4TAG,CAR,2024-10-31 13:02:56.489682+04:00
67234a53623782d3bfacf9fb,DS3GJNY9,CAR,2024-10-31 13:13:55.000636+04:00
67234c39bc51e244550a242b,4LE54AAY,CAR,2024-10-31 13:22:01.427139+04:00
67234e5cc0dc5dfe359c1536,E45D36YC,CAR,2024-10-31 13:31:08.946816+04:00
67234fc8c314bb3e28f4b2e0,GQTELYNG,CAR,2024-10-31 13:37:12.601557+04:00
6723506cb33d1e2c12c9a218,ETGZMAQN,CAR,2024-10-31 13:39:56.484124+04:00
6723557d623782d3bfacfac4,HTLD3WFQ,CAR,2024-10-31 14:01:33.541749+04:00
67235605b33d1e2c12c9a2ff,E6X9BAX8,CAR,2024-10-31 14:03:49.954586+04:00
67235b8e9e87c0bbc56fc089,WRQ96T9J,CAR,2024-10-31 14:27:26.352304+04:00
67235c859e87c0bbc56fc105,JNSZ8LAU,CAR,2024-10-31 14:31:33.224306+04:00
67235e8abc51e244550a2549,SJ4JHV3Q,CAR,2024-10-31 14:40:10.099610+04:00
67235f74e07926eef4149dcf,QTQDTWX5,CAR,2024-10-31 14:44:04.515981+04:00
67235fe19e87c0bbc56fc18e,KY7YARHV,CAR,2024-10-31 14:45:53.364893+04:00
672362a79e87c0bbc56fc1b5,STXFX6KX,CAR,2024-10-31 14:57:43.281515+04:00
6723652cb33d1e2c12c9a453,67KZCGQQ,CAR,2024-10-31 15:08:28.680600+04:00
67236974abccce93457421f9,FD8DRL99,CAR,2024-10-31 15:26:44.535428+04:00
67236c5821f50164541be278,ZXEFPZXX,CAR,2024-10-31 15:39:04.561343+04:00
67236cd921f50164541be283,G2FETPJ6,CAR,2024-10-31 15:41:13.169808+04:00
67236d6623825bf73571f8ab,XJF2652V,CAR,2024-10-31 15:43:34.435648+04:00
6723711323825bf73571f9d9,5J2KNBLW,CAR,2024-10-31 15:59:15.526782+04:00
67237362b33d1e2c12c9a62d,DL4BFXFA,CAR,2024-10-31 16:09:06.295812+04:00
672373a48e8e025be630e704,SVGCFX5K,CAR,2024-10-31 16:10:12.588378+04:00
6723757814e8578a9c84ac9d,ZQ7VWRLB,CAR,2024-10-31 16:18:00.598479+04:00
672376b8abccce93457422b7,AAJNDEFN,CAR,2024-10-31 16:23:20.018127+04:00
672376eaabccce9345742323,A9A6GEE9,CAR,2024-10-31 16:24:10.280870+04:00
6723773e23825bf73571fa4f,R5JCPS82,CAR,2024-10-31 16:25:34.220374+04:00
6723787efcb2a0f8209a9ec9,PJX3YVFG,CAR,2024-10-31 16:30:54.052553+04:00
6723793a14e8578a9c84ae40,SVYAG5W4,CAR,2024-10-31 16:34:02.395747+04:00
6723794a5ef1fcd23b9034b6,9CFMR5QC,CAR,2024-10-31 16:34:18.609190+04:00
67237ba1623782d3bfacfbb9,Z8NVD839,CAR,2024-10-31 16:44:17.056204+04:00
6723813014e8578a9c84af3a,EXJUYG6H,CAR,2024-10-31 17:08:00.371049+04:00
6723830a8e8e025be630e798,M4FUW3CR,CAR,2024-10-31 17:15:54.847313+04:00
672383d2a2a8444bd1fd7fb4,6NVAW2QY,CAR,2024-10-31 17:19:14.457550+04:00
6723874dabccce93457424bb,UPB56LMS,CAR,2024-10-31 17:34:05.686388+04:00
67238a427f1f5d41c4b599aa,GAWJFMJF,CAR,2024-10-31 17:46:42.099169+04:00
67238a5f21f50164541be5f4,YFLJBMTC,CAR,2024-10-31 17:47:11.790695+04:00
67238a74c4dd5d08a2e46b5a,RHF66QVC,CAR,2024-10-31 17:47:32.608335+04:00
67238cc1ce3b64cd3604bc95,PZNYNLK5,CAR,2024-10-31 17:57:21.490210+04:00
67238f2cce3b64cd3604bd0d,34XCAS6W,CAR,2024-10-31 18:07:40.337617+04:00
67238f43a0dbb42997f6e9d0,HYRXH8FT,CAR,2024-10-31 18:08:03.655635+04:00
67239008cb695cb5ed1de302,JWWYPBSE,CAR,2024-10-31 18:11:20.393378+04:00
67239076a0dbb42997f6e9d9,8SVVKN6V,CAR,2024-10-31 18:13:10.672640+04:00
67239124cb695cb5ed1de38c,24ULG353,CAR,2024-10-31 18:16:04.363239+04:00
67239447acd05c48bdd98fd5,E8T3DFWG,CAR,2024-10-31 18:29:27.318136+04:00
6723944bcb695cb5ed1de4c9,5EU698ZF,CAR,2024-10-31 18:29:31.581306+04:00
672394c5acd05c48bdd99037,THWF4GAT,CAR,2024-10-31 18:31:33.502948+04:00
67239599cb695cb5ed1de578,F7N5UN62,CAR,2024-10-31 18:35:05.523633+04:00
67239e5d9ff5f54f812cc80c,T4QG6Z3T,CAR,2024-10-31 19:12:29.326546+04:00
6723a49bc52412ad96772b38,A8ZKLSA5,CAR,2024-10-31 19:39:06.973755+04:00
6723a8cac52412ad96772b72,JVCC3E4P,CAR,2024-10-31 19:56:58.690869+04:00
6723ab7aacd05c48bdd9912c,77HSHQSL,CAR,2024-10-31 20:08:26.583930+04:00
6723b272a23d0ec11db26e80,LD5JM335,CAR,2024-10-31 20:38:10.203910+04:00
6723b732dbf2d84696a3fed5,67EKV6LU,CAR,2024-10-31 20:58:26.741648+04:00
6723b76f1a53e5321d6840df,P9JBG4PF,CAR,2024-10-31 20:59:27.813272+04:00
6723bb7b4787c019d6c0e915,C57ZU9DH,CAR,2024-10-31 21:16:43.459916+04:00
6723c0cae08e81c42e564870,S8MFXX7F,CAR,2024-10-31 21:39:22.477381+04:00
6723c192dbf2d84696a3ff26,W3H9BEWR,CAR,2024-10-31 21:42:42.600190+04:00
6723c7d4572d94f458adc502,BZD57YGF,CAR,2024-10-31 22:09:24.563622+04:00
6723c84b6f0803727d023c6c,QNGSZS3P,CAR,2024-10-31 22:11:23.455412+04:00
6723c90b74f859dfa9e78f87,PGGWVBGD,CAR,2024-10-31 22:14:35.722551+04:00
6723ca5ee08e81c42e564a00,8KE3TKM7,CAR,2024-10-31 22:20:14.301900+04:00
6723d7f6be8ce2be5dea8cb6,5PVFRZ73,CAR,2024-10-31 23:18:14.454781+04:00
67240a586492a422b859e533,YGH4N69S,CAR,2024-11-01 02:53:12.561918+04:00
67244cad22d6b2078c269843,M693H8YT,CAR,2024-11-01 07:36:13.725252+04:00
6724565f22d6b2078c269921,ELBBMCBM,CAR,2024-11-01 08:17:35.556160+04:00
67245678f47ca7b636e7432c,AA6KVCQX,CAR,2024-11-01 08:18:00.459546+04:00
67245df7f1e3199ad1419696,BPANM697,CAR,2024-11-01 08:49:59.339993+04:00
672460d722d6b2078c269a17,G2HJ56DD,CAR,2024-11-01 09:02:15.747229+04:00
672461bcf1e3199ad14196bd,MRB8YRYA,CAR,2024-11-01 09:06:04.335677+04:00
672462801fe4b11872f19d05,R3KSG7YE,CAR,2024-11-01 09:09:20.113539+04:00
6724634922d6b2078c269aae,RZCE6L56,CAR,2024-11-01 09:12:41.185275+04:00
6724675f22d6b2078c269b96,7VF7J3RJ,CAR,2024-11-01 09:30:07.300936+04:00
67246b653be79ef2c5024f19,GW5KTEUS,CAR,2024-11-01 09:47:17.161014+04:00
67246c8935fe5658e62608bf,LCCTQT6E,CAR,2024-11-01 09:52:09.450127+04:00
67246c89bbbaa7e18812d714,AT8TSLH2,CAR,2024-11-01 09:52:09.770042+04:00
67246dc3bbbaa7e18812d7f2,4HEGQBSW,CAR,2024-11-01 09:57:23.816169+04:00
672473fff1e3199ad1419bf3,JVGK9JZW,CAR,2024-11-01 10:23:59.901312+04:00
67247445bbbaa7e18812d89a,VULDUXEA,CAR,2024-11-01 10:25:09.516011+04:00
6724761df1e3199ad1419c74,5A64YRJ7,CAR,2024-11-01 10:33:01.710474+04:00
672476c9f1e3199ad1419cef,GH6VCRN9,CAR,2024-11-01 10:35:53.085121+04:00
67247751bbbaa7e18812d943,SCH4DR5N,CAR,2024-11-01 10:38:09.287994+04:00
672479cef1e3199ad1419e42,A4VQ6H6S,CAR,2024-11-01 10:48:46.571226+04:00
67247a3e22d6b2078c269d6b,CWD2YMZE,CAR,2024-11-01 10:50:38.061802+04:00
67247b26b6d81f13f61e39cb,5DXXDYFJ,CAR,2024-11-01 10:54:30.628693+04:00
67247c4ebbbaa7e18812db29,WE3B6KPB,CAR,2024-11-01 10:59:26.159169+04:00
67247ea7b6d81f13f61e3ae9,6NXRF837,CAR,2024-11-01 11:09:26.975883+04:00
672481b73be79ef2c5024fca,4R5ZR6P9,CAR,2024-11-01 11:22:31.925004+04:00
672483ebf1e3199ad141a02d,ACY6JM29,CAR,2024-11-01 11:31:55.614015+04:00
6724859fb6d81f13f61e3c0e,Z9GW2XJD,CAR,2024-11-01 11:39:11.896020+04:00
6724866bf47ca7b636e74549,ZYQA853B,CAR,2024-11-01 11:42:35.098772+04:00
67248699b6d81f13f61e3cb9,V8CUL7TE,CAR,2024-11-01 11:43:21.287662+04:00
672488ff22d6b2078c269e0f,P655FNS2,CAR,2024-11-01 11:53:35.534060+04:00
672489b83be79ef2c50250b0,K34NSZEQ,CAR,2024-11-01 11:56:40.410070+04:00
67248add22d6b2078c269e81,P2D5S2SX,CAR,2024-11-01 12:01:33.749604+04:00
67248b24f1e3199ad141a1be,J4TKF5VW,CAR,2024-11-01 12:02:44.517490+04:00
67248bfdf1e3199ad141a245,ND5JCP4T,CAR,2024-11-01 12:06:21.370015+04:00
67248cf1f47ca7b636e7460f,6HNGMXEU,CAR,2024-11-01 12:10:25.561471+04:00
67248fd63be79ef2c5025134,KEQELMJN,CAR,2024-11-01 12:22:46.857619+04:00
67249021f47ca7b636e747d4,T3TW4NNT,CAR,2024-11-01 12:24:01.613577+04:00
6724918c22d6b2078c26a06f,GNG7BVFV,CAR,2024-11-01 12:30:04.503654+04:00
672491ee0b44c050a5906c31,YU47UM2M,CAR,2024-11-01 12:31:42.436412+04:00
67249340cb01f65cf2e45338,TSM9ZSLW,CAR,2024-11-01 12:37:20.275886+04:00
6724968be594ccd49f2a2bf2,RHQHEXKT,CAR,2024-11-01 12:51:23.675695+04:00
672496cdcb01f65cf2e45406,7785YLE4,CAR,2024-11-01 12:52:29.196989+04:00
672496ffe594ccd49f2a2c94,YGJBZSHK,CAR,2024-11-01 12:53:19.016430+04:00
672499a222d6b2078c26a1a1,HADAB9JM,CAR,2024-11-01 13:04:34.634620+04:00
67249d66cb01f65cf2e4552b,DEGKMMCN,CAR,2024-11-01 13:20:38.582852+04:00
6724a236cb01f65cf2e4558a,ESU22XXL,CAR,2024-11-01 13:41:10.658696+04:00
6724a293cb01f65cf2e45635,XYEC9WHZ,CAR,2024-11-01 13:42:43.074269+04:00
6724a31de594ccd49f2a2de0,LDP8NAPP,CAR,2024-11-01 13:45:01.574617+04:00
6724a49d22d6b2078c26a250,N939TP4F,CAR,2024-11-01 13:51:25.929255+04:00
6724a71ecb01f65cf2e457df,NHG2YU24,CAR,2024-11-01 14:02:06.840548+04:00
6724aa28cb01f65cf2e45875,TVUH9Y2B,CAR,2024-11-01 14:15:04.287986+04:00
6724aa953be79ef2c50251ab,3EBFGNLT,CAR,2024-11-01 14:16:53.449128+04:00
6724ac31cb01f65cf2e45900,2V8R3U3M,CAR,2024-11-01 14:23:45.894459+04:00
6724b0acb6d81f13f61e3e0c,V3N7NGCQ,CAR,2024-11-01 14:42:52.132283+04:00
6724b211292509daf78acb3a,U3REA8MP,CAR,2024-11-01 14:48:49.821972+04:00
6724b2f3292509daf78acba9,DNWNRSH2,CAR,2024-11-01 14:52:35.508306+04:00
6724b3893be79ef2c50251f0,6RX6CH35,CAR,2024-11-01 14:55:05.563418+04:00
6724b49022d6b2078c26a3dd,ZJ65XKYW,CAR,2024-11-01 14:59:28.600268+04:00
6724b4e2b6d81f13f61e3f07,NGXNNSY5,CAR,2024-11-01 15:00:50.822010+04:00
6724b6fce594ccd49f2a2fd3,J6U4DNM9,CAR,2024-11-01 15:09:48.844756+04:00
6724b75422d6b2078c26a3fa,RBU6R8UH,CAR,2024-11-01 15:11:16.577407+04:00
6724b7d1e594ccd49f2a2fe6,YVFCHD2D,CAR,2024-11-01 15:13:21.297724+04:00
6724b99622d6b2078c26a49c,JUPVMWXH,CAR,2024-11-01 15:20:54.314440+04:00
6724b9e53be79ef2c5025323,8BZ7TS8F,CAR,2024-11-01 15:22:13.900311+04:00
6724bad7acbf79c034e0a192,3WC3FJ9P,CAR,2024-11-01 15:26:15.921955+04:00
6724bb64292509daf78acf5f,39ET8VN2,CAR,2024-11-01 15:28:36.918637+04:00
6724bc3ac46977afe4d80ed2,DULABPD8,CAR,2024-11-01 15:32:10.686088+04:00
6724bd0fc46977afe4d80f44,RLRFAPTC,CAR,2024-11-01 15:35:43.923636+04:00
6724beb7292509daf78acffd,GXCNX36Q,CAR,2024-11-01 15:42:47.660532+04:00
6724c06722d6b2078c26a5ad,XEP248WZ,CAR,2024-11-01 15:49:59.966559+04:00
6724c1a4acbf79c034e0a21f,NQSSE7S4,CAR,2024-11-01 15:55:16.400634+04:00
6724c57dc46977afe4d80f97,9RN6KWW5,CAR,2024-11-01 16:11:41.432688+04:00
6724c5bdc0bef41ffcb9cb6c,4MEGPX5S,CAR,2024-11-01 16:12:45.494232+04:00
6724c7477a3d0eb9433d99c6,SFHH4255,CAR,2024-11-01 16:19:19.740965+04:00
6724c760c0bef41ffcb9cbc4,GT7ABEK7,CAR,2024-11-01 16:19:44.833977+04:00
6724ca37eb80def39de8d92a,QPYVLU43,CAR,2024-11-01 16:31:51.305662+04:00
6724ca96c0bef41ffcb9cbea,NUN4RZN4,CAR,2024-11-01 16:33:26.046794+04:00
6724cbeec46977afe4d810de,ARWLPQWK,CAR,2024-11-01 16:39:10.948902+04:00
6724cfe535fe5658e6260e6a,B5PDKQ4Y,CAR,2024-11-01 16:56:05.894072+04:00
6724d0763be79ef2c50254a1,SAZR4YRJ,CAR,2024-11-01 16:58:30.476340+04:00
6724d1e8c46977afe4d81184,WAKXVRVW,CAR,2024-11-01 17:04:40.179485+04:00
6724d1eff96c1c9d15137a64,TBQD8EMR,CAR,2024-11-01 17:04:47.429535+04:00
6724d3d13be79ef2c502557d,B9ATAYAU,CAR,2024-11-01 17:12:49.141741+04:00
6724d3f8c0bef41ffcb9cdd9,3A96PZL9,CAR,2024-11-01 17:13:28.797356+04:00
6724d7d40b44c050a5906cb4,PWDSBZRB,CAR,2024-11-01 17:29:55.998530+04:00
6724d9d33be79ef2c50256c8,KUMLCLKP,CAR,2024-11-01 17:38:27.456977+04:00
6724dc7a507eb03976abae4f,JNRF83EZ,CAR,2024-11-01 17:49:46.250681+04:00
6724df3cc0f3659d3579588c,9RESSDL7,CAR,2024-11-01 18:01:32.100363+04:00
6724df70c0f3659d357958fc,FYYBZLJY,CAR,2024-11-01 18:02:23.949934+04:00
6724dfdbc0f3659d35795903,QDJAHT3A,CAR,2024-11-01 18:04:11.835916+04:00
6724e2b89f8331921f981eda,SY29QUYC,CAR,2024-11-01 18:16:24.917923+04:00
6724e3e8507eb03976abaea6,E8YNXAFG,CAR,2024-11-01 18:21:28.251174+04:00
6724e5e80b02c2beec7881e5,WCWXYL2F,CAR,2024-11-01 18:30:00.309564+04:00
6724e8f3507eb03976abaf39,RCWV8D4D,CAR,2024-11-01 18:42:59.446062+04:00
6724ec509f8331921f981fd5,B3M4E5UC,CAR,2024-11-01 18:57:20.417704+04:00
6724ecb8507eb03976abafd8,2YJZCLNG,CAR,2024-11-01 18:59:04.633589+04:00
6724ee5a1fe4b11872f19d2a,NE43J66Y,CAR,2024-11-01 19:06:02.539000+04:00
6724eee59f8331921f982047,TVNYKKS3,CAR,2024-11-01 19:08:21.462495+04:00
6724f185d9e84a8b848c4748,HYJ7LPMA,CAR,2024-11-01 19:19:33.852702+04:00
6724f33257adc1e1477d8b5d,XGJ7NXWK,CAR,2024-11-01 19:26:42.455753+04:00
6724f712c0f3659d35795c31,TMUAD3MR,CAR,2024-11-01 19:43:14.092186+04:00
6724f7e6507eb03976abb1be,PB8DJUE9,CAR,2024-11-01 19:46:46.287515+04:00
6724fa2957adc1e1477d8bb1,JGPKLAQJ,CAR,2024-11-01 19:56:25.309397+04:00
6724fc1057adc1e1477d8c22,MBFEZXHV,CAR,2024-11-01 20:04:32.295844+04:00
6724fd67c0f3659d35795d11,HR246YZX,CAR,2024-11-01 20:10:15.692311+04:00
6724ff22c0f3659d35795e37,B8SVFPTR,CAR,2024-11-01 20:17:38.620855+04:00
67250049d9e84a8b848c488a,XNUZJ62X,CAR,2024-11-01 20:22:33.272027+04:00
6725041f628a445c886eb483,MBR52UL9,CAR,2024-11-01 20:38:55.037892+04:00
672504d6d9e84a8b848c48eb,7FW5KZMZ,CAR,2024-11-01 20:41:58.390559+04:00
67250fc6628a445c886eb555,G3DW67WK,CAR,2024-11-01 21:28:38.928286+04:00
672511f5628a445c886eb5ce,QJ8VZUEP,CAR,2024-11-01 21:37:57.534613+04:00
6725164557adc1e1477d8d8f,RNYD7NZ3,CAR,2024-11-01 21:56:21.583558+04:00
6725196a6ca86252af66c5e1,6ZNN4F6N,CAR,2024-11-01 22:09:46.787179+04:00
672534c5628a445c886eb6d4,G6G6KSX6,CAR,2024-11-02 00:06:29.352828+04:00
672539216b99102fae3b54bf,X5G39GWU,CAR,2024-11-02 00:25:05.463586+04:00
67253ca5f5b366a76527b290,3XDX8RCC,CAR,2024-11-02 00:40:05.194554+04:00
672560903654a44f66ae3255,JDU2QUHT,CAR,2024-11-02 03:13:20.939822+04:00
672575c30618108e825d7cd0,STRL4BLD,CAR,2024-11-02 04:43:47.532938+04:00
672598410618108e825d7d9e,VHS2SHVA,CAR,2024-11-02 07:10:57.101866+04:00
67259dd03654a44f66ae3361,SQT6G4YA,CAR,2024-11-02 07:34:40.855478+04:00
6725a479e9a34c2fc80c8485,ETEKPG5R,CAR,2024-11-02 08:03:05.462764+04:00
6725aa5ef5b366a76527b335,J2FKUQVN,CAR,2024-11-02 08:28:14.471830+04:00
6725b024d9e84a8b848c4a35,MQG7MK4H,CAR,2024-11-02 08:52:52.238125+04:00
6725b13da619c999ed5dc965,XB4LULT9,CAR,2024-11-02 08:57:33.967366+04:00
6725b236e9a34c2fc80c85a7,XZGL74HX,CAR,2024-11-02 09:01:42.406951+04:00
6725b2ce6b99102fae3b55bf,QAUKKF9L,CAR,2024-11-02 09:04:14.675986+04:00
6725b3e56b99102fae3b55c6,UL7ANJXQ,CAR,2024-11-02 09:08:53.723501+04:00
6725b3efe9a34c2fc80c861a,SGUZZ9K4,CAR,2024-11-02 09:09:03.521352+04:00
6725b4416b99102fae3b5648,EFGLGTUX,CAR,2024-11-02 09:10:25.672012+04:00
6725b7ed1fe4b11872f19da5,P55GVU5U,CAR,2024-11-02 09:26:05.503219+04:00
6725bae474255a87d91d6767,BQWBRF69,CAR,2024-11-02 09:38:44.896232+04:00
6725bf03ae5b7eaf13131fd6,EGSL7NR2,CAR,2024-11-02 09:56:19.116001+04:00
6725c25cae5b7eaf13132162,HQWRY6AR,CAR,2024-11-02 10:10:36.339881+04:00
6725c50e8023977b2501cccc,CWYQZENX,CAR,2024-11-02 10:22:06.868920+04:00
6725c974ea0d0fdd6880631b,R9N7L2DM,CAR,2024-11-02 10:40:52.753308+04:00
6725c996ea0d0fdd6880638a,93L8CEFZ,CAR,2024-11-02 10:41:26.810143+04:00
6725cc6eea0d0fdd6880640b,RJN6SYSP,CAR,2024-11-02 10:53:34.583629+04:00
6725cc94ea0d0fdd68806475,KVVFMRJ9,CAR,2024-11-02 10:54:12.900598+04:00
6725cf898023977b2501ce8e,89QAD8WZ,CAR,2024-11-02 11:06:49.615337+04:00
6725d0188023977b2501cf01,U7YD7K82,CAR,2024-11-02 11:09:12.421608+04:00
6725d34f29e0f993adc910a1,84RPEU2N,CAR,2024-11-02 11:22:55.655343+04:00
6725d3bfd35a0da26aabd14b,HTREC5C7,CAR,2024-11-02 11:24:47.724172+04:00
6725d5c529e0f993adc9112c,WPCA32D7,CAR,2024-11-02 11:33:25.473970+04:00
6725d6ac291c089ac32661f7,58C6FT4J,CAR,2024-11-02 11:37:16.673128+04:00
6725d8c300a54c55c842619a,EMHK972S,CAR,2024-11-02 11:46:11.661750+04:00
6725da82ec6c97784fd2ec93,5KQGRV4A,CAR,2024-11-02 11:53:38.340793+04:00
6725dc0d291c089ac32662d6,L4JF8TMP,CAR,2024-11-02 12:00:13.616784+04:00
6725de2901fff0d05dbec48d,MVK6VVWB,CAR,2024-11-02 12:09:13.202697+04:00
6725e05e29e0f993adc911ed,TZMSMG45,CAR,2024-11-02 12:18:38.779304+04:00
6725e067291c089ac3266307,NKF2LAK8,CAR,2024-11-02 12:18:47.498129+04:00
6725e37229e0f993adc91270,NXPVVFNQ,CAR,2024-11-02 12:31:46.075800+04:00
6725e41829e0f993adc912e3,HND8W6ZA,CAR,2024-11-02 12:34:32.621919+04:00
6725e5a9d35a0da26aabd381,FZR9U6U7,CAR,2024-11-02 12:41:13.296399+04:00
6725e673dc9a3d44cc411d58,VGUTT8EU,CAR,2024-11-02 12:44:35.082394+04:00
6725e824364296f903dfaad0,36F3T4XY,CAR,2024-11-02 12:51:48.704271+04:00
6725ea38cdc2085b2943c3f1,88J2XFJW,CAR,2024-11-02 13:00:40.803371+04:00
6725ea4becc1d78264d5ab84,VEK9AGY9,CAR,2024-11-02 13:00:59.500911+04:00
6725eab000a54c55c8426300,GRXF3N9N,CAR,2024-11-02 13:02:40.407825+04:00
6725eb75f5b366a76527b3f6,WAJ6C7PH,CAR,2024-11-02 13:05:57.132755+04:00
6725eceedc9a3d44cc411e1b,NNNJTJPP,CAR,2024-11-02 13:12:14.378904+04:00
6725ed7adc9a3d44cc411e98,DQ6XG73V,CAR,2024-11-02 13:14:34.023175+04:00
6725ee1ddc9a3d44cc411f2e,N5S9JWDB,CAR,2024-11-02 13:17:17.515551+04:00
6725eef2811f3f9a4369c161,JYPYTY6E,CAR,2024-11-02 13:20:50.477797+04:00
6725f04fdc9a3d44cc411f9a,7B2SWMDJ,CAR,2024-11-02 13:26:39.759557+04:00
6725f05d811f3f9a4369c1ec,RLR3ZFQC,CAR,2024-11-02 13:26:53.533974+04:00
6725f081811f3f9a4369c254,NRS6N2XQ,CAR,2024-11-02 13:27:29.425326+04:00
6725f138f5b366a76527b47d,H9CK6WNC,CAR,2024-11-02 13:30:32.504831+04:00
6725f38f3291de61c824ba00,V9367NWS,CAR,2024-11-02 13:40:31.729282+04:00
6725f3a3811f3f9a4369c2fc,TJBP69KN,CAR,2024-11-02 13:40:51.636852+04:00
6725f3f43291de61c824ba87,MC7RA82C,CAR,2024-11-02 13:42:12.763937+04:00
6725f53f364296f903dfab5c,PJD4PPUM,CAR,2024-11-02 13:47:43.475067+04:00
6725f91a0b80415781cffbb4,3JSKMCS7,CAR,2024-11-02 14:04:10.918526+04:00
6725f9710b80415781cffbf1,UANDT9V2,CAR,2024-11-02 14:05:37.276190+04:00
6725fa0e733c74ff30905e6a,2QB4N5MW,CAR,2024-11-02 14:08:14.176504+04:00
6725fa30733c74ff30905e6e,436RTTZY,CAR,2024-11-02 14:08:48.070333+04:00
6725fc380b80415781cffc70,4F6U65AC,CAR,2024-11-02 14:17:28.713772+04:00
6725fd340b80415781cffce1,3L576Q6Q,CAR,2024-11-02 14:21:40.552953+04:00
6725ffbb733c74ff30905f52,GNTG4HYE,CAR,2024-11-02 14:32:27.118589+04:00
6726001c72887248bea8305a,94U3V8WR,CAR,2024-11-02 14:34:04.329274+04:00
67260227508d9a597261ff4a,F5MF3KNB,CAR,2024-11-02 14:42:47.959181+04:00
672602a3a73fccc0c9adbea9,59RLG89B,CAR,2024-11-02 14:44:50.980140+04:00
67260420a73fccc0c9adbf2c,FN3W3QFV,CAR,2024-11-02 14:51:12.456889+04:00
6726057e508d9a597261ff90,CXM3XZN2,CAR,2024-11-02 14:57:02.797536+04:00
67260633a73fccc0c9adc02d,AFA4UKCJ,CAR,2024-11-02 15:00:02.980156+04:00
672607c8971a566b3ba935cf,9TM2R85B,CAR,2024-11-02 15:06:48.357403+04:00
6726083041e7e1abc10649c2,C6EC5QKU,CAR,2024-11-02 15:08:32.709493+04:00
67260906971a566b3ba935d7,64QFSTGH,CAR,2024-11-02 15:12:06.489383+04:00
672609c3a73fccc0c9adc0b9,AS88B9L5,CAR,2024-11-02 15:15:15.469516+04:00
67260ac3b9d5609cdc768c3a,Q4DUH4U5,CAR,2024-11-02 15:19:31.638027+04:00
67260b744c72353fddca1dbe,82EJMFHT,CAR,2024-11-02 15:22:28.389618+04:00
67260c4841e7e1abc1064bcd,6TBQG2BP,CAR,2024-11-02 15:26:00.376232+04:00
67260c63971a566b3ba9366b,5YKDWV5P,CAR,2024-11-02 15:26:27.295908+04:00
67260d1842d72f0c571003f4,X6FM95PZ,CAR,2024-11-02 15:29:28.507095+04:00
67260d1f4c72353fddca1ebb,2YZ8CNQ8,CAR,2024-11-02 15:29:35.551321+04:00
672612bf02a1f4a20e0b7d9b,7UYGNR2T,CAR,2024-11-02 15:53:35.185990+04:00
672612d8d5b0e3c4b08f057a,84VU42W5,CAR,2024-11-02 15:54:00.795234+04:00
672613a742d72f0c571004e7,X8Z9K84B,CAR,2024-11-02 15:57:26.987710+04:00
672614e142d72f0c571005d8,BPM7RFE4,CAR,2024-11-02 16:02:41.087978+04:00
672615b28b9fd485ef9b3b06,BKZMPGTG,CAR,2024-11-02 16:06:10.857386+04:00
67261657b9d5609cdc768dad,JMKKA2YT,CAR,2024-11-02 16:08:55.698592+04:00
67261752c109e709431eda1f,RRF4MWQQ,CAR,2024-11-02 16:13:06.356892+04:00
672617aac109e709431eda9a,7SP8CCQM,CAR,2024-11-02 16:14:34.832138+04:00
67261d7002a1f4a20e0b7f26,VCYYW4RJ,CAR,2024-11-02 16:39:12.321299+04:00
67261da668de6ef49b6aa78f,WWGJFWV2,CAR,2024-11-02 16:40:06.347205+04:00
67261def971a566b3ba93706,GEYU24EU,CAR,2024-11-02 16:41:19.700694+04:00
67261e2a68de6ef49b6aa7f9,XLNKQ9VC,CAR,2024-11-02 16:42:18.647219+04:00
6726211e34600636f122bce0,XV66WX66,CAR,2024-11-02 16:54:54.056502+04:00
6726222d3c112d104982b0db,6JFN8SU5,CAR,2024-11-02 16:59:24.993421+04:00
672622b824cd8993c044b161,VLTZMMMN,CAR,2024-11-02 17:01:44.528992+04:00
67262594f5b366a76527b568,EZSTQLGQ,CAR,2024-11-02 17:13:56.108316+04:00
672628363c112d104982b27a,92EPZ4EQ,CAR,2024-11-02 17:25:10.215625+04:00
6726291046fb27447d220375,PBW3PJQ7,CAR,2024-11-02 17:28:48.024361+04:00
6726293df6b7a26ecf67310d,WH953JPQ,CAR,2024-11-02 17:29:33.758249+04:00
67262a5246fb27447d2203ea,33AZHVUK,CAR,2024-11-02 17:34:10.744414+04:00
67262c813c112d104982b320,WEMPHS7T,CAR,2024-11-02 17:43:29.385486+04:00
67262dd73c112d104982b395,CVQDATEN,CAR,2024-11-02 17:49:11.441651+04:00
6726365ad74a90b09268468a,N3XTMCFR,CAR,2024-11-02 18:25:30.708179+04:00
672639095610019877eb0b3b,NFBJJSWK,CAR,2024-11-02 18:36:57.799613+04:00
67263b5faf215c131f6844a4,UED5QTFX,CAR,2024-11-02 18:46:55.313049+04:00
67263c44b39064c06cba41e1,9D82R6QJ,CAR,2024-11-02 18:50:44.257012+04:00
67263fda5610019877eb0bb9,TJPCMD4D,CAR,2024-11-02 19:06:02.401857+04:00
672641735610019877eb0c2a,3Z2V62J9,CAR,2024-11-02 19:12:51.452308+04:00
672644d4af215c131f68454b,2XYTCYUY,CAR,2024-11-02 19:27:16.147974+04:00
672645bf825e7d9dfe2f8e9e,5MDFWPN2,CAR,2024-11-02 19:31:11.861078+04:00
67265d5d825e7d9dfe2f8fd2,CCQYBJRQ,CAR,2024-11-02 21:11:57.360144+04:00
672662a0d1179a227470c34a,JXDUMZRH,CAR,2024-11-02 21:34:24.022759+04:00
6726853c0c3c3b7cb7180f33,CNDLTZ3S,CAR,2024-11-03 00:02:04.571671+04:00
67268642336ff3456f9727d8,XUHSSGK6,CAR,2024-11-03 00:06:26.757792+04:00
672688a34d0c7249ebcbf150,TCEXWHYL,CAR,2024-11-03 00:16:35.855902+04:00
6726a32a65b2ed673511c88b,BPEPAGYB,CAR,2024-11-03 02:09:46.182260+04:00
6726a81e65b2ed673511c8cf,6B23GSYJ,CAR,2024-11-03 02:30:54.260647+04:00
6726b05b4d0c7249ebcbf247,37WJUJVR,CAR,2024-11-03 03:06:03.731432+04:00
6726c8344d0c7249ebcbf251,7YSMB8HA,CAR,2024-11-03 04:47:48.549200+04:00
6726dc4a5610019877eb0ca0,SR749UU2,CAR,2024-11-03 06:13:30.580638+04:00
6726eb9693e7868a61ef3390,ACBBF9HT,CAR,2024-11-03 07:18:46.447183+04:00
6726f325cc1064ffb6a0ec38,K668GF9J,CAR,2024-11-03 07:51:01.240877+04:00
6727028ecc1064ffb6a0eca9,QTZACRXT,CAR,2024-11-03 08:56:46.051337+04:00
672703b0cc1064ffb6a0ed30,WPKNGAAB,CAR,2024-11-03 09:01:36.220249+04:00
6727050bcc1064ffb6a0ee26,7WHSD6H3,CAR,2024-11-03 09:07:23.847042+04:00
672705c442f35f3889ca75da,K5RHPH3U,CAR,2024-11-03 09:10:28.035253+04:00
6727061042f35f3889ca7683,XCP5W9RK,CAR,2024-11-03 09:11:44.942387+04:00
67270ac963dfa9ff9f53ee09,7R6ZTVR7,CAR,2024-11-03 09:31:53.805528+04:00
67270ad042f35f3889ca7715,KCUAJCZQ,CAR,2024-11-03 09:32:00.391981+04:00
67270be542f35f3889ca7824,P54R32QF,CAR,2024-11-03 09:36:37.432319+04:00
67270d735610019877eb0d61,4SBU3TZA,CAR,2024-11-03 09:43:15.828937+04:00
6727167b63dfa9ff9f53ef22,3SWZQ36Y,CAR,2024-11-03 10:21:46.987814+04:00
6727186d63dfa9ff9f53efa8,Q25PWAG5,CAR,2024-11-03 10:30:05.371322+04:00
6727187e6753d8a6bfe95484,BM566LST,CAR,2024-11-03 10:30:22.259944+04:00
67271ae06753d8a6bfe9551e,N4C9HL54,CAR,2024-11-03 10:40:32.784840+04:00
67271bc4110ee61ac0bbd5c0,BU7RHSC9,CAR,2024-11-03 10:44:19.986391+04:00
67271c756753d8a6bfe95642,XX7E5EQT,CAR,2024-11-03 10:47:17.440813+04:00
672720fd6753d8a6bfe9574b,8J4YF474,CAR,2024-11-03 11:06:37.096682+04:00
672721b7f6cedb26927e0cae,5PRR54GW,CAR,2024-11-03 11:09:43.795339+04:00
67272474dd54a9e7d899461d,8NQXJZL2,CAR,2024-11-03 11:21:24.526021+04:00
67272707f6cedb26927e0dd5,3CGGNZ3K,CAR,2024-11-03 11:32:23.862974+04:00
67272b84dd54a9e7d89946c5,97X7XZW5,CAR,2024-11-03 11:51:32.252476+04:00
67272b9edd54a9e7d8994767,72W3XN5G,CAR,2024-11-03 11:51:58.086381+04:00
67272d06110ee61ac0bbd6bf,RVRELLZY,CAR,2024-11-03 11:57:58.351998+04:00
67272d2465b2ed673511ca2d,ZP6NGPFG,CAR,2024-11-03 11:58:28.669911+04:00
67272d5765b2ed673511ca9a,7G5V5734,CAR,2024-11-03 11:59:19.686627+04:00
67272fbe65d6d402ed982f30,7F48TMYJ,CAR,2024-11-03 12:09:34.384242+04:00
672730e916d6e5478b050130,FGEDG94A,CAR,2024-11-03 12:14:32.991119+04:00
6727350f16d6e5478b05023c,W43K9YN2,CAR,2024-11-03 12:32:15.641774+04:00
672735db16d6e5478b05025c,Y87223Y4,CAR,2024-11-03 12:35:39.156985+04:00
672735e3a22cffdb84742a80,53ZCDVYE,CAR,2024-11-03 12:35:47.658310+04:00
6727366a65d6d402ed983126,793DULAF,CAR,2024-11-03 12:38:02.213194+04:00
67273b1c8ed076697b9056be,GULHZDLL,CAR,2024-11-03 12:58:04.289771+04:00
67273e50a22cffdb84742baf,QS7QNG5N,CAR,2024-11-03 13:11:44.597124+04:00
672740b18ed076697b9057a0,45AW5SWD,CAR,2024-11-03 13:21:53.941717+04:00
6727440b8ed076697b905819,S6RZTJPQ,CAR,2024-11-03 13:36:11.340989+04:00
6727447ba6459725f12cdacc,JWJGDPVH,CAR,2024-11-03 13:38:03.697151+04:00
6727477aece3f4388628ac93,8D79C6WJ,CAR,2024-11-03 13:50:50.401888+04:00
672749e9a22cffdb84742c53,QVBLTL6G,CAR,2024-11-03 14:01:13.475923+04:00
67274bdbe48c899aa0f347fb,6245FLT8,CAR,2024-11-03 14:09:31.729831+04:00
67274c93ffed3b6ab9252aed,WJERQKGR,CAR,2024-11-03 14:12:35.447417+04:00
67274c94ece3f4388628adbb,22Q4RCZ3,CAR,2024-11-03 14:12:36.530436+04:00
67274e58ece3f4388628ae1e,SVANEC8C,CAR,2024-11-03 14:20:08.722909+04:00
67274f265ad387c7611be855,K6Z85N7D,CAR,2024-11-03 14:23:34.721515+04:00
6727529aece3f4388628afa7,DGUEVTEL,CAR,2024-11-03 14:38:18.488054+04:00
672752eaece3f4388628b024,HJUWFF36,CAR,2024-11-03 14:39:38.947210+04:00
672754768ed076697b9058a4,YKHKSLB7,CAR,2024-11-03 14:46:14.905883+04:00
672754abb21f091307b19b57,PCLB2HTF,CAR,2024-11-03 14:47:07.164266+04:00
672754bfa6459725f12cdb52,X3W9VQSG,CAR,2024-11-03 14:47:27.560872+04:00
672755baa6459725f12cdbf5,W8BQWZ4D,CAR,2024-11-03 14:51:38.468762+04:00
6727572ba6459725f12cdc7b,2YAN57M5,CAR,2024-11-03 14:57:47.795059+04:00
6727578ee48c899aa0f34915,NYQH8DX7,CAR,2024-11-03 14:59:26.225301+04:00
672758a5ffed3b6ab9252c83,F55VWT5R,CAR,2024-11-03 15:04:05.546592+04:00
67275abab21f091307b19c1e,YGHETUKB,CAR,2024-11-03 15:12:58.211259+04:00
67275cd0ffed3b6ab9252e0b,XTTSAMWL,CAR,2024-11-03 15:21:52.521675+04:00
67275eee3c3fa80f8b2a4a29,STSZCM7M,CAR,2024-11-03 15:30:54.487823+04:00
67275ffe7adfa24241fce022,QXDVS828,CAR,2024-11-03 15:35:26.199273+04:00
6727602ec72898054fa802a9,LP89CAA7,CAR,2024-11-03 15:36:14.632438+04:00
67276a51c762700cd786f8cf,RSLLG3SF,CAR,2024-11-03 16:19:29.537247+04:00
67276bdfedbbb3ca27f55391,28BAC7C7,CAR,2024-11-03 16:26:07.519239+04:00
67276e3cedbbb3ca27f55403,5748XBDX,CAR,2024-11-03 16:36:12.207609+04:00
67276e8af4139ab24647e9c4,JEYUVGVT,CAR,2024-11-03 16:37:30.963716+04:00
67276fec5ad387c7611be8ce,E547XCQ3,CAR,2024-11-03 16:43:24.300256+04:00
672772dcf4139ab24647ea3f,ZH4DQ2XC,CAR,2024-11-03 16:55:56.291737+04:00
6727749a048c5712cc0eff31,5BFVGZZG,CAR,2024-11-03 17:03:22.377519+04:00
67277b7a7adfa24241fce13e,XVET82UL,CAR,2024-11-03 17:32:42.476749+04:00
67277d31f4139ab24647eacc,6KN44R4D,CAR,2024-11-03 17:40:01.616099+04:00
67277d6bf4139ab24647eb46,7SXREJYT,CAR,2024-11-03 17:40:58.981788+04:00
67277ecdf4139ab24647ec7d,U7D5LBHV,CAR,2024-11-03 17:46:53.060297+04:00
67277ee4f4139ab24647ecf0,T9WEPTQ9,CAR,2024-11-03 17:47:15.995399+04:00
672782aeaf9d224903f35758,CXLBUY5U,CAR,2024-11-03 18:03:26.325410+04:00
672787007178f7a9a46672d2,KX5KPBK5,CAR,2024-11-03 18:21:52.727997+04:00
67278717c762700cd786f9fd,UALRQ4PB,CAR,2024-11-03 18:22:15.374916+04:00
67278ca8a25477c3112cc214,VGUHT6UH,CAR,2024-11-03 18:46:00.814943+04:00
67279fc5a25477c3112cc338,35VHJ7PD,CAR,2024-11-03 20:07:33.752757+04:00
6727a33a373d73419ac99b36,CJF9LN2A,CAR,2024-11-03 20:22:18.204488+04:00
6727a6cdb3914149dd87e639,H5NT3T6K,CAR,2024-11-03 20:37:33.034810+04:00
6727afa7373d73419ac99c2c,PDW8TVCJ,CAR,2024-11-03 21:15:19.706692+04:00
6727bafcfc2f23fdfa0cb61a,XFJY5UBK,CAR,2024-11-03 22:03:40.660340+04:00
6727bec6ff7f7e3027cc3def,Q5B923RX,CAR,2024-11-03 22:19:50.693309+04:00
6727cd85b3914149dd87e6e2,5ZR5N9X6,CAR,2024-11-03 23:22:45.314943+04:00
6728392bff7f7e3027cc3f5c,P94SD3FE,CAR,2024-11-04 07:02:03.324428+04:00
67283b53e3a147843a3df73d,2X6FNXWT,CAR,2024-11-04 07:11:15.025982+04:00
67284c431b7c8840541f3cc3,4EF9GY24,CAR,2024-11-04 08:23:31.883919+04:00
67284e5fff7f7e3027cc401f,QL7KU38H,CAR,2024-11-04 08:32:31.434399+04:00
6728515ca645084e113b890d,U3BNJMDR,CAR,2024-11-04 08:45:16.734992+04:00
6728529f1b7c8840541f3d98,F8S3GJLA,CAR,2024-11-04 08:50:39.685784+04:00
6728535713c45ccdb870cc24,F5URZQDH,CAR,2024-11-04 08:53:43.033683+04:00
672853ffa645084e113b898c,P5UDE9P6,CAR,2024-11-04 08:56:31.931943+04:00
6728574ed596651b8a1570fa,UZPYPNME,CAR,2024-11-04 09:10:38.618056+04:00
67285971a645084e113b8b6b,3QM5548X,CAR,2024-11-04 09:19:45.671892+04:00
67285dc11b7c8840541f3e71,WM5CF9XC,CAR,2024-11-04 09:38:09.668612+04:00
67285dddd4abcabe40f160f0,N565LHGV,CAR,2024-11-04 09:38:37.167252+04:00
67285e5b1378ed33bdeab0a9,4X5E3AZH,CAR,2024-11-04 09:40:43.187201+04:00
67285ebfb1d18e4ca371419a,BTBCVT35,CAR,2024-11-04 09:42:23.109994+04:00
67285f8ad4abcabe40f16181,MFZYDBNE,CAR,2024-11-04 09:45:46.052089+04:00
672860e3d4abcabe40f1622b,RSRC6JKA,CAR,2024-11-04 09:51:31.719651+04:00
6728620fd4abcabe40f162f2,WXBDYNGR,CAR,2024-11-04 09:56:31.176345+04:00
6728620fd596651b8a1571af,SYLDDR4U,CAR,2024-11-04 09:56:31.503858+04:00
67286290d596651b8a157232,MVVYMSA7,CAR,2024-11-04 09:58:40.072180+04:00
6728631ad596651b8a1572a2,7YB7ANQA,CAR,2024-11-04 10:00:58.837523+04:00
672867fdd596651b8a157317,YFDDE5WL,CAR,2024-11-04 10:21:49.955362+04:00
67286903de4adfba7e6fd57a,KNZ7AGE5,CAR,2024-11-04 10:26:11.190704+04:00
67286a1566018cd0a0cd9255,ZN6KER9J,CAR,2024-11-04 10:30:45.795808+04:00
67286a95de4adfba7e6fd6d7,4DW3X5RH,CAR,2024-11-04 10:32:53.932237+04:00
67286b5cc3a14bdbdf493c21,NT8G5FX9,CAR,2024-11-04 10:36:12.417912+04:00
67286ba7b0383bb9dccba3dc,V3TY4R53,CAR,2024-11-04 10:37:27.895689+04:00
67286c81b1d18e4ca37142ad,6KANSZNZ,CAR,2024-11-04 10:41:05.918495+04:00
67286d52b0383bb9dccba506,SCYJGDTM,CAR,2024-11-04 10:44:34.335051+04:00
67286d5acf4bb879639cc82d,YDJWKXMP,CAR,2024-11-04 10:44:42.725963+04:00
67286dc577e82a10ff1a3b77,H7RBXUKQ,CAR,2024-11-04 10:46:29.808847+04:00
67286f44b1d18e4ca3714367,ATXMYW6A,CAR,2024-11-04 10:52:52.616869+04:00
67286f89cf4bb879639cc874,Q27XBJBA,CAR,2024-11-04 10:54:01.359395+04:00
67287045cf4bb879639cc890,YTCGPTJQ,CAR,2024-11-04 10:57:09.242970+04:00
672870810b49a815f4727c7b,J2D2HG49,CAR,2024-11-04 10:58:09.886046+04:00
6728710966018cd0a0cd954b,TM6ZMJ2Q,CAR,2024-11-04 11:00:25.844523+04:00
67287123be4b24341db8b3d2,XT8SPGB6,CAR,2024-11-04 11:00:51.936373+04:00
6728714266018cd0a0cd95c3,MCKXNVMJ,CAR,2024-11-04 11:01:22.964952+04:00
6728723bcf4bb879639cca49,E49ZF489,CAR,2024-11-04 11:05:31.881831+04:00
6728732ad3c6c22d28748ff4,APC2MY97,CAR,2024-11-04 11:09:30.106723+04:00
672873ccbe4b24341db8b475,72SGZPCQ,CAR,2024-11-04 11:12:11.973947+04:00
672873e0656851a07927bea0,UTVWTZKT,CAR,2024-11-04 11:12:32.423821+04:00
672874e6b9723fb444b53a49,UGH69EY4,CAR,2024-11-04 11:16:54.180481+04:00
672874fed3c6c22d28749079,QL6E3TYY,CAR,2024-11-04 11:17:18.429397+04:00
672875450b49a815f4727d2a,JE8Z4L6T,CAR,2024-11-04 11:18:29.967215+04:00
6728763f656851a07927bf6f,KGEJTPFY,CAR,2024-11-04 11:22:39.812020+04:00
6728769f0b49a815f4727d9e,Z3EJR85J,CAR,2024-11-04 11:24:15.615674+04:00
672877535484818a38ad25f4,V4DPVUTB,CAR,2024-11-04 11:27:15.917349+04:00
6728778ada533f195ee14699,ZGE2V35K,CAR,2024-11-04 11:28:10.802767+04:00
672877d8d3c6c22d28749198,35D59EBT,CAR,2024-11-04 11:29:28.250603+04:00
6728781eb9723fb444b53b8b,TWLD3XHR,CAR,2024-11-04 11:30:38.879239+04:00
672878ba0b49a815f4727e43,LCKDWJW6,CAR,2024-11-04 11:33:13.974534+04:00
672878c4b9723fb444b53bc5,EBQX22QA,CAR,2024-11-04 11:33:24.569107+04:00
6728792ad3c6c22d2874922b,PRN6KBLV,CAR,2024-11-04 11:35:06.282692+04:00
672879f33c81a75465c4135a,Y9M3PZNV,CAR,2024-11-04 11:38:27.935654+04:00
67287b523c81a75465c413ad,ZUN6FYC3,CAR,2024-11-04 11:44:18.517275+04:00
67287b6562f891ea8dc3636f,4GPR75YC,CAR,2024-11-04 11:44:37.357428+04:00
67287bebd3c6c22d287492a5,PTMZC7GM,CAR,2024-11-04 11:46:51.208939+04:00
67287c655484818a38ad26d5,3LLJC3RM,CAR,2024-11-04 11:48:53.897402+04:00
67287c713c81a75465c41443,YAVMY7G5,CAR,2024-11-04 11:49:05.088027+04:00
67287c723c81a75465c41447,ZUFRFDHB,CAR,2024-11-04 11:49:06.698822+04:00
67287cf5bf838a01b96f4dfa,9D27MBC2,CAR,2024-11-04 11:51:17.107983+04:00
67287d1462f891ea8dc363c4,Q9ULPUNG,CAR,2024-11-04 11:51:48.092506+04:00
67287d6ecda862e25f2b6d37,8DXXXAJZ,CAR,2024-11-04 11:53:18.143783+04:00
67287da970f2bfb9e8475e04,GHVYTJ8B,CAR,2024-11-04 11:54:17.202138+04:00
67287eb3cda862e25f2b6dbe,EAV5JYZV,CAR,2024-11-04 11:58:43.822040+04:00
67287eec1c37e4ec4b65b509,KUNYTMVT,CAR,2024-11-04 11:59:40.673136+04:00
672880c11c37e4ec4b65b58b,TLA4R73F,CAR,2024-11-04 12:07:29.659383+04:00
672881ec18e6c94cc142fb9d,FRPDF5XL,CAR,2024-11-04 12:12:28.200415+04:00
6728827362f891ea8dc364c0,EYHEHHVD,CAR,2024-11-04 12:14:43.369028+04:00
6728827962f891ea8dc3652d,7QZQP447,CAR,2024-11-04 12:14:49.523962+04:00
6728832b1c37e4ec4b65b638,VMP3KKV6,CAR,2024-11-04 12:17:47.714141+04:00
67288499605897cb1d934f0b,6A4BR9TA,CAR,2024-11-04 12:23:53.664972+04:00
672884bfcaf93c0a194cdfbb,ENG8APPQ,CAR,2024-11-04 12:24:31.196637+04:00
672884c3605897cb1d934fb9,9BXXN38R,CAR,2024-11-04 12:24:35.416677+04:00
67288515cda862e25f2b6e00,6Y97FA8M,CAR,2024-11-04 12:25:57.471457+04:00
67288547caf93c0a194ce067,4PHS2EWZ,CAR,2024-11-04 12:26:47.817868+04:00
6728856bcaf93c0a194ce0d5,PXF3KRJJ,CAR,2024-11-04 12:27:23.156051+04:00
67288615605897cb1d935053,ZZY2MB7L,CAR,2024-11-04 12:30:13.048235+04:00
6728862c605897cb1d9350c2,CFLVP8AL,CAR,2024-11-04 12:30:36.122889+04:00
6728867b366dcdefd24267d6,92T2PNCA,CAR,2024-11-04 12:31:55.684065+04:00
6728868a605897cb1d935187,839V2XBZ,CAR,2024-11-04 12:32:10.514684+04:00
672886fc366dcdefd24267df,42Z7DYWN,CAR,2024-11-04 12:34:04.079542+04:00
67288701caf93c0a194ce1ad,KJJELRZ9,CAR,2024-11-04 12:34:09.756535+04:00
6728870fcaf93c0a194ce219,33JWUK6B,CAR,2024-11-04 12:34:23.482671+04:00
6728881fcda862e25f2b6e82,TNWYLMGD,CAR,2024-11-04 12:38:55.099539+04:00
6728886f0a5c0bed6945bda8,K4Z6K7JQ,CAR,2024-11-04 12:40:15.340176+04:00
6728891c0a5c0bed6945be1d,X4WA23YW,CAR,2024-11-04 12:43:08.952440+04:00
6728896701604756eb5294bf,P94NG9NZ,CAR,2024-11-04 12:44:23.967973+04:00
672889b0b76f58439f51e7c3,2UQRB5BB,CAR,2024-11-04 12:45:36.930473+04:00
672889c2366dcdefd2426886,ZHXMHXBV,CAR,2024-11-04 12:45:54.595306+04:00
67288b145610019877eb0e75,N4GPC3B7,CAR,2024-11-04 12:51:32.310644+04:00
67288d150a5c0bed6945beaa,TSDSQAJ7,CAR,2024-11-04 13:00:05.479504+04:00
67288ed1366dcdefd2426967,DVRMDS9V,CAR,2024-11-04 13:07:29.192843+04:00
67288ed60a5c0bed6945bf23,5NX4ZN4J,CAR,2024-11-04 13:07:34.776479+04:00
672891c9c48ed093b4cf86fb,NY2NUGWM,CAR,2024-11-04 13:20:09.128450+04:00
6728924b7dfe1a4573b35a3a,EKFDPCGU,CAR,2024-11-04 13:22:19.618856+04:00
672893570a5c0bed6945c054,Y44KVXKT,CAR,2024-11-04 13:26:47.886746+04:00
6728937e0a5c0bed6945c0d4,N9XDBRHK,CAR,2024-11-04 13:27:26.758175+04:00
67289406b76f58439f51e86d,HCQDMVBJ,CAR,2024-11-04 13:29:42.632775+04:00
6728968c7dfe1a4573b35b08,KZ6T6G3M,CAR,2024-11-04 13:40:28.139943+04:00
672896f77dfe1a4573b35b79,UCDVFUPY,CAR,2024-11-04 13:42:14.980930+04:00
672898750a5c0bed6945c1d1,7Z4HYBHG,CAR,2024-11-04 13:48:37.574609+04:00
67289c4eb4758ac9eeedd5c8,N5JG6DDH,CAR,2024-11-04 14:05:02.116163+04:00
67289cb2048dd0b0e60eee70,69RC9RAY,CAR,2024-11-04 14:06:42.788539+04:00
67289d16b76f58439f51e9af,NK2PASF2,CAR,2024-11-04 14:08:22.189574+04:00
67289f170afe75c4979ef0ed,6AWWS32G,CAR,2024-11-04 14:16:55.704587+04:00
67289f2491c7db438539b16f,DX8GYKN3,CAR,2024-11-04 14:17:08.593889+04:00
67289f44048dd0b0e60eeecd,CNVA3MSN,CAR,2024-11-04 14:17:40.816537+04:00
6728a05401604756eb52977a,GXJDLGRD,CAR,2024-11-04 14:22:12.888921+04:00
6728a0deb76f58439f51ea6a,DJWGDVSJ,CAR,2024-11-04 14:24:30.797678+04:00
6728a11791c7db438539b22d,VZC4Y6V2,CAR,2024-11-04 14:25:27.682785+04:00
6728a128b76f58439f51eb04,N8FUZHVX,CAR,2024-11-04 14:25:44.220198+04:00
6728a1c7b76f58439f51eb86,9FEWB728,CAR,2024-11-04 14:28:23.624399+04:00
6728a1e5b38877b93bdc1143,VS89LDWH,CAR,2024-11-04 14:28:53.279687+04:00
6728a3704cc832795461c810,SBA2G3A4,CAR,2024-11-04 14:35:28.450206+04:00
6728a3714cc832795461c812,4SM628MF,CAR,2024-11-04 14:35:29.070846+04:00
6728a3d8b38877b93bdc11c3,TZYCPBUK,CAR,2024-11-04 14:37:12.399077+04:00
6728a3e51a435228b8417e66,W7RSE8NK,CAR,2024-11-04 14:37:25.560405+04:00
6728a4f14cc832795461c88d,GFQETJX6,CAR,2024-11-04 14:41:53.583746+04:00
6728a8af4bf2ade333175eeb,QZHK785G,CAR,2024-11-04 14:57:51.577895+04:00
6728a9224bf2ade333175ef1,DPXM6MF9,CAR,2024-11-04 14:59:46.394282+04:00
6728aa3addfb7c37cfb836da,4NAKGVT5,CAR,2024-11-04 15:04:26.172730+04:00
6728aa844bf2ade333175fae,RMQW4SVA,CAR,2024-11-04 15:05:40.851372+04:00
6728aae84bf2ade333175fb9,TGB69L27,CAR,2024-11-04 15:07:20.631650+04:00
6728aaf20afe75c4979ef401,38X2KDC7,CAR,2024-11-04 15:07:30.508037+04:00
6728aafe0afe75c4979ef46f,FTD8E78B,CAR,2024-11-04 15:07:42.931491+04:00
6728abc30afe75c4979ef4ec,YFG48BUT,CAR,2024-11-04 15:10:59.598504+04:00
6728ac2801604756eb529831,SYQKL2L8,CAR,2024-11-04 15:12:40.105538+04:00
6728ac460afe75c4979ef569,AERDVMZV,CAR,2024-11-04 15:13:10.470216+04:00
6728ac89b38877b93bdc12d8,BN588EZ8,CAR,2024-11-04 15:14:17.368724+04:00
6728acf501604756eb5298aa,5TAFCVT5,CAR,2024-11-04 15:16:05.786379+04:00
6728ad47b38877b93bdc134a,Z4UXAPNV,CAR,2024-11-04 15:17:27.086307+04:00
6728ada083b0b3aaf14e662c,5PQ59NN8,CAR,2024-11-04 15:18:56.452044+04:00
6728ae32114e418baf45b82c,BRP5BX2D,CAR,2024-11-04 15:21:22.206620+04:00
6728b1d3b38877b93bdc1466,LBJZASVC,CAR,2024-11-04 15:36:51.719101+04:00
6728b2a8ddfb7c37cfb83792,Q8C4SSQR,CAR,2024-11-04 15:40:24.370289+04:00
6728b41cb38877b93bdc147c,9RQQU2N7,CAR,2024-11-04 15:46:36.763928+04:00
6728b726ddfb7c37cfb83865,Q7WUQB6U,CAR,2024-11-04 15:59:34.961813+04:00
6728b7c0d963ca45b931fa13,KZK258DQ,CAR,2024-11-04 16:02:08.081211+04:00
6728b7ceddfb7c37cfb83917,Z34BQ2AT,CAR,2024-11-04 16:02:22.574745+04:00
6728b83ac382305c7a79673c,VRXAAYQ8,CAR,2024-11-04 16:04:10.251511+04:00
6728b9714b9ae8b2089d8a93,U3DRSPR4,CAR,2024-11-04 16:09:21.435025+04:00
6728b9b1c382305c7a7967c7,739J3TX9,CAR,2024-11-04 16:10:25.628551+04:00
6728b9b74b9ae8b2089d8ad5,SD4AATPA,CAR,2024-11-04 16:10:31.768899+04:00
6728ba30d963ca45b931fa9b,65VGAMFB,CAR,2024-11-04 16:12:32.069779+04:00
6728bb0d4b9ae8b2089d8aef,JUHEEQ2G,CAR,2024-11-04 16:16:13.524886+04:00
6728bbfbc382305c7a796867,S3UGS4NE,CAR,2024-11-04 16:20:11.931637+04:00
6728bcbcdecd628537ffa5f0,WM7BN4QP,CAR,2024-11-04 16:23:24.814991+04:00
6728bec1c382305c7a7968ec,T69FC39Y,CAR,2024-11-04 16:32:01.090263+04:00
6728bf934b9ae8b2089d8bb1,9CGSZPXB,CAR,2024-11-04 16:35:31.303126+04:00
6728c0f3c382305c7a7969e5,SULTY2LY,CAR,2024-11-04 16:41:23.452311+04:00
6728c1084b9ae8b2089d8c2f,R43449YB,CAR,2024-11-04 16:41:44.597894+04:00
6728c463d963ca45b931fb8a,QSP7TTA8,CAR,2024-11-04 16:56:03.773460+04:00
6728c52adecd628537ffa69f,MLJYDYGP,CAR,2024-11-04 16:59:22.012428+04:00
6728c6144b9ae8b2089d8dac,Q8MJZ7KD,CAR,2024-11-04 17:03:16.549553+04:00
6728c71b83b0b3aaf14e67c3,UJT26UKJ,CAR,2024-11-04 17:07:39.166529+04:00
6728c8d8c848ffbead2359e7,NBL3PYQZ,CAR,2024-11-04 17:15:04.589485+04:00
6728c9eb891ab3604b337463,52T9MVR2,CAR,2024-11-04 17:19:39.385886+04:00
6728c9eedecd628537ffa867,Y3UBSFQS,CAR,2024-11-04 17:19:42.623551+04:00
6728cad287311e60b9e2e0bf,YGSWPA5B,CAR,2024-11-04 17:23:30.075944+04:00
6728cdcd83b0b3aaf14e6942,9M3YVKF5,CAR,2024-11-04 17:36:13.952890+04:00
6728d2e62d7d0ca62cfa71b4,3SRNBVLM,CAR,2024-11-04 17:57:58.892453+04:00
6728d2ec891ab3604b3376fa,BY69BR2N,CAR,2024-11-04 17:58:04.256114+04:00
6728d5f9891ab3604b33778e,KLPLRWLK,CAR,2024-11-04 18:11:05.200775+04:00
6728d65e891ab3604b3377fe,QDD5RCMX,CAR,2024-11-04 18:12:46.036480+04:00
6728d781c848ffbead235ab6,JDYDZDLT,CAR,2024-11-04 18:17:37.217525+04:00
6728daf0a927a6c37a52a2fe,N8UBZKE4,CAR,2024-11-04 18:32:16.039124+04:00
6728db320182b73ace40ec4b,GRWSS6LT,CAR,2024-11-04 18:33:22.316687+04:00
6728db5d2d7d0ca62cfa7266,KF4MN4RN,CAR,2024-11-04 18:34:05.271668+04:00
6728dbf86dbdfc097653572c,MKC39CTS,CAR,2024-11-04 18:36:40.330294+04:00
6728dd8f63678e60679c3720,TU3Y3Q9P,CAR,2024-11-04 18:43:27.327629+04:00
6728de436dbdfc0976535817,N3C7FD5T,CAR,2024-11-04 18:46:27.441358+04:00
6728de492d7d0ca62cfa727c,H3D85XV6,CAR,2024-11-04 18:46:33.880558+04:00
6728e0b80448a9d2a98c9349,3JF4PTRU,CAR,2024-11-04 18:56:56.381917+04:00
6728e0ce62b307687fc0e5db,67NZMRHB,CAR,2024-11-04 18:57:18.922379+04:00
6728e1d60448a9d2a98c9384,DCN7U2HA,CAR,2024-11-04 19:01:42.970454+04:00
6728e3d8a338713d5de333bc,QR7ZQWHP,CAR,2024-11-04 19:10:16.893156+04:00
6728e4950182b73ace40ecc5,CZYHJ95B,CAR,2024-11-04 19:13:25.897376+04:00
6728e8d84973617f7f147a5d,V5K469QP,CAR,2024-11-04 19:31:36.220068+04:00
6728ea624973617f7f147ad5,S6NLS8UD,CAR,2024-11-04 19:38:10.401182+04:00
6728ec2f4973617f7f147b5e,QKPM5TVL,CAR,2024-11-04 19:45:51.024026+04:00
6728ed8963678e60679c3892,B8UDQN4E,CAR,2024-11-04 19:51:37.763894+04:00
6728f01362b307687fc0e6af,RCWEJND8,CAR,2024-11-04 20:02:27.808984+04:00
6728f10be9b34f45ebf8e6e5,V7QCBCRE,CAR,2024-11-04 20:06:35.595954+04:00
6728f162e9b34f45ebf8e77c,3K6B25LW,CAR,2024-11-04 20:08:02.192405+04:00
6728f3e8e9b34f45ebf8e7f7,GHSEAYG7,CAR,2024-11-04 20:18:48.167363+04:00
6728f76b53b8b129fc6a7c38,2KGM98YP,CAR,2024-11-04 20:33:47.382533+04:00
6728fa75e9b34f45ebf8e897,8U9BMTXY,CAR,2024-11-04 20:46:45.568017+04:00
6728fb814973617f7f147c77,G2TE5PMR,CAR,2024-11-04 20:51:13.583572+04:00
6728fe8f776c9a6ed70524ec,TCKZX2MY,CAR,2024-11-04 21:04:15.028752+04:00
6728fede57823dd028247b65,TLZCY93K,CAR,2024-11-04 21:05:34.423013+04:00
6728ff0e57823dd028247bd5,RLNCQBHP,CAR,2024-11-04 21:06:22.311973+04:00
6728ff5c776c9a6ed7052566,CLGHC3VD,CAR,2024-11-04 21:07:40.715260+04:00
67290103776c9a6ed70525e6,6ACNABWN,CAR,2024-11-04 21:14:43.281624+04:00
672901b9a02740436ac6ad38,5SEQ7W4G,CAR,2024-11-04 21:17:45.884227+04:00
6729048fafe5e40da498b7d1,B53FTMT5,CAR,2024-11-04 21:29:51.815461+04:00
672904bcafe5e40da498b7d5,Y3DC5EMJ,CAR,2024-11-04 21:30:36.010448+04:00
6729093622bb3e829147c35e,W25WKFXB,CAR,2024-11-04 21:49:42.009923+04:00
67290ad150004e9135188b4f,XXUCZE9G,CAR,2024-11-04 21:56:33.076962+04:00
67290c7f22bb3e829147c420,WM843BHR,CAR,2024-11-04 22:03:43.733785+04:00
67290ecabb6d7bae89455108,PY3GZKSA,CAR,2024-11-04 22:13:30.852887+04:00
67290f5350004e9135188bfd,3T8YXMKV,CAR,2024-11-04 22:15:47.856148+04:00
67291322fc7c7e827d805fa6,8N42C2RH,CAR,2024-11-04 22:32:02.107927+04:00
6729157c5970b87ab4ae4500,JSDDDZVZ,CAR,2024-11-04 22:42:04.914721+04:00
67293caed8fd961f49319aaf,XZ6YUK29,CAR,2024-11-05 01:29:18.583427+04:00
6729549010120804116e5a65,YVEQWAUT,CAR,2024-11-05 03:11:12.084541+04:00
67297dec10120804116e5ad9,2APRPVSH,CAR,2024-11-05 06:07:40.175418+04:00
67298a283c733a7673c3e275,CM9TCRDY,CAR,2024-11-05 06:59:52.055269+04:00
67299aa910120804116e5b6f,GJR95VZF,CAR,2024-11-05 08:10:17.868253+04:00
67299e946994d7d409f7dda0,WM5JMPA5,CAR,2024-11-05 08:27:00.267811+04:00
67299fa66994d7d409f7de83,AJP3PB3C,CAR,2024-11-05 08:31:34.167771+04:00
67299fe43c733a7673c3e3fe,KNHV7TN3,CAR,2024-11-05 08:32:36.862800+04:00
6729a5e910120804116e5bd0,R4HZNT22,CAR,2024-11-05 08:58:17.303741+04:00
6729a69df4223e4cc28cf9be,CAC7FMVM,CAR,2024-11-05 09:01:17.355471+04:00
6729a6aad8fd961f49319bce,6QCGPDQD,CAR,2024-11-05 09:01:30.442057+04:00
6729a87bf4223e4cc28cfaa8,9NZXWRQ4,CAR,2024-11-05 09:09:15.161903+04:00
6729a8ced8fd961f49319c4f,FTZMZGFW,CAR,2024-11-05 09:10:38.193562+04:00
6729a92310120804116e5c68,P4TR6WBD,CAR,2024-11-05 09:12:03.503528+04:00
6729a9f3af16115315d94e80,PL2D94YY,CAR,2024-11-05 09:15:31.613387+04:00
6729abaed8fd961f49319cde,7RJGDLGS,CAR,2024-11-05 09:22:54.280712+04:00
6729ace4af16115315d94f7d,NXM73ZNL,CAR,2024-11-05 09:28:04.318199+04:00
6729ad30f4223e4cc28cfc81,89QRRGY9,CAR,2024-11-05 09:29:20.932265+04:00
6729ad57d8fd961f49319cf0,WK9UEWPY,CAR,2024-11-05 09:29:59.738173+04:00
6729b01465edd059703670e1,RMSWU4R8,CAR,2024-11-05 09:41:40.279361+04:00
6729b09d65edd05970367156,VXZF586B,CAR,2024-11-05 09:43:57.047239+04:00
6729b0d4c2654855be0024fb,L8X57QWA,CAR,2024-11-05 09:44:52.464583+04:00
6729b1b7fdeeb1280486d5e1,ETUV6YPF,CAR,2024-11-05 09:48:39.699352+04:00
6729b1c8c2654855be00257a,AAFYBRKH,CAR,2024-11-05 09:48:56.389444+04:00
6729b2b96ecb8fac10e06bb4,LSTPG3G4,CAR,2024-11-05 09:52:57.058130+04:00
6729b38e36f0cfca470bb472,3KSNQBCU,CAR,2024-11-05 09:56:30.085473+04:00
6729b3bec2654855be00261a,PZGBG4HD,CAR,2024-11-05 09:57:18.881450+04:00
6729b49436f0cfca470bb4dc,EDBXBWRV,CAR,2024-11-05 10:00:52.758855+04:00
6729b629af16115315d9514d,U3AD6A89,CAR,2024-11-05 10:07:37.792379+04:00
6729b63a1c79879487f0de4a,6XNZCNJJ,CAR,2024-11-05 10:07:54.934047+04:00
6729b751f28b398d05124f12,JU4DPR5D,CAR,2024-11-05 10:12:33.441849+04:00
6729b7fafdeeb1280486d67a,JSVZECLQ,CAR,2024-11-05 10:15:22.812141+04:00
6729b9cf65edd05970367236,E6FLLRTV,CAR,2024-11-05 10:23:11.673164+04:00
6729bb261c79879487f0df2e,PJNZ4R8H,CAR,2024-11-05 10:28:54.687123+04:00
6729bc6d91a43fd25b2779e9,EWCSMADD,CAR,2024-11-05 10:34:21.391384+04:00
6729bc9191a43fd25b277a1d,LHEJKQHU,CAR,2024-11-05 10:34:57.642836+04:00
6729bce0fdeeb1280486d787,GMWBRF89,CAR,2024-11-05 10:36:16.277650+04:00
6729bd981c79879487f0df41,57FQBVHZ,CAR,2024-11-05 10:39:20.116825+04:00
6729bf196ecb8fac10e06d38,AWMEZNV4,CAR,2024-11-05 10:45:45.264533+04:00
6729bfe2a5febbeaa833e83a,2FXXKG85,CAR,2024-11-05 10:49:06.862890+04:00
6729c04c1c79879487f0dfd3,TS77ZEUA,CAR,2024-11-05 10:50:52.578788+04:00
6729c0a6c2654855be002719,2RFVT83U,CAR,2024-11-05 10:52:22.491833+04:00
6729c0c655a051c9aea4daf3,S9EHYGB4,CAR,2024-11-05 10:52:54.450617+04:00
6729c1ca91a43fd25b277b34,4NZPZGFC,CAR,2024-11-05 10:57:13.989729+04:00
6729c1ef91a43fd25b277ba9,UVXJ6KV7,CAR,2024-11-05 10:57:51.753498+04:00
6729c281a5febbeaa833e8bb,667ZSJXC,CAR,2024-11-05 11:00:17.331545+04:00
6729c2b54502ccf738219f09,BPQU7BYD,CAR,2024-11-05 11:01:09.029952+04:00
6729c324a5febbeaa833e92f,LQPSPZZW,CAR,2024-11-05 11:03:00.256820+04:00
6729c4c0a02740436ac6af9f,XKXKGGWX,CAR,2024-11-05 11:09:52.560804+04:00
6729c75955a051c9aea4dc50,7YTHYXFN,CAR,2024-11-05 11:20:57.545520+04:00
6729c802fdeeb1280486d857,4UT32GGR,CAR,2024-11-05 11:23:46.281551+04:00
6729c80bf28b398d05125040,KZKHGBS9,CAR,2024-11-05 11:23:55.927874+04:00
6729c81cf55de5c64b6e4700,XD2GPQC2,CAR,2024-11-05 11:24:12.847086+04:00
6729c960a5febbeaa833eaed,3Q4RQ8Q7,CAR,2024-11-05 11:29:36.110755+04:00
6729ca37b85c4b3c50210af0,SQ837ZMD,CAR,2024-11-05 11:33:11.630650+04:00
6729caf7b85c4b3c50210b64,TRTTBNP9,CAR,2024-11-05 11:36:23.115510+04:00
6729cb626eb593618a6afea6,6N9Y45BW,CAR,2024-11-05 11:38:10.741059+04:00
6729cb8ab85c4b3c50210c13,UW76GJYB,CAR,2024-11-05 11:38:50.581972+04:00
6729cc854dba0bc7d7c315a8,YFGQNM6V,CAR,2024-11-05 11:43:01.612104+04:00
6729ccc5a5febbeaa833eb0a,SUJCGPGD,CAR,2024-11-05 11:44:05.026046+04:00
6729cf336eb593618a6aff84,YKEVNCKR,CAR,2024-11-05 11:54:27.544298+04:00
6729cfc789ee032c7409945a,T29MTQXZ,CAR,2024-11-05 11:56:55.952767+04:00
6729d10589ee032c74099472,AYA45F47,CAR,2024-11-05 12:02:13.042439+04:00
6729d151b3f39ec6babc7cbe,5U7ZGYDN,CAR,2024-11-05 12:03:29.114472+04:00
6729d1bff55de5c64b6e493d,KBGFACAY,CAR,2024-11-05 12:05:19.697413+04:00
6729d1ffd82e78abe9a580e5,G3UKDARN,CAR,2024-11-05 12:06:23.094222+04:00
6729d264b3f39ec6babc7d31,AVAS5XM2,CAR,2024-11-05 12:08:04.678914+04:00
6729d42eba44f92489f7b803,FDCJCJKR,CAR,2024-11-05 12:15:42.741676+04:00
6729d575d82e78abe9a581c5,XSSMUNVN,CAR,2024-11-05 12:21:09.473168+04:00
6729d5ab797dd133d504e501,MHFYRWP3,CAR,2024-11-05 12:22:03.090905+04:00
6729d7f3b3f39ec6babc7f70,95E3APD2,CAR,2024-11-05 12:31:47.233211+04:00
6729d8faf19047f4482fc485,7KBHZ8N2,CAR,2024-11-05 12:36:10.815049+04:00
6729d9def19047f4482fc523,YJ6PVFPB,CAR,2024-11-05 12:39:58.865885+04:00
6729da6ad07a2f9515505724,CYYQ35FC,CAR,2024-11-05 12:42:18.294134+04:00
6729da874a0cec2a6af023bf,7GTEGU6N,CAR,2024-11-05 12:42:47.336552+04:00
6729db274e121ea4a16803f7,YVASY2UV,CAR,2024-11-05 12:45:27.392345+04:00
6729dc7bd07a2f951550580b,3K9VFSDA,CAR,2024-11-05 12:51:07.794761+04:00
6729dff39482b30ce913dcfc,5RP6G3JS,CAR,2024-11-05 13:05:55.682140+04:00
6729e077a66761fff42866cc,FKC9MXW5,CAR,2024-11-05 13:08:07.888155+04:00
6729e0a19482b30ce913dd6d,VB8QFMLF,CAR,2024-11-05 13:08:49.403090+04:00
6729e0d0e7f0aa3a850898dd,VJ62SWB3,CAR,2024-11-05 13:09:36.652044+04:00
6729e14c2a6122efb05e5af9,VNL5N5JT,CAR,2024-11-05 13:11:40.853240+04:00
6729e173c2654855be002781,CAA9NCYX,CAR,2024-11-05 13:12:19.751783+04:00
6729e19e9482b30ce913ddf4,3T9U6PYW,CAR,2024-11-05 13:13:02.269931+04:00
6729e1adc2654855be002825,NDR6ELA5,CAR,2024-11-05 13:13:17.278563+04:00
6729e280e7f0aa3a850899ac,97LZVVVX,CAR,2024-11-05 13:16:48.659129+04:00
6729e3ab9482b30ce913de7b,VCU3YS62,CAR,2024-11-05 13:21:47.004250+04:00
6729e423a66761fff428676c,XQUPMVGL,CAR,2024-11-05 13:23:47.480875+04:00
6729e511a66761fff42867eb,JH5863XE,CAR,2024-11-05 13:27:45.832434+04:00
6729e5f49482b30ce913df8f,NZCR6ABE,CAR,2024-11-05 13:31:32.019132+04:00
6729e75fc2654855be0028aa,TPCCF5EE,CAR,2024-11-05 13:37:35.138138+04:00
6729e8c3a13c0bd8e0ccaf6e,B7BCYPKA,CAR,2024-11-05 13:43:31.392611+04:00
6729e97da13c0bd8e0ccafe4,5V5VLKYU,CAR,2024-11-05 13:46:37.015493+04:00
6729ea082a6122efb05e5cc2,WKH5QM4Y,CAR,2024-11-05 13:48:56.412957+04:00
6729ea58e7f0aa3a85089aa4,XRC2JFL6,CAR,2024-11-05 13:50:16.414573+04:00
6729eaf682041d3663d01d24,TULPRKCP,CAR,2024-11-05 13:52:54.106976+04:00
6729ec4a9482b30ce913e0c0,RVZRD36D,CAR,2024-11-05 13:58:34.516939+04:00
6729ec7fa66761fff428693c,Y7AE269M,CAR,2024-11-05 13:59:27.504770+04:00
6729ed96e7f0aa3a85089bde,ETTEDHHB,CAR,2024-11-05 14:04:06.261513+04:00
6729ed9d69d31420d0d191dd,RGPTQ8EQ,CAR,2024-11-05 14:04:13.602201+04:00
6729ef05a13c0bd8e0ccb0ed,GPCUK7XD,CAR,2024-11-05 14:10:13.904772+04:00
6729efba82041d3663d01da9,PF2K87Z9,CAR,2024-11-05 14:13:14.637416+04:00
6729efe3a66761fff4286a70,NLKEC5NR,CAR,2024-11-05 14:13:55.476126+04:00
6729eff6d82e78abe9a582d8,59TUD3NJ,CAR,2024-11-05 14:14:14.023471+04:00
6729f16a3efb506c3b7471e5,WJ7HW6VG,CAR,2024-11-05 14:20:26.948784+04:00
6729f18269d31420d0d19271,LX8RKC6V,CAR,2024-11-05 14:20:49.847268+04:00
6729f233d82e78abe9a58357,NKF7V4Y4,CAR,2024-11-05 14:23:47.737963+04:00
6729f29b7af42997c3af193e,TKAVN33J,CAR,2024-11-05 14:25:31.451013+04:00
6729f33169d31420d0d192e6,SZWGHAEM,CAR,2024-11-05 14:28:01.887680+04:00
6729f77369d31420d0d193d7,8SLB5CHN,CAR,2024-11-05 14:46:11.861730+04:00
6729f9857783fa241aa576b4,G74U2C49,CAR,2024-11-05 14:55:01.236303+04:00
6729fa497783fa241aa57739,996DN2ML,CAR,2024-11-05 14:58:17.663797+04:00
6729fc627783fa241aa57761,MCWPJNHM,CAR,2024-11-05 15:07:14.588220+04:00
6729fc9f7783fa241aa577d2,J3VJJE5Y,CAR,2024-11-05 15:08:15.891410+04:00
6729fcc4824066c5a72080cc,MZU62QC7,CAR,2024-11-05 15:08:52.659399+04:00
6729fcdefd73285bb54e174d,MFCUTL3M,CAR,2024-11-05 15:09:18.806786+04:00
6729ff26160ed598c5c7baf1,UNN536GN,CAR,2024-11-05 15:19:02.543343+04:00
6729ffc982041d3663d01ecf,JS47J4K8,CAR,2024-11-05 15:21:45.433681+04:00
672a01dbfd73285bb54e17da,MQRUT6C2,CAR,2024-11-05 15:30:35.557090+04:00
672a0300f764258a33af869c,5KCQC755,CAR,2024-11-05 15:35:28.848437+04:00
672a030982041d3663d01eeb,EZMG62M7,CAR,2024-11-05 15:35:37.911278+04:00
672a0539607389a112a51e7b,6M7DB8NP,CAR,2024-11-05 15:44:57.795629+04:00
672a07343e675ae75d508eaa,FSNFRHVL,CAR,2024-11-05 15:53:24.031181+04:00
672a077001426d5e2b25e684,UHVM5PJT,CAR,2024-11-05 15:54:24.701879+04:00
672a0aa6607389a112a51f1f,4Z3PJJ3T,CAR,2024-11-05 16:08:06.009366+04:00
672a0c6ef87b75b543500475,G6SGFMFH,CAR,2024-11-05 16:15:42.093658+04:00
672a0cb4f87b75b54350047f,LUG837FF,CAR,2024-11-05 16:16:52.686412+04:00
672a0d29f87b75b543500524,JQLHS2JR,CAR,2024-11-05 16:18:49.529190+04:00
672a0d43f764258a33af8765,RWF8973E,CAR,2024-11-05 16:19:15.403307+04:00
672a0e5af764258a33af87e3,NC4VW2MP,CAR,2024-11-05 16:23:54.111433+04:00
672a101e607389a112a5207d,A5CE52FU,CAR,2024-11-05 16:31:26.565926+04:00
672a10dff764258a33af887d,3MVYFCZP,CAR,2024-11-05 16:34:39.486284+04:00
672a1290f764258a33af8989,886XKBZF,CAR,2024-11-05 16:41:52.617666+04:00
672a13915e78c5dc65cf9b7b,DP2EM3K6,CAR,2024-11-05 16:46:09.421525+04:00
672a1564f87b75b543500759,XR2NVTMZ,CAR,2024-11-05 16:53:56.715999+04:00
672a1634f87b75b5435007d0,VRUA9AQK,CAR,2024-11-05 16:57:24.234939+04:00
672a174a160ed598c5c7bf58,ULDMLNY9,CAR,2024-11-05 17:02:02.365904+04:00
672a178944103994c6484047,RJ4QK3PQ,CAR,2024-11-05 17:03:05.410344+04:00
672a17b144103994c64840bb,D9K24BPS,CAR,2024-11-05 17:03:45.967164+04:00
672a180f607389a112a52233,T8ZGABYJ,CAR,2024-11-05 17:05:19.456510+04:00
672a1819380aa1fd65ced1e5,PGU48MP2,CAR,2024-11-05 17:05:29.544289+04:00
672a1a38f1d62cff03c9e57b,MDVYPC6R,CAR,2024-11-05 17:14:32.938647+04:00
672a1a4844103994c6484234,JFRZBW2A,CAR,2024-11-05 17:14:48.374976+04:00
672a1d2f380aa1fd65ced398,NVZP99GF,CAR,2024-11-05 17:27:11.022688+04:00
672a1db344103994c6484377,JAECAF5V,CAR,2024-11-05 17:29:23.324671+04:00
672a1e22f1d62cff03c9e675,7CH6HDN7,CAR,2024-11-05 17:31:14.253801+04:00
672a1f75380aa1fd65ced4a4,YP457AJ9,CAR,2024-11-05 17:36:53.312880+04:00
672a215460ab5abfdb2bf9b2,27437YZD,CAR,2024-11-05 17:44:52.168427+04:00
672a225360ab5abfdb2bfa25,GVV6HKNU,CAR,2024-11-05 17:49:07.499557+04:00
672a23b857a51f07c58e9fe8,87VKHM2C,CAR,2024-11-05 17:55:04.526191+04:00
672a23b9380aa1fd65ced5a3,SR7BYQ2X,CAR,2024-11-05 17:55:05.196701+04:00
672a25e360ab5abfdb2bfb0f,HTPWL5XV,CAR,2024-11-05 18:04:19.439669+04:00
672a28386d674cd08cceb6d1,WDG5AL2L,CAR,2024-11-05 18:14:16.272002+04:00
672a29cbf78fcde49265c450,347ZCAJM,CAR,2024-11-05 18:20:59.265795+04:00
672a2b77635f48f9f1a49a22,FKBKMTCV,CAR,2024-11-05 18:28:07.570355+04:00
672a2bba635f48f9f1a49a57,X96JLC5V,CAR,2024-11-05 18:29:14.809851+04:00
672a2ee8337bbdb7ebf5d9d1,8UYQJJNB,CAR,2024-11-05 18:42:48.694295+04:00
672a3090337bbdb7ebf5da64,ACQMSFN2,CAR,2024-11-05 18:49:52.662586+04:00
672a34b10ca8b7fde4252ff8,KUVPZTTP,CAR,2024-11-05 19:07:29.685281+04:00
672a3621bb419969c1cf70bb,FR8DSRLJ,CAR,2024-11-05 19:13:37.264186+04:00
672a38a61fb123a0f6fc7969,PPW942AK,CAR,2024-11-05 19:24:22.271794+04:00
672a3b24f78fcde49265c703,BEVFPUC2,CAR,2024-11-05 19:35:00.702750+04:00
672a3ba2f78fcde49265c7b3,RA2U6V3B,CAR,2024-11-05 19:37:06.806421+04:00
672a3e0f337bbdb7ebf5db74,FLH666QK,CAR,2024-11-05 19:47:27.805663+04:00
672a3f40f78fcde49265c861,WL34YJBE,CAR,2024-11-05 19:52:32.262624+04:00
672a409a337bbdb7ebf5dbeb,N3Q2H6VG,CAR,2024-11-05 19:58:18.931405+04:00
672a421a1add240d924226e2,8EC4U7UY,CAR,2024-11-05 20:04:42.555690+04:00
672a421b337bbdb7ebf5dc3e,S2AVM43T,CAR,2024-11-05 20:04:43.368847+04:00
672a42e0f78fcde49265c97a,TBCGNVBQ,CAR,2024-11-05 20:08:00.215808+04:00
672a44bcd78c2b66e6f976fe,LYDFMSYF,CAR,2024-11-05 20:15:56.085119+04:00
672a454cf764258a33af8a14,953J58CP,CAR,2024-11-05 20:18:20.089104+04:00
672a46aed78c2b66e6f97792,SQDAHU53,CAR,2024-11-05 20:24:14.791428+04:00
672a49ddd78c2b66e6f978b4,5ZPW7AXA,CAR,2024-11-05 20:37:49.301142+04:00
672a51d83f28502628f8890b,5G939PFT,CAR,2024-11-05 21:11:52.408175+04:00
672a531223d740b7e0eed2e4,52D5Q9UB,CAR,2024-11-05 21:17:06.366749+04:00
672a54a46e439ae02958c0a6,THX4TS4P,CAR,2024-11-05 21:23:48.797974+04:00
672a5b46a7adc9d759c45e2a,2N5C4JAN,CAR,2024-11-05 21:52:06.747631+04:00
672a5dc123d740b7e0eed4f1,3RH25LP9,CAR,2024-11-05 22:02:41.231235+04:00
672a67dd6e439ae02958c276,5QU88UL2,CAR,2024-11-05 22:45:49.766609+04:00
672a6c993f28502628f889f7,LRRGB7JL,CAR,2024-11-05 23:06:01.335726+04:00
672a6cf9289e4b4008099de6,K35EB9EG,CAR,2024-11-05 23:07:36.995409+04:00
672a6efe55b55ee7e8ac8104,LH4Q48J5,CAR,2024-11-05 23:16:14.605335+04:00
672a71533f28502628f88ac6,B3Z3BVGT,CAR,2024-11-05 23:26:11.024371+04:00
672a72b955b55ee7e8ac8172,FBRHBMDQ,CAR,2024-11-05 23:32:09.047866+04:00
672a76802731cf5032f9a698,YNTS4WL8,CAR,2024-11-05 23:48:16.130771+04:00
672a7b109ca3ba758ce335c2,MZGAXT85,CAR,2024-11-06 00:07:44.338628+04:00
672a84587f280172e4ef9787,EENUWM4F,CAR,2024-11-06 00:47:20.275187+04:00
672a9de17f280172e4ef97af,RHXU35DB,CAR,2024-11-06 02:36:16.998435+04:00
672aa06b46e8f9a57c104d43,JST8WZV8,CAR,2024-11-06 02:47:07.635757+04:00
672ac0760ad37bc9f3ea7a40,4684BTAH,CAR,2024-11-06 05:03:50.960576+04:00
672adf65d85a1fc5b18c8594,S7PFTDAQ,CAR,2024-11-06 07:15:49.772342+04:00
672ae000c176f5789cc7506f,4T86ZUHY,CAR,2024-11-06 07:18:24.652168+04:00
672ae453c176f5789cc75076,9JGDU7DP,CAR,2024-11-06 07:36:51.240851+04:00
672ae58874e0d40416e04e45,SUCA77MJ,CAR,2024-11-06 07:42:00.642829+04:00
672ae6afd85a1fc5b18c8628,XTLAJQVR,CAR,2024-11-06 07:46:55.745871+04:00
672ae81374e0d40416e04ec5,JFC35Y47,CAR,2024-11-06 07:52:51.842621+04:00
672af421d85a1fc5b18c8862,6KX3APC5,CAR,2024-11-06 08:44:17.725570+04:00
672af81baaa6af2bd6a2bf1c,7HF3U35U,CAR,2024-11-06 09:01:15.881814+04:00
672af9eb156c25bbd5feb03c,SYGMV3KK,CAR,2024-11-06 09:08:59.230367+04:00
672afca7276817b083c5824d,8DSEPLB7,CAR,2024-11-06 09:20:39.356882+04:00
672afcd3156c25bbd5feb10b,D3J2W52Z,CAR,2024-11-06 09:21:22.995791+04:00
672afd5a156c25bbd5feb192,QM5HDHBT,CAR,2024-11-06 09:23:38.165942+04:00
672afe84156c25bbd5feb23b,MFR6N98K,CAR,2024-11-06 09:28:36.201790+04:00
672b006a6f988865d0056d2a,BV27KDNJ,CAR,2024-11-06 09:36:42.647191+04:00
672b00d2f4d9ead6b7542b65,N6XW6ZWN,CAR,2024-11-06 09:38:26.024812+04:00
672b0287755bc1fe627b7b95,BC5ETD48,CAR,2024-11-06 09:45:43.933678+04:00
672b0322f4d9ead6b7542bef,CZFTVDTR,CAR,2024-11-06 09:48:18.514702+04:00
672b035bf4d9ead6b7542c63,XRKLDAJ7,CAR,2024-11-06 09:49:15.395931+04:00
672b04d1ba21c37c1c904c80,9J2A2FBU,CAR,2024-11-06 09:55:29.255197+04:00
672b04eea3e564acf42d3449,QK7FQSUA,CAR,2024-11-06 09:55:58.248313+04:00
672b058655b55ee7e8ac827f,ARUVU7LX,CAR,2024-11-06 09:58:30.043594+04:00
672b06655f24ca8e93163db5,CLQNFA77,CAR,2024-11-06 10:02:13.529361+04:00
672b072da3e564acf42d348a,H8L65FTQ,CAR,2024-11-06 10:05:33.384345+04:00
672b07690acb19b804bafc87,L8ZW6AWV,CAR,2024-11-06 10:06:33.315743+04:00
672b082d55b55ee7e8ac82c2,RZ2E9N87,CAR,2024-11-06 10:09:49.542866+04:00
672b08990acb19b804bafca0,WKLNELUC,CAR,2024-11-06 10:11:37.208610+04:00
672b09010acb19b804bafd0c,GYLVDZFW,CAR,2024-11-06 10:13:21.681269+04:00
672b09590acb19b804bafd7b,6BAWDF45,CAR,2024-11-06 10:14:49.199938+04:00
672b0a56755bc1fe627b7bde,5EZMGDJZ,CAR,2024-11-06 10:19:02.234696+04:00
672b0a8a6c1624c972e5b592,3FAU72N5,CAR,2024-11-06 10:19:54.326376+04:00
672b0c6073b70f0282790ca0,JAJ77E2K,CAR,2024-11-06 10:27:44.462908+04:00
672b0dc8a3e564acf42d355d,TR4GBB3T,CAR,2024-11-06 10:33:44.633200+04:00
672b0dccba21c37c1c904ca3,Q7ZCQQ93,CAR,2024-11-06 10:33:48.479008+04:00
672b0dff54201b515b62a726,33UBCEE3,CAR,2024-11-06 10:34:39.017694+04:00
672b0e5354201b515b62a791,5TQ6NJBG,CAR,2024-11-06 10:36:03.529535+04:00
672b0f0355b55ee7e8ac8362,SYQUYXZX,CAR,2024-11-06 10:38:59.639802+04:00
672b111854201b515b62a7e5,7N7SGURW,CAR,2024-11-06 10:47:52.435899+04:00
672b12faa3e564acf42d374b,2JTNTLCC,CAR,2024-11-06 10:55:54.525202+04:00
672b141154201b515b62a91b,T684JLKM,CAR,2024-11-06 11:00:33.054537+04:00
672b144fa3e564acf42d37cf,MKYQGEYQ,CAR,2024-11-06 11:01:35.442703+04:00
672b14f6a3e564acf42d3886,4G3AQ3KV,CAR,2024-11-06 11:04:22.627606+04:00
672b180e2d0c52c605a7ca82,YD4EBP83,CAR,2024-11-06 11:17:34.769018+04:00
672b188d4ae8f8f9e0536799,ZE7GZT4N,CAR,2024-11-06 11:19:41.579331+04:00
672b19812d0c52c605a7cb0c,HQDN9Y8P,CAR,2024-11-06 11:23:45.662017+04:00
672b1a25484c313c6fc789ee,4VA2BT56,CAR,2024-11-06 11:26:29.544759+04:00
672b1b94e6c92973381835b3,H75DBGNQ,CAR,2024-11-06 11:32:36.685797+04:00
672b1c9e2d0c52c605a7cbb4,XCZKZ254,CAR,2024-11-06 11:37:02.597424+04:00
672b1f5d484c313c6fc78a77,JZ33ZY8M,CAR,2024-11-06 11:48:45.547321+04:00
672b20b94223001d88d957bb,TYY6MXGK,CAR,2024-11-06 11:54:33.969718+04:00
672b22072d0c52c605a7cd10,FVY6B74Y,CAR,2024-11-06 12:00:07.146180+04:00
672b22732d0c52c605a7cd8e,MABEANW8,CAR,2024-11-06 12:01:55.815441+04:00
672b2457ea0b31be70ac5fd1,5YN8RKEU,CAR,2024-11-06 12:09:59.122222+04:00
672b2478484c313c6fc78be9,K658KGD7,CAR,2024-11-06 12:10:32.428579+04:00
672b255804988863a7b55046,ZJ96XZ2L,CAR,2024-11-06 12:14:16.147131+04:00
672b2b7ad6bddcdab63086ff,PU23M2E9,CAR,2024-11-06 12:40:26.685985+04:00
672b2cbc04988863a7b55138,3P9K7V8N,CAR,2024-11-06 12:45:48.078500+04:00
672b2d48d6bddcdab630881f,P4XFHUT6,CAR,2024-11-06 12:48:08.410582+04:00
672b2f4dd6bddcdab6308988,PZ3JVN57,CAR,2024-11-06 12:56:44.995549+04:00
672b2f54be4e7d17e27d3f04,YC5F6JHG,CAR,2024-11-06 12:56:52.923333+04:00
672b3004d6bddcdab6308a3e,LJJ8ZYF5,CAR,2024-11-06 12:59:48.863283+04:00
672b3010be4e7d17e27d3f8d,9JP7SPQF,CAR,2024-11-06 13:00:00.306620+04:00
672b3095241e7d83c472ab81,PFZF426H,CAR,2024-11-06 13:02:13.915344+04:00
672b3119be4e7d17e27d401c,RS68BUUW,CAR,2024-11-06 13:04:25.765235+04:00
672b32435530cb748626aa2d,W36HNPCR,CAR,2024-11-06 13:09:23.799347+04:00
672b3335be4e7d17e27d4191,AVQ4QE4J,CAR,2024-11-06 13:13:25.296981+04:00
672b3376be4e7d17e27d4210,Z3XK2H4J,CAR,2024-11-06 13:14:30.236678+04:00
672b337d9ac3781c655a7cf1,FP8KBM34,CAR,2024-11-06 13:14:37.453086+04:00
672b33e3be4e7d17e27d42b1,VHZ3HZA9,CAR,2024-11-06 13:16:19.100738+04:00
672b34f3241e7d83c472ac00,QGJFY5YH,CAR,2024-11-06 13:20:51.448755+04:00
672b357a79491f6e8e4356cc,2E9YKL44,CAR,2024-11-06 13:23:06.055704+04:00
672b36cfbe4e7d17e27d43fc,2KXJ2SCW,CAR,2024-11-06 13:28:47.141612+04:00
672b3732be4e7d17e27d4477,MQK9VSSY,CAR,2024-11-06 13:30:26.744411+04:00
672b3c3a45201b4929859e82,V63USE9N,CAR,2024-11-06 13:51:54.871741+04:00
672b3cdda6eb0bc7ce0bfc90,WKKCVA7N,CAR,2024-11-06 13:54:37.342662+04:00
672b3d39241e7d83c472ac2b,DTJNJZF9,CAR,2024-11-06 13:56:09.119690+04:00
672b3d9e45201b4929859f35,ZS4NLHAT,CAR,2024-11-06 13:57:50.414545+04:00
672b428c3c38298a92e52dc8,UWX3U9U8,CAR,2024-11-06 14:18:52.175674+04:00
672b430c4cacb94d41e53a0d,YBJXUMUG,CAR,2024-11-06 14:21:00.339174+04:00
672b4416080ec5d7efaa6847,NWDATN5U,CAR,2024-11-06 14:25:26.601575+04:00
672b46e279491f6e8e435839,BNE5JQ77,CAR,2024-11-06 14:37:22.611768+04:00
672b47a64cacb94d41e53aab,4JATRL9V,CAR,2024-11-06 14:40:38.555258+04:00
672b4a00e67984304a2d73c9,YL56CJXQ,CAR,2024-11-06 14:50:40.340731+04:00
672b4bbaabd7f19240a11b96,6Y8N9ZUN,CAR,2024-11-06 14:58:02.858823+04:00
672b53bd73b70f0282790e51,LMCGLLFE,CAR,2024-11-06 15:32:13.336151+04:00
672b544e5236efac74f47a0b,EJCTX849,CAR,2024-11-06 15:34:38.474689+04:00
672b56060891ddeb3b465b4c,NQ39VYGW,CAR,2024-11-06 15:41:58.640577+04:00
672b5643abd7f19240a11d20,SLKJBGUK,CAR,2024-11-06 15:42:59.196818+04:00
672b5763cab227a668bc19b6,U67RLQ58,CAR,2024-11-06 15:47:47.487731+04:00
672b577f73b70f0282790f03,STVZ6AER,CAR,2024-11-06 15:48:15.514971+04:00
672b582901a2fab427d60a52,J4NWFQJ3,CAR,2024-11-06 15:51:05.671739+04:00
672b598f01a2fab427d60a69,8BQTM5TB,CAR,2024-11-06 15:57:03.879535+04:00
672b5a01abd7f19240a11e11,TDHBP4PD,CAR,2024-11-06 15:58:57.594020+04:00
672b5b6ccab227a668bc1b1b,6S7R8EE9,CAR,2024-11-06 16:05:00.421614+04:00
672b5b7901a2fab427d60c79,XNYAYHKW,CAR,2024-11-06 16:05:13.756931+04:00
672b5c8155b55ee7e8ac83d9,77W3WCBH,CAR,2024-11-06 16:09:37.123230+04:00
672b5e1acab227a668bc1bc9,6EVU5923,CAR,2024-11-06 16:16:26.701077+04:00
672b601373b70f0282791024,RCGWS8NR,CAR,2024-11-06 16:24:51.102768+04:00
672b6074ddd6559c01179e6b,VGCEZJSH,CAR,2024-11-06 16:26:28.899694+04:00
672b645773b70f02827910f8,DQ7JVY4R,CAR,2024-11-06 16:43:03.430481+04:00
672b65107e93f57fab8ec390,TA95RNMS,CAR,2024-11-06 16:46:08.715322+04:00
672b653f55b55ee7e8ac8466,C56UBJSV,CAR,2024-11-06 16:46:55.533755+04:00
672b657a5ab253f7d24ccdbf,8WM92QWR,CAR,2024-11-06 16:47:54.190830+04:00
672b65f7ddd6559c01179f20,CZ65L82W,CAR,2024-11-06 16:49:59.296476+04:00
672b663c7eefa8b3dd420588,FMQ5KHN2,CAR,2024-11-06 16:51:08.493065+04:00
672b6764a0c51bca06b02986,W4SUHKKH,CAR,2024-11-06 16:56:04.353275+04:00
672b682455b55ee7e8ac84da,863V5SAQ,CAR,2024-11-06 16:59:16.604886+04:00
672b6a827e93f57fab8ec46f,R2PH5QPZ,CAR,2024-11-06 17:09:22.459752+04:00
672b6ab9b1190af96dea5753,Y8TWBUWS,CAR,2024-11-06 17:10:17.619069+04:00
672b6b0ca0c51bca06b02a82,QTZ3R4WR,CAR,2024-11-06 17:11:40.351055+04:00
672b6ba4a0c51bca06b02abf,RKBM8QTR,CAR,2024-11-06 17:14:12.841805+04:00
672b6c597e93f57fab8ec59d,9X7G4A8B,CAR,2024-11-06 17:17:13.500740+04:00
672b6cee5ab253f7d24ccec3,YRDKK2FQ,CAR,2024-11-06 17:19:42.278300+04:00
672b6f5c7e93f57fab8ec645,9LJTZEQE,CAR,2024-11-06 17:30:04.118953+04:00
672b71279a0dca80cc8865f7,7JSTGLRK,CAR,2024-11-06 17:37:43.793481+04:00
672b71a8b1190af96dea5827,BBAPZRXV,CAR,2024-11-06 17:39:52.220048+04:00
672b723e9a0dca80cc8866d2,QFSRD8VC,CAR,2024-11-06 17:42:22.086337+04:00
672b75039a0dca80cc886765,FY3CGRDK,CAR,2024-11-06 17:54:11.720218+04:00
672b7697896633b5f62f5817,ZE9PX75E,CAR,2024-11-06 18:00:55.820235+04:00
672b79d77eefa8b3dd420667,6U92GY53,CAR,2024-11-06 18:14:47.397596+04:00
672b7b625ab253f7d24ccf9b,5RS4V2PE,CAR,2024-11-06 18:21:22.882792+04:00
672b810d9a0dca80cc8867ef,2CGXJ6DC,CAR,2024-11-06 18:45:33.574265+04:00
672b8231896633b5f62f592c,ZU3NQQD9,CAR,2024-11-06 18:50:25.430463+04:00
672b84e09a0dca80cc88683a,8S7PWLEJ,CAR,2024-11-06 19:01:52.393699+04:00
672b87cc48b03d2b765ec44f,J3GY7LS7,CAR,2024-11-06 19:14:20.029866+04:00
672b88519a0dca80cc88685a,GRT6UZUW,CAR,2024-11-06 19:16:33.144702+04:00
672b8bd6a0c51bca06b02dd6,9VCFQRT8,CAR,2024-11-06 19:31:34.773048+04:00
672b90f7b1190af96dea5a31,WR3MQDK4,CAR,2024-11-06 19:53:26.995390+04:00
672b95fa48b03d2b765ec546,Y97EQJ52,CAR,2024-11-06 20:14:50.086936+04:00
672b96e848b03d2b765ec5b7,45T2ZRXM,CAR,2024-11-06 20:18:48.240361+04:00
672b98755f64dedd37cb4c67,RWNMBFWR,CAR,2024-11-06 20:25:25.557641+04:00
672b98b4b1190af96dea5a6d,Z4HZN9QM,CAR,2024-11-06 20:26:28.654035+04:00
672b9a45b1190af96dea5aef,TJL9V5FD,CAR,2024-11-06 20:33:09.734871+04:00
672b9dd75f64dedd37cb4d2e,RJP4QSXJ,CAR,2024-11-06 20:48:23.798186+04:00
672ba10f3dba41e602879b37,T5BNBEZV,CAR,2024-11-06 21:02:07.410223+04:00
672ba15a5f64dedd37cb4d81,72SYQ5YM,CAR,2024-11-06 21:03:22.320533+04:00
672ba44ef3ff87f519b1b31f,E879JHJB,CAR,2024-11-06 21:15:58.533805+04:00
672ba5bb903a746f1e146ad1,FEP78ED7,CAR,2024-11-06 21:22:03.918244+04:00
672ba803f3ff87f519b1b3b6,FQJSZNBL,CAR,2024-11-06 21:31:47.751010+04:00
672ba968132a527b6a2da196,XBH7C3VF,CAR,2024-11-06 21:37:44.443998+04:00
672ba9b1903a746f1e146b60,GLP9B47E,CAR,2024-11-06 21:38:57.786628+04:00
672bac7a4f04c296811092d2,SRCHTLAK,CAR,2024-11-06 21:50:50.501009+04:00
672bad9d410ecef5c2c1c8a4,L75A4UPN,CAR,2024-11-06 21:55:40.988404+04:00
672bae75afc29cc0631afed9,JHWKCVB7,CAR,2024-11-06 21:59:17.529632+04:00
672baf6ef4f5d7a81a261e54,SG7VYQTS,CAR,2024-11-06 22:03:26.900238+04:00
672bb575635f48f9f1a49ad2,756VLWSF,CAR,2024-11-06 22:29:09.164082+04:00
672bb6449a0dca80cc886962,3RNV8TPS,CAR,2024-11-06 22:32:36.140469+04:00
672bc0c57eefa8b3dd4206db,EHZBYXYJ,CAR,2024-11-06 23:17:25.255061+04:00
672bc1313e2eede72ab7d3a7,YFYHSDRM,CAR,2024-11-06 23:19:12.943436+04:00
672bc756474e7e93b6002f44,MC9JHZKE,CAR,2024-11-06 23:45:26.018853+04:00
672bd0e0f3ff87f519b1b4f6,DKYE8YW2,CAR,2024-11-07 00:26:08.009241+04:00
672c001c8e0ee78c2bf863ac,3P2P7DTX,CAR,2024-11-07 03:47:40.420054+04:00
672c2c4f4b9abc7c348eb384,53UWEVV9,CAR,2024-11-07 06:56:15.118919+04:00
672c3af62f00ab3395115109,59S624TC,CAR,2024-11-07 07:58:46.572511+04:00
672c410b51c4ef6ed5255abe,MLXYYYLG,CAR,2024-11-07 08:24:43.886869+04:00
672c415651c4ef6ed5255b2f,GP5YW8FY,CAR,2024-11-07 08:25:58.056392+04:00
672c44088e0ee78c2bf864c8,4CM9AXJ7,CAR,2024-11-07 08:37:28.859558+04:00
672c44742f00ab339511511e,89QEXCBW,CAR,2024-11-07 08:39:16.761388+04:00
672c48a04a61fb111bb128e8,6Q3G28XB,CAR,2024-11-07 08:57:04.037339+04:00
672c4b5a132a527b6a2da24a,EYKVPGJM,CAR,2024-11-07 09:08:42.512721+04:00
672c4c3ce6ca32f5b43cd2f9,EHX5AFFJ,CAR,2024-11-07 09:12:28.066226+04:00
672c4cb99a0dca80cc886977,D7GY56ZR,CAR,2024-11-07 09:14:33.626458+04:00
672c4d3ae6ca32f5b43cd433,KVMFUZRZ,CAR,2024-11-07 09:16:42.189118+04:00
672c4debfaf7808ad243dafb,CBQ7QZKA,CAR,2024-11-07 09:19:38.906663+04:00
672c4ef96fd96d1bd949213f,FHJDYGHK,CAR,2024-11-07 09:24:08.992909+04:00
672c5213132a527b6a2da2d3,653PCHA9,CAR,2024-11-07 09:37:23.328748+04:00
672c5340faf7808ad243dbfa,NA6V3FBR,CAR,2024-11-07 09:42:24.166749+04:00
672c5488599d8ea0e218aa08,ZWDGEPQX,CAR,2024-11-07 09:47:52.672776+04:00
672c553b599d8ea0e218aa78,NF4DRSKK,CAR,2024-11-07 09:50:51.598359+04:00
672c5860faf7808ad243dca7,KYM37ETE,CAR,2024-11-07 10:04:16.748075+04:00
672c58b4960370dcb1a366cf,YVHYJ69K,CAR,2024-11-07 10:05:40.349021+04:00
672c5a36599d8ea0e218ab98,TK939AFU,CAR,2024-11-07 10:12:06.465105+04:00
672c5b03474e7e93b600303b,6PQ45EGT,CAR,2024-11-07 10:15:31.796808+04:00
672c5bd4474e7e93b60030dd,YY6C4Y9Y,CAR,2024-11-07 10:19:00.275730+04:00
672c5d386fd96d1bd949226b,9MPMF32V,CAR,2024-11-07 10:24:56.794855+04:00
672c5edc623f659560ea5f5b,8BTUXCKQ,CAR,2024-11-07 10:31:56.259820+04:00
672c615c623f659560ea5fe4,ARXVNVXB,CAR,2024-11-07 10:42:36.455498+04:00
672c61c143901c1fdb461901,65HBKQRV,CAR,2024-11-07 10:44:17.051646+04:00
672c64f043901c1fdb46198e,DQYHFF4V,CAR,2024-11-07 10:57:52.419753+04:00
672c65f843901c1fdb461a05,9TPRCT4L,CAR,2024-11-07 11:02:16.150810+04:00
672c68368749ce5aba014644,UC4T8ZKH,CAR,2024-11-07 11:11:50.836052+04:00
672c68f48749ce5aba0146ef,HX587JA6,CAR,2024-11-07 11:14:59.911373+04:00
672c6963960370dcb1a367ed,UNTQHTGL,CAR,2024-11-07 11:16:51.564963+04:00
672c69d28749ce5aba014774,V2XQYP5J,CAR,2024-11-07 11:18:42.147088+04:00
672c6a1e960370dcb1a36861,WRP2YM8F,CAR,2024-11-07 11:19:58.763237+04:00
672c6b0e8a0f45660d59b628,EWRZMD2C,CAR,2024-11-07 11:23:58.124268+04:00
672c6b4f51c4ef6ed5255c66,U3ERLFJZ,CAR,2024-11-07 11:25:03.312700+04:00
672c6cc951743587454cc3d7,EVW72MLT,CAR,2024-11-07 11:31:21.637122+04:00
672c6da7960370dcb1a368ee,DZJWZY6T,CAR,2024-11-07 11:35:03.068630+04:00
672c71fe960370dcb1a3690f,Z9458HTJ,CAR,2024-11-07 11:53:34.918831+04:00
672c723a960370dcb1a36983,KUFCQSNF,CAR,2024-11-07 11:54:34.863894+04:00
672c72e3f5e722a99ac8bb8b,677ZLELL,CAR,2024-11-07 11:57:23.345646+04:00
672c74a040c9a6f1051c12f7,FUPE5R2L,CAR,2024-11-07 12:04:48.305524+04:00
672c74c223864bf21eb40bbc,JYXTBR8T,CAR,2024-11-07 12:05:22.831705+04:00
672c761a744c3ae73bc21185,W2YC2XNX,CAR,2024-11-07 12:11:06.919786+04:00
672c795a744c3ae73bc21210,55ATSPDZ,CAR,2024-11-07 12:24:58.710612+04:00
672c7b50ef2f0d26104c3fa5,WT843DWD,CAR,2024-11-07 12:33:20.601434+04:00
672c7c81960370dcb1a36abf,97A3NHNR,CAR,2024-11-07 12:38:25.109471+04:00
672c7d3ff5e722a99ac8bc55,Z3FQZ3M6,CAR,2024-11-07 12:41:35.899147+04:00
672c7d5023864bf21eb40c79,USXFXFF5,CAR,2024-11-07 12:41:52.453241+04:00
672c7f06ef2f0d26104c4074,GL28ZAV6,CAR,2024-11-07 12:49:10.781163+04:00
672c7f14f5e722a99ac8bd3e,UFFVLVNR,CAR,2024-11-07 12:49:24.036985+04:00
672c7f207e7811227a160cd1,4YZLGGHC,CAR,2024-11-07 12:49:36.339954+04:00
672c7fbaf5e722a99ac8bdb7,6VPFWFM2,CAR,2024-11-07 12:52:09.942614+04:00
672c801d40c9a6f1051c1493,T5DKFPP6,CAR,2024-11-07 12:53:49.707069+04:00
672c823f23864bf21eb40cea,MLSL558N,CAR,2024-11-07 13:02:55.213133+04:00
672c835ef5e722a99ac8be8c,8W3MZPX7,CAR,2024-11-07 13:07:42.851128+04:00
672c8532410ecef5c2c1cb32,JBZWE8B8,CAR,2024-11-07 13:15:30.404523+04:00
672c890f40c9a6f1051c15c3,F6CEQG89,CAR,2024-11-07 13:31:59.782552+04:00
672c8a3740c9a6f1051c163a,M5G6QA2J,CAR,2024-11-07 13:36:55.551277+04:00
672c8d0d41736fa720ec966a,GNAMZ3H7,CAR,2024-11-07 13:49:01.357665+04:00
672c8de06854dde242584720,3CZK2Z95,CAR,2024-11-07 13:52:32.908020+04:00
672c8e06a338c3347f54c79e,QZ4K4RYY,CAR,2024-11-07 13:53:10.437359+04:00
672c8e82410ecef5c2c1cbd1,WZLU7ZNE,CAR,2024-11-07 13:55:14.365275+04:00
672c9317bb17ae50cea724d9,7583GMZ3,CAR,2024-11-07 14:14:47.853295+04:00
672c936fbb17ae50cea7254d,LYE3TEUW,CAR,2024-11-07 14:16:15.142522+04:00
672c962dbb17ae50cea72668,3NL43JPN,CAR,2024-11-07 14:27:57.350558+04:00
672c968fe382fb58825d08c2,P232FEBU,CAR,2024-11-07 14:29:35.157233+04:00
672c987141736fa720ec9759,WEK556WT,CAR,2024-11-07 14:37:37.087880+04:00
672c98e66854dde2425847d0,37G252S8,CAR,2024-11-07 14:39:34.900422+04:00
672c9ab441736fa720ec97e6,ALJFSA4T,CAR,2024-11-07 14:47:15.999786+04:00
672c9d92bb17ae50cea7271d,9C267T98,CAR,2024-11-07 14:59:30.558377+04:00
672c9fc158cb74834efb82dd,J8NPHDF6,CAR,2024-11-07 15:08:49.516209+04:00
672c9ff3c94a1338bbcc63b2,BY5JU4RY,CAR,2024-11-07 15:09:39.423638+04:00
672ca05b41736fa720ec984e,5VXDHNCP,CAR,2024-11-07 15:11:23.016349+04:00
672ca106faa64067502df7dc,3DHEBLXG,CAR,2024-11-07 15:14:14.191509+04:00
672ca1376eaf0cded30b1663,G3FL9VY2,CAR,2024-11-07 15:15:03.658653+04:00
672ca238bb17ae50cea727b4,KJXRBJ98,CAR,2024-11-07 15:19:20.910618+04:00
672ca2a1bb17ae50cea7282e,KLTKRNH8,CAR,2024-11-07 15:21:05.088070+04:00
672ca2bebb17ae50cea7289f,59EYGHLJ,CAR,2024-11-07 15:21:34.430895+04:00
672ca2fd6eaf0cded30b1792,FLBFMXR3,CAR,2024-11-07 15:22:37.884897+04:00
672ca3cf24d41a55119ab87f,YMXG4ZFQ,CAR,2024-11-07 15:26:07.098717+04:00
672ca3f5eaaf45ae2fff89ba,JZAB8BAR,CAR,2024-11-07 15:26:45.122361+04:00
672ca4b6bb17ae50cea72a06,6PCVCUSY,CAR,2024-11-07 15:29:58.009668+04:00
672ca53624d41a55119ab901,8PJM9E25,CAR,2024-11-07 15:32:06.779671+04:00
672ca5bf6eaf0cded30b1851,5PA4DPS6,CAR,2024-11-07 15:34:23.710040+04:00
672ca6e724d41a55119aba7b,WD9PFSFC,CAR,2024-11-07 15:39:19.805763+04:00
672ca6fe6ba7382347e6b594,PS4KUBJ5,CAR,2024-11-07 15:39:42.642657+04:00
672ca7316eaf0cded30b1897,6BMUHHYQ,CAR,2024-11-07 15:40:33.330416+04:00
672caa3eb8f7fe5fe3813a92,8AVJDPG8,CAR,2024-11-07 15:53:34.468962+04:00
672caa8c6ba7382347e6b61a,S56YBGCT,CAR,2024-11-07 15:54:52.280705+04:00
672caad16ba7382347e6b64b,BVUZMV88,CAR,2024-11-07 15:56:01.704801+04:00
672cab03b8f7fe5fe3813b77,LM9Y2NRP,CAR,2024-11-07 15:56:51.177394+04:00
672cab1c6ba7382347e6b6ba,N367F6UH,CAR,2024-11-07 15:57:16.514993+04:00
672cab4006bd3c246d04923e,FR7THJ6Y,CAR,2024-11-07 15:57:52.138775+04:00
672cad40b8f7fe5fe3813bfd,X79QQ7Z2,CAR,2024-11-07 16:06:24.012046+04:00
672cadedfaa64067502df9cc,CJWWC546,CAR,2024-11-07 16:09:17.236711+04:00
672caf6206bd3c246d049291,VVJJHJ6R,CAR,2024-11-07 16:15:30.204011+04:00
672cb00106bd3c246d049307,48YFTPZA,CAR,2024-11-07 16:18:09.235748+04:00
672cb3a6eaaf45ae2fff8b11,SQJPY34S,CAR,2024-11-07 16:33:42.437173+04:00
672cb3f0b8f7fe5fe3813dd4,GP8NGK4T,CAR,2024-11-07 16:34:56.400284+04:00
672cb844f109ba3e3281dad6,KPRWRGQ3,CAR,2024-11-07 16:53:24.058962+04:00
672cb90dbf5141e510e46a92,Z4HBX8TG,CAR,2024-11-07 16:56:45.089177+04:00
672cb9866ce46f3c52ecd825,TREXW62L,CAR,2024-11-07 16:58:46.141265+04:00
672cbb04fb32dc83a0526958,QHAG9D8S,CAR,2024-11-07 17:05:08.731300+04:00
672cbbf0bf5141e510e46b2e,Z7NTYYEA,CAR,2024-11-07 17:09:04.694015+04:00
672cc1a2f109ba3e3281db68,X8DDYEXU,CAR,2024-11-07 17:33:22.225105+04:00
672cc20abf5141e510e46ca7,U86GDH8A,CAR,2024-11-07 17:35:06.113109+04:00
672cc371cd8169733e248d24,2FX2A8M9,CAR,2024-11-07 17:41:05.914554+04:00
672cc4ac9a869d2983a9d1b9,T7M7MGE4,CAR,2024-11-07 17:46:20.012715+04:00
672cc66c9a869d2983a9d242,XTG7AL7J,CAR,2024-11-07 17:53:48.963192+04:00
672cc73acd8169733e248d81,FXQQX4CP,CAR,2024-11-07 17:57:14.686730+04:00
672cc742f109ba3e3281dbd5,J58A4ET5,CAR,2024-11-07 17:57:22.964428+04:00
672cca7afb32dc83a0526a8a,Y2CN6QAV,CAR,2024-11-07 18:11:06.234338+04:00
672ccd6bcd8169733e248e3c,SGZK3AE7,CAR,2024-11-07 18:23:39.301265+04:00
672ccdc9f109ba3e3281dd4e,MVLLCNYZ,CAR,2024-11-07 18:25:13.045920+04:00
672ccde69a869d2983a9d2bb,8JB4T7SV,CAR,2024-11-07 18:25:42.225477+04:00
672ccdebf30a1588b3f48a54,DQKXD6SH,CAR,2024-11-07 18:25:47.456923+04:00
672ccdf5f30a1588b3f48a59,BDYESCZH,CAR,2024-11-07 18:25:57.311784+04:00
672ccf94f275161e052ad258,2BBU29VS,CAR,2024-11-07 18:32:52.878503+04:00
672cd078f109ba3e3281ddea,QDRTXY82,CAR,2024-11-07 18:36:40.433291+04:00
672cd19cf30a1588b3f48ab9,ZWWNUEK2,CAR,2024-11-07 18:41:32.849448+04:00
672cd232f275161e052ad30c,V87EAZTW,CAR,2024-11-07 18:44:02.024255+04:00
672cd27de8a5af8351cc7111,MAQJ75KE,CAR,2024-11-07 18:45:17.332387+04:00
672cd382cd8169733e248f1c,YRQR54LU,CAR,2024-11-07 18:49:38.062988+04:00
672cd40de8a5af8351cc7186,SYYK68L5,CAR,2024-11-07 18:51:57.184804+04:00
672cd543dcc71fd1da67e10d,AA56U64M,CAR,2024-11-07 18:57:07.422368+04:00
672cdb3ce8a5af8351cc7255,TZ382RY4,CAR,2024-11-07 19:22:36.898666+04:00
672cdcb6be12940bd9c9c237,Z33G5ZUX,CAR,2024-11-07 19:28:54.376826+04:00
672cdecef82c941ca075973b,NYBL9K6Z,CAR,2024-11-07 19:37:50.870432+04:00
672cdf0740a170d1a59f0d91,WTYZDBNZ,CAR,2024-11-07 19:38:47.519562+04:00
672cdf5cdcc71fd1da67e1fd,PQ8LJQLA,CAR,2024-11-07 19:40:12.257271+04:00
672ce5ecf275161e052ad3db,WU7XC5TW,CAR,2024-11-07 20:08:12.467841+04:00
672cec3ebe12940bd9c9c2c0,A63L7MSM,CAR,2024-11-07 20:35:10.105532+04:00
672cec81f82c941ca0759923,CNJJH5M4,CAR,2024-11-07 20:36:17.318297+04:00
672cedada2c56a0eba79b019,PEQ5PTL8,CAR,2024-11-07 20:41:17.084351+04:00
672cee86a2c56a0eba79b0e9,6Y9HMUPA,CAR,2024-11-07 20:44:54.840155+04:00
672cf25f50df4b49aa566102,JWNZ8QD2,CAR,2024-11-07 21:01:19.821865+04:00
672cf28cc7ad64cebe0f0aed,Y2F4PAY2,CAR,2024-11-07 21:02:04.717659+04:00
672cf2a450df4b49aa566174,HQB5WZLC,CAR,2024-11-07 21:02:28.865315+04:00
672cf57b661259fbdaf1a433,Y9KAZQW4,CAR,2024-11-07 21:14:35.182860+04:00
672cfbd459a866d1b17c3a20,Y75L3TSL,CAR,2024-11-07 21:41:40.327418+04:00
672d0124624be30fc3179474,6SEMGAXJ,CAR,2024-11-07 22:04:20.450390+04:00
672d03f6624be30fc3179510,HAXVWV5L,CAR,2024-11-07 22:16:22.336721+04:00
672d042cb532c82dd93d4c60,MEGPLWTY,CAR,2024-11-07 22:17:16.523867+04:00
672d047a624be30fc3179550,YUA3RPRH,CAR,2024-11-07 22:18:34.017442+04:00
672d068ab532c82dd93d4da0,ZC8VT2G5,CAR,2024-11-07 22:27:22.060084+04:00
672d0bfd53fb853c67898687,M2PG82UE,CAR,2024-11-07 22:50:37.413009+04:00
672d0da053fb853c678986ca,FVZ7PDSV,CAR,2024-11-07 22:57:36.550150+04:00
672d11c2e8a5af8351cc72ef,4YLBMM5Z,CAR,2024-11-07 23:15:14.800494+04:00
672d1e3ff8938e7f74f2e1a2,Q9AEFGL5,CAR,2024-11-08 00:08:31.753230+04:00
672d238c53fb853c678987bf,425RJZTE,CAR,2024-11-08 00:31:08.765164+04:00
672d3933d5c66341715d4721,F55RTH37,CAR,2024-11-08 02:03:31.090450+04:00
672d3caf0dc4dd937d7fbf41,8697C8HH,CAR,2024-11-08 02:18:23.582056+04:00
672d442f3dcbadab1ced6f5b,3DQFZ6A9,CAR,2024-11-08 02:50:23.291843+04:00
672d52939b2fd49176eba692,SR56R6YG,CAR,2024-11-08 03:51:47.851039+04:00
672d8c1355a869d84bd3775c,ZQ4ZUPZY,CAR,2024-11-08 07:57:07.597020+04:00
672d91c40dc4dd937d7fc07f,G9KYMLJL,CAR,2024-11-08 08:21:24.163029+04:00
672d91dfe528ad7290921c4e,E6XAQ976,CAR,2024-11-08 08:21:51.823911+04:00
672d934555a869d84bd377e9,2RXAXZVG,CAR,2024-11-08 08:27:49.099377+04:00
672d947b83490824865402f2,KUU2YJP4,CAR,2024-11-08 08:32:59.471778+04:00
672d9521834908248654035b,39W7MY96,CAR,2024-11-08 08:35:45.329809+04:00
672d985883490824865403e2,NCJNVEKZ,CAR,2024-11-08 08:49:28.674473+04:00
672d99479f6dc6f341e1dd96,9LYW6W88,CAR,2024-11-08 08:53:27.409602+04:00
672d994dc6568c3b07923659,34ZCPMT3,CAR,2024-11-08 08:53:33.580771+04:00
672d9e2a4ae7427852c4e9ab,4MB9DHYX,CAR,2024-11-08 09:14:18.204334+04:00
672da124c6568c3b0792379a,M4ZXSPMH,CAR,2024-11-08 09:27:00.578271+04:00
672da1dde528ad7290921cf9,SATYF7J6,CAR,2024-11-08 09:30:05.026856+04:00
672da7cf9f6dc6f341e1de69,WXDHCY29,CAR,2024-11-08 09:55:27.693587+04:00
672da7d153ba54b4ac17af17,E5CSC8A8,CAR,2024-11-08 09:55:29.305547+04:00
672da88483490824865405fd,9CS7V5P2,CAR,2024-11-08 09:58:28.179690+04:00
672da9d9834908248654064e,L2NSWB2P,CAR,2024-11-08 10:04:09.840369+04:00
672daac68349082486540661,DM4HLX9T,CAR,2024-11-08 10:08:06.774927+04:00
672dad8640a170d1a59f0ebb,QBV23K9C,CAR,2024-11-08 10:19:50.140681+04:00
672daf8c14e8fa4b36600791,JM4XRCXM,CAR,2024-11-08 10:28:28.303339+04:00
672db26f14e8fa4b366008ac,E3G2T8RH,CAR,2024-11-08 10:40:47.365712+04:00
672db2939f6dc6f341e1dfe7,NZTNWQGE,CAR,2024-11-08 10:41:23.035445+04:00
672db3bf59aa30751b590e45,4QU7DNSK,CAR,2024-11-08 10:46:23.122811+04:00
672db40ceaaf45ae2fff8bee,R2REGDAM,CAR,2024-11-08 10:47:40.886623+04:00
672db4c814e8fa4b36600938,SME4MW54,CAR,2024-11-08 10:50:48.146746+04:00
672db5c614e8fa4b366009a3,MCRAZAXC,CAR,2024-11-08 10:55:02.267679+04:00
672db7364427e40e2a653036,4TCCX3UE,CAR,2024-11-08 11:01:10.097926+04:00
672db75365aa0155d3211506,T5PP2SCB,CAR,2024-11-08 11:01:39.162499+04:00
672db7c56349eae1cef5d99a,3WJSUVNF,CAR,2024-11-08 11:03:33.656704+04:00
672db813d89cc9961e9ce17e,K3TXRPBW,CAR,2024-11-08 11:04:51.388226+04:00
672db93714e8fa4b36600a26,WSX353FN,CAR,2024-11-08 11:09:43.436004+04:00
672db98f65aa0155d32115e3,RGT5JLWE,CAR,2024-11-08 11:11:11.434643+04:00
672dbc4014e8fa4b36600aa0,ZEM8ETPV,CAR,2024-11-08 11:22:40.385690+04:00
672dbe1765aa0155d3211684,J4HRGQRG,CAR,2024-11-08 11:30:31.513629+04:00
672dbf00d89cc9961e9ce326,Y55U8DDM,CAR,2024-11-08 11:34:24.848421+04:00
672dc0026349eae1cef5da4d,XK8T6PL9,CAR,2024-11-08 11:38:42.638056+04:00
672dc1de2207ef74ca5ea51d,WUG6X6HN,CAR,2024-11-08 11:46:38.885725+04:00
672dc2e72c2bfb9975936489,NXMG58UA,CAR,2024-11-08 11:51:03.939283+04:00
672dc3e78e53ade5722ed603,X8QT3W4X,CAR,2024-11-08 11:55:19.333185+04:00
672dc4112c2bfb997593650c,WKKC33YF,CAR,2024-11-08 11:56:01.085979+04:00
672dc5899704a6855990206e,X4T7L3L5,CAR,2024-11-08 12:02:17.689388+04:00
672dc8349704a6855990211b,PLBWYKJA,CAR,2024-11-08 12:13:40.230774+04:00
672dc9ca2c2bfb99759366cf,HVNRYKX2,CAR,2024-11-08 12:20:26.545339+04:00
672dca7db95324f7e1b75aaf,MRQWBR79,CAR,2024-11-08 12:23:25.426151+04:00
672dcc11b95324f7e1b75b45,H94DVLVW,CAR,2024-11-08 12:30:09.194025+04:00
672dccf9d92ff8bc54ef28a4,NL2YY57P,CAR,2024-11-08 12:34:01.366472+04:00
672dcea41b490b92cfc9f21b,NTGFHRS7,CAR,2024-11-08 12:41:08.718712+04:00
672dceb52207ef74ca5ea5be,NF6JFBGB,CAR,2024-11-08 12:41:25.046011+04:00
672dcef31b490b92cfc9f297,H4GDNDV8,CAR,2024-11-08 12:42:27.593897+04:00
672dd324eaaf45ae2fff8c8c,VKU42UN9,CAR,2024-11-08 13:00:20.146409+04:00
672dd47a3ed483367f5fb07f,RLTJDURF,CAR,2024-11-08 13:06:02.360431+04:00
672dd61ece93d98c59baaa9a,F64LUCDU,CAR,2024-11-08 13:13:02.644700+04:00
672dd6a820c7f158de8d203d,A838YADS,CAR,2024-11-08 13:15:20.666338+04:00
672dd710ce93d98c59baab0b,6S3HPBDR,CAR,2024-11-08 13:17:04.626267+04:00
672ddf0fce93d98c59baabd2,2GMR2YD4,CAR,2024-11-08 13:51:11.401367+04:00
672ddf1618d9798a70615871,J2CY3XEY,CAR,2024-11-08 13:51:18.038402+04:00
672ddf78da4b58ede08b70a7,US62VCEM,CAR,2024-11-08 13:52:56.613317+04:00
672de0fcc308e85acbac4352,FHNGBFWS,CAR,2024-11-08 13:59:24.318868+04:00
672de287c24e2d10dbd3531b,NTW5BQBX,CAR,2024-11-08 14:05:59.839849+04:00
672de408c308e85acbac43ed,FHF3K6MU,CAR,2024-11-08 14:12:24.728159+04:00
672de4a218d9798a70615a53,RBZHSPC6,CAR,2024-11-08 14:14:58.641264+04:00
672de502c308e85acbac4463,W86DHY3W,CAR,2024-11-08 14:16:34.846567+04:00
672de59618d9798a70615ad6,JP3YEGXV,CAR,2024-11-08 14:19:01.986258+04:00
672de6c218d9798a70615af2,U4PT6GMA,CAR,2024-11-08 14:24:02.081561+04:00
672de961cfeac20eb95b020c,7UKB4K5Z,CAR,2024-11-08 14:35:13.445954+04:00
672deb70cfeac20eb95b02ce,DM9UFSE3,CAR,2024-11-08 14:44:00.081732+04:00
672dec5acfeac20eb95b02fb,9A8TPUWM,CAR,2024-11-08 14:47:54.877751+04:00
672dec67c308e85acbac45ad,3F999D4T,CAR,2024-11-08 14:48:07.951343+04:00
672decf43cef0f65a43a429b,TC3T3J74,CAR,2024-11-08 14:50:28.926255+04:00
672dedceda4b58ede08b7188,5P9NHMMH,CAR,2024-11-08 14:54:06.013082+04:00
672df027a4830dadd2f590bf,YQC879TK,CAR,2024-11-08 15:04:07.076688+04:00
672df117960370dcb1a36be6,FDZJWPDZ,CAR,2024-11-08 15:08:07.682980+04:00
672df16fa4830dadd2f59274,S5MWGTZR,CAR,2024-11-08 15:09:34.998244+04:00
672df20c3b7e76cea4d54726,YJHNC8AJ,CAR,2024-11-08 15:12:12.879996+04:00
672df2e9a4830dadd2f5930e,PG3AMGQU,CAR,2024-11-08 15:15:53.682119+04:00
672df358da4b58ede08b71d4,FMF7P6BA,CAR,2024-11-08 15:17:44.585440+04:00
672df4e6a4830dadd2f593bd,HQZF7QBC,CAR,2024-11-08 15:24:22.305472+04:00
672df52ae321611a32a6c43b,JER5S9DG,CAR,2024-11-08 15:25:30.467250+04:00
672df7684743743422dfe0b5,9V9X93YH,CAR,2024-11-08 15:35:04.574422+04:00
672df8a2da4b58ede08b729a,S6DSQP2C,CAR,2024-11-08 15:40:18.829391+04:00
672df9379a07e3535abd8628,CA7MFKU8,CAR,2024-11-08 15:42:47.053610+04:00
672dfb9a9a07e3535abd86b7,E5DWXCMT,CAR,2024-11-08 15:52:58.822854+04:00
672dfd489a07e3535abd87f0,MYPSQQAY,CAR,2024-11-08 16:00:08.142938+04:00
672dfefa62f5cf7e554aae9f,XGDKRBGG,CAR,2024-11-08 16:07:22.692751+04:00
672e002562f5cf7e554aaf3d,ETCEUDKH,CAR,2024-11-08 16:12:21.786522+04:00
672e00bfafceb037ae2e5084,B3DH2X3E,CAR,2024-11-08 16:14:55.137974+04:00
672e017aafceb037ae2e50fe,Q5FK8KHV,CAR,2024-11-08 16:18:02.131157+04:00
672e03af9a07e3535abd88e3,TVUPT6LD,CAR,2024-11-08 16:27:27.394926+04:00
672e046cafceb037ae2e5200,E58E2ENW,CAR,2024-11-08 16:30:36.914171+04:00
672e094aafceb037ae2e5362,4FWWZ6BF,CAR,2024-11-08 16:51:22.052734+04:00
672e0bdcafceb037ae2e548c,XYHKAFRZ,CAR,2024-11-08 17:02:20.552093+04:00
672e0c3f477d17bf389f32a6,DJW7X7FK,CAR,2024-11-08 17:03:59.183015+04:00
672e0db32efcc89fa68adcbc,A45N9SL7,CAR,2024-11-08 17:10:11.600962+04:00
672e10dc477d17bf389f3349,S63G92JZ,CAR,2024-11-08 17:23:40.670760+04:00
672e12f0959b43377eefc34a,3VLUNX2M,CAR,2024-11-08 17:32:32.480805+04:00
672e1465959b43377eefc38a,383T7GF6,CAR,2024-11-08 17:38:45.641063+04:00
672e146c477d17bf389f340a,W5CHGC2B,CAR,2024-11-08 17:38:52.219795+04:00
672e14f4959b43377eefc401,8W9ZZ6P9,CAR,2024-11-08 17:41:08.707974+04:00
672e220de3ea0c88c94ef383,GLD689QX,CAR,2024-11-08 18:37:01.270362+04:00
672e2497477d17bf389f3565,NWGU2C8Q,CAR,2024-11-08 18:47:51.027094+04:00
672e299cbadbea861e3e6d4a,JGRTDBN6,CAR,2024-11-08 19:09:16.479523+04:00
672e2ef7477d17bf389f35e7,7P23H3H8,CAR,2024-11-08 19:32:07.612514+04:00
672e2fde5bd8eb127830ff73,5C5HABAZ,CAR,2024-11-08 19:35:58.345041+04:00
672e3017477d17bf389f366f,LPXCJXF4,CAR,2024-11-08 19:36:55.084327+04:00
672e3037477d17bf389f36a7,ACZCKZ98,CAR,2024-11-08 19:37:27.726499+04:00
672e35cdbadbea861e3e6e4e,4W2XL6PW,CAR,2024-11-08 20:01:17.180917+04:00
672e381ebadbea861e3e6e56,JEZQ5S8T,CAR,2024-11-08 20:11:10.072308+04:00
672e3ff12f416647aa9840dd,Q4R2SUYG,CAR,2024-11-08 20:44:33.517089+04:00
672e429d2f416647aa984134,AGBRPJY7,CAR,2024-11-08 20:55:57.480796+04:00
672e478cb22cadc926f61de5,UPHGRASY,CAR,2024-11-08 21:17:00.369319+04:00
672e4a355bd8eb127831000f,YY6M73T6,CAR,2024-11-08 21:28:21.482176+04:00
672e4dde5bd8eb12783100bc,KNUX6YGG,CAR,2024-11-08 21:43:58.527302+04:00
672e4f382f416647aa9841ad,3CEQ6SWN,CAR,2024-11-08 21:49:44.509248+04:00
672e5260b22cadc926f61f12,MEMLXPGD,CAR,2024-11-08 22:03:12.678653+04:00
672e6807e8dbd00c1aea1a9e,2ZA7NEF5,CAR,2024-11-08 23:35:35.383603+04:00
672e6f38f8c99944521824a7,V63S9B38,CAR,2024-11-09 00:06:15.980454+04:00
672e81042b736998577c1c01,89HWAF54,CAR,2024-11-09 01:22:12.893528+04:00
672e83116fd3fe4877b7d991,ER8V9X66,CAR,2024-11-09 01:30:57.477133+04:00
672e8694e22610dd3b7c1dd6,6DHHJBAL,CAR,2024-11-09 01:45:56.029963+04:00
672ec8fe6fd3fe4877b7da2c,ZCD6KBDP,CAR,2024-11-09 06:29:18.489630+04:00
672eced14ffa40e7f6fd89cc,28EBPUSA,CAR,2024-11-09 06:54:09.742316+04:00
672eda691d6f3ee12ec5795b,68DY7SXR,CAR,2024-11-09 07:43:37.464117+04:00
672ede274ffa40e7f6fd89dc,8YRF6TWU,CAR,2024-11-09 07:59:35.065252+04:00
672ee7024ffa40e7f6fd8a70,9THA42L2,CAR,2024-11-09 08:37:22.962540+04:00
672ee8d41d6f3ee12ec579df,TK9TCHMP,CAR,2024-11-09 08:45:08.005212+04:00
672eec6186cdc3abb126bd0b,LUZZBTZS,CAR,2024-11-09 09:00:17.708660+04:00
672eed3a1d6f3ee12ec57a4f,YTXNUDKP,CAR,2024-11-09 09:03:54.718068+04:00
672ef29220ebb73b2ed593da,B7N38HXY,CAR,2024-11-09 09:26:42.394905+04:00
672ef64e1d6f3ee12ec57aac,75WC9CA5,CAR,2024-11-09 09:42:38.700709+04:00
672ef8694901afb8600a5289,Z7N5T9NS,CAR,2024-11-09 09:51:37.876540+04:00
672ef90e0bfb5a9357ed08e5,EPEYZWZ4,CAR,2024-11-09 09:54:22.705795+04:00
672efacf0bfb5a9357ed095b,KU2VLWUQ,CAR,2024-11-09 10:01:51.093750+04:00
672efe0e20ebb73b2ed594ec,A7LQBB9L,CAR,2024-11-09 10:15:42.006438+04:00
672efe490bfb5a9357ed0a8a,9A7DKMMU,CAR,2024-11-09 10:16:41.220538+04:00
672f05761bcc116a4e100b48,CKMGMHQF,CAR,2024-11-09 10:47:18.835612+04:00
672f0622c20ef78c28c186f5,4QC9GLFU,CAR,2024-11-09 10:50:10.950683+04:00
672f08ff358cd9ef3b0c37ba,546UZE8D,CAR,2024-11-09 11:02:23.591074+04:00
672f0915358cd9ef3b0c3821,Q7P79MLK,CAR,2024-11-09 11:02:45.709201+04:00
672f0ca65157115ab55000af,QT3DUFY8,CAR,2024-11-09 11:17:58.764847+04:00
672f0e091d6f3ee12ec57b5c,K9SMR8KF,CAR,2024-11-09 11:23:53.821982+04:00
672f1397689573abb6655d55,4RJYXP6T,CAR,2024-11-09 11:47:35.321808+04:00
672f13c2b67035bcf97f5356,QXBYKF65,CAR,2024-11-09 11:48:18.445570+04:00
672f169e342a32cb36243527,NNQK2M4C,CAR,2024-11-09 12:00:30.581759+04:00
672f1717b67035bcf97f53d6,8234UPPG,CAR,2024-11-09 12:02:31.526599+04:00
672f17f4b67035bcf97f5474,XJ8UPVCL,CAR,2024-11-09 12:06:12.870906+04:00
672f1916689573abb6655e34,5ZN4L2SG,CAR,2024-11-09 12:11:02.826364+04:00
672f194c342a32cb362435e2,R67W8WNU,CAR,2024-11-09 12:11:56.319221+04:00
672f1ca987311e60b9e2e19a,KJQ7AF54,CAR,2024-11-09 12:26:17.203128+04:00
672f1ccf6dffe45c5538caf8,YRFLWTMJ,CAR,2024-11-09 12:26:55.589635+04:00
672f2085d048854acbb29bbf,2JV7WMK6,CAR,2024-11-09 12:42:45.049387+04:00
672f209e6dffe45c5538cb6a,Z9957BTH,CAR,2024-11-09 12:43:10.538695+04:00
672f20d5b67035bcf97f5584,CMLZEQJ4,CAR,2024-11-09 12:44:05.555285+04:00
672f214ed048854acbb29c9e,WC7CWNSK,CAR,2024-11-09 12:46:06.510504+04:00
672f220065682df388f62573,37MJA7KX,CAR,2024-11-09 12:49:04.264409+04:00
672f226065682df388f62611,39GQT2F9,CAR,2024-11-09 12:50:40.705936+04:00
672f23dad048854acbb29d35,GERK93FS,CAR,2024-11-09 12:56:58.796117+04:00
672f2524fce929d3047d89bd,RPKZX5U4,CAR,2024-11-09 13:02:28.848113+04:00
672f25ae1d6f3ee12ec57bf0,NBG3Q3T2,CAR,2024-11-09 13:04:46.894582+04:00
672f27559e40599c44b6a39d,NRB8UJMS,CAR,2024-11-09 13:11:49.679802+04:00
672f28019e40599c44b6a41c,MNEFQT9L,CAR,2024-11-09 13:14:41.319624+04:00
672f28a79e40599c44b6a496,HVKCZRE7,CAR,2024-11-09 13:17:27.439624+04:00
672f29f75157115ab55002a3,28ZCQGLW,CAR,2024-11-09 13:23:03.873614+04:00
672f2d03fce929d3047d8a93,GEST69NU,CAR,2024-11-09 13:36:03.713053+04:00
672f2d839e40599c44b6a576,NFG35LDR,CAR,2024-11-09 13:38:11.190770+04:00
672f2e889e40599c44b6a5e4,WWYHSWDT,CAR,2024-11-09 13:42:32.142042+04:00
672f2ea4fce929d3047d8b2e,PAPHZA3B,CAR,2024-11-09 13:43:00.198345+04:00
672f30adfce929d3047d8c29,AVFLSN2Z,CAR,2024-11-09 13:51:41.678458+04:00
672f3104c49e298da796852c,USUBNUBK,CAR,2024-11-09 13:53:08.694600+04:00
672f316c64bfde8ce03604bd,YJQP5TUC,CAR,2024-11-09 13:54:52.801245+04:00
672f325cc49e298da7968633,5SBQDXZ6,CAR,2024-11-09 13:58:52.570961+04:00
672f3381a1522b7503f5108d,SMV63C9P,CAR,2024-11-09 14:03:45.179854+04:00
672f3383a1522b7503f51091,Y44C3A2T,CAR,2024-11-09 14:03:47.162517+04:00
672f34194f1249d51c8b0549,WYXQVL4A,CAR,2024-11-09 14:06:17.746960+04:00
672f345e4f1249d51c8b05bf,7CRA5CLA,CAR,2024-11-09 14:07:26.692467+04:00
672f3498a1522b7503f510a0,JN3BDH72,CAR,2024-11-09 14:08:24.918181+04:00
672f3771a1522b7503f51130,D3L3BNXU,CAR,2024-11-09 14:20:33.628952+04:00
672f378f669c3609f044ee85,APBHJJUV,CAR,2024-11-09 14:21:03.266259+04:00
672f3b22669c3609f044efa8,8Z8MTJNC,CAR,2024-11-09 14:36:18.312831+04:00
672f3c7d669c3609f044f0bc,HSLREPPD,CAR,2024-11-09 14:42:05.899459+04:00
672f3cae64bfde8ce0360574,ZYFKK38S,CAR,2024-11-09 14:42:54.420741+04:00
672f3e6b669c3609f044f1ea,T67MX9ES,CAR,2024-11-09 14:50:19.083772+04:00
672f3f8b4f1249d51c8b06a2,6QBCL7NB,CAR,2024-11-09 14:55:07.842667+04:00
672f3fb8548e41b2a01dae79,RA6X9RAV,CAR,2024-11-09 14:55:52.012435+04:00
672f40f8b27fd333072c9b48,Y7QLF562,CAR,2024-11-09 15:01:12.621581+04:00
672f411b9980ef72fa60f3cc,L6U8THLQ,CAR,2024-11-09 15:01:47.118985+04:00
672f41d664bfde8ce03605a1,YCJ6SXQH,CAR,2024-11-09 15:04:54.255438+04:00
672f4244b27fd333072c9bcd,FE956REG,CAR,2024-11-09 15:06:44.830147+04:00
672f459c4f1249d51c8b0704,2TGSSCDF,CAR,2024-11-09 15:21:00.864249+04:00
672f4634548e41b2a01dafee,LJFQ7UB7,CAR,2024-11-09 15:23:32.050585+04:00
672f4904b2be02d599204657,Y2QXG8X8,CAR,2024-11-09 15:35:32.323654+04:00
672f49b34f1249d51c8b077f,8KR5UHPS,CAR,2024-11-09 15:38:27.299459+04:00
672f4abd9980ef72fa60f492,8BKCBTWE,CAR,2024-11-09 15:42:53.386717+04:00
672f4eccd49290a0641e3b44,JQRDKEWA,CAR,2024-11-09 16:00:11.930684+04:00
672f4ee79980ef72fa60f509,PGYFC37Y,CAR,2024-11-09 16:00:39.694814+04:00
672f5003855ec5abf3478afd,6CEK49CF,CAR,2024-11-09 16:05:22.972204+04:00
672f5126b2be02d5992046c3,FPDAL2XE,CAR,2024-11-09 16:10:14.305651+04:00
672f52e84f1249d51c8b07cf,EEN7VGUB,CAR,2024-11-09 16:17:44.898129+04:00
672f5363342a32cb36243678,XFLEXX77,CAR,2024-11-09 16:19:47.442990+04:00
672f5495e89369c90885aadd,K7YCBGP7,CAR,2024-11-09 16:24:53.245515+04:00
672f5a5eae19ffa356d97e10,RZMNR8Y7,CAR,2024-11-09 16:49:34.868001+04:00
672f5aadae19ffa356d97e80,XUEA4GTK,CAR,2024-11-09 16:50:52.942129+04:00
672f5b866bff4e8b2fe2e997,9CGZUA75,CAR,2024-11-09 16:54:30.533414+04:00
672f5c22ae19ffa356d97eec,Z7BSMJ7H,CAR,2024-11-09 16:57:06.654785+04:00
672f5cd26d6fc1a1d2d471ff,ZEWS848U,CAR,2024-11-09 17:00:02.901079+04:00
672f6052e89369c90885abcd,C764XVGM,CAR,2024-11-09 17:14:58.075816+04:00
672f6180e89369c90885abea,CCNLCYRW,CAR,2024-11-09 17:20:00.175305+04:00
672f61bb548e41b2a01db0ad,B83GHW3H,CAR,2024-11-09 17:20:59.631912+04:00
672f6445e89369c90885ac36,8X6S6KJ6,CAR,2024-11-09 17:31:49.794123+04:00
672f6790784f2130f5b5ca57,4E45ZDJW,CAR,2024-11-09 17:45:52.724895+04:00
672f74f3784f2130f5b5cafc,VRP327YA,CAR,2024-11-09 18:42:59.390695+04:00
672f78dc784f2130f5b5cb16,MNZBGS47,CAR,2024-11-09 18:59:40.200027+04:00
672f7be6bb31387c3f2bb662,X64G8BPD,CAR,2024-11-09 19:12:38.716777+04:00
672f7e8a92ea82a22339d532,JL4WCA5U,CAR,2024-11-09 19:23:54.356691+04:00
672f8219548e41b2a01db0c7,PT8AG3JN,CAR,2024-11-09 19:39:05.649223+04:00
672f83853d6d697370297d16,DPTUNUVS,CAR,2024-11-09 19:45:09.665766+04:00
672f87acb21d2daddc7c1d4e,VHSGPDZM,CAR,2024-11-09 20:02:52.312256+04:00
672f87e9bb31387c3f2bb6ff,52FB8888,CAR,2024-11-09 20:03:53.902373+04:00
672f8aae1d6f3ee12ec57ca3,9PKKK2XK,CAR,2024-11-09 20:15:42.810942+04:00
672f8c8192ea82a22339d687,ZLDYMAU3,CAR,2024-11-09 20:23:29.597420+04:00
672f93506bff4e8b2fe2ea45,4QYQBJT9,CAR,2024-11-09 20:52:32.497408+04:00
672f9351fff3f34b1aa8719e,RGW7WVRC,CAR,2024-11-09 20:52:33.494115+04:00
672f9732cb07b733dfd8ea38,P39SNGXZ,CAR,2024-11-09 21:09:06.584905+04:00
672f9d88bb31387c3f2bb7ba,MMREE57W,CAR,2024-11-09 21:36:08.568793+04:00
672fa31992ea82a22339d70d,L9RVREK3,CAR,2024-11-09 21:59:53.899659+04:00
672fa715bfee2d3e1464422c,VSX48S7F,CAR,2024-11-09 22:16:53.733832+04:00
672fabab8bee790e6b78ce19,GQ5PRPNB,CAR,2024-11-09 22:36:27.400501+04:00
672fadcafff3f34b1aa8723e,V7H9TRHK,CAR,2024-11-09 22:45:30.296798+04:00
672fde561dc2c815734cc605,LKC3NNB8,CAR,2024-11-10 02:12:38.874080+04:00
673020f736199d9ce871e1fb,V2JBS97T,CAR,2024-11-10 06:56:55.055998+04:00
67302d3b98798394a6721918,CTMLH654,CAR,2024-11-10 07:49:15.606138+04:00
6730337236199d9ce871e21c,TXR6DN36,CAR,2024-11-10 08:15:46.510459+04:00
6730358d1247b363da18e94f,H2Q3K4CA,CAR,2024-11-10 08:24:45.151290+04:00
67303b6136199d9ce871e28f,SKPAARAP,CAR,2024-11-10 08:49:37.566387+04:00
67303db16bf28194c92860d8,ME9X7UVV,CAR,2024-11-10 08:59:29.181692+04:00
673043860495011b324ec336,H6MZFLRH,CAR,2024-11-10 09:24:22.296707+04:00
67304729103b178ad869e822,56R5MLFP,CAR,2024-11-10 09:39:53.769403+04:00
67304ad50495011b324ec3f6,BCUCN7RM,CAR,2024-11-10 09:55:33.297488+04:00
673051bbfff3f34b1aa87448,PYV43ZNG,CAR,2024-11-10 10:24:59.501623+04:00
6730547baf4f661b2081671f,K2CQ3LYC,CAR,2024-11-10 10:36:43.146490+04:00
673054be103b178ad869e9ef,L42LWATX,CAR,2024-11-10 10:37:50.965663+04:00
673054f6103b178ad869ea58,JRZNBA9X,CAR,2024-11-10 10:38:46.474780+04:00
6730560858462b12ac00acfd,URB3V7CJ,CAR,2024-11-10 10:43:20.301426+04:00
6730573bdc5e44a962ce0959,NZMMB7UL,CAR,2024-11-10 10:48:27.181561+04:00
67305b6ddc5e44a962ce09f7,8C292MP3,CAR,2024-11-10 11:06:21.499136+04:00
67305b79e7448ef3034e38c7,LCM7GP6L,CAR,2024-11-10 11:06:33.448074+04:00
67305da11247b363da18eb0b,86RFQN65,CAR,2024-11-10 11:15:45.725911+04:00
67305e75dc5e44a962ce0ac8,UT9Q8FPY,CAR,2024-11-10 11:19:17.617009+04:00
67305f9ddc5e44a962ce0b78,HGXN5LN3,CAR,2024-11-10 11:24:13.749015+04:00
6730611c3077b874dcc178e5,JMB8TRJL,CAR,2024-11-10 11:30:36.833744+04:00
6730623f31bc7ae513621208,X7SR5TB3,CAR,2024-11-10 11:35:27.503965+04:00
673063c00495011b324ec48c,2S34BBWG,CAR,2024-11-10 11:41:52.580559+04:00
673065d3ca13769eacee2dc5,WYKUH883,CAR,2024-11-10 11:50:43.418555+04:00
673068086151de36dc6f380e,VEBTUMMV,CAR,2024-11-10 12:00:08.224960+04:00
673068836151de36dc6f3884,TFNVCJBU,CAR,2024-11-10 12:02:11.681774+04:00
673068d6af4f661b20816815,65PJ2AQD,CAR,2024-11-10 12:03:34.326879+04:00
6730690bafd9189912f01e52,HUD8ZZ9Z,CAR,2024-11-10 12:04:27.083350+04:00
673069bad939dbb735ccb3e8,9DAHFC59,CAR,2024-11-10 12:07:22.213361+04:00
67306a7871bbb8d1c07562e8,CY9HAKL5,CAR,2024-11-10 12:10:32.698074+04:00
67306ac671bbb8d1c0756329,87GBUUDG,CAR,2024-11-10 12:11:50.374076+04:00
67306aea61130825b889325e,MTFKGUNS,CAR,2024-11-10 12:12:26.608126+04:00
67306b0ad939dbb735ccb487,B5Y7XSCT,CAR,2024-11-10 12:12:58.371220+04:00
67306de1d939dbb735ccb512,CM4JSBHE,CAR,2024-11-10 12:25:05.183161+04:00
67306ef93077b874dcc179b2,RJJ85P98,CAR,2024-11-10 12:29:45.130328+04:00
67306fda216b58dcc6def364,XK2F733J,CAR,2024-11-10 12:33:30.838816+04:00
6730708f192eccfe89638c93,3QJ9BHUE,CAR,2024-11-10 12:36:31.596030+04:00
6730732461130825b8893318,KKQW4VH3,CAR,2024-11-10 12:47:32.051040+04:00
6730747131bc7ae5136212bf,RR4CW3KN,CAR,2024-11-10 12:53:05.836394+04:00
67307af7fb872a68cc6e08d2,TJVU9MFQ,CAR,2024-11-10 13:20:55.840387+04:00
67307bb6d939dbb735ccb647,EUCHXXKU,CAR,2024-11-10 13:24:06.549173+04:00
67307cc90495011b324ec568,WVZCES45,CAR,2024-11-10 13:28:41.112305+04:00
67307f890495011b324ec5d4,RRBWD6JQ,CAR,2024-11-10 13:40:25.625239+04:00
67307fd9946d579538453170,KYQ3VMMA,CAR,2024-11-10 13:41:45.291652+04:00
673080dd216b58dcc6def437,L2E3JCC9,CAR,2024-11-10 13:46:05.069320+04:00
673085a93ad866a499527f9c,9969FR8K,CAR,2024-11-10 14:06:33.481273+04:00
673086734e3297ad0a55bc63,MUNF5QSW,CAR,2024-11-10 14:09:55.342818+04:00
673087fd946d579538453269,X2UEW5MF,CAR,2024-11-10 14:16:29.537852+04:00
673088754e3297ad0a55bcdc,8B9HCQ4S,CAR,2024-11-10 14:18:29.903167+04:00
673088cf3ad866a499527ff7,NAY8XQX6,CAR,2024-11-10 14:19:59.724246+04:00
67308929e3916af2dba7f5c0,A77K58S2,CAR,2024-11-10 14:21:29.958967+04:00
673089b0192eccfe89638dec,66GCPWPQ,CAR,2024-11-10 14:23:44.698909+04:00
67308a164e3297ad0a55bd25,Y87A6MTM,CAR,2024-11-10 14:25:26.552998+04:00
67308a2a1dec06bf4ef3a5a1,JMF2VKWA,CAR,2024-11-10 14:25:46.618073+04:00
67308bdaa963c63014e79b22,6RSNJ8QD,CAR,2024-11-10 14:32:58.771980+04:00
67308c371dec06bf4ef3a622,N9M4PTAV,CAR,2024-11-10 14:34:31.889881+04:00
67308cb53ad866a499528091,DWZJGGPZ,CAR,2024-11-10 14:36:37.564455+04:00
67308e3412fc1591b021cdcc,6X4P9F5G,CAR,2024-11-10 14:43:00.457349+04:00
67308e513ad866a499528126,NALMRHC5,CAR,2024-11-10 14:43:29.055262+04:00
67308f274f1bae4926b3f073,JZ5TYYWY,CAR,2024-11-10 14:47:03.870418+04:00
6730921938729e8c318bf2ec,MAQS9M7Z,CAR,2024-11-10 14:59:37.397966+04:00
67309652f507ac9bbfedb4eb,V86V3MRR,CAR,2024-11-10 15:17:38.417299+04:00
673096b5f507ac9bbfedb5a7,NUARHGHM,CAR,2024-11-10 15:19:17.098239+04:00
67309820fddcbb7b4f91688a,9FWD99H6,CAR,2024-11-10 15:25:20.141598+04:00
673099298a8b4b422ede3169,XG2WXSQC,CAR,2024-11-10 15:29:45.285833+04:00
6730998812fc1591b021ce77,G43J6NER,CAR,2024-11-10 15:31:20.092228+04:00
67309bb059bdc273dd3e44ae,X6TDJ4SS,CAR,2024-11-10 15:40:32.297184+04:00
67309c7659bdc273dd3e4521,7N9SYSEF,CAR,2024-11-10 15:43:50.272746+04:00
67309f8559bdc273dd3e4594,XLB7RK5M,CAR,2024-11-10 15:56:53.310025+04:00
67309ff0b0488a762adff90b,J8RU95BX,CAR,2024-11-10 15:58:40.229416+04:00
6730a3fc0ab8cb4b21541b3c,493UCLCL,CAR,2024-11-10 16:15:56.897664+04:00
6730a85544cd730ce8aea6d4,2F355G65,CAR,2024-11-10 16:34:29.108277+04:00
6730a95144cd730ce8aea772,BHLFT7HV,CAR,2024-11-10 16:38:41.823089+04:00
6730aa5ab0488a762adff956,AWBLUSWW,CAR,2024-11-10 16:43:05.958518+04:00
6730aeef8be3bee19c128f4e,6XE2AFJT,CAR,2024-11-10 17:02:39.031823+04:00
6730b77d44cd730ce8aea7fd,Q5MDNF86,CAR,2024-11-10 17:39:09.128720+04:00
6730c60b1b2a48d53427442d,SMAVCV2E,CAR,2024-11-10 18:41:15.486777+04:00
6730c69084e96f367b6d9830,JVWTYZ9T,CAR,2024-11-10 18:43:28.198788+04:00
6730c6dc84e96f367b6d9836,7CNWAQVT,CAR,2024-11-10 18:44:44.235621+04:00
6730c87c84e96f367b6d98e7,76J6VP8E,CAR,2024-11-10 18:51:40.563855+04:00
6730cdd084e96f367b6d9a4e,E55M3TJ9,CAR,2024-11-10 19:14:24.251206+04:00
6730cf39007b391f59eacc01,73T8VLFS,CAR,2024-11-10 19:20:25.553816+04:00
6730d674b0488a762adff9dc,HKNRLV9A,CAR,2024-11-10 19:51:16.481178+04:00
6730dc721b2a48d534274516,LHPV2VQE,CAR,2024-11-10 20:16:50.814009+04:00
6730df5c84e96f367b6d9b03,5AMSS6WY,CAR,2024-11-10 20:29:16.176240+04:00
6730e1aaa9b79c3cfffd7351,PQ5RNKNY,CAR,2024-11-10 20:39:06.830668+04:00
6730e23ac923c17aff6172f7,YE4MMLRT,CAR,2024-11-10 20:41:30.069508+04:00
6730ef08267f5e20cb8267d6,EXBK4BZT,CAR,2024-11-10 21:36:08.454018+04:00
6730f137548e41b2a01db154,H2SW6DNG,CAR,2024-11-10 21:45:27.438391+04:00
6730f392a9b79c3cfffd7395,P7LULZXH,CAR,2024-11-10 21:55:30.617471+04:00
6730f6781b2a48d5342745c7,NM575P7G,CAR,2024-11-10 22:07:52.794109+04:00
6730f7b90eaf07f560d1db81,M4Z5GF68,CAR,2024-11-10 22:13:13.661618+04:00
6730f7d5c923c17aff617489,ZS6ZQLAT,CAR,2024-11-10 22:13:41.114561+04:00
6730fdda7de8e42c51b2f511,5J33KHWX,CAR,2024-11-10 22:39:22.270760+04:00
6731026553893e156507f7e6,AZQJYCQQ,CAR,2024-11-10 22:58:45.092621+04:00
6731713514b21e7a59199ad7,UQB9LVZU,CAR,2024-11-11 06:51:33.601657+04:00
6731727d68533e2b9b33745d,UK467SXW,CAR,2024-11-11 06:57:00.919055+04:00
67317407f8af03c873775d2d,WV8N3DGM,CAR,2024-11-11 07:03:35.809041+04:00
67317ee7054ff9392d3ce330,4NKWGPY9,CAR,2024-11-11 07:49:59.866069+04:00
673183bc8357b7bff6c6b111,EEGJBNJN,CAR,2024-11-11 08:10:36.141283+04:00
6731869463844d3b25b435ea,AD4HXF6L,CAR,2024-11-11 08:22:44.408757+04:00
6731883d63844d3b25b436b2,U9DR52R7,CAR,2024-11-11 08:29:49.550077+04:00
67318b30054ff9392d3ce448,P6GE9Q7N,CAR,2024-11-11 08:42:24.038508+04:00
67318caa6967f670f8d3f253,4R66CK7A,CAR,2024-11-11 08:48:42.422862+04:00
67318cb06967f670f8d3f255,PFD25QFW,CAR,2024-11-11 08:48:48.621467+04:00
67318d60054ff9392d3ce53d,A8SPM5CE,CAR,2024-11-11 08:51:44.483924+04:00
67318f14054ff9392d3ce5ed,69RUV8HJ,CAR,2024-11-11 08:59:00.451568+04:00
67318f4586f36f5fc7070674,SK3THVGB,CAR,2024-11-11 08:59:49.813635+04:00
67319006b49a850991076045,VBHZJBY7,CAR,2024-11-11 09:03:02.069471+04:00
6731950d5f3ffba0e0bc88a7,DG29RMSB,CAR,2024-11-11 09:24:29.505712+04:00
673195216241756140c97f17,A599UE7V,CAR,2024-11-11 09:24:49.356171+04:00
673195decbffb233feec5a2d,KUBQPSD3,CAR,2024-11-11 09:27:58.734896+04:00
6731961c5f3ffba0e0bc8955,ABDP24NA,CAR,2024-11-11 09:29:00.005950+04:00
673198e6b6bf89c554583eb9,3QE8WNXD,CAR,2024-11-11 09:40:54.655126+04:00
673198f7b6bf89c554583f23,29NMSSP7,CAR,2024-11-11 09:41:11.113557+04:00
67319b02980fbf93486b06ee,6QXBZVMX,CAR,2024-11-11 09:49:54.455792+04:00
67319bfd980fbf93486b07cf,SKW9CT5X,CAR,2024-11-11 09:54:05.115009+04:00
67319ca5980fbf93486b08f3,KHCBDAHD,CAR,2024-11-11 09:56:53.657010+04:00
67319ce0cbffb233feec5b7d,ZS5YFR4F,CAR,2024-11-11 09:57:52.432918+04:00
67319d8ccbffb233feec5bfe,TFVHPQ3M,CAR,2024-11-11 10:00:44.839935+04:00
67319e847903202d14d1ceac,TRZNYT8J,CAR,2024-11-11 10:04:52.095307+04:00
67319f2b7903202d14d1cf63,26T52G28,CAR,2024-11-11 10:07:39.106060+04:00
67319fe87b24194256e2126c,2YHKDWHV,CAR,2024-11-11 10:10:48.265441+04:00
67319ff5cbffb233feec5c8e,J2L9XLXK,CAR,2024-11-11 10:11:01.682439+04:00
6731a0537903202d14d1cff1,2NXCQB63,CAR,2024-11-11 10:12:35.483834+04:00
6731a132e82924841098e9d0,C9QGQKZS,CAR,2024-11-11 10:16:18.515983+04:00
6731a231d4ae352d7a36e816,ADFSZBF8,CAR,2024-11-11 10:20:33.513581+04:00
6731a32de82924841098eaef,3HTPWVM5,CAR,2024-11-11 10:24:45.047851+04:00
6731a39314b21e7a59199ccf,J32487Y6,CAR,2024-11-11 10:26:27.125232+04:00
6731a3add4ae352d7a36e936,B3XVXB7L,CAR,2024-11-11 10:26:53.534038+04:00
6731a4c81aaab8969d140a5e,4LSS3ZGF,CAR,2024-11-11 10:31:36.813735+04:00
6731a63458462b12ac00ada6,F88RK5KT,CAR,2024-11-11 10:37:40.032903+04:00
6731a727e82924841098ebaa,MDMMETXN,CAR,2024-11-11 10:41:43.210978+04:00
6731a85904c6700267bf618e,YQ9SFR6S,CAR,2024-11-11 10:46:49.062191+04:00
6731aab4e82924841098ec42,CP9DNVC9,CAR,2024-11-11 10:56:52.503431+04:00
6731aab804c6700267bf61d3,ULEHG97S,CAR,2024-11-11 10:56:56.836429+04:00
6731ac32bdd6232aec0562f2,35KM3XUY,CAR,2024-11-11 11:03:14.011757+04:00
6731ac70e82924841098ecbd,ZNY3K6DC,CAR,2024-11-11 11:04:16.371802+04:00
6731ac741aaab8969d140b32,6VFDCKJ6,CAR,2024-11-11 11:04:20.914129+04:00
6731aca8261cbd040d44555e,JT54P9WG,CAR,2024-11-11 11:05:12.317107+04:00
6731adad1aaab8969d140ba4,4ZPWG9Q2,CAR,2024-11-11 11:09:33.293943+04:00
6731aee8d4ae352d7a36ead7,GMPQ2W9T,CAR,2024-11-11 11:14:48.317889+04:00
6731aeeebdd6232aec056369,Y7PJJ254,CAR,2024-11-11 11:14:54.752650+04:00
6731af46261cbd040d4455b6,S2NSPX4X,CAR,2024-11-11 11:16:22.932433+04:00
6731afa9541532b72be0534b,D5QPETQX,CAR,2024-11-11 11:18:01.228433+04:00
6731afca72347e94ca1c999e,DVDQQ7TS,CAR,2024-11-11 11:18:34.135795+04:00
6731b0641aaab8969d140c38,N424QU7B,CAR,2024-11-11 11:21:08.479217+04:00
6731b0c004c6700267bf62a9,CGVKBU4Z,CAR,2024-11-11 11:22:40.407604+04:00
6731b0cd72347e94ca1c9a4a,Z3C382NJ,CAR,2024-11-11 11:22:53.689062+04:00
6731b1c24e86cacfdf8d7b5b,M7RNPGJ9,CAR,2024-11-11 11:26:58.463869+04:00
6731b1e597be7b4fbf5105ac,MM8HFBKP,CAR,2024-11-11 11:27:33.727350+04:00
6731b42e541532b72be0547a,9RV8NXGG,CAR,2024-11-11 11:37:18.779699+04:00
6731b61013325774d9c4a9a6,SLYREJA7,CAR,2024-11-11 11:45:20.835665+04:00
6731b6d6541532b72be0551f,9TQ5J8FS,CAR,2024-11-11 11:48:38.099006+04:00
6731b7239a0faf882d63463d,82QRTD88,CAR,2024-11-11 11:49:55.796679+04:00
6731b756541532b72be05597,UDH3WJ66,CAR,2024-11-11 11:50:46.760662+04:00
6731b8de3edb714a0f071379,JL6RXFZC,CAR,2024-11-11 11:57:18.557187+04:00
6731b9003edb714a0f0713ed,LWKQVPFQ,CAR,2024-11-11 11:57:52.835213+04:00
6731ba4f9a0faf882d634710,786APA6S,CAR,2024-11-11 12:03:27.370417+04:00
6731ba90541532b72be05658,9JKWR9EY,CAR,2024-11-11 12:04:32.725421+04:00
6731bac0c4fa90d7207983a7,PJWZAS7R,CAR,2024-11-11 12:05:20.599865+04:00
6731bbbe9a0faf882d63478b,3MCQQBXC,CAR,2024-11-11 12:09:34.893023+04:00
6731bcfcc4fa90d720798431,EZQ59EYA,CAR,2024-11-11 12:14:52.467715+04:00
6731bd613edb714a0f0714d2,SJRR4HFA,CAR,2024-11-11 12:16:33.446387+04:00
6731bdad7f57675f6ba9c624,S52YYY6R,CAR,2024-11-11 12:17:49.120908+04:00
6731bfa03edb714a0f071593,BTB3PCNX,CAR,2024-11-11 12:26:08.750667+04:00
6731bfbc97be7b4fbf510700,7VUUDTTT,CAR,2024-11-11 12:26:36.927852+04:00
6731c0afc4fa90d7207984f4,3GYA9LWD,CAR,2024-11-11 12:30:39.482274+04:00
6731c0cb26d75a49c912ce9c,2QM23L25,CAR,2024-11-11 12:31:07.507079+04:00
6731c0d47f57675f6ba9c6ee,5NZ326VE,CAR,2024-11-11 12:31:16.228413+04:00
6731c1203edb714a0f0715b0,3BAMDFER,CAR,2024-11-11 12:32:32.511466+04:00
6731c16ca75f53dd76597c56,D6DHG2ET,CAR,2024-11-11 12:33:48.666953+04:00
6731c30404c6700267bf6488,BP2SZDTS,CAR,2024-11-11 12:40:36.770886+04:00
6731c437777595fb422e01df,4D5F3GNS,CAR,2024-11-11 12:45:43.051523+04:00
6731c9907f57675f6ba9c86c,W9HX5UWK,CAR,2024-11-11 13:08:32.250307+04:00
6731c9ac04c6700267bf65cb,ARP4X67S,CAR,2024-11-11 13:09:00.920964+04:00
6731cafc7f57675f6ba9c94f,R7GKN8CQ,CAR,2024-11-11 13:14:36.158388+04:00
6731cb1c7f57675f6ba9c9cc,T7Q2WG7N,CAR,2024-11-11 13:15:08.286002+04:00
6731cbc11fd35c1b2cabe244,NPXGK2R9,CAR,2024-11-11 13:17:53.925796+04:00
6731cc67554697a193a208d1,BFBLF7E4,CAR,2024-11-11 13:20:39.511435+04:00
6731ce8da154d5aad7a8b091,ADR7WKZD,CAR,2024-11-11 13:29:49.142794+04:00
6731cea622d08e61708f69e9,E6ZCKFTE,CAR,2024-11-11 13:30:14.209148+04:00
6731cf46c4fa90d7207985bf,A6224M2R,CAR,2024-11-11 13:32:53.992014+04:00
6731cf50759f89a6ad70f9b3,4L2CC9JW,CAR,2024-11-11 13:33:04.964360+04:00
6731d31f2a1bb32b9908138e,4A6FEM7R,CAR,2024-11-11 13:49:19.729659+04:00
6731d374c912f8073f3c826f,S4BJPTD6,CAR,2024-11-11 13:50:44.353148+04:00
6731d44cc912f8073f3c82e4,LMW8MZYG,CAR,2024-11-11 13:54:20.402894+04:00
6731d522759f89a6ad70fae0,JZ6Y996S,CAR,2024-11-11 13:57:54.187702+04:00
6731d5bf22d08e61708f6b64,8G27V56J,CAR,2024-11-11 14:00:31.751770+04:00
6731d7252a1bb32b990813f3,QD989NKE,CAR,2024-11-11 14:06:29.801323+04:00
6731d73f759f89a6ad70fb69,VVPMSEBJ,CAR,2024-11-11 14:06:55.718722+04:00
6731d7a5c912f8073f3c8377,6TD2WY8P,CAR,2024-11-11 14:08:37.760244+04:00
6731d897e999df94b294dbcb,45NVQATN,CAR,2024-11-11 14:12:39.673797+04:00
6731d9ac4d4b0b1dba17a9d5,SZ42GP4P,CAR,2024-11-11 14:17:16.708238+04:00
6731d9e88e2fb2fded1fa7ba,GPGV7JSW,CAR,2024-11-11 14:18:16.792214+04:00
6731db12e999df94b294dc4a,ZFD9YCGY,CAR,2024-11-11 14:23:14.476097+04:00
6731db31694fde00ead96c2d,L54CWBTC,CAR,2024-11-11 14:23:45.163642+04:00
6731db33759f89a6ad70fc37,9R2DZLV2,CAR,2024-11-11 14:23:47.476147+04:00
6731ddb8d42baf7f577df4da,MSZ3E7NC,CAR,2024-11-11 14:34:32.304961+04:00
6731df56e999df94b294dcd2,SJPBEQTS,CAR,2024-11-11 14:41:26.339239+04:00
6731e04bc037a9765703b08b,3KJXT7QC,CAR,2024-11-11 14:45:31.568669+04:00
6731e117d42baf7f577df59a,MRBQ3KMN,CAR,2024-11-11 14:48:55.182248+04:00
6731e1acc037a9765703b147,AKAK7BY9,CAR,2024-11-11 14:51:24.745090+04:00
6731e1be8e2fb2fded1fa853,ASYBRFG9,CAR,2024-11-11 14:51:42.025655+04:00
6731e321c037a9765703b1cb,SJZNJFMF,CAR,2024-11-11 14:57:37.707925+04:00
6731e3a4a154d5aad7a8b1e6,TBALSB7V,CAR,2024-11-11 14:59:48.027509+04:00
6731e3ade999df94b294de34,865MSBMP,CAR,2024-11-11 14:59:57.759103+04:00
6731e579c037a9765703b268,CFMF32LT,CAR,2024-11-11 15:07:37.291775+04:00
6731e6c7c037a9765703b2d2,76F5H3MK,CAR,2024-11-11 15:13:11.711814+04:00
6731e837a154d5aad7a8b309,QJMY8D6J,CAR,2024-11-11 15:19:19.525208+04:00
6731e98f694fde00ead96d2f,CG8SLDJ5,CAR,2024-11-11 15:25:03.658954+04:00
6731ea36c037a9765703b39a,GFL4BFDN,CAR,2024-11-11 15:27:50.760318+04:00
6731ea90d42baf7f577df73b,X54C7WLX,CAR,2024-11-11 15:29:20.190188+04:00
6731eb83c037a9765703b41e,UB9ZWMPW,CAR,2024-11-11 15:33:23.882626+04:00
6731ecf6d42baf7f577df7a0,9HF5XQXH,CAR,2024-11-11 15:39:34.038864+04:00
6731ee18a0ede30563aaf64f,R3SAS5V8,CAR,2024-11-11 15:44:24.123710+04:00
6731ee290da84f6bffb07046,4QAYHKQT,CAR,2024-11-11 15:44:40.983895+04:00
6731ef476e6bdb8316c302da,LQRSMY72,CAR,2024-11-11 15:49:27.831798+04:00
6731ef7c6e6bdb8316c30347,5ZVVU5UX,CAR,2024-11-11 15:50:20.845625+04:00
6731effe6e6bdb8316c303bc,UFJS4Q6W,CAR,2024-11-11 15:52:30.178510+04:00
6731f168694fde00ead96db6,FNXPLTRH,CAR,2024-11-11 15:58:32.572693+04:00
6731f170c6b1e7266d669dd9,SJXKHF35,CAR,2024-11-11 15:58:40.127164+04:00
6731f322895726e083476569,BNZL8T6Q,CAR,2024-11-11 16:05:54.490466+04:00
6731f3e26e6bdb8316c3044b,5KG8X67E,CAR,2024-11-11 16:09:06.521277+04:00
6731f443a154d5aad7a8b450,574NK4MB,CAR,2024-11-11 16:10:43.114014+04:00
6731f4b90da84f6bffb0717b,6SAFWHCA,CAR,2024-11-11 16:12:41.922905+04:00
6731f639c037a9765703b62d,TCRSAL9P,CAR,2024-11-11 16:19:05.745031+04:00
6731f7730da84f6bffb071f0,U68WBP7Q,CAR,2024-11-11 16:24:19.689737+04:00
6731f7796e6bdb8316c304ff,UEGRA7WK,CAR,2024-11-11 16:24:25.571032+04:00
6731f7f18cde1bb1cc0ae00b,4MLGEDQZ,CAR,2024-11-11 16:26:25.919768+04:00
6731f871a75f53dd76597e31,BBZ9ZF9U,CAR,2024-11-11 16:28:33.194925+04:00
6731f8b522d08e61708f6cd7,39AEAB8H,CAR,2024-11-11 16:29:41.849592+04:00
6731fb30c037a9765703b701,QWWTXZCL,CAR,2024-11-11 16:40:16.652854+04:00
6731fb5a8cde1bb1cc0ae056,YY9CH9VE,CAR,2024-11-11 16:40:58.603128+04:00
6731fd20bea06e7474866395,NX2VAATJ,CAR,2024-11-11 16:48:32.529801+04:00
6731fd31895726e083476616,MB7WGHF5,CAR,2024-11-11 16:48:49.156071+04:00
6731fda19e0f90b63dfbac8e,2JJVN4XW,CAR,2024-11-11 16:50:41.335436+04:00
6731fea36010cc17e1eb6b52,3FVJRLPH,CAR,2024-11-11 16:54:59.789951+04:00
6731feb8063d8555664803d2,MM3HS4N6,CAR,2024-11-11 16:55:20.078863+04:00
6731fed4126768e71df361e7,A45WUJYG,CAR,2024-11-11 16:55:48.650760+04:00
673200a9895726e0834766c7,NY5GFHBV,CAR,2024-11-11 17:03:37.324905+04:00
6732033cafb413bc11135cfd,XFM88FNQ,CAR,2024-11-11 17:14:36.459031+04:00
673204316010cc17e1eb6cd1,YQQPW93P,CAR,2024-11-11 17:18:41.455243+04:00
6732052851f5eac0afe46b2e,WXKKYLKJ,CAR,2024-11-11 17:22:48.460409+04:00
6732054ba11143ed68a3198f,6XDHEAJ8,CAR,2024-11-11 17:23:23.588591+04:00
67320807a11143ed68a319d5,2WA6B7RC,CAR,2024-11-11 17:35:03.945451+04:00
67320b3f7c243e39319776a2,XTBFJQ3S,CAR,2024-11-11 17:48:47.722192+04:00
67320c26a0ede30563aaf6dd,FTH2K4WT,CAR,2024-11-11 17:52:38.365777+04:00
67320d0ba11143ed68a31b68,UWHMXLQK,CAR,2024-11-11 17:56:27.766474+04:00
67320ead32e55af0fd057e3a,599AKF38,CAR,2024-11-11 18:03:25.452633+04:00
67320ed17c243e39319776f5,G4W9SFWN,CAR,2024-11-11 18:04:01.789398+04:00
67320f0ba65a19183845420b,K78EC7DC,CAR,2024-11-11 18:04:59.175563+04:00
67320f0b9e0f90b63dfbae40,NSQHHT97,CAR,2024-11-11 18:04:59.425900+04:00
6732109c7c243e393197776e,XEDK3UUE,CAR,2024-11-11 18:11:40.710444+04:00
6732134c32e55af0fd057fa6,LNU7WADJ,CAR,2024-11-11 18:23:08.842286+04:00
673213e1a65a191838454360,3NXDWBSM,CAR,2024-11-11 18:25:37.455353+04:00
673214c02f4d6830d522aeb1,WYBAFZ29,CAR,2024-11-11 18:29:20.277081+04:00
673214e77c243e39319777f0,HRWSR8R2,CAR,2024-11-11 18:29:59.675684+04:00
673219538be2bd21047c1786,VJ7SCZBC,CAR,2024-11-11 18:48:51.856289+04:00
67321ab19e0f90b63dfbafbc,RSZR8SXG,CAR,2024-11-11 18:54:41.115305+04:00
67321bf69473641b478ea878,FXWBSDCH,CAR,2024-11-11 19:00:06.329997+04:00
67321c09063d855566480563,6GE6Y9JP,CAR,2024-11-11 19:00:25.858360+04:00
67321ddd063d855566480607,HQQ6Y3T4,CAR,2024-11-11 19:08:13.092022+04:00
6732201b2f4d6830d522b00d,BQGQDS5H,CAR,2024-11-11 19:17:47.379882+04:00
673221919473641b478ea8fb,UP2W3VXP,CAR,2024-11-11 19:24:01.956257+04:00
67322551fd750e053fb7b96d,DPNM8TWP,CAR,2024-11-11 19:40:01.481875+04:00
6732284d2f4d6830d522b0db,7SBH8YD6,CAR,2024-11-11 19:52:45.084423+04:00
67322b39fd750e053fb7b9d2,PA7XWFBK,CAR,2024-11-11 20:05:13.629547+04:00
67322be82f4d6830d522b161,364JDM3Q,CAR,2024-11-11 20:08:08.551979+04:00
67322c128be2bd21047c1862,7BNHM6TE,CAR,2024-11-11 20:08:50.356712+04:00
67322e102f4d6830d522b215,YTDK9NEB,CAR,2024-11-11 20:17:20.408337+04:00
67322e7c1b8942a43b5d715a,2U9PVM9V,CAR,2024-11-11 20:19:08.078063+04:00
673231edfd750e053fb7bab1,EMSLQ5PD,CAR,2024-11-11 20:33:49.415090+04:00
67323235fd750e053fb7bb1c,8EZSZJFY,CAR,2024-11-11 20:35:01.354285+04:00
6732344b2f4d6830d522b310,DNRX5YSA,CAR,2024-11-11 20:43:55.356556+04:00
67323461c6b1e7266d669e63,UKGNUD5H,CAR,2024-11-11 20:44:17.394488+04:00
6732355f1b8942a43b5d7207,JEANU69W,CAR,2024-11-11 20:48:31.469198+04:00
673237f83a03b64af500082d,6LSGGP7S,CAR,2024-11-11 20:59:36.609960+04:00
67323cce9473641b478eaaa0,62FFVATL,CAR,2024-11-11 21:20:14.150853+04:00
673240c3a4b36b188eea9f6c,8JVRGGNB,CAR,2024-11-11 21:37:07.473966+04:00
6732421f9473641b478eab27,3T738XXT,CAR,2024-11-11 21:42:55.228974+04:00
67324381a4b36b188eeaa007,F55KX6C4,CAR,2024-11-11 21:48:49.069060+04:00
673245c1472bfc2788b8dbd2,GQTGMQL7,CAR,2024-11-11 21:58:25.942563+04:00
6732494e3a03b64af500092b,A5TZYD2A,CAR,2024-11-11 22:13:34.618412+04:00
67325dfd7a0e3acba38a0e89,7E57LXCA,CAR,2024-11-11 23:41:49.831595+04:00
673277c43a03b64af5000971,LJ85D4D7,CAR,2024-11-12 01:31:48.501972+04:00
6732c8ef1ded41a4e5bf611f,EGLKL8HF,CAR,2024-11-12 07:18:07.297906+04:00
6732d3412b768ef0bb099564,FSCVZR4C,CAR,2024-11-12 08:02:09.142630+04:00
6732d8d2cd816c2ff369d230,NUERLCB8,CAR,2024-11-12 08:25:54.936097+04:00
6732d90ad8a6394d72ea5a1e,KXZMHUEB,CAR,2024-11-12 08:26:50.032957+04:00
6732ddfccd816c2ff369d2d1,8CC358XT,CAR,2024-11-12 08:47:56.716994+04:00
6732e1945d42262cee93cb97,MG7RQGHH,CAR,2024-11-12 09:03:16.422542+04:00
6732e2475d42262cee93cc4e,C73YT4UU,CAR,2024-11-12 09:06:15.071321+04:00
6732e3031ded41a4e5bf623d,ZFDMCDXR,CAR,2024-11-12 09:09:23.252677+04:00
6732e3a7a2389914ca5c37f2,6QA9PKMF,CAR,2024-11-12 09:12:07.097873+04:00
6732e3c25d42262cee93cc6d,6X63ZWRP,CAR,2024-11-12 09:12:34.604914+04:00
6732e44006d9accf89f4442e,JZ9LQEYV,CAR,2024-11-12 09:14:39.976002+04:00
6732e46fa2389914ca5c3864,STFS9C65,CAR,2024-11-12 09:15:27.836824+04:00
6732e4f6a2389914ca5c386f,28M7K543,CAR,2024-11-12 09:17:42.331240+04:00
6732e8c7d11380ec4dec714a,MSRL7U5Q,CAR,2024-11-12 09:33:59.091426+04:00
6732ea0b5d42262cee93cddf,2EWY69PW,CAR,2024-11-12 09:39:23.551048+04:00
6732ec47d11380ec4dec71e6,UXAPJMLD,CAR,2024-11-12 09:48:55.649592+04:00
6732edc3a2389914ca5c3b12,QZ8N5UR9,CAR,2024-11-12 09:55:15.018479+04:00
6732edf7c65a7562d6e91dac,MKXJ57C6,CAR,2024-11-12 09:56:07.937622+04:00
6732edfc2365520f2764a76e,RUXRE5E8,CAR,2024-11-12 09:56:12.952863+04:00
6732ef97c65a7562d6e91e5c,MUCVYZES,CAR,2024-11-12 10:03:03.044700+04:00
6732ef9cfecc22be4a49b89e,ZZASVG5D,CAR,2024-11-12 10:03:08.356340+04:00
6732f01ddc373b93a956845e,Q65XM25Y,CAR,2024-11-12 10:05:17.535194+04:00
6732f047af9161370c64f836,U79H7PNN,CAR,2024-11-12 10:05:59.936069+04:00
6732f109c361a574dbee9f48,GTN7MDR4,CAR,2024-11-12 10:09:13.190562+04:00
6732f2f0d073036e11556e20,2GBFBCUX,CAR,2024-11-12 10:17:20.028014+04:00
6732f351d073036e11556e2b,H4VDLDSW,CAR,2024-11-12 10:18:57.852268+04:00
6732f4ef363fd1061fb1de5b,GB7AR8WG,CAR,2024-11-12 10:25:50.992404+04:00
6732f8069e27f98de05ed63d,RCK52VP9,CAR,2024-11-12 10:39:02.685330+04:00
6732fa4ad073036e11557054,XCQQHXLB,CAR,2024-11-12 10:48:42.856407+04:00
6732faaddc373b93a95684d5,EW4Q4WQ2,CAR,2024-11-12 10:50:21.640709+04:00
6732fc85128af7b6ead24dc9,XVBU62RU,CAR,2024-11-12 10:58:13.711724+04:00
6732fe2240808b4de0ca6946,985KLB9M,CAR,2024-11-12 11:05:06.220126+04:00
6732ff8c33323dd3082cd44e,6837TR2H,CAR,2024-11-12 11:11:08.518639+04:00
6733002be55658d9d3593c70,2SDJD3L2,CAR,2024-11-12 11:13:47.129793+04:00
67330121128af7b6ead24e5c,BY69JSQT,CAR,2024-11-12 11:17:53.608555+04:00
673301dd99135c27b1d8297c,YK5TKGU4,CAR,2024-11-12 11:21:01.267629+04:00
673303a1e55658d9d3593d1e,762WQ9JB,CAR,2024-11-12 11:28:33.491855+04:00
673303ac99135c27b1d82b61,6PYNGPX2,CAR,2024-11-12 11:28:44.248758+04:00
673303aea72a994b6edbcd88,JPCP3WBV,CAR,2024-11-12 11:28:46.922724+04:00
67330425e55658d9d3593e18,7ZSNF8P7,CAR,2024-11-12 11:30:45.021757+04:00
67330488e55658d9d3593e8e,HPCKWHMH,CAR,2024-11-12 11:32:24.826731+04:00
673304e1128af7b6ead24fe7,U5SJYQGA,CAR,2024-11-12 11:33:53.476230+04:00
6733052299135c27b1d82c02,DBX8LH6S,CAR,2024-11-12 11:34:58.180901+04:00
6733053f33323dd3082cd513,KBPB8UFK,CAR,2024-11-12 11:35:27.201538+04:00
67330705128af7b6ead25076,ZA88HA25,CAR,2024-11-12 11:43:01.934670+04:00
6733086b128af7b6ead2513d,7BMG6HLC,CAR,2024-11-12 11:48:59.432312+04:00
6733092fa72a994b6edbceb1,A85D27CL,CAR,2024-11-12 11:52:15.074150+04:00
67330959c06700d4f9d9c609,7A4KKFJH,CAR,2024-11-12 11:52:57.809457+04:00
673309d7bcf4a9b39b572a8d,U8DJT9ZW,CAR,2024-11-12 11:55:03.462217+04:00
67330b5f118b7e77b0ab500e,4FZZ64T4,CAR,2024-11-12 12:01:35.137172+04:00
67330f8ec06700d4f9d9c773,XDV5RCDL,CAR,2024-11-12 12:19:26.712025+04:00
67330f9f118b7e77b0ab50ae,NJ6NTDSV,CAR,2024-11-12 12:19:43.581465+04:00
67330fab33323dd3082cd624,F67HKWFR,CAR,2024-11-12 12:19:55.521584+04:00
67330fcb33323dd3082cd690,LTGWHPN7,CAR,2024-11-12 12:20:27.380423+04:00
6733121100171538abdbeb8a,6FH6D65T,CAR,2024-11-12 12:30:09.559210+04:00
673312599b50f2cbb453814c,AEJK8YPB,CAR,2024-11-12 12:31:21.063409+04:00
673314e045105da458421d59,W4GWPFRN,CAR,2024-11-12 12:42:08.432647+04:00
6733152300171538abdbec23,W3JNJB93,CAR,2024-11-12 12:43:15.052092+04:00
6733168bc06700d4f9d9c8c1,YVG9X3CC,CAR,2024-11-12 12:49:15.548423+04:00
673316a1df906deb10f3dc5c,KEDTQHGP,CAR,2024-11-12 12:49:37.775761+04:00
6733171d9b50f2cbb453824c,T6TES2KW,CAR,2024-11-12 12:51:41.289219+04:00
6733189f00171538abdbece1,AAYMEHD5,CAR,2024-11-12 12:58:07.359559+04:00
67331a6c8136ae4d4ac9c546,T6LHSF2T,CAR,2024-11-12 13:05:48.689137+04:00
67331c6b45105da458421e84,AJ5TY3SJ,CAR,2024-11-12 13:14:19.212186+04:00
67331da2df906deb10f3dd05,G5N7NFHP,CAR,2024-11-12 13:19:30.580063+04:00
67331dcb8136ae4d4ac9c5cb,UJ99JPGH,CAR,2024-11-12 13:20:11.415454+04:00
67331e2645105da458421efb,P6RB9YY8,CAR,2024-11-12 13:21:42.059607+04:00
67331eb26f88b1b42f82fd57,QFBUBUP9,CAR,2024-11-12 13:24:02.430749+04:00
67331ebc3879f11be058efb0,AUBTR5WP,CAR,2024-11-12 13:24:12.275760+04:00
67331f2e118b7e77b0ab5254,D6M87GCB,CAR,2024-11-12 13:26:06.048209+04:00
67331fc4118b7e77b0ab528d,U9FMF9KX,CAR,2024-11-12 13:28:36.151426+04:00
67332196e98e70d2de3f2ab3,6KRN8KK3,CAR,2024-11-12 13:36:22.207690+04:00
6733252d4b14904e2d5c63f4,8E56GW23,CAR,2024-11-12 13:51:41.490562+04:00
67332734aac912afe944e75a,GNEAGE4R,CAR,2024-11-12 14:00:20.148259+04:00
6733275261c39d001de32f64,BKUCB44J,CAR,2024-11-12 14:00:50.135606+04:00
6733277d118b7e77b0ab5325,ZKGQKMC7,CAR,2024-11-12 14:01:33.191561+04:00
673329cc8136ae4d4ac9c6ba,GBJMWPR7,CAR,2024-11-12 14:11:24.208593+04:00
67332aa3c6b1e7266d669f10,3DU7MTNF,CAR,2024-11-12 14:14:58.987000+04:00
67332ab38136ae4d4ac9c730,FZKLVQLN,CAR,2024-11-12 14:15:15.235254+04:00
67332acf61c39d001de32faf,7FLB2DBY,CAR,2024-11-12 14:15:43.205901+04:00
67332cb38136ae4d4ac9c767,CWDNLVBQ,CAR,2024-11-12 14:23:47.553513+04:00
67332dc78136ae4d4ac9c7e3,TDSM5WAH,CAR,2024-11-12 14:28:23.290394+04:00
67332ddb2ea6931388e27e4b,GJ3V6C55,CAR,2024-11-12 14:28:43.819774+04:00
67332f822ea6931388e27ed6,LCPDK2EF,CAR,2024-11-12 14:35:46.387456+04:00
6733302aa822e108e1bc74ba,ZBTEY9ZA,CAR,2024-11-12 14:38:34.562978+04:00
6733311d7530d6506b2b2e51,PPUDESAD,CAR,2024-11-12 14:42:37.500699+04:00
673331a5aac912afe944e815,EMWLVNSY,CAR,2024-11-12 14:44:53.726322+04:00
6733332425ba65fcf53cb967,74YZZAL2,CAR,2024-11-12 14:51:16.428512+04:00
6733337025ba65fcf53cb99d,WH9GRZDT,CAR,2024-11-12 14:52:32.055236+04:00
673334448136ae4d4ac9c8ff,89745MNS,CAR,2024-11-12 14:56:04.162784+04:00
6733352a118b7e77b0ab555e,S5BL5WYY,CAR,2024-11-12 14:59:54.355166+04:00
673336a725ba65fcf53cbaf0,B92MYDMG,CAR,2024-11-12 15:06:15.294871+04:00
673337c2a822e108e1bc754e,8GRDUVUM,CAR,2024-11-12 15:10:58.213338+04:00
6733389aa822e108e1bc75c3,GUFHMSFX,CAR,2024-11-12 15:14:34.579248+04:00
673339238136ae4d4ac9cad7,67P42PPN,CAR,2024-11-12 15:16:51.577645+04:00
673339bc25ba65fcf53cbc13,6GCQAR4B,CAR,2024-11-12 15:19:23.949824+04:00
67333a2525ba65fcf53cbc84,RM5DZZJH,CAR,2024-11-12 15:21:09.312986+04:00
67333adda822e108e1bc7647,LXFE3EFQ,CAR,2024-11-12 15:24:13.950136+04:00
67333b01a822e108e1bc7683,5V4LQJHH,CAR,2024-11-12 15:24:49.692086+04:00
67333b102947cffdac05484a,HXT6GNQQ,CAR,2024-11-12 15:25:04.247627+04:00
67333c4f25ba65fcf53cbd38,6XVKMR95,CAR,2024-11-12 15:30:23.642679+04:00
67333ca67530d6506b2b2fb5,SSLNGMDK,CAR,2024-11-12 15:31:50.541122+04:00
67333cfc2947cffdac0548fe,F29JD4QQ,CAR,2024-11-12 15:33:16.509950+04:00
67333d2ba822e108e1bc7792,SNRN2DWY,CAR,2024-11-12 15:34:03.019006+04:00
67333e8c5346d4ff76f9fa7a,8RKV7TUX,CAR,2024-11-12 15:39:56.366683+04:00
67333fe25346d4ff76f9faf3,5W5N2G3C,CAR,2024-11-12 15:45:38.256073+04:00
673342ef93f9a527f0be394b,Z6KP75WV,CAR,2024-11-12 15:58:39.421918+04:00
673347364f676956d902fe20,ZZDJ2EDR,CAR,2024-11-12 16:16:54.722422+04:00
673347385346d4ff76f9fc94,JN9H6637,CAR,2024-11-12 16:16:56.467987+04:00
6733479d64c048e982fd8d0f,MP2DAYG2,CAR,2024-11-12 16:18:37.656177+04:00
6733485d93f9a527f0be3a7a,4SUXXVPJ,CAR,2024-11-12 16:21:49.477478+04:00
673349ae93f9a527f0be3b24,DUB38BDR,CAR,2024-11-12 16:27:26.522380+04:00
67334a774f676956d902ffaf,HFQ4ZDE3,CAR,2024-11-12 16:30:47.166070+04:00
67334b2364c048e982fd8dc0,3R6U3FC2,CAR,2024-11-12 16:33:38.983945+04:00
67334b394f676956d902ffbd,S37VWMVU,CAR,2024-11-12 16:34:01.654061+04:00
67334b4a5346d4ff76f9fe51,7N88S2LD,CAR,2024-11-12 16:34:18.880245+04:00
67334b5d4f676956d9030029,CV9L68B6,CAR,2024-11-12 16:34:37.455615+04:00
67334b6c93f9a527f0be3b9d,U2Y75ZKX,CAR,2024-11-12 16:34:52.914912+04:00
67334c2d93f9a527f0be3c20,JR775URW,CAR,2024-11-12 16:38:05.217658+04:00
67334d494f676956d9030099,JNAHMZKE,CAR,2024-11-12 16:42:49.098627+04:00
67334db093f9a527f0be3cdb,9RVRLJZ2,CAR,2024-11-12 16:44:32.960969+04:00
67334df493f9a527f0be3d52,HNXMN593,CAR,2024-11-12 16:45:40.390710+04:00
67334ede8aea52284cf5a27f,2DJG88YW,CAR,2024-11-12 16:49:34.206210+04:00
67334ee693f9a527f0be3d91,BK728KKP,CAR,2024-11-12 16:49:42.381305+04:00
67334f21df52f264726dbaa6,GULE4FTC,CAR,2024-11-12 16:50:41.192548+04:00
67334ff58aea52284cf5a2f2,KPMPECYC,CAR,2024-11-12 16:54:13.818630+04:00
67335061628d965d7ae9a550,E7X2RTDA,CAR,2024-11-12 16:56:01.176411+04:00
6733511a2996b755b119b467,K5FB2EYY,CAR,2024-11-12 16:59:06.452187+04:00
673351d993f9a527f0be3f3d,HZGE4WZF,CAR,2024-11-12 17:02:17.825796+04:00
673351fedf52f264726dbb23,ZQLCXUUP,CAR,2024-11-12 17:02:54.879010+04:00
6733568bc7ef6735f3dc3c51,MJUVN22P,CAR,2024-11-12 17:22:19.602175+04:00
67335752c5e38cef1b0a27fc,S26NBR7D,CAR,2024-11-12 17:25:38.584360+04:00
67335abac5e38cef1b0a2894,WHJ7PH2T,CAR,2024-11-12 17:40:10.338952+04:00
67335c50fcccb225de1dc648,N3WFQJLX,CAR,2024-11-12 17:46:55.978579+04:00
67335cc4fcccb225de1dc6c2,U3BNTWVH,CAR,2024-11-12 17:48:52.073827+04:00
67336228c5e38cef1b0a2a0d,2A9X9XFV,CAR,2024-11-12 18:11:52.807215+04:00
6733630d2d4d13edc32e5922,2WJYW7FJ,CAR,2024-11-12 18:15:41.516428+04:00
67336314c5e38cef1b0a2a82,KB6GJYS6,CAR,2024-11-12 18:15:48.445369+04:00
67336475c5e38cef1b0a2b1a,NLXMCTX5,CAR,2024-11-12 18:21:41.096641+04:00
6733649c8aea52284cf5a4c7,DDK4HEBF,CAR,2024-11-12 18:22:20.809185+04:00
673366752996b755b119b631,FTSDJJSD,CAR,2024-11-12 18:30:13.213343+04:00
673366d48aea52284cf5a690,QP3G4268,CAR,2024-11-12 18:31:48.460440+04:00
67336a1c8aea52284cf5a765,VVVGHQWB,CAR,2024-11-12 18:45:48.053847+04:00
67336b072996b755b119b768,266C3AE8,CAR,2024-11-12 18:49:43.754810+04:00
67336f02280f7911297f5a1d,DN5ZLKGF,CAR,2024-11-12 19:06:42.581931+04:00
67336f25fcccb225de1dc7fe,NG5X84YL,CAR,2024-11-12 19:07:17.074920+04:00
67337053828e58200490b20d,XSCDSC45,CAR,2024-11-12 19:12:19.308754+04:00
67337335e19ecefd946f1c50,6RCVVT9U,CAR,2024-11-12 19:24:37.562563+04:00
67337423280f7911297f5b29,ZTKY5SGV,CAR,2024-11-12 19:28:35.272324+04:00
673375e7e76b8049c6f2edf1,8XZ9R2C6,CAR,2024-11-12 19:36:07.200554+04:00
6733765914a318e73583c3ce,C7E5UQKP,CAR,2024-11-12 19:38:01.563365+04:00
67337897e19ecefd946f1d3b,FC6E4LQM,CAR,2024-11-12 19:47:35.067014+04:00
67337a237527656c03277eef,RCGE64QW,CAR,2024-11-12 19:54:11.872468+04:00
673380e1a23817b007a4af49,BFF2FJWZ,CAR,2024-11-12 20:22:57.685070+04:00
673381baae54bafd5ab272f1,L9JJ5E39,CAR,2024-11-12 20:26:34.253947+04:00
67338631b6bdb58f167b64e2,T7Z54ZGQ,CAR,2024-11-12 20:45:37.123744+04:00
67338b70b6bdb58f167b662f,QMR8CUXR,CAR,2024-11-12 21:08:00.069822+04:00
67338e994e3563cb24ee0278,2MZQ2F8R,CAR,2024-11-12 21:21:28.991364+04:00
67338f153331509a82fea64d,C3AGTT8K,CAR,2024-11-12 21:23:33.691438+04:00
673390bec7286779702eb420,ZUMDRRUJ,CAR,2024-11-12 21:30:38.323917+04:00
6733928a4e3563cb24ee02b1,3L5P75G8,CAR,2024-11-12 21:38:18.705796+04:00
673393ddc40f73c4c0116622,2LKM5XK4,CAR,2024-11-12 21:43:57.393084+04:00
673395acc40f73c4c0116695,7JVWG9HB,CAR,2024-11-12 21:51:40.541291+04:00
673397b3c7286779702eb483,628X2QXQ,CAR,2024-11-12 22:00:19.453077+04:00
6733997d20882d257bb120c3,YA9USBEV,CAR,2024-11-12 22:07:57.370005+04:00
673399e320882d257bb12166,L4SWKFV4,CAR,2024-11-12 22:09:39.100769+04:00
67339eb2c7286779702eb4f4,VJZZMCGW,CAR,2024-11-12 22:30:10.858774+04:00
67339f0dae4fc14aa237b3c2,X7B9XKXC,CAR,2024-11-12 22:31:41.287088+04:00
67339fa56e56d20a215e3661,2HR96M7R,CAR,2024-11-12 22:34:13.217699+04:00
6733a33de19ecefd946f1e1a,5V27DGWK,CAR,2024-11-12 22:49:32.974910+04:00
6733a3448700f5a899521589,LTPQVRK2,CAR,2024-11-12 22:49:40.587256+04:00
6733a51d4e3563cb24ee0450,C8C9YR77,CAR,2024-11-12 22:57:33.008939+04:00
6733a60a20116bd04fcbff13,PAZ47DGF,CAR,2024-11-12 23:01:30.757648+04:00
6733aff8a8c98a6217162251,J7EFAKUY,CAR,2024-11-12 23:43:52.928236+04:00
6733b197a8c98a62171622c6,DJ9UJTHE,CAR,2024-11-12 23:50:47.692592+04:00
6733b35fa8c98a62171622d2,R4SL75F3,CAR,2024-11-12 23:58:23.434242+04:00
6733b5a1bd8c599b742a5a49,KAZGBXUY,CAR,2024-11-13 00:08:01.826086+04:00
6733b88a8700f5a899521733,QE4LT67F,CAR,2024-11-13 00:20:26.832640+04:00
6733ba69bd8c599b742a5ac4,4RELF7JB,CAR,2024-11-13 00:28:25.155299+04:00
6733c9e1e714178621967170,LP3ST38T,CAR,2024-11-13 01:34:25.797728+04:00
6733ce58bb4a38347cef7ed5,S7EZB7R3,CAR,2024-11-13 01:53:28.004878+04:00
6733d3a9bb4a38347cef7f50,PM5TKM25,CAR,2024-11-13 02:16:09.824464+04:00
6733db7a6e56d20a215e3789,9XVJ4UR7,CAR,2024-11-13 02:49:30.477196+04:00
6733dc9582967cc9c5a8df8a,NV2ULURU,CAR,2024-11-13 02:54:13.541290+04:00
67341b83f65ed76ef375d2b6,69VV8J9T,CAR,2024-11-13 07:22:43.940545+04:00
67341c17c7ef6735f3dc3e54,6SBY3WZB,CAR,2024-11-13 07:25:11.773634+04:00
673423efddbb26ccb76f5080,2DAKU7A7,CAR,2024-11-13 07:58:39.080542+04:00
67343076bd8c599b742a5b85,LV8NL9GP,CAR,2024-11-13 08:52:06.337252+04:00
673431bfa23817b007a4b16d,DC8N7C6C,CAR,2024-11-13 08:57:35.479381+04:00
673431e09921209cc4ba89bd,UU862H97,CAR,2024-11-13 08:58:08.767888+04:00
6734345649b7da190f910b59,77TV42WZ,CAR,2024-11-13 09:08:38.359224+04:00
673437316e56d20a215e3879,KCR3HXWV,CAR,2024-11-13 09:20:49.715273+04:00
673438cb82967cc9c5a8e16e,2MDLAR2P,CAR,2024-11-13 09:27:39.049449+04:00
67343b471d6f3ee12ec57d5e,KPN23JLL,CAR,2024-11-13 09:38:15.321778+04:00
67343ce69921209cc4ba8ac2,626WVE6C,CAR,2024-11-13 09:45:09.990261+04:00
67343d5e49b7da190f910ce5,S3FBJ2FX,CAR,2024-11-13 09:47:10.046328+04:00
67343ea49921209cc4ba8b96,M3YH5UM8,CAR,2024-11-13 09:52:36.862378+04:00
67343f2ac40f73c4c01169c8,TX9BCPSA,CAR,2024-11-13 09:54:50.821198+04:00
67344196cb30a76eb3e7b054,S45SAYJN,CAR,2024-11-13 10:05:10.279624+04:00
673441ed9921209cc4ba8dba,V8MGY97Q,CAR,2024-11-13 10:06:37.483527+04:00
67344234c2bc141bdea9071a,GVDFFEEK,CAR,2024-11-13 10:07:48.532872+04:00
673442518a4a6517fd6294dc,7XA2QHFP,CAR,2024-11-13 10:08:17.404063+04:00
673445518a4a6517fd6294fb,YP5JS3PG,CAR,2024-11-13 10:21:05.778759+04:00
673447d16a4ffc032baaf486,2WAZBHRH,CAR,2024-11-13 10:31:45.805039+04:00
673448da4e610daf806d7f89,ZJVW5EZK,CAR,2024-11-13 10:36:10.117838+04:00
67344961bd8c599b742a5d1e,89K2UTBA,CAR,2024-11-13 10:38:25.051539+04:00
67344bdbc0495dc988f86e7f,MWQFFB3U,CAR,2024-11-13 10:48:59.358175+04:00
67344d45a23817b007a4b1d3,74SH9UX2,CAR,2024-11-13 10:55:01.054281+04:00
67344dab6a4ffc032baaf592,MBJMFSTA,CAR,2024-11-13 10:56:43.787194+04:00
673451438a4a6517fd6295da,LG4JQAUK,CAR,2024-11-13 11:12:03.722957+04:00
673451911a256cfdedde433b,H6JMB6JY,CAR,2024-11-13 11:13:21.575106+04:00
67345199c0495dc988f8700e,2QHHPJ9E,CAR,2024-11-13 11:13:29.128687+04:00
673453eb8c6fbf617b4312c6,6CZGHHDR,CAR,2024-11-13 11:23:23.309969+04:00
6734564edc5770304adec58f,VFUVPQFW,CAR,2024-11-13 11:33:34.326021+04:00
673456b99b979e053dd20761,2BUSNBC4,CAR,2024-11-13 11:35:21.802606+04:00
673456efdc5770304adec607,R8DQTKTH,CAR,2024-11-13 11:36:15.219380+04:00
67345776c0495dc988f8711a,SZAWAFD9,CAR,2024-11-13 11:38:30.527744+04:00
673458ec576b36588b144db9,XM5MKSZ6,CAR,2024-11-13 11:44:44.910914+04:00
673459121d6f3ee12ec57e67,65SBPF55,CAR,2024-11-13 11:45:22.278149+04:00
673459a08a4a6517fd6296fc,AGYRDTNC,CAR,2024-11-13 11:47:44.927973+04:00
67345a195f25aa0c2535bcad,ZTP3E9CR,CAR,2024-11-13 11:49:44.974862+04:00
67345b678c6fbf617b431392,8EPM7DPF,CAR,2024-11-13 11:55:19.704532+04:00
67345be28c6fbf617b43142c,WC9CQBBB,CAR,2024-11-13 11:57:22.571301+04:00
67345df115837eb56569d9d8,9ZPWASP8,CAR,2024-11-13 12:06:09.194566+04:00
67345eae576b36588b144e35,6SCWQMFK,CAR,2024-11-13 12:09:18.639528+04:00
67345ecf576b36588b144e3c,GGSUNP8V,CAR,2024-11-13 12:09:51.539289+04:00
67345ff81d6f3ee12ec57ef0,DK8NXVK7,CAR,2024-11-13 12:14:48.326639+04:00
67346384dafd8c42aeb46162,NBSP9UJZ,CAR,2024-11-13 12:29:56.342634+04:00
673464685f25aa0c2535bd8f,4CN5JQEA,CAR,2024-11-13 12:33:44.075470+04:00
673465e7937fcb002ea03fad,HB5TK9VT,CAR,2024-11-13 12:40:07.114653+04:00
673466ed937fcb002ea03fea,RYY56M86,CAR,2024-11-13 12:44:29.267987+04:00
6734687c0d86b9ab859de4bf,SDAWYBFZ,CAR,2024-11-13 12:51:08.538916+04:00
67346901db90b8f6a762e807,E9TBJ289,CAR,2024-11-13 12:53:21.900752+04:00
67346a015f25aa0c2535be1a,5XUZW5HP,CAR,2024-11-13 12:57:37.420705+04:00
67346f19c6faf80b7e7881ea,MMJPT6E8,CAR,2024-11-13 13:19:21.834200+04:00
67346fffc6faf80b7e788266,U6R763HX,CAR,2024-11-13 13:23:11.175170+04:00
673470d53ee8bb1023c1a083,GY4PU7WA,CAR,2024-11-13 13:26:44.902818+04:00
673470d8c6faf80b7e78827b,DSYTBKMD,CAR,2024-11-13 13:26:48.872022+04:00
6734712b100240c4160ab390,87WQ3RCY,CAR,2024-11-13 13:28:11.420923+04:00
6734713cdb90b8f6a762e89b,4TB9D86H,CAR,2024-11-13 13:28:28.409578+04:00
673471ea2292b70f157cd4a4,4JWRZWLF,CAR,2024-11-13 13:31:22.064931+04:00
6734744080b8ed1f82647649,6RPHW7AD,CAR,2024-11-13 13:41:20.144350+04:00
673474b72292b70f157cd4f4,4NU94GCE,CAR,2024-11-13 13:43:19.019913+04:00
673476aa5a95665818cec1bc,J9RDY6CT,CAR,2024-11-13 13:51:38.070686+04:00
673478242292b70f157cd580,2M25RWSV,CAR,2024-11-13 13:57:56.852393+04:00
673478dedb90b8f6a762e93e,DRUVGCW9,CAR,2024-11-13 14:01:02.734791+04:00
67347a2f100240c4160ab50d,CQKFWPHB,CAR,2024-11-13 14:06:39.168535+04:00
67347b1b80b8ed1f82647708,9LFGASTP,CAR,2024-11-13 14:10:35.667783+04:00
67347b6480b8ed1f82647711,9S2YTMFE,CAR,2024-11-13 14:11:48.223929+04:00
67347b80017332ef865edbdd,FSHXRN6H,CAR,2024-11-13 14:12:16.712503+04:00
67347ce602913cc342c3157a,UUERY39K,CAR,2024-11-13 14:18:14.531488+04:00
67347df3f8d7607f78818d9c,PPGEZ999,CAR,2024-11-13 14:22:43.393245+04:00
67347e0e2292b70f157cd62b,4PBBXLPP,CAR,2024-11-13 14:23:10.320226+04:00
67347e39937fcb002ea0420f,4YH4T7L6,CAR,2024-11-13 14:23:53.512593+04:00
67347f552292b70f157cd6a3,UN3LV35B,CAR,2024-11-13 14:28:37.054732+04:00
67348000f8d7607f78818e27,EKDJQA8Q,CAR,2024-11-13 14:31:28.914697+04:00
673484faf8d7607f78818eb1,4BYXCZWL,CAR,2024-11-13 14:52:42.689167+04:00
673485ae5a95665818cec3e1,BFERSMJZ,CAR,2024-11-13 14:55:42.265299+04:00
673486c9f8d7607f78818f2a,CA9YDT6E,CAR,2024-11-13 15:00:25.688117+04:00
6734892f017332ef865edd39,9SER99WP,CAR,2024-11-13 15:10:39.023758+04:00
673489a1e3b0f305a561f1d2,39SFZLF9,CAR,2024-11-13 15:12:33.891451+04:00
67348a1b017332ef865ede29,D6GRTP8A,CAR,2024-11-13 15:14:35.847394+04:00
67348abbe3b0f305a561f24b,NWPDSWRZ,CAR,2024-11-13 15:17:15.635711+04:00
67348dd42292b70f157cd7f2,TXBTPG2G,CAR,2024-11-13 15:30:28.883026+04:00
67348e1eaa045d7d8b919268,848YS5ZU,CAR,2024-11-13 15:31:42.619068+04:00
67348e342292b70f157cd891,LJ63MN9V,CAR,2024-11-13 15:32:04.549999+04:00
673490ceaa045d7d8b919299,NTZCXB4W,CAR,2024-11-13 15:43:10.870685+04:00
67349206aa045d7d8b919326,N97HNY7L,CAR,2024-11-13 15:48:22.374301+04:00
67349423f8d7607f78819035,5E36TK9K,CAR,2024-11-13 15:57:23.449718+04:00
673496027866e53c6c377f0b,CQH4C746,CAR,2024-11-13 16:05:22.310527+04:00
67349866d050eac1f932e063,DQMFFH3R,CAR,2024-11-13 16:15:34.901102+04:00
67349a6f8a4a6517fd62982a,YNWEUQHL,CAR,2024-11-13 16:24:15.899779+04:00
67349a70d4414929f13d8eb8,S5GP234K,CAR,2024-11-13 16:24:16.601284+04:00
67349b7a2cb3bcbb6d17d7a7,SCX4HJ3K,CAR,2024-11-13 16:28:42.759470+04:00
67349bfa7866e53c6c377ff1,VLV74QTG,CAR,2024-11-13 16:30:50.333578+04:00
67349bfdd4414929f13d8ec4,QBEAB4HD,CAR,2024-11-13 16:30:53.506247+04:00
67349eced050eac1f932e1cc,WDMANH9H,CAR,2024-11-13 16:42:54.775528+04:00
6734a023548e41b2a01db2aa,JJE8HEPS,CAR,2024-11-13 16:48:35.145146+04:00
6734a06aa2cdcec55e3f2acc,BEA87DN9,CAR,2024-11-13 16:49:46.628643+04:00
6734a14f7866e53c6c37806a,XY4QB9XX,CAR,2024-11-13 16:53:35.781168+04:00
6734a1aad4414929f13d9081,25AMXLJD,CAR,2024-11-13 16:55:06.243369+04:00
6734a38e548e41b2a01db335,UG8JTG9Y,CAR,2024-11-13 17:03:10.971067+04:00
6734a632c6b1e7266d669ff6,QKSP2ESZ,CAR,2024-11-13 17:14:25.980589+04:00
6734a9f47866e53c6c378298,53R39U4W,CAR,2024-11-13 17:30:28.837301+04:00
6734aa41d4414929f13d9111,ELDPERZA,CAR,2024-11-13 17:31:45.073685+04:00
6734aad2d38e8958078033de,ACN7LSVL,CAR,2024-11-13 17:34:10.008014+04:00
6734ab5caa0e6b0e8839fa0f,UCPCPZTV,CAR,2024-11-13 17:36:28.189849+04:00
6734adb2aa0e6b0e8839faaa,XWR6U8DV,CAR,2024-11-13 17:46:26.441196+04:00
6734aeae66a5c60a85847785,JFCNGPXM,CAR,2024-11-13 17:50:38.072873+04:00
6734b25f66a5c60a85847839,Z5RPNU73,CAR,2024-11-13 18:06:23.231446+04:00
6734b2ebaa0e6b0e8839fbd0,AB8QR2BT,CAR,2024-11-13 18:08:42.981486+04:00
6734b42b66a5c60a8584794e,J5JYJBRA,CAR,2024-11-13 18:14:03.242728+04:00
6734b5a6a7239b00aa7dde58,P9H6C8JM,CAR,2024-11-13 18:20:22.185265+04:00
6734b6b4d38e8958078034d0,8UKGZMVA,CAR,2024-11-13 18:24:52.861796+04:00
6734bce3a7239b00aa7ddf34,BBF9JGW9,CAR,2024-11-13 18:51:15.674820+04:00
6734bd8b8f4271b8f5d3a45f,WZ67SBNY,CAR,2024-11-13 18:54:03.305497+04:00
6734cc5eb9830f045f813b47,MY9JQBZT,CAR,2024-11-13 19:57:17.888209+04:00
6734d211c6e4d3f5ae8b7675,3G3K4VHG,CAR,2024-11-13 20:21:37.669676+04:00
6734d454c6e4d3f5ae8b76ce,GMW6DR49,CAR,2024-11-13 20:31:16.310492+04:00
6734d5cc99835a8c6f79535b,6LDZBW35,CAR,2024-11-13 20:37:32.909459+04:00
6734d88f6e404873fdcef445,PETJLCMG,CAR,2024-11-13 20:49:19.877248+04:00
6734df77c8802f1846b18571,8UXFYMD6,CAR,2024-11-13 21:18:47.234670+04:00
6734f70e5c124e83b8bcccba,9N5KG6PY,CAR,2024-11-13 22:59:26.555937+04:00
6734f91a5c124e83b8bccd5a,SW5MWFZ7,CAR,2024-11-13 23:08:10.808379+04:00
67351dcd532c837bdac1478c,UBKQBYKJ,CAR,2024-11-14 01:44:45.681775+04:00
6735621f5c124e83b8bcce05,VHTYNKN8,CAR,2024-11-14 06:36:15.927862+04:00
67356971e2bed1fb3c100a5c,BARYQAZ7,CAR,2024-11-14 07:07:29.687056+04:00
67356c50e2bed1fb3c100ad4,ZZ3TR5KJ,CAR,2024-11-14 07:19:44.341389+04:00
673578b2c6b1e7266d66a073,JT9BMME9,CAR,2024-11-14 08:12:34.941201+04:00
67357b3c32b185f71ce0d24b,2DKFN97L,CAR,2024-11-14 08:23:24.303205+04:00
67357d74753ee85917c78b7d,JD5ZYMVB,CAR,2024-11-14 08:32:52.180910+04:00
67357e5b532c837bdac148a9,NDQNUAKQ,CAR,2024-11-14 08:36:43.354495+04:00
6735823b064c42cddf2766e2,BDDN9ZJ9,CAR,2024-11-14 08:53:15.864531+04:00
6735857173d5bf64f449ed46,C3HWN2EV,CAR,2024-11-14 09:06:57.136781+04:00
6735857ff314188ba3b2ff8e,VDV237EM,CAR,2024-11-14 09:07:11.651464+04:00
6735863fb7d6f3f555c05a7a,TLHLYQ8J,CAR,2024-11-14 09:10:23.329956+04:00
67358654064c42cddf276788,2SKXU2PT,CAR,2024-11-14 09:10:44.113003+04:00
673589f1d5cfe30d11bc6acf,P8RWNZPL,CAR,2024-11-14 09:26:09.375838+04:00
67358d58753ee85917c78cbd,PJL4CV7P,CAR,2024-11-14 09:40:40.489128+04:00
67358fb1d5cfe30d11bc6b7c,XPTVS7RR,CAR,2024-11-14 09:50:41.578562+04:00
67358fc5351c4c6cbcaa8a28,SA3YUVMJ,CAR,2024-11-14 09:51:01.498739+04:00
6735909bd5cfe30d11bc6c8c,5KR2DAGS,CAR,2024-11-14 09:54:35.642784+04:00
6735918bd5cfe30d11bc6d3d,3WCV2TKD,CAR,2024-11-14 09:58:35.855829+04:00
6735923d61062b1a34c78ddb,KGQQDGBR,CAR,2024-11-14 10:01:33.493862+04:00
6735931b064c42cddf2768cc,H6Q7W2PL,CAR,2024-11-14 10:05:15.106310+04:00
67359ac8c073891ba58401b5,VTRN4B7L,CAR,2024-11-14 10:38:00.231957+04:00
67359df63ca2fa1d5cfa05f8,WTC9DD7H,CAR,2024-11-14 10:51:34.614266+04:00
67359e0451483d7c2ba00d20,GMC5BF7K,CAR,2024-11-14 10:51:48.724495+04:00
67359e733ca2fa1d5cfa0616,3BT9YENW,CAR,2024-11-14 10:53:39.279749+04:00
67359e8751483d7c2ba00daa,JYLUZARJ,CAR,2024-11-14 10:53:59.087210+04:00
6735a0bc51483d7c2ba00e48,GAKUNGB7,CAR,2024-11-14 11:03:24.651848+04:00
6735a0d0064c42cddf2769c0,HV9UZSES,CAR,2024-11-14 11:03:44.887939+04:00
6735a1df51483d7c2ba00ec2,2ZYMYDPW,CAR,2024-11-14 11:08:15.807146+04:00
6735a1f8fb28557d8f61cf21,GLSMDHJK,CAR,2024-11-14 11:08:40.881822+04:00
6735a330c073891ba58402ca,M4SW5E3N,CAR,2024-11-14 11:13:52.820348+04:00
6735a3a6f314188ba3b300d0,UDR228MR,CAR,2024-11-14 11:15:50.734045+04:00
6735a4d314710c1201e74ff5,6W5JM3M5,CAR,2024-11-14 11:20:51.894868+04:00
6735a932386344616c21cb7a,V2YYGABR,CAR,2024-11-14 11:39:30.826415+04:00
6735a9da14710c1201e75084,YXXGQ7XA,CAR,2024-11-14 11:42:18.778283+04:00
6735aa88fb28557d8f61cfd4,5ECBYC3D,CAR,2024-11-14 11:45:12.103155+04:00
6735aa8b386344616c21cc24,WM247EWS,CAR,2024-11-14 11:45:15.096125+04:00
6735aa91cb65e4ec19cfbf2f,A9KBYDWX,CAR,2024-11-14 11:45:21.525948+04:00
6735aae403abdad8f5b6d1a6,EF422QBT,CAR,2024-11-14 11:46:44.904621+04:00
6735ab0503abdad8f5b6d24a,K6CD7VF5,CAR,2024-11-14 11:47:17.229081+04:00
6735ab95ed1242eb8c4315a3,4GEUM36S,CAR,2024-11-14 11:49:41.001902+04:00
6735ac4787311e60b9e2e31e,3PHPJQEA,CAR,2024-11-14 11:52:39.044957+04:00
6735ac8d386344616c21cd12,VLLF59FQ,CAR,2024-11-14 11:53:49.406635+04:00
6735ad6e386344616c21ce32,9ZNT28JR,CAR,2024-11-14 11:57:34.360754+04:00
6735ada1386344616c21ceab,BJAWQF83,CAR,2024-11-14 11:58:25.727852+04:00
6735aeb8f6c8f92310ac573a,WJ37P5RP,CAR,2024-11-14 12:03:04.417251+04:00
6735aebbcb65e4ec19cfbfb4,DR8CPYHM,CAR,2024-11-14 12:03:07.948497+04:00
6735b1a503abdad8f5b6d38e,JYAXHT96,CAR,2024-11-14 12:15:33.748015+04:00
6735b24861ceedbd482e570f,65KG7G89,CAR,2024-11-14 12:18:16.349199+04:00
6735b28ced1242eb8c4316d6,LKXRQWDD,CAR,2024-11-14 12:19:24.925938+04:00
6735b68066c7d883e99bf338,XUMDEQVJ,CAR,2024-11-14 12:36:16.078400+04:00
6735b97b66c7d883e99bf39a,B66DDZNV,CAR,2024-11-14 12:48:59.230230+04:00
6735b9a866c7d883e99bf445,UKKJZ7CL,CAR,2024-11-14 12:49:44.896964+04:00
6735ba0c5228ba5992b2d774,GXHCRMLA,CAR,2024-11-14 12:51:23.996872+04:00
6735bcb3ed1242eb8c431873,KQNSJZP2,CAR,2024-11-14 13:02:43.408809+04:00
6735bcc7fc9dfa352265abd2,865GKYXT,CAR,2024-11-14 13:03:03.701222+04:00
6735bd03cb65e4ec19cfc0c7,RV968C7F,CAR,2024-11-14 13:04:03.487833+04:00
6735bd5514710c1201e7524b,P9CD36BK,CAR,2024-11-14 13:05:25.435229+04:00
6735bd5ffc9dfa352265ac4b,HCUMFBW3,CAR,2024-11-14 13:05:35.689921+04:00
6735be024cf66fed923c8f3f,H3URDCSB,CAR,2024-11-14 13:08:18.122842+04:00
6735be6bfc9dfa352265acc0,QNU9BJK8,CAR,2024-11-14 13:10:03.045014+04:00
6735becbb39973b3969ab4ad,4G72GKYW,CAR,2024-11-14 13:11:39.285236+04:00
6735bffc0370fe168324c4d6,3K9T8TZM,CAR,2024-11-14 13:16:44.410466+04:00
6735c03237b5de2fe7a57d7a,DEQ5NZ3K,CAR,2024-11-14 13:17:38.654539+04:00
6735c0d2fbc7fdec508c786f,JU3FD9HL,CAR,2024-11-14 13:20:18.572068+04:00
6735c29537b5de2fe7a57db6,598GVJXM,CAR,2024-11-14 13:27:49.474340+04:00
6735c77e0370fe168324c509,3JHLYESN,CAR,2024-11-14 13:48:46.206755+04:00
6735c856fbc7fdec508c794b,WSW4KGTR,CAR,2024-11-14 13:52:22.146334+04:00
6735c871b39973b3969ab555,XTFVXXWP,CAR,2024-11-14 13:52:48.981660+04:00
6735c8bf37b5de2fe7a57ee7,A7DU4TMU,CAR,2024-11-14 13:54:07.120087+04:00
6735ca1b37b5de2fe7a57ff6,T5A6FMVR,CAR,2024-11-14 13:59:55.963687+04:00
6735ce70659291c77987953e,EADMS8A8,CAR,2024-11-14 14:18:24.444715+04:00
6735cf6b0370fe168324c6a1,BY76Y2ZW,CAR,2024-11-14 14:22:35.276698+04:00
6735cf9ba139fd7518563ea9,WK66AKK2,CAR,2024-11-14 14:23:23.386289+04:00
6735d065b39973b3969ab5d1,RN5HBQZL,CAR,2024-11-14 14:26:45.052983+04:00
6735d0eb659291c77987960d,NLCNNHB5,CAR,2024-11-14 14:28:59.949689+04:00
6735d348659291c779879726,7AKA7H2C,CAR,2024-11-14 14:39:04.920253+04:00
6735d600b39973b3969ab680,FL36FZY6,CAR,2024-11-14 14:50:40.449996+04:00
6735d666b39973b3969ab6f6,H6642S52,CAR,2024-11-14 14:52:22.132758+04:00
6735d8f1a139fd7518563f7c,B45SX525,CAR,2024-11-14 15:03:13.333083+04:00
6735d9b840ccf6eae8da1195,27338U3U,CAR,2024-11-14 15:06:32.307363+04:00
6735d9bc40ccf6eae8da119d,ABCLL7XB,CAR,2024-11-14 15:06:36.272653+04:00
6735dc92952266e3b0334ddb,CQCXCUB3,CAR,2024-11-14 15:18:42.792083+04:00
6735dff5952266e3b0334e79,2W7TZ7CT,CAR,2024-11-14 15:33:09.043576+04:00
6735e090b5e8bb160ffdfc6a,LQZSGZEJ,CAR,2024-11-14 15:35:44.043950+04:00
6735e1b74cf66fed923c8f59,8VGFZTJT,CAR,2024-11-14 15:40:39.465673+04:00
6735e456952266e3b0334f27,6F3RX88J,CAR,2024-11-14 15:51:50.959022+04:00
6735e480a139fd7518564194,8UXDMES4,CAR,2024-11-14 15:52:32.942666+04:00
6735e509b39973b3969ab832,R76J54MK,CAR,2024-11-14 15:54:49.182277+04:00
6735e5e9be9fbec28818d2af,EZPA28DQ,CAR,2024-11-14 15:58:33.718830+04:00
6735e6d53841196d0dd1f8a4,8H4F4DVP,CAR,2024-11-14 16:02:29.306815+04:00
6735e88ff59a12c9cb26b46e,5Q8ZU3BE,CAR,2024-11-14 16:09:51.089888+04:00
6735e91bbe9fbec28818d388,CHU7B257,CAR,2024-11-14 16:12:11.041500+04:00
6735ea613841196d0dd1f95b,6UV5NTEX,CAR,2024-11-14 16:17:37.349761+04:00
6735ea9ef59a12c9cb26b479,Z3S7Y8DU,CAR,2024-11-14 16:18:38.581283+04:00
6735eaafb5e8bb160ffdfe0a,52JFWG5K,CAR,2024-11-14 16:18:54.993870+04:00
6735eb776dab04b35ae28764,NLJKWFAH,CAR,2024-11-14 16:22:15.110055+04:00
6735ecedb5e8bb160ffdfe9f,KJBV6PFS,CAR,2024-11-14 16:28:29.351673+04:00
6735edbe3841196d0dd1f9be,JHFQKC83,CAR,2024-11-14 16:31:58.012474+04:00
6735ee0d2ed6c6f592f4382d,BWQHD766,CAR,2024-11-14 16:33:17.385760+04:00
6735ee5c3841196d0dd1fa52,N8EGNGPS,CAR,2024-11-14 16:34:36.877054+04:00
6735efd7f59a12c9cb26b500,DX2AMENU,CAR,2024-11-14 16:40:55.896879+04:00
6735f275f59a12c9cb26b57a,WMKZ8S29,CAR,2024-11-14 16:52:05.300431+04:00
6735f4df1d798bcbdeed6090,QNJW7EJZ,CAR,2024-11-14 17:02:23.130547+04:00
6735f5146dab04b35ae2887b,DYP4DVST,CAR,2024-11-14 17:03:16.794166+04:00
6735f54d33f9dd0b53575efb,E4BM7N35,CAR,2024-11-14 17:04:13.048921+04:00
6735f6146dab04b35ae288fa,U8UBKF4H,CAR,2024-11-14 17:07:32.769404+04:00
6735f7c81d798bcbdeed6123,GPTJXFG4,CAR,2024-11-14 17:14:48.077664+04:00
6735f99990073be95a5faf8d,RFJNN4B3,CAR,2024-11-14 17:22:33.764682+04:00
6735fa7c6dab04b35ae28993,W9GTAJCA,CAR,2024-11-14 17:26:20.100538+04:00
6735fb4d1d798bcbdeed6296,AXF52Y5G,CAR,2024-11-14 17:29:49.382573+04:00
6735fe1b6e77c6547a5564ff,W48CFCYU,CAR,2024-11-14 17:41:46.967591+04:00
67360299a539f9c6b37ebb21,4KZZYFDZ,CAR,2024-11-14 18:00:57.185601+04:00
673604992cd4a5f3fb180387,J9KFFXGL,CAR,2024-11-14 18:09:29.392443+04:00
6736057c8eaed76ee44ae9aa,MBTLX947,CAR,2024-11-14 18:13:16.004005+04:00
673606ef2ed6c6f592f439b9,PLETWZSE,CAR,2024-11-14 18:19:27.664406+04:00
673607622cd4a5f3fb180480,J3F4XSQX,CAR,2024-11-14 18:21:22.081217+04:00
67360b9f6e77c6547a5566a7,DK7CE5PN,CAR,2024-11-14 18:39:27.646482+04:00
67360f378eaed76ee44aeaaa,KWR78C4R,CAR,2024-11-14 18:54:47.224477+04:00
6736101f6e77c6547a556755,WNNE63KE,CAR,2024-11-14 18:58:39.024685+04:00
67361377b3230fa9b29f235c,CELZKJED,CAR,2024-11-14 19:12:55.315531+04:00
673613eea539f9c6b37ebc32,AFG7759D,CAR,2024-11-14 19:14:54.508216+04:00
67361473fbfa44905d35aef7,FP5J4NNN,CAR,2024-11-14 19:17:07.669759+04:00
673615c605d63905093b54f5,84UTEU5J,CAR,2024-11-14 19:22:46.872844+04:00
6736188bfbfa44905d35af92,FY7E7X5R,CAR,2024-11-14 19:34:35.182297+04:00
67361b768eaed76ee44aeb23,EUZTH3PD,CAR,2024-11-14 19:47:02.912955+04:00
67361bfc7c07c3b118d98193,PZT34Q4B,CAR,2024-11-14 19:49:16.809542+04:00
67361c4cb3230fa9b29f23f4,VQ9K4V4X,CAR,2024-11-14 19:50:36.525191+04:00
6736268990d00a945d479738,AURJHBNL,CAR,2024-11-14 20:34:17.086415+04:00
67362bca4b2aeb91401d8333,LG8XFML9,CAR,2024-11-14 20:56:42.418927+04:00
6736320a7c07c3b118d98337,2SKA9CWF,CAR,2024-11-14 21:23:22.692582+04:00
673633d88eaed76ee44aeca6,68RU3XDQ,CAR,2024-11-14 21:31:04.298870+04:00
673636637c07c3b118d983b8,4EGXVVS2,CAR,2024-11-14 21:41:55.404459+04:00
6736441d7c07c3b118d98443,CQ8FEF2D,CAR,2024-11-14 22:40:29.566279+04:00
6736480790d00a945d479920,BQZQQHQ4,CAR,2024-11-14 22:57:11.680203+04:00
6736bf80157d38a51f15fe5b,73UAG68D,CAR,2024-11-15 07:26:56.752665+04:00
6736c1c33c7ff85ffc0ca5dc,87KW6REN,CAR,2024-11-15 07:36:35.333297+04:00
6736c1cf157d38a51f15fefb,DDX33QBZ,CAR,2024-11-15 07:36:47.043575+04:00
6736c25625204ac0de30e775,QEJNPGPU,CAR,2024-11-15 07:39:02.427483+04:00
6736c7af157d38a51f15ffdd,LU7RQFA6,CAR,2024-11-15 08:01:51.619843+04:00
6736cb77157d38a51f160050,78F7UPEZ,CAR,2024-11-15 08:17:59.603433+04:00
6736cd1631b56f0b91df9b41,KEPAXN4L,CAR,2024-11-15 08:24:54.867251+04:00
6736cd34f7ded3024cb3b798,4R599X94,CAR,2024-11-15 08:25:24.011950+04:00
6736ce1925204ac0de30e78f,YBMUVPSV,CAR,2024-11-15 08:29:13.408033+04:00
6736d17931b56f0b91df9bde,A82ZKKBG,CAR,2024-11-15 08:43:37.072335+04:00
6736d55662c5ce90ef5172f5,KV33AC5D,CAR,2024-11-15 09:00:06.496172+04:00
6736d6f7d0d036a3ff3e5944,UBYB3CCZ,CAR,2024-11-15 09:07:03.592346+04:00
6736d781be4c4a6561cf3470,GYCTV323,CAR,2024-11-15 09:09:21.298405+04:00
6736d79bbe4c4a6561cf34ac,NN9LPDTR,CAR,2024-11-15 09:09:46.989075+04:00
6736d7b83353dc6090d18d72,PH39ELC6,CAR,2024-11-15 09:10:16.161619+04:00
6736d977be4c4a6561cf35b2,H7AV9SFH,CAR,2024-11-15 09:17:43.906573+04:00
6736dd6962c5ce90ef51738a,VBSVHKR9,CAR,2024-11-15 09:34:33.561838+04:00
6736de3325204ac0de30e84c,LXEXKE5K,CAR,2024-11-15 09:37:55.676065+04:00
6736e04b62c5ce90ef517401,643F785L,CAR,2024-11-15 09:46:51.667360+04:00
6736e0b07c07c3b118d98565,GDK5CNAM,CAR,2024-11-15 09:48:32.029488+04:00
6736e0f7f7ded3024cb3b838,NYZNSRSF,CAR,2024-11-15 09:49:43.124352+04:00
6736e27ad0d036a3ff3e5acd,2WMZ2D62,CAR,2024-11-15 09:56:10.065607+04:00
6736e371d0d036a3ff3e5b7d,CXNC6NJK,CAR,2024-11-15 10:00:17.544149+04:00
6736e41c31b56f0b91df9d01,KXTBY4M5,CAR,2024-11-15 10:03:08.076370+04:00
6736e47c54749415464a5574,9ELBBDQA,CAR,2024-11-15 10:04:44.002480+04:00
6736e52bd0d036a3ff3e5b93,U8BAT42Y,CAR,2024-11-15 10:07:39.874185+04:00
6736e63b056824d528f12b60,V7YKCCFT,CAR,2024-11-15 10:12:11.282589+04:00
6736e6533353dc6090d18e39,J3U84SK3,CAR,2024-11-15 10:12:35.387939+04:00
6736e86b056824d528f12bda,8A8KG3XK,CAR,2024-11-15 10:21:31.666643+04:00
6736e8daf7ded3024cb3b8e6,66E88ZEL,CAR,2024-11-15 10:23:22.353811+04:00
6736e94efda4759e25c08c90,RLQJ8VTV,CAR,2024-11-15 10:25:18.308835+04:00
6736e98df7ded3024cb3ba1b,LT3X7P8A,CAR,2024-11-15 10:26:21.370553+04:00
6736ea0dfda4759e25c08d0e,THBW43XT,CAR,2024-11-15 10:28:29.337482+04:00
6736eb5c3353dc6090d18f2a,LLUJG5Q2,CAR,2024-11-15 10:34:04.030556+04:00
6736ebc5e786e1ee047ae429,6VRKNASG,CAR,2024-11-15 10:35:49.663658+04:00
6736ec373353dc6090d18fa1,RFHEFJPK,CAR,2024-11-15 10:37:43.050928+04:00
6736f03ea84986006ec85cb9,HEJEEXN9,CAR,2024-11-15 10:54:54.272986+04:00
6736f3451bd1209c7d7cb1dd,BW4FS9N5,CAR,2024-11-15 11:07:49.801575+04:00
6736f348608fd8696bf1169e,UMU7DQAY,CAR,2024-11-15 11:07:52.316925+04:00
6736f3671bd1209c7d7cb272,CDDHVEGL,CAR,2024-11-15 11:08:23.095888+04:00
6736f6121bd1209c7d7cb2ed,H74WNUC2,CAR,2024-11-15 11:19:46.521274+04:00
6736f781608fd8696bf1175d,YYBCBGFY,CAR,2024-11-15 11:25:53.413363+04:00
6736f8151bd1209c7d7cb378,Z8JPVW8F,CAR,2024-11-15 11:28:21.544715+04:00
6736f8341bd1209c7d7cb41d,Z9RUT3EB,CAR,2024-11-15 11:28:52.486628+04:00
6736fa264bfc14d1ef015afa,RHLHENXA,CAR,2024-11-15 11:37:10.820153+04:00
6736fbe2965eacd6376e16b7,58YL82W9,CAR,2024-11-15 11:44:34.744761+04:00
6736fc9d4bfc14d1ef015bad,7LVA65TS,CAR,2024-11-15 11:47:41.537622+04:00
6736fd6011f05de3a6f8f252,3M342J2C,CAR,2024-11-15 11:50:55.997635+04:00
6736ffe51ae0e9490f7119ec,R44FG3TP,CAR,2024-11-15 12:01:41.626986+04:00
6736ffe7965eacd6376e17e6,REWVUQSJ,CAR,2024-11-15 12:01:43.913653+04:00
67370027ab868e78f710acf5,DZGKAWZC,CAR,2024-11-15 12:02:47.743242+04:00
673703ec4bfc14d1ef015c76,ZK8FVS7C,CAR,2024-11-15 12:18:52.660943+04:00
673703fd41b0d247d0b887c3,8SMDTVE3,CAR,2024-11-15 12:19:09.079383+04:00
673704b011f05de3a6f8f2f5,NDL4687J,CAR,2024-11-15 12:22:08.287007+04:00
673706ccf83601667c4c2988,524UCX5V,CAR,2024-11-15 12:31:08.594063+04:00
67370a3561080882fe19e042,ADS5N7WB,CAR,2024-11-15 12:45:41.647409+04:00
67370a8711f05de3a6f8f355,NPBR8QU3,CAR,2024-11-15 12:47:03.625542+04:00
67370c9c0eeb90bdbfb40b8c,GM4SSWJ9,CAR,2024-11-15 12:55:56.470734+04:00
67370cea0eeb90bdbfb40bbe,HGDZNLC2,CAR,2024-11-15 12:57:14.258922+04:00
673712cc06e72cd446bdfd4d,LTZZ8M3Y,CAR,2024-11-15 13:22:20.282329+04:00
6737146806e72cd446bdfdc2,7X5FX8EN,CAR,2024-11-15 13:29:12.740046+04:00
673716ea0eeb90bdbfb40ca0,P5ZPN4DA,CAR,2024-11-15 13:39:54.198879+04:00
673716f05efdf6f357f8e4fa,M38G5HBA,CAR,2024-11-15 13:40:00.049607+04:00
67371849cfa04ce4993c03e8,MQ7D4D7K,CAR,2024-11-15 13:45:45.227259+04:00
67371a0acfa04ce4993c043f,QD5GGCN8,CAR,2024-11-15 13:53:14.329977+04:00
67371d30f790898c82e7b69b,YWWK8D7X,CAR,2024-11-15 14:06:40.919637+04:00
6737204d20339f1535122002,V68RNNCC,CAR,2024-11-15 14:19:57.701666+04:00
6737226ff790898c82e7b753,BACXX7LT,CAR,2024-11-15 14:29:03.028743+04:00
67372384f790898c82e7b846,S382G7RA,CAR,2024-11-15 14:33:40.343470+04:00
673723de88afaec07c3a7407,WRUUMUM9,CAR,2024-11-15 14:35:10.072962+04:00
673724adf790898c82e7b8ee,TQESR973,CAR,2024-11-15 14:38:37.531901+04:00
673726b00c6aed48d17165c4,XGARMDFS,CAR,2024-11-15 14:47:12.109358+04:00
673726e6ec0238cdc9ef95b6,ZBYEF9PN,CAR,2024-11-15 14:48:05.935726+04:00
673727842f4c71a67829adca,EHQSKTTS,CAR,2024-11-15 14:50:44.240721+04:00
6737287c3353dc6090d1919f,2D9EFMU5,CAR,2024-11-15 14:54:52.131503+04:00
67372959ec0238cdc9ef9680,A4NBJMFZ,CAR,2024-11-15 14:58:33.148551+04:00
67372b430c6aed48d171661e,H2C2GBWE,CAR,2024-11-15 15:06:43.203094+04:00
67372ba4145b7464561dd084,4SET6HL9,CAR,2024-11-15 15:08:20.348146+04:00
67372c23145b7464561dd10a,PBG38JP2,CAR,2024-11-15 15:10:27.568644+04:00
67372d4135ccf3d3301e5379,T5YMZVH7,CAR,2024-11-15 15:15:13.199367+04:00
67372d862f0a4972914db27d,FF97FHJL,CAR,2024-11-15 15:16:22.201301+04:00
67372edc145b7464561dd1d5,PNPYWZ3S,CAR,2024-11-15 15:22:04.238377+04:00
67372f0a88afaec07c3a7568,L2FMRNJ8,CAR,2024-11-15 15:22:50.823367+04:00
6737300f44a307d085bfc696,VU2ZQ8YR,CAR,2024-11-15 15:27:10.980190+04:00
6737326988afaec07c3a75fd,44M89FAA,CAR,2024-11-15 15:37:13.512117+04:00
673732b841291c9a619962fe,6NWBY6JM,CAR,2024-11-15 15:38:32.636283+04:00
673733f044a307d085bfc733,LK6NXV6J,CAR,2024-11-15 15:43:44.413923+04:00
6737341414710c1201e75350,R4GZXVDB,CAR,2024-11-15 15:44:20.403014+04:00
673735a741291c9a619963ef,EPZEPM2S,CAR,2024-11-15 15:51:03.941322+04:00
673735bd70a72781bf51cd9c,A9Y788PN,CAR,2024-11-15 15:51:25.110842+04:00
673737c141291c9a619964a6,DVH66UKS,CAR,2024-11-15 16:00:01.136495+04:00
673738588b1f7933c41d03bb,8MXZ8APF,CAR,2024-11-15 16:02:32.349997+04:00
6737386f61a0393b8098dc8b,SD4V2KNW,CAR,2024-11-15 16:02:55.860111+04:00
673738dd14710c1201e753e5,PDXDGB8E,CAR,2024-11-15 16:04:45.067838+04:00
67373b5cd42fe15b8c9f7f1c,PUTMJE9Y,CAR,2024-11-15 16:15:24.595083+04:00
67373ecf7e4b3135a9f9e0e7,Z7LDNYFH,CAR,2024-11-15 16:30:07.190945+04:00
67374042d42fe15b8c9f8016,DQZY5VRY,CAR,2024-11-15 16:36:17.985594+04:00
673740d37e4b3135a9f9e1a3,F5GCR3FM,CAR,2024-11-15 16:38:42.996826+04:00
673743e170a72781bf51ce2b,PDDRJZNS,CAR,2024-11-15 16:51:45.120567+04:00
6737442f2f4c71a67829aeb8,WLYHQ6C4,CAR,2024-11-15 16:53:03.342625+04:00
673746cf761d42b9b42f9fb6,GQJFFAJU,CAR,2024-11-15 17:04:15.818306+04:00
673747d770a72781bf51cea3,S3G98T2X,CAR,2024-11-15 17:08:39.449555+04:00
67374855d42fe15b8c9f80d9,WGMZXWKS,CAR,2024-11-15 17:10:45.261613+04:00
67374bded42fe15b8c9f8177,XLMDUAH3,CAR,2024-11-15 17:25:50.367856+04:00
67374e1ba3b6e5b37889b33f,FA3MRCAV,CAR,2024-11-15 17:35:23.402947+04:00
67374e61aed88f8c9ffee115,A9469UAZ,CAR,2024-11-15 17:36:33.324180+04:00
67374f6fa3b6e5b37889b35c,P64WE9LH,CAR,2024-11-15 17:41:02.983496+04:00
67374f82ad6aa2ab1f401ae4,RJ9W2XQP,CAR,2024-11-15 17:41:22.973405+04:00
6737510b572c1d06b2bb504a,NCLQ4HC9,CAR,2024-11-15 17:47:55.114322+04:00
6737517f32f99a30bde742fa,29WD9RYB,CAR,2024-11-15 17:49:51.829962+04:00
673751afa3b6e5b37889b3aa,WUHJ246X,CAR,2024-11-15 17:50:39.860865+04:00
673752cbf688d69e0cfdbb42,7HJLVJR6,CAR,2024-11-15 17:55:23.530579+04:00
673753b232f99a30bde7436b,RPGV77BT,CAR,2024-11-15 17:59:14.337609+04:00
6737577832f99a30bde743f4,RFDEKTFW,CAR,2024-11-15 18:15:20.450453+04:00
6737582e5389738e05c93a63,DAH55N5P,CAR,2024-11-15 18:18:22.607491+04:00
6737582fa3b6e5b37889b44a,UPFURTJ5,CAR,2024-11-15 18:18:23.216999+04:00
6737586da3b6e5b37889b44e,TQWR56RN,CAR,2024-11-15 18:19:25.883409+04:00
673759625389738e05c93ad7,7JT93DAS,CAR,2024-11-15 18:23:30.428738+04:00
67375a43a3b6e5b37889b4d2,A3HT2Z4B,CAR,2024-11-15 18:27:15.512957+04:00
67375bc532f99a30bde744e0,DMTHRU8V,CAR,2024-11-15 18:33:41.435742+04:00
67375cf89acd02c6e6bf1d20,8X6MG9EA,CAR,2024-11-15 18:38:48.189156+04:00
673760b847076bcdd961d41a,U24TWS43,CAR,2024-11-15 18:54:48.831690+04:00
673760cd2717cbfd7aa497d6,ZLSY5LEJ,CAR,2024-11-15 18:55:09.187582+04:00
67376168320ffe13b5b172fa,XYWE7C5L,CAR,2024-11-15 18:57:44.262989+04:00
673762f184e664d4b58d7d9d,5RRGR9NS,CAR,2024-11-15 19:04:17.624747+04:00
673763d22717cbfd7aa49902,CJH8LRKR,CAR,2024-11-15 19:08:02.453160+04:00
67376571320ffe13b5b173d0,ULWXT894,CAR,2024-11-15 19:14:57.589339+04:00
673765722717cbfd7aa49949,GRBTCS6E,CAR,2024-11-15 19:14:58.542590+04:00
6737675c23e3d155846950a2,H85HG5KD,CAR,2024-11-15 19:23:08.325358+04:00
6737708199b20987cdefcb53,VYCJDR9S,CAR,2024-11-15 20:02:09.415142+04:00
6737740d23e3d155846951b3,T2V7X8D7,CAR,2024-11-15 20:17:17.840603+04:00
673774b023e3d15584695229,3CWV7B7V,CAR,2024-11-15 20:20:00.158593+04:00
6737754e2717cbfd7aa49adb,ME3F9CB7,CAR,2024-11-15 20:22:38.187099+04:00
67377a4384e664d4b58d7ed9,HMBYN6C2,CAR,2024-11-15 20:43:47.032678+04:00
67377aa8f394309cd881ae90,ZWDL5RSY,CAR,2024-11-15 20:45:28.256594+04:00
67377b19d46f9d151a0029f9,CNVQAEBW,CAR,2024-11-15 20:47:21.943603+04:00
67377d06f5c844a66850ded4,QZPVTUXT,CAR,2024-11-15 20:55:34.409981+04:00
67377e2284e664d4b58d7f8c,LG6MHYMQ,CAR,2024-11-15 21:00:18.070484+04:00
6737852ff5c844a66850df29,6LSRFPE5,CAR,2024-11-15 21:30:23.418162+04:00
67378b90f394309cd881afe1,SPRMG8YD,CAR,2024-11-15 21:57:36.632668+04:00
67378d9184e664d4b58d7fe5,C4VJGJKV,CAR,2024-11-15 22:06:09.442371+04:00
67378e5b99b20987cdefcd4e,6ATDT8Z7,CAR,2024-11-15 22:09:31.920218+04:00
67378e8784e664d4b58d80e1,9JLS9CEX,CAR,2024-11-15 22:10:15.405367+04:00
673796e4f5c844a66850e060,9DYKCL8U,CAR,2024-11-15 22:45:56.547573+04:00
673797d8d275c453ba000342,53LHS9Q6,CAR,2024-11-15 22:49:59.996246+04:00
67379c522717cbfd7aa49ba8,GDFBEEGV,CAR,2024-11-15 23:09:06.653171+04:00
67379d652717cbfd7aa49c0e,CMN6365L,CAR,2024-11-15 23:13:41.044476+04:00
6737a43fae2e1d77c8dc9775,8PPRT84Q,CAR,2024-11-15 23:42:55.139294+04:00
6737b4ba385363eb18d59d93,3GPU2FCU,CAR,2024-11-16 00:53:14.971249+04:00
6737b753d275c453ba0004dd,VQPUGMKB,CAR,2024-11-16 01:04:19.736991+04:00
673806638f1582f875927b46,RS6R36RG,CAR,2024-11-16 06:41:39.054832+04:00
67381092d275c453ba0005a3,BD94RKU8,CAR,2024-11-16 07:25:06.359888+04:00
67381118d275c453ba00060e,NXKE2XM8,CAR,2024-11-16 07:27:20.266540+04:00
67381c20d275c453ba000663,JM9D6DPX,CAR,2024-11-16 08:14:24.441338+04:00
67381d3bd275c453ba000712,NMP84YVG,CAR,2024-11-16 08:19:07.730227+04:00
6738228fae2e1d77c8dc9a06,89DYJC5X,CAR,2024-11-16 08:41:51.730975+04:00
6738284ed275c453ba000875,7ZYNU7K8,CAR,2024-11-16 09:06:22.277577+04:00
673828da3ae5b51261b65fed,VJTREYPH,CAR,2024-11-16 09:08:42.547469+04:00
673829b8d275c453ba0008ee,73KK96AB,CAR,2024-11-16 09:12:24.643735+04:00
67382a258f1582f875927ca5,MQQCB5R9,CAR,2024-11-16 09:14:13.115783+04:00
67382acad275c453ba0008f6,WEZ59DDZ,CAR,2024-11-16 09:16:58.578512+04:00
67382e30d275c453ba0009d8,J34WJJMH,CAR,2024-11-16 09:31:28.111950+04:00
67382e498f1582f875927d94,7TUL2BPW,CAR,2024-11-16 09:31:53.148356+04:00
673830548f1582f875927e1a,67XWC6P6,CAR,2024-11-16 09:40:35.983323+04:00
673831c7d275c453ba000a64,QVWQUHW7,CAR,2024-11-16 09:46:47.365872+04:00
67383211ae2e1d77c8dc9ade,VY7FH8PZ,CAR,2024-11-16 09:48:01.323325+04:00
6738324dd275c453ba000a9e,EPPB8TB3,CAR,2024-11-16 09:49:01.782512+04:00
6738336f8f1582f875927e95,GE7A3AXC,CAR,2024-11-16 09:53:51.100901+04:00
6738353b8f1582f875927f14,7AZ32S7S,CAR,2024-11-16 10:01:31.347330+04:00
6738357a048b412ab1f1a960,4EWRFVBH,CAR,2024-11-16 10:02:34.895682+04:00
6738368b048b412ab1f1a9fd,LSSYNWQU,CAR,2024-11-16 10:07:07.732739+04:00
673836d7ae2e1d77c8dc9bed,DYVZ9UJW,CAR,2024-11-16 10:08:23.109939+04:00
6738370ad275c453ba000b3d,DJ8NAUQ6,CAR,2024-11-16 10:09:14.533501+04:00
673839038f1582f875927fa6,6CUB9C3L,CAR,2024-11-16 10:17:39.378042+04:00
67383a2f3ae5b51261b66112,ZWAZR875,CAR,2024-11-16 10:22:39.547020+04:00
67383fce77757cd349c18aea,MM3AJAYY,CAR,2024-11-16 10:46:38.923166+04:00
6738412fd275c453ba000c47,GVDFJV7E,CAR,2024-11-16 10:52:31.339912+04:00
673841f4bce036b327b1df37,5NTWBVWJ,CAR,2024-11-16 10:55:48.283668+04:00
67384430d275c453ba000cd5,ENZUTRJG,CAR,2024-11-16 11:05:20.693198+04:00
673845208f1582f875928052,AFM5SG2X,CAR,2024-11-16 11:09:20.416127+04:00
673845648f1582f875928103,XPJN87FA,CAR,2024-11-16 11:10:27.987983+04:00
673845cbae2e1d77c8dc9d82,V7DY7E3X,CAR,2024-11-16 11:12:11.822578+04:00
673846158f1582f87592818c,GJTMQCM4,CAR,2024-11-16 11:13:24.998950+04:00
673846b9d275c453ba000d5a,K4L8HKJ4,CAR,2024-11-16 11:16:09.412291+04:00
6738494c77757cd349c18b63,6CYFGPAV,CAR,2024-11-16 11:27:08.169060+04:00
67384cf63ae5b51261b66361,H2JR2WN6,CAR,2024-11-16 11:42:46.499763+04:00
67384d0abce036b327b1dff0,XWE4F87M,CAR,2024-11-16 11:43:06.592193+04:00
67384d90d275c453ba000df7,VXB67BQM,CAR,2024-11-16 11:45:20.290498+04:00
67384db23ae5b51261b6640a,C6UTNGDA,CAR,2024-11-16 11:45:54.826572+04:00
67384efb3ae5b51261b6648e,7QYJY68V,CAR,2024-11-16 11:51:23.269317+04:00
673850013ae5b51261b664fe,BEUPGV6S,CAR,2024-11-16 11:55:45.789096+04:00
6738502cd275c453ba000e82,F6TSATKP,CAR,2024-11-16 11:56:28.772665+04:00
673851a9ff83821eada37041,9FV27DEP,CAR,2024-11-16 12:02:49.925835+04:00
6738546a9007d781e3e8c3f7,6EK7EM6U,CAR,2024-11-16 12:14:34.676923+04:00
67385587cc8baa68b4ead3a5,X2K3HR26,CAR,2024-11-16 12:19:19.105048+04:00
67385666cc8baa68b4ead41e,MWJF9EHN,CAR,2024-11-16 12:23:02.476568+04:00
673856edcc8baa68b4ead4a6,LTWDYQAY,CAR,2024-11-16 12:25:17.921875+04:00
6738581fad0fadc38c706228,96L8LJWU,CAR,2024-11-16 12:30:23.186216+04:00
6738596ccc8baa68b4ead5bd,HJZ6J5K3,CAR,2024-11-16 12:35:56.918453+04:00
673859dd519987cd65d11f6b,KYE7GKLT,CAR,2024-11-16 12:37:49.531922+04:00
67385a119007d781e3e8c4b7,SURMY3CH,CAR,2024-11-16 12:38:41.381644+04:00
67385b09cc8baa68b4ead65c,2GUTTUV5,CAR,2024-11-16 12:42:49.793360+04:00
67385bfdcc8baa68b4ead71d,EHYQQTLY,CAR,2024-11-16 12:46:53.773978+04:00
67385d9b9007d781e3e8c619,TL2ZZ66G,CAR,2024-11-16 12:53:47.058135+04:00
67385de49007d781e3e8c64f,Y5EZKRCC,CAR,2024-11-16 12:55:00.840289+04:00
67385f7fcc8baa68b4ead7cf,J9DFZ5DA,CAR,2024-11-16 13:01:51.668404+04:00
67386080519987cd65d12075,L53ENJN6,CAR,2024-11-16 13:06:08.578242+04:00
673861ce9007d781e3e8c707,QRYEDNCW,CAR,2024-11-16 13:11:42.597292+04:00
673861d6ff83821eada37138,Y2GZW5CW,CAR,2024-11-16 13:11:50.830849+04:00
67386237cc8baa68b4ead885,8JAKUSZ2,CAR,2024-11-16 13:13:27.160770+04:00
67386301cc8baa68b4ead900,H84ZALD6,CAR,2024-11-16 13:16:49.458721+04:00
6738633fcc8baa68b4ead97e,H7L7SM56,CAR,2024-11-16 13:17:51.187563+04:00
673864379007d781e3e8c8a2,MJPCHFHU,CAR,2024-11-16 13:21:59.467921+04:00
6738644ead0fadc38c70636d,9DC7CNEA,CAR,2024-11-16 13:22:22.164943+04:00
673865659007d781e3e8c94a,SZ9QD4JY,CAR,2024-11-16 13:27:01.102353+04:00
6738657d9007d781e3e8c97f,TBWWJPDQ,CAR,2024-11-16 13:27:25.848638+04:00
673866819007d781e3e8c99a,WS8U7L6S,CAR,2024-11-16 13:31:45.515985+04:00
673866ab9007d781e3e8ca14,WU7CKGAZ,CAR,2024-11-16 13:32:27.235352+04:00
673866c451e0281cb37f554a,VG27567E,CAR,2024-11-16 13:32:52.658998+04:00
673867d99007d781e3e8cab2,7DYKQYUA,CAR,2024-11-16 13:37:29.534485+04:00
673867e69746230b5ee28007,SM6YKPZK,CAR,2024-11-16 13:37:42.355287+04:00
673869039746230b5ee2801b,NGNPELM8,CAR,2024-11-16 13:42:26.870717+04:00
67386aa151e0281cb37f55ef,4BQSCD6K,CAR,2024-11-16 13:49:21.104842+04:00
67386e849007d781e3e8cc2b,4FTUQ56F,CAR,2024-11-16 14:05:56.741956+04:00
67386f4751e0281cb37f569a,7PQ45RC4,CAR,2024-11-16 14:09:11.162334+04:00
673870799007d781e3e8cd11,RGGQUHG7,CAR,2024-11-16 14:14:17.330018+04:00
673870f1519987cd65d12108,4MJRN2J3,CAR,2024-11-16 14:16:17.915107+04:00
67387342519987cd65d12184,KN5HHPQU,CAR,2024-11-16 14:26:10.752887+04:00
67387407c6bc1143e4e9e998,WXSQ7X2Q,CAR,2024-11-16 14:29:27.807780+04:00
67387567519987cd65d121fe,MDSKLBE3,CAR,2024-11-16 14:35:19.631947+04:00
673875a5c6bc1143e4e9e9a1,3KM2CPW9,CAR,2024-11-16 14:36:21.376207+04:00
673876919007d781e3e8ce0e,Q69NKBRS,CAR,2024-11-16 14:40:17.603664+04:00
673877c051e0281cb37f57ed,6ES4GMYX,CAR,2024-11-16 14:45:20.421967+04:00
673877cead0fadc38c706752,659D45B7,CAR,2024-11-16 14:45:34.644766+04:00
6738783651e0281cb37f585a,PWSDP7PJ,CAR,2024-11-16 14:47:18.497272+04:00
67387f4400b03053ac1e95b0,4NDUF94U,CAR,2024-11-16 15:17:24.267307+04:00
6738805500220fad9849778d,HLLXCCAA,CAR,2024-11-16 15:21:57.779819+04:00
6738816d00b03053ac1e9622,ZDFRFXTT,CAR,2024-11-16 15:26:37.806420+04:00
6738819ac6bc1143e4e9eb15,V76BKH64,CAR,2024-11-16 15:27:22.560587+04:00
67388507cadcd10a1d5c19a4,APEZ63B7,CAR,2024-11-16 15:41:59.674466+04:00
673885986827bedec1c50666,8SXCK2ZY,CAR,2024-11-16 15:44:24.567539+04:00
6738872a227cb83bed129e26,33LX48TC,CAR,2024-11-16 15:51:06.909840+04:00
6738879c17bb29f8fe8c1df0,9MCTVN99,CAR,2024-11-16 15:53:00.022140+04:00
673887cbea6549449c4f12b8,KJHLJJTM,CAR,2024-11-16 15:53:47.854431+04:00
67388d6d17bb29f8fe8c1e5e,TLF7ZKCW,CAR,2024-11-16 16:17:49.238021+04:00
67388d906827bedec1c508a7,M6NY794D,CAR,2024-11-16 16:18:24.760218+04:00
67388f2bf15458bd02674691,SAJXGERQ,CAR,2024-11-16 16:25:15.660948+04:00
67389073f15458bd02674750,3UT8A8ND,CAR,2024-11-16 16:30:43.857079+04:00
673892d1ea9e1386ac2039bf,224K49BA,CAR,2024-11-16 16:40:49.922109+04:00
6738946fca13ccd4785907f4,W3V89FG8,CAR,2024-11-16 16:47:43.191055+04:00
67389627227cb83bed129f42,P6KXJKXL,CAR,2024-11-16 16:55:03.859652+04:00
67389872ea6549449c4f131e,YTQQ26WE,CAR,2024-11-16 17:04:50.931970+04:00
67389a1aca13ccd478590880,Y7CBVUA2,CAR,2024-11-16 17:11:54.340970+04:00
67389ec0cadcd10a1d5c1a38,T2F8MCM8,CAR,2024-11-16 17:31:44.772097+04:00
67389f4f17bb29f8fe8c1f30,SXDKFV5E,CAR,2024-11-16 17:34:07.100138+04:00
67389f73f15458bd0267481e,2B5CBA9R,CAR,2024-11-16 17:34:43.605467+04:00
67389ffbea9e1386ac203b74,KGBWHFE3,CAR,2024-11-16 17:36:59.673053+04:00
6738a16eea9e1386ac203c03,W934D8G4,CAR,2024-11-16 17:43:10.323465+04:00
6738ab7ff15458bd0267494c,9CSS9QZW,CAR,2024-11-16 18:26:07.026262+04:00
6738ad9888885170d2cdbaa9,FZ2EPFYM,CAR,2024-11-16 18:35:04.034202+04:00
6738af2c5e204ee1a113d1ef,PWV5PHKT,CAR,2024-11-16 18:41:48.500815+04:00
6738b37227c061308af8c2c6,Q9YQYTSL,CAR,2024-11-16 19:00:02.484123+04:00
6738b37d5e204ee1a113d2a5,NWCEB3CZ,CAR,2024-11-16 19:00:13.069709+04:00
6738b5bd8fc9a7541fba1d80,ZEATHBQ6,CAR,2024-11-16 19:09:49.053315+04:00
6738b6da27c061308af8c32d,WQN346JW,CAR,2024-11-16 19:14:33.995903+04:00
6738bbc35e204ee1a113d345,U68A83EM,CAR,2024-11-16 19:35:31.153930+04:00
6738c56527c061308af8c492,NST44GBG,CAR,2024-11-16 20:16:36.989296+04:00
6738c5f15ed4f2a2a9edf812,KNHU7WP6,CAR,2024-11-16 20:18:57.406095+04:00
6738d06f8ed50777994e206b,52H362TG,CAR,2024-11-16 21:03:43.599911+04:00
6738d191d962226bc6709d9c,G49ZH7W3,CAR,2024-11-16 21:08:33.437957+04:00
6738d47ccd7ce6fd1dbe99c6,YYQ55AHY,CAR,2024-11-16 21:21:00.753562+04:00
6738d895cd7ce6fd1dbe9a41,9LA9XJZR,CAR,2024-11-16 21:38:29.690292+04:00
6738e1a18ed50777994e20f1,9A85JBG2,CAR,2024-11-16 22:17:05.459572+04:00
6738e7fd5ed4f2a2a9edf9ae,BC3QM825,CAR,2024-11-16 22:44:13.442127+04:00
6738f70c27c061308af8c6a1,CE5HZFJU,CAR,2024-11-16 23:48:28.719775+04:00
6738fad627c061308af8c716,G3PLQVUQ,CAR,2024-11-17 00:04:38.816970+04:00
673900ba7f6d47f0689ec815,8ZT9GGZY,CAR,2024-11-17 00:29:46.363707+04:00
67390c51cd7ce6fd1dbe9c94,9WA28PVA,CAR,2024-11-17 01:19:13.331076+04:00
673911705e204ee1a113d51b,T4JUV35N,CAR,2024-11-17 01:41:04.708183+04:00
6739170d5e204ee1a113d5be,QRG56NMM,CAR,2024-11-17 02:05:01.130288+04:00
673949e027c061308af8c86c,AQH67DLM,CAR,2024-11-17 05:41:52.901579+04:00
673968eb27c061308af8c97f,Z9UYUY5S,CAR,2024-11-17 07:54:19.071144+04:00
673969dacd7ce6fd1dbe9fd5,SYYLQDTT,CAR,2024-11-17 07:58:18.771385+04:00
67396a6ecd7ce6fd1dbea047,S2DKEES2,CAR,2024-11-17 08:00:46.026997+04:00
6739745534af89d439af1e5a,PVFJFT64,CAR,2024-11-17 08:43:01.086365+04:00
67397481d193830321334ed9,PBC9FY5M,CAR,2024-11-17 08:43:45.893294+04:00
67397abb967326cc9fe274d6,2F78KYBQ,CAR,2024-11-17 09:10:19.122769+04:00
6739823a34af89d439af1f21,5JNTEUZ3,CAR,2024-11-17 09:42:18.867394+04:00
6739828b09cf2fd1923bd250,CEK9YDD6,CAR,2024-11-17 09:43:39.024837+04:00
673985f75ed4f2a2a9edfbb1,HTZDPPZT,CAR,2024-11-17 09:58:15.103900+04:00
6739861034af89d439af1fea,CPEMLES8,CAR,2024-11-17 09:58:40.087140+04:00
673987f5d193830321334f64,XZQZKMVJ,CAR,2024-11-17 10:06:45.733552+04:00
67398b5534af89d439af20ae,AC6SE9P7,CAR,2024-11-17 10:21:09.464694+04:00
67398c6234af89d439af211e,ZVE6PBZC,CAR,2024-11-17 10:25:38.203084+04:00
67398cc1c7b1fef4ba6dcfea,HR6AJCJ7,CAR,2024-11-17 10:27:13.306098+04:00
67398cf5a575c63fc37d64bc,WTF6U52W,CAR,2024-11-17 10:28:05.207353+04:00
67398d12a575c63fc37d64c3,48MQQMSE,CAR,2024-11-17 10:28:34.940021+04:00
67398d3a65187548097ff618,XWPECFFY,CAR,2024-11-17 10:29:14.437648+04:00
67398efba575c63fc37d6523,C76PNZE8,CAR,2024-11-17 10:36:43.517969+04:00
67399062967326cc9fe275ab,WXT7XASH,CAR,2024-11-17 10:42:42.737454+04:00
673992fe5d95a65932032abb,Z6LRTEHF,CAR,2024-11-17 10:53:50.707394+04:00
6739944134af89d439af226c,9VRVPVSV,CAR,2024-11-17 10:59:13.520592+04:00
67399571c7b1fef4ba6dd015,7JWU6MKW,CAR,2024-11-17 11:04:17.021794+04:00
673997ae34af89d439af22ed,NTSFL5XJ,CAR,2024-11-17 11:13:50.564021+04:00
673999a8967326cc9fe2767c,U2TA9LU5,CAR,2024-11-17 11:22:16.165448+04:00
67399b06b00b9ebae9efe944,3EX8Z5FC,CAR,2024-11-17 11:28:06.023690+04:00
67399b8b34af89d439af2381,SNKGNA7W,CAR,2024-11-17 11:30:19.119525+04:00
67399ddcd7e0f62eab537d7f,TMYGUWCB,CAR,2024-11-17 11:40:12.848334+04:00
6739a129967326cc9fe276d9,X4EJUA89,CAR,2024-11-17 11:54:17.628227+04:00
6739a32ea575c63fc37d67c6,VUSNWMB6,CAR,2024-11-17 12:02:54.460659+04:00
6739a386d193830321335009,AS5586EH,CAR,2024-11-17 12:04:22.463362+04:00
6739a3ad34af89d439af2432,2PPKV7TU,CAR,2024-11-17 12:05:01.247318+04:00
6739a47a34af89d439af24b1,E4G76GKW,CAR,2024-11-17 12:08:26.008727+04:00
6739a66c967326cc9fe277cf,Y2KV6QAJ,CAR,2024-11-17 12:16:44.691365+04:00
6739ac3e2ff570dd44af8b3c,N5XZYY3L,CAR,2024-11-17 12:41:34.851481+04:00
6739ad742ff570dd44af8c34,DQR6A9YM,CAR,2024-11-17 12:46:44.656934+04:00
6739aeed967326cc9fe27868,FRLNTWRK,CAR,2024-11-17 12:53:01.064147+04:00
6739af24a575c63fc37d697c,8HLKN8PC,CAR,2024-11-17 12:53:56.300384+04:00
6739b02734af89d439af25e4,9VKGRVCV,CAR,2024-11-17 12:58:15.910326+04:00
6739b185a575c63fc37d6a08,YZVZYCTF,CAR,2024-11-17 13:04:04.975363+04:00
6739b2f8a575c63fc37d6a18,CLKLGBT9,CAR,2024-11-17 13:10:16.366061+04:00
6739b307a575c63fc37d6a86,7WSHEVGD,CAR,2024-11-17 13:10:31.140538+04:00
6739b4785765cc0a00461393,33QD35E2,CAR,2024-11-17 13:16:40.641876+04:00
6739b54a5765cc0a00461411,MRZ3WE5X,CAR,2024-11-17 13:20:10.510687+04:00
6739b58d5765cc0a00461490,PFNR73BL,CAR,2024-11-17 13:21:17.852311+04:00
6739b806a575c63fc37d6b97,CLAQ5JXW,CAR,2024-11-17 13:31:50.241965+04:00
6739bc12a575c63fc37d6c3a,MEMRKH2T,CAR,2024-11-17 13:49:06.460157+04:00
6739c17f5765cc0a004615f9,R3R5MJR3,CAR,2024-11-17 14:12:15.408499+04:00
6739c1faa575c63fc37d6cff,3XZ26EV6,CAR,2024-11-17 14:14:18.957608+04:00
6739c78ea575c63fc37d6d95,4UJTEFFQ,CAR,2024-11-17 14:38:06.297050+04:00
6739cab62ff570dd44af8dc0,URPZ8DY9,CAR,2024-11-17 14:51:34.746209+04:00
6739cc4c5765cc0a00461688,6LSRRKHF,CAR,2024-11-17 14:58:20.170026+04:00
6739cc8fe4876f3cd5ac92a5,XAUS7EQZ,CAR,2024-11-17 14:59:27.785374+04:00
6739cced20e02dfd41edb484,L8NZR8KE,CAR,2024-11-17 15:01:01.556584+04:00
6739d7c65765cc0a004617ee,C2G49RLP,CAR,2024-11-17 15:47:18.470779+04:00
6739d9c3e517aef2553629a0,E48SP2WV,CAR,2024-11-17 15:55:47.973827+04:00
6739dabd20e02dfd41edb575,3DW4QDV9,CAR,2024-11-17 15:59:57.691885+04:00
6739dbe020e02dfd41edb5ee,8M46ZT4L,CAR,2024-11-17 16:04:48.669181+04:00
6739dd92db9f83640421d2a3,BBFEWPAY,CAR,2024-11-17 16:12:02.140062+04:00
6739e2345765cc0a004618b6,GF3AWZPA,CAR,2024-11-17 16:31:48.485140+04:00
6739e2b1e4876f3cd5ac93c9,T59J5Z7R,CAR,2024-11-17 16:33:53.220187+04:00
6739e54c20e02dfd41edb699,38PA7PR9,CAR,2024-11-17 16:45:00.364136+04:00
6739e7f95765cc0a00461934,42HCKWQY,CAR,2024-11-17 16:56:25.466098+04:00
6739e8fee4876f3cd5ac9472,UGFX4G8J,CAR,2024-11-17 17:00:46.413380+04:00
6739eaa95765cc0a004619f2,BH7E6MF6,CAR,2024-11-17 17:07:52.987942+04:00
6739f389e4876f3cd5ac9529,2QD2CLD5,CAR,2024-11-17 17:45:45.679806+04:00
6739f41a20e02dfd41edb855,LUCPLBCR,CAR,2024-11-17 17:48:10.862750+04:00
6739f51820e02dfd41edb8d3,79P2VRBL,CAR,2024-11-17 17:52:24.501352+04:00
6739f7940d7907054f6512db,2WE4ZAK4,CAR,2024-11-17 18:03:00.530794+04:00
6739ff79e4876f3cd5ac9606,MW4FHHZY,CAR,2024-11-17 18:36:41.022569+04:00
673a04580d7907054f651368,Y8U9U4VG,CAR,2024-11-17 18:57:28.140742+04:00
673a05a9e4876f3cd5ac9682,7YZ5JZ72,CAR,2024-11-17 19:03:05.055393+04:00
673a0a29e4876f3cd5ac96f4,2XFRG77U,CAR,2024-11-17 19:22:17.607730+04:00
673a0dc520e02dfd41edba95,Y7CY5J33,CAR,2024-11-17 19:37:41.928761+04:00
673a0e4de4876f3cd5ac97c2,66QL7JH4,CAR,2024-11-17 19:39:57.131911+04:00
673a0fcf20e02dfd41edbb0e,VQ68S37Z,CAR,2024-11-17 19:46:23.555714+04:00
673a10e4b7146e46a4f3bda5,LR3E4CWJ,CAR,2024-11-17 19:51:00.526447+04:00
673a138ec6f9917657809da8,SC9729E9,CAR,2024-11-17 20:02:21.977148+04:00
673a1580e4876f3cd5ac9882,QQR986H3,CAR,2024-11-17 20:10:40.848836+04:00
673a15f5e4876f3cd5ac98ef,4Y25MEN5,CAR,2024-11-17 20:12:37.504089+04:00
673a1cddb7146e46a4f3be07,A8ZUQMYR,CAR,2024-11-17 20:42:05.779261+04:00
673a2aaab7146e46a4f3beca,ZBJHSLSA,CAR,2024-11-17 21:40:58.859936+04:00
673a2bffe4876f3cd5ac9c2c,BRNUAWGN,CAR,2024-11-17 21:46:39.968929+04:00
673a3a67e4876f3cd5ac9cef,2Q3P5AQ9,CAR,2024-11-17 22:48:07.882451+04:00
673a56ccb7146e46a4f3bfde,BXZJS3ZF,CAR,2024-11-18 00:49:16.605385+04:00
673a5a36e4876f3cd5ac9e5a,5U6WLUUK,CAR,2024-11-18 01:03:50.468318+04:00
673aa44fb7146e46a4f3c0d6,YQ28P2J2,CAR,2024-11-18 06:19:59.119521+04:00
673ab039b7146e46a4f3c13e,EDG67TCE,CAR,2024-11-18 07:10:48.959670+04:00
673ab381624d78877f627c96,XS9AWJ93,CAR,2024-11-18 07:24:49.482149+04:00
673aba5731ad2206e0ca7067,SL5JW9UT,CAR,2024-11-18 07:53:59.316574+04:00
673abc6eb7146e46a4f3c2d0,UCLM7PC4,CAR,2024-11-18 08:02:54.530219+04:00
673abf8ba156c4a493d6d0f4,8QZ5NR93,CAR,2024-11-18 08:16:11.332024+04:00
673ac0910ce4583b7ca84218,JYRY6BGE,CAR,2024-11-18 08:20:33.465185+04:00
673ac2ef97ff36f405dfddc9,M9R55WZN,CAR,2024-11-18 08:30:39.717728+04:00
673ac3db624d78877f627d1a,4ENMT3HL,CAR,2024-11-18 08:34:35.700077+04:00
673ac5bfdb9f83640421d37e,VXPHSA86,CAR,2024-11-18 08:42:39.429850+04:00
673ac7680d7907054f651546,2NJ94PVW,CAR,2024-11-18 08:49:44.282179+04:00
673acb6fdb9f83640421d3f5,E47GSMPD,CAR,2024-11-18 09:06:55.302322+04:00
673acbcc20e02dfd41edbdc0,CPQRR6TR,CAR,2024-11-18 09:08:28.013562+04:00
673acbf8a156c4a493d6d247,PMAX3U3Z,CAR,2024-11-18 09:09:12.207547+04:00
673acd9ea156c4a493d6d2dd,9HAXQKYZ,CAR,2024-11-18 09:16:14.487585+04:00
673acdd320e02dfd41edbe01,XFNZ8WR8,CAR,2024-11-18 09:17:07.094085+04:00
673acddfb7146e46a4f3c4c3,4NP3J75R,CAR,2024-11-18 09:17:19.377004+04:00
673acf3ea156c4a493d6d34f,T4LY8ZB7,CAR,2024-11-18 09:23:10.581077+04:00
673acff4a156c4a493d6d3c1,Y45KF23T,CAR,2024-11-18 09:26:12.562074+04:00
673ad165b7146e46a4f3c637,7KFGAFET,CAR,2024-11-18 09:32:21.145302+04:00
673ad1a420e02dfd41edbe96,JKBRAW5D,CAR,2024-11-18 09:33:24.535135+04:00
673ad3c65e62a8329a975e62,VREHE5E7,CAR,2024-11-18 09:42:30.735320+04:00
673ad3ccdb9f83640421d49c,4V9U97B6,CAR,2024-11-18 09:42:36.891848+04:00
673ad4badb9f83640421d510,ASJ3U8SS,CAR,2024-11-18 09:46:34.847969+04:00
673ad4bca156c4a493d6d4f8,7M7CG8PS,CAR,2024-11-18 09:46:36.253719+04:00
673ad7a7db9f83640421d593,8WVBXFK7,CAR,2024-11-18 09:59:03.453319+04:00
673ad7c15e62a8329a975f10,FCHGWHQ3,CAR,2024-11-18 09:59:29.482479+04:00
673ad8585e62a8329a975f9f,GQFYFR9E,CAR,2024-11-18 10:02:00.535143+04:00
673ad9d320e02dfd41edbf98,NL64NFQK,CAR,2024-11-18 10:08:19.726343+04:00
673adc04a156c4a493d6d610,D9WABSXF,CAR,2024-11-18 10:17:40.604314+04:00
673adc509ce7ce253191bb88,GKY787W5,CAR,2024-11-18 10:18:56.117499+04:00
673add0687af684974eadad4,5RXJQPRU,CAR,2024-11-18 10:21:58.151820+04:00
673addca87af684974eadadc,TGVLS655,CAR,2024-11-18 10:25:14.132184+04:00
673adfe19ce7ce253191bcb9,RCQ4XW42,CAR,2024-11-18 10:34:09.792919+04:00
673ae145a156c4a493d6d6d9,YN7GCFFL,CAR,2024-11-18 10:40:05.921963+04:00
673ae2fb20e02dfd41edc0c9,7R2DR64E,CAR,2024-11-18 10:47:23.790512+04:00
673ae4449ce7ce253191bde0,E6LHAXZZ,CAR,2024-11-18 10:52:52.498016+04:00
673ae4e09ce7ce253191be6f,QXHFK4TB,CAR,2024-11-18 10:55:28.062724+04:00
673ae51153aa70d908d10878,7UU7LSWJ,CAR,2024-11-18 10:56:17.948553+04:00
673ae58c53aa70d908d108f1,ZJ6X9MEG,CAR,2024-11-18 10:58:20.102813+04:00
673ae660cd443fd32c31fe5c,7CAG5SDL,CAR,2024-11-18 11:01:52.232538+04:00
673ae6d9ffb6b1f3201387ed,HB8C843Y,CAR,2024-11-18 11:03:53.607413+04:00
673ae7e29ce7ce253191bf3e,JGQK8DCV,CAR,2024-11-18 11:08:18.403994+04:00
673ae803fafbe6895fa2364b,UA2AVKC9,CAR,2024-11-18 11:08:51.147645+04:00
673ae841fafbe6895fa236b4,GV3ZG76Y,CAR,2024-11-18 11:09:53.476395+04:00
673ae97d5e62a8329a976017,99XHTPCJ,CAR,2024-11-18 11:15:09.746721+04:00
673aea3d87af684974eadca3,SP9NVRL9,CAR,2024-11-18 11:18:21.202851+04:00
673aea4ddecf3cacea0c3d78,8H74FFAW,CAR,2024-11-18 11:18:37.340844+04:00
673aeaa3ffb6b1f32013894a,DLHEFSRB,CAR,2024-11-18 11:20:03.004499+04:00
673aeb909ce7ce253191c13a,ARSKSU6B,CAR,2024-11-18 11:24:00.080025+04:00
673aeb99fafbe6895fa236d4,NWT47885,CAR,2024-11-18 11:24:09.574412+04:00
673aeda687af684974eadd21,ABSEASRF,CAR,2024-11-18 11:32:54.048972+04:00
673aedc55e62a8329a9760af,K762WA6W,CAR,2024-11-18 11:33:25.207003+04:00
673aedf89ce7ce253191c1e4,BRD623HS,CAR,2024-11-18 11:34:16.370887+04:00
673aef385e62a8329a9760b7,E7FUVWKJ,CAR,2024-11-18 11:39:36.619189+04:00
673af143fafbe6895fa2377b,BQ442LXS,CAR,2024-11-18 11:48:19.661375+04:00
673af209ffb6b1f320138a15,9RUGCZL8,CAR,2024-11-18 11:51:37.546186+04:00
673af22c9ce7ce253191c337,NUEE8PKL,CAR,2024-11-18 11:52:12.110451+04:00
673af8269ce7ce253191c46c,VACVVGUL,CAR,2024-11-18 12:17:42.652747+04:00
673af84f5e62a8329a9760d0,BKHPYZCZ,CAR,2024-11-18 12:18:23.411739+04:00
673af9b687af684974eade23,TFAPGEJY,CAR,2024-11-18 12:24:22.501759+04:00
673afaafffb6b1f320138bd1,TQK6SVZA,CAR,2024-11-18 12:28:31.033049+04:00
673afb7b53aa70d908d10bbe,3CZD9BVM,CAR,2024-11-18 12:31:55.143631+04:00
673afbf39ce7ce253191c64a,YT6AA66C,CAR,2024-11-18 12:33:55.881397+04:00
673afc4a9ce7ce253191c6c2,G8U4TCNN,CAR,2024-11-18 12:35:22.786733+04:00
673afc53cd443fd32c32029e,FRUWMSNN,CAR,2024-11-18 12:35:31.860059+04:00
673afcc5ffb6b1f320138c52,U7J3TRCX,CAR,2024-11-18 12:37:25.939699+04:00
673afd899ce7ce253191c957,6QNAQYMZ,CAR,2024-11-18 12:40:41.515892+04:00
673afe2d9ce7ce253191c9dc,5QE38PZ5,CAR,2024-11-18 12:43:25.079270+04:00
673aff8353aa70d908d10c41,GV9YBKNV,CAR,2024-11-18 12:49:07.783384+04:00
673b010f9ce7ce253191cb8b,9B27GL4S,CAR,2024-11-18 12:55:43.845417+04:00
673b0170fafbe6895fa23882,FPYCQ927,CAR,2024-11-18 12:57:20.317212+04:00
673b02ed53aa70d908d10c56,HKBEME97,CAR,2024-11-18 13:03:41.910371+04:00
673b03a853aa70d908d10d4a,FK5NWPLC,CAR,2024-11-18 13:06:48.076545+04:00
673b03c053aa70d908d10e14,WSTN7BED,CAR,2024-11-18 13:07:12.460366+04:00
673b04eabbcfc44c2d942fbd,6VBEQ872,CAR,2024-11-18 13:12:10.948093+04:00
673b054b87af684974eadf40,CTJ32TUK,CAR,2024-11-18 13:13:47.718798+04:00
673b061187af684974eadfc8,STXZM452,CAR,2024-11-18 13:17:05.455997+04:00
673b06af03a3cf464661919a,H3NUNB5X,CAR,2024-11-18 13:19:43.863221+04:00
673b073787af684974eae066,WT8UJGXE,CAR,2024-11-18 13:21:59.003445+04:00
673b07c653aa70d908d10f15,3KX2GTQA,CAR,2024-11-18 13:24:22.841001+04:00
673b091c03a3cf46466191fd,HBJL768D,CAR,2024-11-18 13:30:04.591015+04:00
673b093d09817415a17d4a5b,278F6TSJ,CAR,2024-11-18 13:30:37.424729+04:00
673b09fc03a3cf4646619280,T6ZX257C,CAR,2024-11-18 13:33:48.065457+04:00
673b0aec6b6082fbaca5d7c7,2SLT3X66,CAR,2024-11-18 13:37:48.607718+04:00
673b0b7e53aa70d908d10fa7,4QFQQBAA,CAR,2024-11-18 13:40:14.659540+04:00
673b0c4c53aa70d908d10fba,ECEDCVEW,CAR,2024-11-18 13:43:40.937732+04:00
673b0f5987af684974eae265,GEHQGPHP,CAR,2024-11-18 13:56:41.175259+04:00
673b0f6487af684974eae2d3,WVS2KZD3,CAR,2024-11-18 13:56:52.235053+04:00
673b122bbbcfc44c2d9431aa,7UA5FWTL,CAR,2024-11-18 14:08:43.484981+04:00
673b1311bbcfc44c2d94324b,TEQH36NF,CAR,2024-11-18 14:12:33.470742+04:00
673b13a003a3cf4646619313,T7K6LAGF,CAR,2024-11-18 14:14:56.779883+04:00
673b14f2bbcfc44c2d94326b,XZ2CQFSP,CAR,2024-11-18 14:20:34.586126+04:00
673b166d6b6082fbaca5d9a6,KFS97VE6,CAR,2024-11-18 14:26:53.863031+04:00
673b178864323c1b464bb25a,YARFDAT6,CAR,2024-11-18 14:31:36.933362+04:00
673b17dc03a3cf46466193c7,TNTVTYAS,CAR,2024-11-18 14:33:00.181428+04:00
673b185a656fb9f4a0540f9f,X6DXRWGA,CAR,2024-11-18 14:35:06.625937+04:00
673b189964323c1b464bb2df,LDC5NLXN,CAR,2024-11-18 14:36:09.948389+04:00
673b190f03a3cf464661946f,397ANJ7Q,CAR,2024-11-18 14:38:07.203033+04:00
673b1bee3769980f2589e114,U7KDVA8E,CAR,2024-11-18 14:50:22.342198+04:00
673b1c77cdbdbca5725b85f0,BWY8TTTL,CAR,2024-11-18 14:52:39.827422+04:00
673b1caacdbdbca5725b86a3,ABM86E4H,CAR,2024-11-18 14:53:30.572354+04:00
673b1d2e6b6082fbaca5d9de,BEW5ZLKZ,CAR,2024-11-18 14:55:42.326754+04:00
673b1daccdbdbca5725b87ae,KBGABQQM,CAR,2024-11-18 14:57:48.315952+04:00
673b22076b6082fbaca5da6c,ANQKDXLE,CAR,2024-11-18 15:16:23.549957+04:00
673b2475cdbdbca5725b88f5,WKVJDCSE,CAR,2024-11-18 15:26:45.359240+04:00
673b24afcdbdbca5725b89b1,AWXDBWL7,CAR,2024-11-18 15:27:43.728982+04:00
673b2a7203a3cf46466195e5,2W3UVLA6,CAR,2024-11-18 15:52:18.805406+04:00
673b2b1003a3cf46466195f0,62YTB8U9,CAR,2024-11-18 15:54:56.833764+04:00
673b2b8d6b6082fbaca5db44,FAYG57HW,CAR,2024-11-18 15:57:01.086272+04:00
673b2c3ecdbdbca5725b8a87,HGNEJADR,CAR,2024-11-18 15:59:58.789021+04:00
673b2f1a656fb9f4a05410e8,7JB44QW3,CAR,2024-11-18 16:12:10.592883+04:00
673b3079656fb9f4a0541100,XHBSYRKT,CAR,2024-11-18 16:18:01.214363+04:00
673b30971e0d2f9c0c20fda4,ZMDMGEE4,CAR,2024-11-18 16:18:31.322107+04:00
673b31031e0d2f9c0c20fe14,P425EFH8,CAR,2024-11-18 16:20:19.767722+04:00
673b31ef656fb9f4a05411a9,RMXWQE9U,CAR,2024-11-18 16:24:15.623516+04:00
673b32e7656fb9f4a05412af,6RBRYVLT,CAR,2024-11-18 16:28:23.645227+04:00
673b345a656fb9f4a0541357,89FNLT66,CAR,2024-11-18 16:34:34.869118+04:00
673b3475d1098376c2d00f64,JWJAQCCY,CAR,2024-11-18 16:35:01.545765+04:00
673b3515656fb9f4a05413d8,NFH7AENS,CAR,2024-11-18 16:37:41.574596+04:00
673b3559cdbdbca5725b8b8a,7BU76EPA,CAR,2024-11-18 16:38:49.423113+04:00
673b35784e9faf586f148c5d,6LE7TT6R,CAR,2024-11-18 16:39:20.024316+04:00
673b37cefdcd357148519a1f,KQMZSXRG,CAR,2024-11-18 16:49:18.046108+04:00
673b3a65656fb9f4a054156c,8X7844NU,CAR,2024-11-18 17:00:21.972357+04:00
673b3ab8656fb9f4a05415ed,WB3T3MBP,CAR,2024-11-18 17:01:44.501202+04:00
673b3c2efdcd357148519b9f,FZ54QFH8,CAR,2024-11-18 17:07:58.737424+04:00
673b3ce8cdbdbca5725b8bcb,9NREPP9R,CAR,2024-11-18 17:11:03.933593+04:00
673b3da4656fb9f4a05416bf,HFVJ4Z5E,CAR,2024-11-18 17:14:12.883009+04:00
673b42e4d9055093f7bbd1fe,9UNJYV5K,CAR,2024-11-18 17:36:36.531587+04:00
673b43a9d9055093f7bbd251,XTLFEEB8,CAR,2024-11-18 17:39:53.328305+04:00
673b46c94e9faf586f148dbb,DRBA5BVL,CAR,2024-11-18 17:53:13.805502+04:00
673b4beed9055093f7bbd3bf,7MBHK8JA,CAR,2024-11-18 18:15:10.135919+04:00
673b4c95656fb9f4a0541883,XSZJWPQH,CAR,2024-11-18 18:17:57.599868+04:00
673b4cbfd9055093f7bbd3f7,T5MYRAD2,CAR,2024-11-18 18:18:39.494835+04:00
673b4d7cfdcd357148519f1c,JNSMN4S5,CAR,2024-11-18 18:21:48.871442+04:00
673b4da41e0d2f9c0c20fe70,CG96GGMU,CAR,2024-11-18 18:22:28.352157+04:00
673b4ddefdcd357148519f8a,RX4LJ9HD,CAR,2024-11-18 18:23:26.673879+04:00
673b4fd1fdcd35714851a053,PHFQVBQX,CAR,2024-11-18 18:31:45.565129+04:00
673b4fd9d1098376c2d01057,RTE4T232,CAR,2024-11-18 18:31:52.978910+04:00
673b54b6d1098376c2d010ce,Z39DQXNZ,CAR,2024-11-18 18:52:37.977879+04:00
673b5626d1098376c2d01113,YCUE5G5A,CAR,2024-11-18 18:58:46.206688+04:00
673b566ffdcd35714851a16e,UVVFWENH,CAR,2024-11-18 18:59:59.939177+04:00
673b56b5d1098376c2d01188,NLP9HQTP,CAR,2024-11-18 19:01:09.222666+04:00
673b56fed1098376c2d011f2,X9KSVGEM,CAR,2024-11-18 19:02:22.633515+04:00
673b5828c2e11f1a0581b59e,SZZHTT2P,CAR,2024-11-18 19:07:20.006866+04:00
673b585ac2e11f1a0581b60e,R5PUKX64,CAR,2024-11-18 19:08:10.302016+04:00
673b594ed1098376c2d01234,BL3Y3SGU,CAR,2024-11-18 19:12:14.713049+04:00
673b5b4b0b9a744786de069b,W7ER9TGV,CAR,2024-11-18 19:20:43.852485+04:00
673b64968852a03f716a6c53,37PF6R9R,CAR,2024-11-18 20:00:22.214581+04:00
673b64a8ad240061bb928555,UNFPUHR7,CAR,2024-11-18 20:00:40.923002+04:00
673b6afdad240061bb928616,KDHRT648,CAR,2024-11-18 20:27:41.187935+04:00
673b6cbfad240061bb928698,D3U5WNTG,CAR,2024-11-18 20:35:11.452066+04:00
673b6d51c2e11f1a0581b6f7,5TK6L4XB,CAR,2024-11-18 20:37:37.250326+04:00
673b6e7753f6c1f4f709e5e4,FKW88PW7,CAR,2024-11-18 20:42:31.330832+04:00
673b71a3ad240061bb928725,57BQXSNP,CAR,2024-11-18 20:56:03.156630+04:00
673b76b4ad240061bb928804,NT8CCH6X,CAR,2024-11-18 21:17:39.977315+04:00
673b782dc2e11f1a0581b921,2LHMBYMM,CAR,2024-11-18 21:23:57.497005+04:00
673b7855c2e11f1a0581b99e,CQQT4QUG,CAR,2024-11-18 21:24:37.657278+04:00
673b7ecdd3bfdf8697a0d649,4QR3R68V,CAR,2024-11-18 21:52:13.366921+04:00
673b81c6df342e9c55716ec6,LNRK5F7V,CAR,2024-11-18 22:04:54.468370+04:00
673b84e853f6c1f4f709e637,73S7D27D,CAR,2024-11-18 22:18:15.870616+04:00
673b862bdf342e9c55716f60,54PYF7C5,CAR,2024-11-18 22:23:39.362979+04:00
673b87368852a03f716a6d2a,FEXUP66L,CAR,2024-11-18 22:28:06.567383+04:00
673b942d9c2e8ede3baeccd5,ZYH89KJR,CAR,2024-11-18 23:23:25.640621+04:00
673b98eec2e11f1a0581bb76,ZU2QNL9Z,CAR,2024-11-18 23:43:42.419640+04:00
673bfa73ad240061bb928d0b,8ESRW4U8,CAR,2024-11-19 06:39:47.939304+04:00
673bfb7153f6c1f4f709e7b7,TZZPMPSB,CAR,2024-11-19 06:44:01.644439+04:00
673c0118c2e11f1a0581bc09,76C5LJYT,CAR,2024-11-19 07:08:08.194385+04:00
673c031a2220bb87a6e6dc45,V2GTXR3T,CAR,2024-11-19 07:16:42.575562+04:00
673c04d293d100e3f9c9e842,2M7SLQNH,CAR,2024-11-19 07:24:02.593997+04:00
673c16aee3b636b84d2f3b8f,V8FR7PLQ,CAR,2024-11-19 08:40:14.529531+04:00
673c1706e3b636b84d2f3c03,CRNM53RM,CAR,2024-11-19 08:41:42.309683+04:00
673c1a645f07e4052d32aae6,EM6XJ3NG,CAR,2024-11-19 08:56:04.919390+04:00
673c1a874bdea32d03e89d4e,6GPB7N78,CAR,2024-11-19 08:56:39.698680+04:00
673c1b1a5f07e4052d32aaf1,U59R799L,CAR,2024-11-19 08:59:06.209491+04:00
673c1b421c89342f49c98519,EJYHED7L,CAR,2024-11-19 08:59:46.106726+04:00
673c1cbd5f07e4052d32ab78,MRTE4XAB,CAR,2024-11-19 09:06:05.732637+04:00
673c1dff5f07e4052d32ac0d,PAV6ZK4A,CAR,2024-11-19 09:11:26.999803+04:00
673c1f165f07e4052d32acbf,XSMJBYRS,CAR,2024-11-19 09:16:06.324181+04:00
673c1fc493d100e3f9c9ea6d,ALWPB9F9,CAR,2024-11-19 09:19:00.531036+04:00
673c20704bdea32d03e89dd7,J2FLXZGK,CAR,2024-11-19 09:21:52.252447+04:00
673c21bb5f07e4052d32aeaf,J6N3KH8H,CAR,2024-11-19 09:27:23.302833+04:00
673c21e04bdea32d03e89e7d,W33ZXHM5,CAR,2024-11-19 09:28:00.089214+04:00
673c22285f07e4052d32af36,MK54E9RG,CAR,2024-11-19 09:29:12.486482+04:00
673c233c1c89342f49c985b1,VNZYZL6V,CAR,2024-11-19 09:33:48.176323+04:00
673c261893d100e3f9c9ec6e,7F7VCSUZ,CAR,2024-11-19 09:46:00.123070+04:00
673c2670ce45d78b6783977b,2KY82NFN,CAR,2024-11-19 09:47:27.985702+04:00
673c26aace45d78b678397e7,4P6FGK43,CAR,2024-11-19 09:48:26.935980+04:00
673c2b7093d100e3f9c9ee74,B4Q2LACC,CAR,2024-11-19 10:08:48.568150+04:00
673c2c6f93d100e3f9c9ef06,DU7WFGMN,CAR,2024-11-19 10:13:03.497680+04:00
673c2c9293d100e3f9c9ef87,9J5EMRV5,CAR,2024-11-19 10:13:37.989316+04:00
673c2c9a93d100e3f9c9f0ce,8KGFXBNV,CAR,2024-11-19 10:13:46.000172+04:00
673c2e0c93d100e3f9c9f1bd,EXZDWLJX,CAR,2024-11-19 10:19:56.722391+04:00
673c2f3693d100e3f9c9f217,ZT7D99GF,CAR,2024-11-19 10:24:54.745852+04:00
673c2f382220bb87a6e6ddc0,NU6YNKZV,CAR,2024-11-19 10:24:56.917327+04:00
673c2f7393d100e3f9c9f28e,D7X3VWXQ,CAR,2024-11-19 10:25:55.603138+04:00
673c2fb95f07e4052d32b20b,D8QZZJHX,CAR,2024-11-19 10:27:05.818658+04:00
673c3036ce45d78b67839941,AQYP2HV5,CAR,2024-11-19 10:29:10.908148+04:00
673c3295ce45d78b67839a02,789BVYR8,CAR,2024-11-19 10:39:17.484744+04:00
673c33be5f07e4052d32b2f3,YFG95C2V,CAR,2024-11-19 10:44:14.638286+04:00
673c34c0ddc226370e2787e6,FHDY5PYA,CAR,2024-11-19 10:48:32.437851+04:00
673c356c5f07e4052d32b3a7,S76WYGMH,CAR,2024-11-19 10:51:24.583142+04:00
673c371c93d100e3f9c9f560,FRLGM7WY,CAR,2024-11-19 10:58:36.112142+04:00
673c37a7ddc226370e278867,9DJEEMAN,CAR,2024-11-19 11:00:55.659540+04:00
673c386addc226370e2788e3,FG96ZVFX,CAR,2024-11-19 11:04:10.746815+04:00
673c387c2220bb87a6e6dee1,GNXDVPYC,CAR,2024-11-19 11:04:28.792165+04:00
673c398a93d100e3f9c9f6d0,GQTL2GHW,CAR,2024-11-19 11:08:58.337799+04:00
673c3c26303abed1a895897a,T3UMYSKD,CAR,2024-11-19 11:20:06.895917+04:00
673c3cd0015e69f1592221e2,QJCBZYL5,CAR,2024-11-19 11:22:56.299102+04:00
673c3e05015e69f159222294,4T67V4TA,CAR,2024-11-19 11:28:05.911161+04:00
673c3fa114221214aaa59056,7ZJWEB52,CAR,2024-11-19 11:34:57.197784+04:00
673c3ffd6a5ce1b993c9d3ad,5C9ZU3QP,CAR,2024-11-19 11:36:29.713254+04:00
673c414ca25872fd3824fb31,MX47R5FV,CAR,2024-11-19 11:42:04.423926+04:00
673c416aa25872fd3824fbe1,7PQJQLW9,CAR,2024-11-19 11:42:34.288653+04:00
673c41f46a5ce1b993c9d455,9KL6ERZS,CAR,2024-11-19 11:44:52.636465+04:00
673c423a806f8bed64b4b554,CGFWRMAF,CAR,2024-11-19 11:46:02.341248+04:00
673c42f3a25872fd3824fc8f,J67CNG56,CAR,2024-11-19 11:49:07.828922+04:00
673c453d1c89342f49c9865f,R5WJBK3U,CAR,2024-11-19 11:58:53.717952+04:00
673c45b0d3e786ad70fac2f1,G5B8RHFF,CAR,2024-11-19 12:00:48.298606+04:00
673c45b4a25872fd3824fd38,CFLPXB8C,CAR,2024-11-19 12:00:51.974028+04:00
673c46c7806f8bed64b4b605,EMGUMWTG,CAR,2024-11-19 12:05:27.869189+04:00
673c4754a25872fd3824fdbe,X885JJMG,CAR,2024-11-19 12:07:48.392410+04:00
673c4815d3e786ad70fac3f7,GL93Y68J,CAR,2024-11-19 12:11:01.405953+04:00
673c495971f23a3a269f0c30,RXLRCMPT,CAR,2024-11-19 12:16:25.035166+04:00
673c4a29f3b62c13f567fedc,AZXBRK5M,CAR,2024-11-19 12:19:53.961516+04:00
673c4a903fd4a672c49b6d4a,9JJJ9N9T,CAR,2024-11-19 12:21:36.241802+04:00
673c4b5646457e412c04190a,C2RDDDLU,CAR,2024-11-19 12:24:54.928169+04:00
673c4bd5806f8bed64b4b6ed,4GQEKGWG,CAR,2024-11-19 12:27:01.423140+04:00
673c4c0dd3e786ad70fac4c6,MDQKFVST,CAR,2024-11-19 12:27:57.569421+04:00
673c4da1d3e786ad70fac545,J7B4HB52,CAR,2024-11-19 12:34:41.679396+04:00
673c4dce14221214aaa591dc,WBAR7LS2,CAR,2024-11-19 12:35:26.830619+04:00
673c4f21a0be5629c99da053,NLSFEPCA,CAR,2024-11-19 12:41:05.707073+04:00
673c4f78015e69f1592224b7,3FGNK5YX,CAR,2024-11-19 12:42:32.245646+04:00
673c4f8ff3b62c13f567fff1,BS64SEFT,CAR,2024-11-19 12:42:55.334292+04:00
673c5071d16642ca2b2dbb82,M3T7RKRU,CAR,2024-11-19 12:46:41.576245+04:00
673c5139f3b62c13f5680084,6LMJ375P,CAR,2024-11-19 12:50:01.138499+04:00
673c514bf3b62c13f56800bd,P8XVXBMV,CAR,2024-11-19 12:50:19.930593+04:00
673c523fbe3a6b8071002c3a,LGYF5WL3,CAR,2024-11-19 12:54:23.692234+04:00
673c53163fd4a672c49b6e05,X7T4UYFL,CAR,2024-11-19 12:57:58.082578+04:00
673c540346457e412c041ab0,KJRB4E6G,CAR,2024-11-19 13:01:55.355244+04:00
673c5442f3b62c13f568023d,GAB2TL4S,CAR,2024-11-19 13:02:58.158886+04:00
673c551346457e412c041b46,RPLZESSB,CAR,2024-11-19 13:06:27.772790+04:00
673c560df3b62c13f56803d5,R6A3ETHH,CAR,2024-11-19 13:10:37.178728+04:00
673c5916d16642ca2b2dbc9c,7LN5NHGL,CAR,2024-11-19 13:23:34.152930+04:00
673c5a1ebe3a6b8071002d88,MW73R92Y,CAR,2024-11-19 13:27:58.112832+04:00
673c5dd971f23a3a269f0d9c,358MYUNL,CAR,2024-11-19 13:43:53.932258+04:00
673c5dea46457e412c041cd5,H5YDUTGZ,CAR,2024-11-19 13:44:10.063614+04:00
673c6147b140956820851def,5P3DVKA7,CAR,2024-11-19 13:58:31.428035+04:00
673c61c50a8c286f28fd91b5,P3BKMU8A,CAR,2024-11-19 14:00:37.557898+04:00
673c61dd7d6559052d284a76,9CGM6E9N,CAR,2024-11-19 14:01:00.990764+04:00
673c6375b140956820851e6d,XZ52SHZN,CAR,2024-11-19 14:07:49.313906+04:00
673c64f70a8c286f28fd9297,YYJB56L6,CAR,2024-11-19 14:14:15.836611+04:00
673c651725447c3a4ab1b077,GP73MXNM,CAR,2024-11-19 14:14:47.782280+04:00
673c660ebe3a6b8071002e69,XK66Y89H,CAR,2024-11-19 14:18:54.674308+04:00
673c67c77d6559052d284be3,89Z2V3RP,CAR,2024-11-19 14:26:15.470578+04:00
673c68577d6559052d284c26,D9ZFXMVJ,CAR,2024-11-19 14:28:38.988070+04:00
673c6928bd82c4f3032fb7ae,T7F66N64,CAR,2024-11-19 14:32:08.824562+04:00
673c69790a8c286f28fd9451,CRDYXB4B,CAR,2024-11-19 14:33:29.310467+04:00
673c6b510ad29b06c52023c8,AB9PCBTB,CAR,2024-11-19 14:41:21.645995+04:00
673c6c6fbd82c4f3032fb846,NA63FX68,CAR,2024-11-19 14:46:07.916305+04:00
673c6c707d6559052d284cfc,VD7EZ5AH,CAR,2024-11-19 14:46:08.485951+04:00
673c6c7ed16642ca2b2dc009,6M3SAJZT,CAR,2024-11-19 14:46:22.099802+04:00
673c6d140a8c286f28fd962c,4ERFYN84,CAR,2024-11-19 14:48:52.232163+04:00
673c6e6dbd82c4f3032fb95a,L5NWFAVK,CAR,2024-11-19 14:54:37.006302+04:00
673c70750a8c286f28fd973d,4WWSBXVB,CAR,2024-11-19 15:03:17.109281+04:00
673c7098be3a6b8071002f24,AAE78X9Z,CAR,2024-11-19 15:03:52.336453+04:00
673c709a7d6559052d284e7a,TGDJ3SFD,CAR,2024-11-19 15:03:54.209692+04:00
673c7166bd82c4f3032fba8a,ZTCEYGYV,CAR,2024-11-19 15:07:18.534459+04:00
673c71e50ad29b06c520246b,8BPVNBSR,CAR,2024-11-19 15:09:25.790500+04:00
673c71f9bd82c4f3032fbb41,U485ACHC,CAR,2024-11-19 15:09:45.713036+04:00
673c73187d6559052d284fab,H4TAFQCN,CAR,2024-11-19 15:14:32.888633+04:00
673c73377476a17feedd152e,ND6V8VQR,CAR,2024-11-19 15:15:03.390001+04:00
673c741e93cb1edaf35335a8,R2ZJ5NSA,CAR,2024-11-19 15:18:54.566307+04:00
673c749fdb4f6ec2b2d1169a,APRT24PG,CAR,2024-11-19 15:21:03.673475+04:00
673c76cc627371c91454abed,FKTETLL9,CAR,2024-11-19 15:30:20.377559+04:00
673c76ed855f0149969688d4,9UTUULAU,CAR,2024-11-19 15:30:53.829357+04:00
673c7977ea3c193e6e2b4687,55VVSCHK,CAR,2024-11-19 15:41:43.054304+04:00
673c7a0f627371c91454acb4,W8HEHFMM,CAR,2024-11-19 15:44:15.710440+04:00
673c7a2d4ac70b5793128353,55KGK7HH,CAR,2024-11-19 15:44:45.755494+04:00
673c7a5f627371c91454ad63,Z5EV7R8E,CAR,2024-11-19 15:45:35.040193+04:00
673c7bae93cb1edaf35337e1,E77YFCXW,CAR,2024-11-19 15:51:10.463650+04:00
673c7c76c7114bd397e712ae,RY6WQ6KE,CAR,2024-11-19 15:54:30.467003+04:00
673c7d2b93cb1edaf3533897,P87CP4H6,CAR,2024-11-19 15:57:31.522887+04:00
673c7dde627371c91454addf,FN42M4NL,CAR,2024-11-19 16:00:30.449930+04:00
673c7e4cea3c193e6e2b4854,FDD9UZRE,CAR,2024-11-19 16:02:20.938990+04:00
673c81967476a17feedd1665,4RH6KD9J,CAR,2024-11-19 16:16:22.117720+04:00
673c823d7476a17feedd16cf,RHV8YZ8J,CAR,2024-11-19 16:19:09.085765+04:00
673c87d3855f0149969689d9,S65RZMKP,CAR,2024-11-19 16:42:59.839559+04:00
673c8915ea3c193e6e2b4a20,MB5U58HK,CAR,2024-11-19 16:48:21.052012+04:00
673c8b1fdb4f6ec2b2d118fd,GD6A58J7,CAR,2024-11-19 16:57:03.907833+04:00
673c8d80ea3c193e6e2b4b57,RV3U68ZS,CAR,2024-11-19 17:07:12.494607+04:00
673c9208e1115bfb7fd30928,LCPDBQVA,CAR,2024-11-19 17:26:32.762170+04:00
673c92efdb4f6ec2b2d11b03,VMVKEXHN,CAR,2024-11-19 17:30:23.125960+04:00
673c9384855f014996968b35,64WWSS6P,CAR,2024-11-19 17:32:52.602109+04:00
673c95e9e6e124c2fe948023,3QNXYC3Y,CAR,2024-11-19 17:43:05.172227+04:00
673c989d65fa30b0a79de54a,RLDPTFEV,CAR,2024-11-19 17:54:37.686204+04:00
673c9ab6138a922717cfdb7d,29WEJ2J3,CAR,2024-11-19 18:03:34.167297+04:00
673c9cd5ea3c193e6e2b4d7c,RMQQLSZF,CAR,2024-11-19 18:12:37.017957+04:00
673c9e5707012f060883adce,BS4262R2,CAR,2024-11-19 18:19:03.656085+04:00
673ca12f0ca7342ba52f0ec7,RJJ4SPG9,CAR,2024-11-19 18:31:11.530430+04:00
673ca23b4f4921ab01861b2b,NDNAR2AK,CAR,2024-11-19 18:35:39.787134+04:00
673ca33a855f014996968dad,RE4MC8K8,CAR,2024-11-19 18:39:53.985711+04:00
673ca4e2ea3c193e6e2b4e7e,8X5MHJXJ,CAR,2024-11-19 18:46:58.262624+04:00
673ca534d4da9c2b49efd045,R6JSBHFP,CAR,2024-11-19 18:48:20.251953+04:00
673ca7940ca7342ba52f0f6c,LXBHCKCS,CAR,2024-11-19 18:58:28.618434+04:00
673cb178ea3c193e6e2b4fed,DR37C3PP,CAR,2024-11-19 19:40:39.981618+04:00
673cb1e2ea3c193e6e2b50d3,W9J6JY9E,CAR,2024-11-19 19:42:25.986093+04:00
673cb20c4f4921ab01861d21,JSEWJ9JJ,CAR,2024-11-19 19:43:08.769141+04:00
673cb2c3ea3c193e6e2b5193,CWQXB285,CAR,2024-11-19 19:46:11.494872+04:00
673cb2f54f4921ab01861d6e,YKS8REEA,CAR,2024-11-19 19:47:01.809851+04:00
673cba9cc4d0ab300589353b,HS8Z6HX4,CAR,2024-11-19 20:19:40.425867+04:00
673cbd8ec4d0ab30058935c2,36ZTPJRL,CAR,2024-11-19 20:32:14.303649+04:00
673cbf58d0cb88dfdbe149e3,C7DRGHWA,CAR,2024-11-19 20:39:52.208860+04:00
673cc21bd0cb88dfdbe14a80,MLLYXG7E,CAR,2024-11-19 20:51:39.349616+04:00
673cc6c1918a31ecd5f5a583,JMTM3W7N,CAR,2024-11-19 21:11:29.879602+04:00
673ce5f3c4d0ab3005893bcf,VXPQUMGM,CAR,2024-11-19 23:24:35.591827+04:00
673ce5fac4d0ab3005893bd3,A46GWEB4,CAR,2024-11-19 23:24:41.893910+04:00
673cef2bd0cb88dfdbe14d04,AALRBGKP,CAR,2024-11-20 00:03:55.691495+04:00
673cf0fcc4d0ab3005893dda,5BJLU53J,CAR,2024-11-20 00:11:40.729861+04:00
673cf996c4d0ab3005893e4b,68N65C3P,CAR,2024-11-20 00:48:22.418579+04:00
673cfb2babeec2bbf7eba54c,PR432E3L,CAR,2024-11-20 00:55:07.545097+04:00
673d0352d0cb88dfdbe14e7e,FYSQLFPX,CAR,2024-11-20 01:29:54.135717+04:00
673d3d0cd0cb88dfdbe15170,BE4RGZ7H,CAR,2024-11-20 05:36:12.520347+04:00
673d505cd0cb88dfdbe151f5,WZGEF4YQ,CAR,2024-11-20 06:58:36.654051+04:00
673d581abd6509d142350ab3,R9HDLV65,CAR,2024-11-20 07:31:38.311799+04:00
673d6159d0cb88dfdbe15315,NUTHL43D,CAR,2024-11-20 08:11:05.858754+04:00
673d65c909db48c20564e097,RCMSTZE8,CAR,2024-11-20 08:30:01.540280+04:00
673d69d909db48c20564e17e,V25RS8EQ,CAR,2024-11-20 08:47:21.792313+04:00
673d6bfb2b75edfb39df7136,VYK3UW7A,CAR,2024-11-20 08:56:27.422716+04:00
673d6c2c09db48c20564e204,AJE6753W,CAR,2024-11-20 08:57:16.443596+04:00
673d6d222b75edfb39df71f6,XDZNEU89,CAR,2024-11-20 09:01:22.287844+04:00
673d6e4209db48c20564e29c,ZWQDKF35,CAR,2024-11-20 09:06:10.919715+04:00
673d717f09db48c20564e32a,JWTXKFX4,CAR,2024-11-20 09:19:59.645998+04:00
673d767509db48c20564e3d3,DJ46EZE7,CAR,2024-11-20 09:41:09.276294+04:00
673d76b4abeec2bbf7eba97d,BW536PG6,CAR,2024-11-20 09:42:12.227060+04:00
673d76b9fd5a7c9dec8c5974,B5U5EFDE,CAR,2024-11-20 09:42:17.895421+04:00
673d771dbd6509d142350cbd,ZHNCVCGY,CAR,2024-11-20 09:43:57.418765+04:00
673d77f8278fa62c845b414b,FZLSH872,CAR,2024-11-20 09:47:36.600291+04:00
673d7808fd5a7c9dec8c59f9,5UUU7MD3,CAR,2024-11-20 09:47:52.633501+04:00
673d7ade278fa62c845b41b6,3Q3MUN37,CAR,2024-11-20 09:59:58.967889+04:00
673d7af8fd5a7c9dec8c5a8b,LFMA9VGK,CAR,2024-11-20 10:00:23.942377+04:00
673d7b34abeec2bbf7ebab1f,EKKEJ29B,CAR,2024-11-20 10:01:24.180585+04:00
673d7b4bbd6509d142350d83,HRZ9L6YF,CAR,2024-11-20 10:01:47.384144+04:00
673d7c8109db48c20564e4a6,S3DNYW2X,CAR,2024-11-20 10:06:57.922796+04:00
673d7d5dabeec2bbf7ebabc7,GTR2GBEA,CAR,2024-11-20 10:10:37.346717+04:00
673d7dcb278fa62c845b4253,398Y9ZU7,CAR,2024-11-20 10:12:27.892926+04:00
673d82b609db48c20564e60b,CF3XRURS,CAR,2024-11-20 10:33:26.258194+04:00
673d82e0688cac57ad052299,M332FN69,CAR,2024-11-20 10:34:08.646777+04:00
673d837646dd773f786be789,TAPLCN8C,CAR,2024-11-20 10:36:37.989116+04:00
673d83b246dd773f786be7f8,4ZMV3S7N,CAR,2024-11-20 10:37:38.244293+04:00
673d83bf09db48c20564e62c,VGGKDUBG,CAR,2024-11-20 10:37:51.445960+04:00
673d848637441f9ab02bff29,HR2YW9VD,CAR,2024-11-20 10:41:10.905477+04:00
673d859e688cac57ad052325,F57MVXBR,CAR,2024-11-20 10:45:50.538010+04:00
673d86e083dbb2f7d9bbd659,UJVLTSDR,CAR,2024-11-20 10:51:12.838169+04:00
673d8869688cac57ad052410,R7DSQJW2,CAR,2024-11-20 10:57:45.170157+04:00
673d88f209db48c20564e80f,U95NLAUZ,CAR,2024-11-20 11:00:02.736188+04:00
673d8a2dabeec2bbf7ebadfb,Y5M2NZHN,CAR,2024-11-20 11:05:17.306557+04:00
673d8bababeec2bbf7ebae89,ETNY5PNA,CAR,2024-11-20 11:11:39.204729+04:00
673d8bac09db48c20564e8d9,HMZG582H,CAR,2024-11-20 11:11:40.102421+04:00
673d8cad918a31ecd5f5a6aa,KHWAYTTP,CAR,2024-11-20 11:15:57.117635+04:00
673d8cbf760820bc34eac367,DDT6PL2Q,CAR,2024-11-20 11:16:15.591471+04:00
673d8cfc09db48c20564e961,HUYFCMYK,CAR,2024-11-20 11:17:15.986034+04:00
673d8d20abeec2bbf7ebaea3,5T2NBUTA,CAR,2024-11-20 11:17:52.233922+04:00
673d8ff337441f9ab02c00d2,9HSSS5RC,CAR,2024-11-20 11:29:55.477411+04:00
673d923d760820bc34eac3e7,9K7QQ2F7,CAR,2024-11-20 11:39:41.652135+04:00
673d92bc760820bc34eac453,FTZKF876,CAR,2024-11-20 11:41:48.919678+04:00
673d9310a3da768287e58afc,ZQMBQ7ZH,CAR,2024-11-20 11:43:12.550439+04:00
673d9321a3da768287e58b00,Y7RF59YC,CAR,2024-11-20 11:43:29.074575+04:00
673d94d0a3da768287e58bf1,PKSES4DZ,CAR,2024-11-20 11:50:40.944223+04:00
673d94e0918a31ecd5f5a6d0,J8WXFA2C,CAR,2024-11-20 11:50:56.122853+04:00
673d969c918a31ecd5f5a752,98UBBLR5,CAR,2024-11-20 11:58:20.035876+04:00
673d96ab760820bc34eac49f,KDUGRJ7K,CAR,2024-11-20 11:58:35.475633+04:00
673d974c918a31ecd5f5a848,MQAZ54TA,CAR,2024-11-20 12:01:16.769057+04:00
673d97e2918a31ecd5f5a8ae,J8ULAWP9,CAR,2024-11-20 12:03:46.749882+04:00
673d984737441f9ab02c02b1,98QP28L9,CAR,2024-11-20 12:05:27.613956+04:00
673d9d7fdc0ed9498fee3242,VUT3XHYT,CAR,2024-11-20 12:27:43.272896+04:00
673d9dd183dbb2f7d9bbd8fb,CWMKS3RJ,CAR,2024-11-20 12:29:05.822639+04:00
673d9f04a3da768287e58d9f,8GH5PPZX,CAR,2024-11-20 12:34:12.832896+04:00
673d9f2a918a31ecd5f5aab1,5272ZPBV,CAR,2024-11-20 12:34:50.254707+04:00
673da0676f1f64b71e418114,PB3VMTF2,CAR,2024-11-20 12:40:07.152921+04:00
673da08f46dd773f786be898,VRSEPAYL,CAR,2024-11-20 12:40:47.940994+04:00
673da0bfa3da768287e58e33,CX72P7WJ,CAR,2024-11-20 12:41:35.932105+04:00
673da0cb83dbb2f7d9bbda2c,SBEQQPG8,CAR,2024-11-20 12:41:47.689315+04:00
673da137a3da768287e58eab,2JAWN547,CAR,2024-11-20 12:43:35.943495+04:00
673da286ab960ad8ad4ea203,FBARN465,CAR,2024-11-20 12:49:10.828948+04:00
673da510ef9b9a61ed497d73,TX4FMPZW,CAR,2024-11-20 13:00:00.683919+04:00
673da64a760820bc34eac4d4,G3VPBKSD,CAR,2024-11-20 13:05:14.788593+04:00
673da68fdc0ed9498fee33bd,XSTJ4MSF,CAR,2024-11-20 13:06:23.859545+04:00
673da824a3da768287e590ba,ASJGJ7VL,CAR,2024-11-20 13:13:08.437777+04:00
673daa45a3da768287e59177,PH67PGAX,CAR,2024-11-20 13:22:13.366484+04:00
673dab06a3da768287e59260,S27DBTPW,CAR,2024-11-20 13:25:26.122037+04:00
673dac49c13c505a06962a98,NXQAE5YX,CAR,2024-11-20 13:30:49.241185+04:00
673dadbdef9b9a61ed498070,HMZNXMH6,CAR,2024-11-20 13:37:01.742953+04:00
673dadfad4d63b6e730d6d87,YUFYRWF2,CAR,2024-11-20 13:38:02.314514+04:00
673daf487db2319566f7ca69,AGHBSVBQ,CAR,2024-11-20 13:43:36.854093+04:00
673db2ebd4d63b6e730d6da0,EG2DBTWH,CAR,2024-11-20 13:59:07.200018+04:00
673db4087db2319566f7cb90,SW5BZ8YG,CAR,2024-11-20 14:03:52.811103+04:00
673db482ef9b9a61ed498168,6RULACBY,CAR,2024-11-20 14:05:54.410030+04:00
673db4cdef9b9a61ed4981dd,RBXPLGF3,CAR,2024-11-20 14:07:09.505644+04:00
673db5dd7db2319566f7cc26,668X769A,CAR,2024-11-20 14:11:41.164304+04:00
673db5e8ab960ad8ad4ea544,NWC6C83W,CAR,2024-11-20 14:11:52.560365+04:00
673db80d844db2147b00ddab,9QBDSGFV,CAR,2024-11-20 14:21:01.491169+04:00
673db887ef9b9a61ed4982e8,8LHXW6QK,CAR,2024-11-20 14:23:03.458849+04:00
673db8f1c13c505a06962d6e,7FK2S8KE,CAR,2024-11-20 14:24:48.997999+04:00
673db9387db2319566f7cd26,9E9AD3ZM,CAR,2024-11-20 14:26:00.071250+04:00
673db94de258c5417b7247e6,P6783S3V,CAR,2024-11-20 14:26:21.268091+04:00
673dbb7e7db2319566f7cd93,JK7J6RTN,CAR,2024-11-20 14:35:42.647793+04:00
673dc036d4d63b6e730d6fe7,YACN37HW,CAR,2024-11-20 14:55:50.190980+04:00
673dc09dc13c505a06962ef9,V3WUFU86,CAR,2024-11-20 14:57:33.569707+04:00
673dc54fc13c505a06962fa5,LC48ASVV,CAR,2024-11-20 15:17:35.042475+04:00
673dc74cd4d63b6e730d71b6,E63AEZM6,CAR,2024-11-20 15:26:04.856428+04:00
673dc771b3deb00ee1375ebe,MXNA8ZAS,CAR,2024-11-20 15:26:41.799283+04:00
673dccbfb3deb00ee1375f37,NK95D3E7,CAR,2024-11-20 15:49:19.630821+04:00
673dcd6cd4d63b6e730d72a0,NKYNANDC,CAR,2024-11-20 15:52:12.475975+04:00
673dce0ad2c9dad5440b2916,EBWKABY6,CAR,2024-11-20 15:54:50.568598+04:00
673dcf07d2c9dad5440b299b,8VHY586F,CAR,2024-11-20 15:59:03.239947+04:00
673dcf1bd2c9dad5440b2a08,3HGG4ZTA,CAR,2024-11-20 15:59:23.958214+04:00
673dcf46219948f9f348b409,YMBULP5M,CAR,2024-11-20 16:00:06.493732+04:00
673dd2e8219948f9f348b433,7CTP8U22,CAR,2024-11-20 16:15:36.750441+04:00
673dd343e258c5417b724900,WS7C7QB7,CAR,2024-11-20 16:17:07.305180+04:00
673dd4077db2319566f7d023,LQD8JUE6,CAR,2024-11-20 16:20:23.054168+04:00
673dd5d4219948f9f348b4c6,T56E8ADA,CAR,2024-11-20 16:28:04.230398+04:00
673dd66d1f3692faef316355,Z8AZPBPR,CAR,2024-11-20 16:30:37.557363+04:00
673dd684e258c5417b7249a5,5R9AF5RN,CAR,2024-11-20 16:31:00.859702+04:00
673dd811e258c5417b7249e1,DYREMBD2,CAR,2024-11-20 16:37:37.656449+04:00
673dd921d2c9dad5440b2b1f,XUWTSZE3,CAR,2024-11-20 16:42:09.601205+04:00
673ddae2d2c9dad5440b2bcf,5ZHMPBKP,CAR,2024-11-20 16:49:38.874403+04:00
673ddb291f3692faef316425,ELRN6QVE,CAR,2024-11-20 16:50:49.518378+04:00
673ddd56d2c9dad5440b2cdc,73FXYL3B,CAR,2024-11-20 17:00:06.444957+04:00
673dddc75bc985c5c9283e8b,ZKT4RNT2,CAR,2024-11-20 17:01:59.724950+04:00
673ddfc6d4d63b6e730d76e1,6G7CJ3AC,CAR,2024-11-20 17:10:30.732409+04:00
673de006d2c9dad5440b2d75,PA9YPQV3,CAR,2024-11-20 17:11:34.820522+04:00
673de1d1e258c5417b724ae3,ZSF22Q5A,CAR,2024-11-20 17:19:13.130675+04:00
673de822d2c9dad5440b2dd6,6V9BX83F,CAR,2024-11-20 17:46:10.507162+04:00
673de985219948f9f348b66f,QLDVL87K,CAR,2024-11-20 17:52:05.777245+04:00
673de9ed5bc985c5c9283fbb,SD59LMMB,CAR,2024-11-20 17:53:49.465007+04:00
673dec6904f5a69c6e7eea54,S2KW7FRJ,CAR,2024-11-20 18:04:25.695482+04:00
673deec5ea5748359fabd18f,GEXK789H,CAR,2024-11-20 18:14:29.437785+04:00
673df181d2c9dad5440b2f1b,L2JJVWUL,CAR,2024-11-20 18:26:09.722954+04:00
673df2f75bc985c5c928407f,HUG88XGW,CAR,2024-11-20 18:32:23.002193+04:00
673df4e9e258c5417b724b8d,8QK4YTDT,CAR,2024-11-20 18:40:41.531954+04:00
673df640b0a8a0f7841aa4af,4EPFGXV6,CAR,2024-11-20 18:46:24.528996+04:00
673dfeb0fa5613b5500dbe86,3APZYP5A,CAR,2024-11-20 19:22:24.695168+04:00
673e01045bc985c5c9284237,J6LSY4TH,CAR,2024-11-20 19:32:20.208630+04:00
673e0282fa5613b5500dbf07,24CKAQ5N,CAR,2024-11-20 19:38:42.381142+04:00
673e040ae258c5417b724d1b,EPS6HULA,CAR,2024-11-20 19:45:14.430908+04:00
673e044b04f5a69c6e7eeb5e,RUVD2NPQ,CAR,2024-11-20 19:46:19.396083+04:00
673e044fd2c9dad5440b3215,5TTVX8NJ,CAR,2024-11-20 19:46:23.097483+04:00
673e06b5ea5748359fabd21d,7B57PZ5T,CAR,2024-11-20 19:56:37.005933+04:00
673e1624408e247b693cf4d4,APFE5653,CAR,2024-11-20 21:02:28.279392+04:00
673e18835bc985c5c92843e3,KJXFB5VY,CAR,2024-11-20 21:12:35.829616+04:00
673e1e99fa5613b5500dc1a6,95CWE63E,CAR,2024-11-20 21:38:33.703806+04:00
673e2032fa5613b5500dc215,SAA87SYQ,CAR,2024-11-20 21:45:22.255366+04:00
673e204fe258c5417b724d59,PD4DYHDB,CAR,2024-11-20 21:45:51.395722+04:00
673e2505b0a8a0f7841aa537,JDM5P2YZ,CAR,2024-11-20 22:05:57.361458+04:00
673e3864649d22accdd1f72c,W8CCCE3W,CAR,2024-11-20 23:28:35.977898+04:00
673e3a149c4edefa874548ff,VYUJJXTP,CAR,2024-11-20 23:35:48.276568+04:00
673e3ce5b3380fe999a683ba,3MS5A6M2,CAR,2024-11-20 23:47:49.810488+04:00
673e4632649d22accdd1f802,8N6CYEDP,CAR,2024-11-21 00:27:30.710426+04:00
673e4f5c9c4edefa874549ab,JTAY6TJP,CAR,2024-11-21 01:06:36.612726+04:00
673e531a04f5a69c6e7eedea,FV4X3ADS,CAR,2024-11-21 01:22:34.647251+04:00
673e637bfa5613b5500dc2cc,HM2VAQZY,CAR,2024-11-21 02:32:27.764333+04:00
673ea4db9c4edefa87454a73,U5DFXBLY,CAR,2024-11-21 07:11:23.782491+04:00
673eaf22649d22accdd1f9ca,7QS43LK4,CAR,2024-11-21 07:55:14.628104+04:00
673eb29d9c4edefa87454af4,KVFUPKM3,CAR,2024-11-21 08:10:05.366966+04:00
673eb36d649d22accdd1fa72,4EVA8U57,CAR,2024-11-21 08:13:33.445013+04:00
673eb9186359ec31c4885e85,TUQEYGXM,CAR,2024-11-21 08:37:44.518900+04:00
673eba7f6359ec31c4885efd,UVEW2FCC,CAR,2024-11-21 08:43:42.978093+04:00
673ebb28b3380fe999a684fe,JC6Y2S8A,CAR,2024-11-21 08:46:32.952170+04:00
673ebbd56359ec31c4885fb0,8UYKMF49,CAR,2024-11-21 08:49:25.934142+04:00
673ebc0d6359ec31c488605d,NKEYDZDR,CAR,2024-11-21 08:50:21.785075+04:00
673ebe776359ec31c4886125,TS9JQAF5,CAR,2024-11-21 09:00:39.199555+04:00
673ebee66359ec31c48861c5,SHR6BK5N,CAR,2024-11-21 09:02:30.773389+04:00
673ec1236359ec31c4886364,PEASYXWP,CAR,2024-11-21 09:12:03.963750+04:00
673ec2519c4edefa87454b87,WGBXPGBV,CAR,2024-11-21 09:17:05.590123+04:00
673ec3e527a85abd88d584ee,SWVUZH8K,CAR,2024-11-21 09:23:49.452087+04:00
673ec5ed9c4edefa87454bce,U2K3UHFH,CAR,2024-11-21 09:32:29.184536+04:00
673ec708649d22accdd1fb6b,NUTNMGG9,CAR,2024-11-21 09:37:12.183875+04:00
673ec770649d22accdd1fbd6,V8NYLKRE,CAR,2024-11-21 09:38:56.739395+04:00
673eca669c4edefa87454c97,RFCCRUEZ,CAR,2024-11-21 09:51:33.980948+04:00
673eca85ba113dbc0df86258,4R6K9ZPG,CAR,2024-11-21 09:52:05.955691+04:00
673ecafb27a85abd88d585c5,MJZ43DG7,CAR,2024-11-21 09:54:03.376555+04:00
673ecb5027a85abd88d5866d,3LDZRDHK,CAR,2024-11-21 09:55:28.822750+04:00
673ecbbe27a85abd88d586df,EQ945WS7,CAR,2024-11-21 09:57:18.038690+04:00
673ecd3f04f5a69c6e7eeea7,BXDDT9LG,CAR,2024-11-21 10:03:43.210392+04:00
673ed0c1b3380fe999a686a9,EPJZ5ZFU,CAR,2024-11-21 10:18:41.773232+04:00
673ed180ba113dbc0df86350,D8KZRYB6,CAR,2024-11-21 10:21:52.965495+04:00
673ed1f09c4edefa87454daf,MPB3WXSH,CAR,2024-11-21 10:23:44.026535+04:00
673ed207ba113dbc0df86501,SYP42SE8,CAR,2024-11-21 10:24:07.297617+04:00
673ed2cbba113dbc0df8657c,743JHZPZ,CAR,2024-11-21 10:27:23.435956+04:00
673ed325aa4b50d330e66d88,88ZZA5JU,CAR,2024-11-21 10:28:53.717498+04:00
673ed391ba113dbc0df8658a,Q4HM876K,CAR,2024-11-21 10:30:41.628020+04:00
673ed3b29c4edefa87454f96,F8E4BB86,CAR,2024-11-21 10:31:14.567462+04:00
673ed537b3380fe999a6870a,9XRMLWF4,CAR,2024-11-21 10:37:43.944485+04:00
673ed6c7ba113dbc0df866e9,6NVR43UF,CAR,2024-11-21 10:44:23.951810+04:00
673ed76127a85abd88d58913,U9PGDJTQ,CAR,2024-11-21 10:46:57.806787+04:00
673ed78f27a85abd88d58984,TJD34AHA,CAR,2024-11-21 10:47:43.808754+04:00
673ed79cb3380fe999a68792,REP4C9Q4,CAR,2024-11-21 10:47:56.419622+04:00
673ed8e904f5a69c6e7eef5d,BWW8R2JB,CAR,2024-11-21 10:53:29.700759+04:00
673edb6daa4b50d330e66f6e,MUADDZFD,CAR,2024-11-21 11:04:13.330036+04:00
673edc81cf480333e8b4ba3e,E4K3FJJJ,CAR,2024-11-21 11:08:49.702699+04:00
673edc92cf480333e8b4ba42,CTEETYVK,CAR,2024-11-21 11:09:06.003791+04:00
673edc92ba113dbc0df8693f,NW7NBD6H,CAR,2024-11-21 11:09:06.288881+04:00
673edcccb3380fe999a688de,CCADN2VJ,CAR,2024-11-21 11:10:04.335053+04:00
673edce1ba113dbc0df869ac,DU8R5H6R,CAR,2024-11-21 11:10:25.090990+04:00
673edcfdba113dbc0df86a4e,64ABWQV2,CAR,2024-11-21 11:10:53.409303+04:00
673edd0baa4b50d330e6703c,XBECHCVK,CAR,2024-11-21 11:11:07.794573+04:00
673eddaab3380fe999a68999,3M5SY4Q2,CAR,2024-11-21 11:13:46.473665+04:00
673ede22b3380fe999a68a1c,UBSDH43F,CAR,2024-11-21 11:15:46.559975+04:00
673edeb7ba113dbc0df86b25,APDFMH9A,CAR,2024-11-21 11:18:15.288112+04:00
673edef55bc985c5c9284670,XV5V7HBN,CAR,2024-11-21 11:19:17.116284+04:00
673edf0ccf480333e8b4bac8,P2TUW7S3,CAR,2024-11-21 11:19:40.562562+04:00
673ee0705bc985c5c928474a,37PBW3RR,CAR,2024-11-21 11:25:36.879269+04:00
673ee0a97459e2c127167e88,VQTBLWLK,CAR,2024-11-21 11:26:33.255165+04:00
673ee0d4cf480333e8b4bba3,CBL52F2N,CAR,2024-11-21 11:27:16.136031+04:00
673ee2853ac2ee66983b4d51,XRK5XCBY,CAR,2024-11-21 11:34:29.688997+04:00
673ee2fb7459e2c127167f0d,F5VPCNTB,CAR,2024-11-21 11:36:26.999017+04:00
673ee438db5c5d96174f89b3,BWL494ZK,CAR,2024-11-21 11:41:44.078324+04:00
673ee48bcf480333e8b4bc83,4LBV23EQ,CAR,2024-11-21 11:43:07.203376+04:00
673ee6077459e2c127167f91,7MX5NKZH,CAR,2024-11-21 11:49:27.011182+04:00
673ee8e494c4c02c9cf3330b,4B9JJ33G,CAR,2024-11-21 12:01:40.701338+04:00
673eea8dcf480333e8b4bcff,KKWRR8EE,CAR,2024-11-21 12:08:45.743202+04:00
673eeacf3ac2ee66983b4e23,96AS74XE,CAR,2024-11-21 12:09:51.451038+04:00
673eeb225bc985c5c92848ba,MFWSERZD,CAR,2024-11-21 12:11:14.350436+04:00
673eec84c2d066d255c9aecf,EAFXLUU3,CAR,2024-11-21 12:17:08.070862+04:00
673ef0803ac2ee66983b4ed6,EWENDFQT,CAR,2024-11-21 12:34:08.701935+04:00
673ef10fb0a8a0f7841aa5ba,MQDNHCZZ,CAR,2024-11-21 12:36:31.436314+04:00
673ef137db5c5d96174f8a7f,EMUXJK6H,CAR,2024-11-21 12:37:11.270905+04:00
673ef280c2d066d255c9af64,PPN9NMLE,CAR,2024-11-21 12:42:40.900973+04:00
673ef51d72d33ef9c65ad78b,QG7EN3A3,CAR,2024-11-21 12:53:49.226561+04:00
673ef6b6cf480333e8b4bf5a,B8KBDJW9,CAR,2024-11-21 13:00:38.318135+04:00
673ef7db73526d4585feb1c2,85FGAA5D,CAR,2024-11-21 13:05:30.985369+04:00
673ef80d72d33ef9c65ad826,BGXJDMV3,CAR,2024-11-21 13:06:20.964298+04:00
673ef91894c4c02c9cf33633,ENJK4KLG,CAR,2024-11-21 13:10:48.855710+04:00
673ef9ab3ac2ee66983b4fe4,FAV2WZQS,CAR,2024-11-21 13:13:15.692905+04:00
673efd88cf480333e8b4c108,8TY49YEU,CAR,2024-11-21 13:29:44.553530+04:00
673efe213ac2ee66983b5133,V6PDEHQK,CAR,2024-11-21 13:32:17.693721+04:00
673eff6067e23e3e1d6131e8,3LWVQTRK,CAR,2024-11-21 13:37:36.782934+04:00
673efff672d33ef9c65ad8c5,L5Q462QX,CAR,2024-11-21 13:40:06.745332+04:00
673f012b67e23e3e1d61325d,KRH87XW3,CAR,2024-11-21 13:45:15.583899+04:00
673f01c894c4c02c9cf336e3,RKPEGTDD,CAR,2024-11-21 13:47:52.386671+04:00
673f02da488f408d61b2640f,8AERC8XN,CAR,2024-11-21 13:52:26.045913+04:00
673f032edb5c5d96174f8d2b,4ZWRZLDN,CAR,2024-11-21 13:53:50.967908+04:00
673f03d894c4c02c9cf337e8,CA3PRCSU,CAR,2024-11-21 13:56:40.306816+04:00
673f047d488f408d61b26507,CWH3PKQ5,CAR,2024-11-21 13:59:25.468288+04:00
673f0504488f408d61b26577,8E9YYMWS,CAR,2024-11-21 14:01:40.534514+04:00
673f0664a06d49f19f7889a5,UKBCFERK,CAR,2024-11-21 14:07:32.171577+04:00
673f0672ea5748359fabd454,CF22W3PU,CAR,2024-11-21 14:07:46.216982+04:00
673f0829ea5748359fabd4bc,KA6XKZPZ,CAR,2024-11-21 14:15:05.185240+04:00
673f094167e23e3e1d613385,34P5H28F,CAR,2024-11-21 14:19:44.996948+04:00
673f09cba06d49f19f788a87,KF2KUYUW,CAR,2024-11-21 14:22:03.772158+04:00
673f0a92488f408d61b2662f,4PK4NGVB,CAR,2024-11-21 14:25:22.967225+04:00
673f0d7567e23e3e1d61340d,Y44C4UXG,CAR,2024-11-21 14:37:41.326082+04:00
673f0e0f488f408d61b267c1,2RQURRSN,CAR,2024-11-21 14:40:15.449308+04:00
673f0e7361ee325a464d5bc9,EPQDJQCZ,CAR,2024-11-21 14:41:55.620568+04:00
673f100867e23e3e1d613480,NWUGTMGZ,CAR,2024-11-21 14:48:40.423417+04:00
673f134bde05065bb2dde569,ZCVE5YGP,CAR,2024-11-21 15:02:35.293253+04:00
673f13e937ce23ec2354fb39,CPNDMTKX,CAR,2024-11-21 15:05:13.014635+04:00
673f157586e55bd010b03ab7,NT94ULNY,CAR,2024-11-21 15:11:49.505193+04:00
673f17c737ce23ec2354fbfc,B27M2ZFQ,CAR,2024-11-21 15:21:43.346172+04:00
673f17c961ee325a464d5ce5,49PQX7J5,CAR,2024-11-21 15:21:45.910745+04:00
673f18d0d2524fb57d1223b2,8T52VLQF,CAR,2024-11-21 15:26:08.584915+04:00
673f1916de05065bb2dde6c2,PUB7778Y,CAR,2024-11-21 15:27:18.918219+04:00
673f1a0ba06d49f19f788d7f,DBL5H7WZ,CAR,2024-11-21 15:31:23.409376+04:00
673f1a30a06d49f19f788dba,XN3H7DQ7,CAR,2024-11-21 15:32:00.586302+04:00
673f1a318281c4b359d65391,B7BAZXMK,CAR,2024-11-21 15:32:01.615094+04:00
673f2276f894202c2a325235,SUQYMDM6,CAR,2024-11-21 16:07:18.554254+04:00
673f234c72329370a6d8663b,ZZNJVP4E,CAR,2024-11-21 16:10:52.046611+04:00
673f23578281c4b359d654e5,RR4TQX3Q,CAR,2024-11-21 16:11:03.295267+04:00
673f264e4d17df6d9c2ff0a0,4YHYTG5Q,CAR,2024-11-21 16:23:42.595569+04:00
673f27ee68bbe223e2a71128,UWJC5P28,CAR,2024-11-21 16:30:38.201207+04:00
673f28f5f894202c2a325405,AZWDX4DJ,CAR,2024-11-21 16:35:00.920058+04:00
673f2a4e72329370a6d867a6,VVZ6DJ8X,CAR,2024-11-21 16:40:45.983132+04:00
673f2b9c72329370a6d8681d,6M9QJE6Q,CAR,2024-11-21 16:46:20.347656+04:00
673f2de78281c4b359d655b5,RBNJEQVU,CAR,2024-11-21 16:56:07.968247+04:00
673f2edc72329370a6d86844,YJ8562WN,CAR,2024-11-21 17:00:12.783505+04:00
673f32006f65710c50c10eb3,YW8PMJHT,CAR,2024-11-21 17:13:36.155901+04:00
673f32b86f65710c50c10f21,VEB7CMJ9,CAR,2024-11-21 17:16:40.699355+04:00
673f34ad6f65710c50c10f51,HRKVV997,CAR,2024-11-21 17:25:01.413102+04:00
673f36f46f65710c50c10ff2,TB3KADE2,CAR,2024-11-21 17:34:43.946109+04:00
673f37895f7fbce8e0ff909f,8YD676F9,CAR,2024-11-21 17:37:13.857943+04:00
673f3a876f65710c50c1113a,R4UQKX9F,CAR,2024-11-21 17:49:59.495441+04:00
673f46df813effa8d31dfdfc,Q6BG7KRY,CAR,2024-11-21 18:42:39.818774+04:00
673f48b281201f5338b2f58a,42MWX775,CAR,2024-11-21 18:50:26.127772+04:00
673f491e86e55bd010b03bd2,PQHE7VPJ,CAR,2024-11-21 18:52:14.566271+04:00
673f4c20813effa8d31dff3e,YNAK5WPG,CAR,2024-11-21 19:05:04.924788+04:00
673f4eaa81201f5338b2f6f0,TDBEE6R9,CAR,2024-11-21 19:15:54.742846+04:00
673f4eb85f7fbce8e0ff91ce,JYE232QH,CAR,2024-11-21 19:16:08.074121+04:00
673f501f813effa8d31e001d,47C6NY46,CAR,2024-11-21 19:22:07.617268+04:00
673f52b70e4147fef62e4e65,DCNEAKBU,CAR,2024-11-21 19:33:11.168969+04:00
673f543b0e4147fef62e4ed5,2GXWMJ2T,CAR,2024-11-21 19:39:39.924034+04:00
673f5524f5de7fcbe03bde76,78KBJJW7,CAR,2024-11-21 19:43:32.747831+04:00
673f56c4d71b12e94d689667,WUVYJA76,CAR,2024-11-21 19:50:28.076150+04:00
673f66310b20620e67981614,43KZQMZ3,CAR,2024-11-21 20:56:17.756013+04:00
673f66672cc4ef7b16e1eabf,9Q2AH8MY,CAR,2024-11-21 20:57:11.062232+04:00
673f6798d71b12e94d68971d,9VQJ57M7,CAR,2024-11-21 21:02:16.124597+04:00
673f72622cc4ef7b16e1ec2c,JREHGDSR,CAR,2024-11-21 21:48:18.172437+04:00
673f73a3e5dd09f7dd13895d,K3RYTGG5,CAR,2024-11-21 21:53:39.090581+04:00
673f8350e5dd09f7dd138b43,HCL4LXZF,CAR,2024-11-21 23:00:32.234935+04:00
673f849bd71b12e94d6897ca,43EB3DK2,CAR,2024-11-21 23:06:03.849003+04:00
673f84b52cc4ef7b16e1ede7,YZ6GWA2F,CAR,2024-11-21 23:06:29.793577+04:00
673f8b0994b57a50383c1726,2S6LZZCW,CAR,2024-11-21 23:33:29.293201+04:00
673fadded71b12e94d6898ca,99YVXXCN,CAR,2024-11-22 02:02:06.950193+04:00
673fc8048281c4b359d65661,DE9C29R7,CAR,2024-11-22 03:53:40.806968+04:00
673fefeb5c78a927c206c403,BFBQM58B,CAR,2024-11-22 06:43:55.336151+04:00
673ffaef30d5e98aa7ab5c6a,RSC4UGSG,CAR,2024-11-22 07:30:55.791141+04:00
673ffb3e5c78a927c206c511,26VC2YT7,CAR,2024-11-22 07:32:14.488725+04:00
673ffbbdde0003cfafe14f0b,DRD2M4AV,CAR,2024-11-22 07:34:21.226081+04:00
67400491de0003cfafe14f93,7722CHH7,CAR,2024-11-22 08:12:00.981481+04:00
674012085c78a927c206c6c1,PW3E72GA,CAR,2024-11-22 09:09:28.054080+04:00
6740157fde0003cfafe15038,GVK4J2FF,CAR,2024-11-22 09:24:15.063425+04:00
674018ffc455a52013a293e1,CL3JXNZ3,CAR,2024-11-22 09:39:11.655973+04:00
674019b28daa59cc3274bbdc,CGERL2DF,CAR,2024-11-22 09:42:10.022007+04:00
67401e1630d5e98aa7ab5dae,7KUVG6QH,CAR,2024-11-22 10:00:54.000561+04:00
67401f43c455a52013a2947c,AXE3WSZ6,CAR,2024-11-22 10:05:55.494209+04:00
67401f5b30d5e98aa7ab5e28,TYXY5DVU,CAR,2024-11-22 10:06:19.831823+04:00
67401fec5c78a927c206c905,GFAQ23SF,CAR,2024-11-22 10:08:44.175756+04:00
6740207130d5e98aa7ab5ea7,M3BW9XZG,CAR,2024-11-22 10:10:57.143089+04:00
6740209e8ae241ec71f02e54,R6BAGU9D,CAR,2024-11-22 10:11:42.210180+04:00
6740213330d5e98aa7ab5f39,5J873PCY,CAR,2024-11-22 10:14:11.050175+04:00
674023508daa59cc3274bc9e,2J3WXY3J,CAR,2024-11-22 10:23:12.522631+04:00
674025b15c78a927c206ca13,J27KXW6M,CAR,2024-11-22 10:33:21.053590+04:00
67402924c455a52013a29574,46N656K4,CAR,2024-11-22 10:48:04.377346+04:00
674029d48ae241ec71f03092,BWHWBVP7,CAR,2024-11-22 10:51:00.034039+04:00
67402a6930d5e98aa7ab5f78,C4EMBZKA,CAR,2024-11-22 10:53:29.334942+04:00
67402a90de0003cfafe1513c,7LAULJQC,CAR,2024-11-22 10:54:08.085576+04:00
67402ab2c455a52013a2961b,9U2TCTQM,CAR,2024-11-22 10:54:42.753261+04:00
67402e2a5c78a927c206cae4,ZANUE7ND,CAR,2024-11-22 11:09:30.773023+04:00
67403121c455a52013a29751,4JV3MR57,CAR,2024-11-22 11:22:09.279012+04:00
6740313f8ae241ec71f03125,NWT7A5CL,CAR,2024-11-22 11:22:39.015939+04:00
6740331c8d7af95a95690cdc,3ZUG8D2T,CAR,2024-11-22 11:30:36.253733+04:00
67403452de0003cfafe15244,9HK2H9SF,CAR,2024-11-22 11:35:46.596558+04:00
674036c242439232ad3ff2c0,MHVRF6F4,CAR,2024-11-22 11:46:10.862046+04:00
67403bdd42439232ad3ff3b4,G5J9RLAK,CAR,2024-11-22 12:07:57.920901+04:00
67404636de0003cfafe15394,LNS5NYTR,CAR,2024-11-22 12:52:06.200603+04:00
6740468e42439232ad3ff4f4,D2UE8AUJ,CAR,2024-11-22 12:53:34.305920+04:00
674046f342439232ad3ff4fb,QA4E3MEN,CAR,2024-11-22 12:55:15.098871+04:00
6740490442439232ad3ff5e7,66WJWYHB,CAR,2024-11-22 13:04:04.892055+04:00
67404b986e40ccef3c7caa29,MM8CGA85,CAR,2024-11-22 13:15:04.029380+04:00
67404bd38d7af95a95690e1b,TAEHTQWC,CAR,2024-11-22 13:16:03.656301+04:00
67404be7de0003cfafe154c1,KUAQ57ZK,CAR,2024-11-22 13:16:23.753899+04:00
67404dc342439232ad3ff745,RG64RJ28,CAR,2024-11-22 13:24:19.820083+04:00
67404fcd42439232ad3ff7fd,UF9TQDPD,CAR,2024-11-22 13:33:00.946139+04:00
6740501e6e40ccef3c7cab5b,7M3HXZCY,CAR,2024-11-22 13:34:22.351166+04:00
674051666e40ccef3c7cab96,BZ3RY7G7,CAR,2024-11-22 13:39:50.172719+04:00
674054c22bc37803ac0d6f93,GUHMX2EX,CAR,2024-11-22 13:54:10.582962+04:00
674057d730d5e98aa7ab6109,ETCMUJZA,CAR,2024-11-22 14:07:19.296915+04:00
67405cd52bc37803ac0d7182,BXCASUAK,CAR,2024-11-22 14:28:37.368208+04:00
67405d774996910753796228,YCYKL453,CAR,2024-11-22 14:31:19.206386+04:00
67405fb5b56219179dbb6776,N3WZT9ZX,CAR,2024-11-22 14:40:53.082696+04:00
67406338b56219179dbb6835,C24XRY5G,CAR,2024-11-22 14:55:52.017060+04:00
674063b6af6a083289081728,VTKTXDEN,CAR,2024-11-22 14:57:58.353515+04:00
67406425fa15b11186e234f9,5C7QDJVH,CAR,2024-11-22 14:59:49.827143+04:00
67406501fa15b11186e2350c,GGZDBCUE,CAR,2024-11-22 15:03:29.444423+04:00
6740667bed1097c85a74748d,W3LPBTFD,CAR,2024-11-22 15:09:47.770680+04:00
67406742ed1097c85a747506,VL9X47YG,CAR,2024-11-22 15:13:05.971760+04:00
67406962fd2cc5fce17c0833,JYV3J5XQ,CAR,2024-11-22 15:22:10.882776+04:00
67406db973f56e3d802300af,ND5LV6N2,CAR,2024-11-22 15:40:41.743169+04:00
67406dd571675552936f3fba,USMYP9RM,CAR,2024-11-22 15:41:09.744304+04:00
67406e973fe95a94bec90906,JK6F62WX,CAR,2024-11-22 15:44:23.458558+04:00
67406f9e8e9ad3de6dfb749f,UNJB2CTA,CAR,2024-11-22 15:48:46.838203+04:00
6740716b6e26c9d1271421eb,KKDXTST2,CAR,2024-11-22 15:56:27.128458+04:00
6740722e3fe95a94bec909b1,64WSQGEA,CAR,2024-11-22 15:59:42.479251+04:00
674072439b0074485af7ee01,RAYLDUNY,CAR,2024-11-22 16:00:03.330449+04:00
674073e94a7706b2b9e8b419,AVSB3X8D,CAR,2024-11-22 16:07:05.715108+04:00
6740753f6e26c9d127142301,267SM5RN,CAR,2024-11-22 16:12:47.130804+04:00
674075a86e26c9d1271423a1,ELF2MLLM,CAR,2024-11-22 16:14:32.785479+04:00
674077169b0074485af7ee91,2XWE85U7,CAR,2024-11-22 16:20:38.678265+04:00
674077744a7706b2b9e8b490,UV3CM7RB,CAR,2024-11-22 16:22:12.210660+04:00
674079689b0074485af7ef1b,T7RD43H5,CAR,2024-11-22 16:30:32.902131+04:00
67407ba29b0074485af7efd7,F464CZ42,CAR,2024-11-22 16:40:02.615891+04:00
67407bbf71675552936f40ca,C8TW2LLL,CAR,2024-11-22 16:40:31.424845+04:00
67407cc89b0074485af7f05a,6LLHLFKS,CAR,2024-11-22 16:44:56.672159+04:00
67407dee6e26c9d12714248f,2ZYNTMW9,CAR,2024-11-22 16:49:49.973904+04:00
67407f766e26c9d127142525,6D6TUSEG,CAR,2024-11-22 16:56:22.480453+04:00
67407f9b3fe95a94bec90ac1,VMGGZSR9,CAR,2024-11-22 16:56:59.487434+04:00
67407fe8b1ec8938ff20906d,ZVLGR95E,CAR,2024-11-22 16:58:16.292531+04:00
674080169b0074485af7f0ed,LFMVPFXA,CAR,2024-11-22 16:59:02.737497+04:00
6740808d6e26c9d127142692,CJ34EHVT,CAR,2024-11-22 17:01:00.976228+04:00
674080d46e26c9d127142749,KTPWTSQG,CAR,2024-11-22 17:02:12.051593+04:00
674080ee3fe95a94bec90b47,S5SFDZRV,CAR,2024-11-22 17:02:38.290845+04:00
674082e46e26c9d127142829,HFYN85CK,CAR,2024-11-22 17:11:00.956141+04:00
6740836c6e26c9d127142899,YV2NGXF4,CAR,2024-11-22 17:13:16.948848+04:00
6740846c9b0074485af7f1e9,KSN9HHJL,CAR,2024-11-22 17:17:32.343455+04:00
67408632c4d71b06e2112d96,D8TAQZGG,CAR,2024-11-22 17:25:06.334608+04:00
674087b4c4d71b06e2112e06,7ZHEGPYH,CAR,2024-11-22 17:31:32.931820+04:00
674088f39b0074485af7f3fa,2WYBZJ8E,CAR,2024-11-22 17:36:51.331685+04:00
674089ab6e26c9d127142b13,33JL8YFK,CAR,2024-11-22 17:39:55.353723+04:00
67408ba29b0074485af7f4ce,N3PYZPH7,CAR,2024-11-22 17:48:18.281370+04:00
67408d479b0074485af7f59a,G9SBYKYK,CAR,2024-11-22 17:55:19.103189+04:00
67408d5b6e26c9d127142cab,X4Z9NGN9,CAR,2024-11-22 17:55:39.076244+04:00
67408d5d6e26c9d127142caf,HYJKAYS8,CAR,2024-11-22 17:55:41.399179+04:00
67408d729b0074485af7f608,WRAQKS9H,CAR,2024-11-22 17:56:02.677653+04:00
67408dc76e26c9d127142df0,WPQ32XAD,CAR,2024-11-22 17:57:27.691777+04:00
67408e579b0074485af7f6a0,XABU6BRM,CAR,2024-11-22 17:59:51.444699+04:00
67408ec43fe95a94bec90bcb,SUNUVMC5,CAR,2024-11-22 18:01:40.443644+04:00
6740916c9b0074485af7f75b,B4XMTLEJ,CAR,2024-11-22 18:13:00.784738+04:00
674092c171675552936f40f3,QHS85XTG,CAR,2024-11-22 18:18:41.234809+04:00
674095726e26c9d127142f32,8E4L7H9H,CAR,2024-11-22 18:30:10.121648+04:00
67409b007f0093a74e897425,E52YKHGZ,CAR,2024-11-22 18:53:52.579070+04:00
67409b70c131c99bbd935808,TYKEUBMF,CAR,2024-11-22 18:55:44.364046+04:00
67409e25c9c5ab5761452066,RMRQ9HTD,CAR,2024-11-22 19:07:17.661331+04:00
6740a69ec9c5ab57614520f6,X5KSQPDA,CAR,2024-11-22 19:43:26.268714+04:00
6740a993c9c5ab5761452188,9CHAZC6D,CAR,2024-11-22 19:56:03.435732+04:00
6740aab13119119b6f5f6fda,UAU7P6NJ,CAR,2024-11-22 20:00:49.773309+04:00
6740ae28fb16ec76fe5f8f39,JBEALLQE,CAR,2024-11-22 20:15:36.840383+04:00
6740b3a701bb47a46fd8a97f,TV5NS98B,CAR,2024-11-22 20:39:03.037806+04:00
6740b6df01bb47a46fd8aa8f,8EQQXPKX,CAR,2024-11-22 20:52:47.476055+04:00
6740c8673119119b6f5f70e5,T2BRL2EA,CAR,2024-11-22 22:07:35.887883+04:00
6740ca1401bb47a46fd8abfa,MDG2W8R9,CAR,2024-11-22 22:14:44.173615+04:00
6740dc791d92018015013d92,ERYZNE7J,CAR,2024-11-22 23:33:13.764319+04:00
6740e25201bb47a46fd8af09,TR6UMJGP,CAR,2024-11-22 23:58:10.359446+04:00
6740ef1f4d51d9f42a210db5,QEW2X58E,CAR,2024-11-23 00:52:47.776629+04:00
6740f4d34d51d9f42a210e21,PBKWKW5J,CAR,2024-11-23 01:17:07.386149+04:00
6740fc5501bb47a46fd8b024,CZUV2ABN,CAR,2024-11-23 01:49:09.859120+04:00
674148e67f06d4da9f9b58f4,EV7UXEVP,CAR,2024-11-23 07:15:50.096383+04:00
67415eb27f06d4da9f9b5995,LWP7NRCS,CAR,2024-11-23 08:48:50.093059+04:00
674162fa976602d37a7a66fd,AUEDXU3Z,CAR,2024-11-23 09:07:06.245815+04:00
67416740976602d37a7a678b,8KHX72KD,CAR,2024-11-23 09:25:20.798302+04:00
67416db3a115ea85930296ab,ML6DCETM,CAR,2024-11-23 09:52:51.806906+04:00
67416f33045919f2550c8396,UCM96P3L,CAR,2024-11-23 09:59:15.185870+04:00
674170e77f06d4da9f9b5a1b,YMZDM8DG,CAR,2024-11-23 10:06:31.967451+04:00
674171d4045919f2550c8424,VNZYN8PR,CAR,2024-11-23 10:10:28.790065+04:00
674172327f06d4da9f9b5a8c,LWTVK356,CAR,2024-11-23 10:12:02.642866+04:00
674172a1045919f2550c84a3,AED42S2B,CAR,2024-11-23 10:13:53.027941+04:00
67417895045919f2550c856c,SDGVSPCD,CAR,2024-11-23 10:39:17.079360+04:00
67417ae9f84d261eab20a9c7,8PS7N2E5,CAR,2024-11-23 10:49:13.810675+04:00
67417b1320d301ed8ab3ed24,7NLYMWQ2,CAR,2024-11-23 10:49:55.898617+04:00
67417b5720d301ed8ab3ed2a,PXVEYMG7,CAR,2024-11-23 10:51:03.888839+04:00
67417ba3976602d37a7a6977,92CFJGT2,CAR,2024-11-23 10:52:19.223290+04:00
67417d4c20d301ed8ab3edf1,XYQBKVUM,CAR,2024-11-23 10:59:24.441698+04:00
67417f73976602d37a7a6b83,XMXWMSG4,CAR,2024-11-23 11:08:35.110217+04:00
67418085d93938b04014f800,S7DAP7H9,CAR,2024-11-23 11:13:09.217775+04:00
674181943d2a4c7753638362,S8Q57ACT,CAR,2024-11-23 11:17:40.735804+04:00
674182c23d2a4c7753638469,DNP562LE,CAR,2024-11-23 11:22:42.900010+04:00
6741843f00e68515f3daa20b,UC6SWWU7,CAR,2024-11-23 11:29:03.146965+04:00
67418540045919f2550c874d,BZDU5W4P,CAR,2024-11-23 11:33:20.186799+04:00
6741859f976602d37a7a6c86,MQL2M59P,CAR,2024-11-23 11:34:55.828297+04:00
6741887b045919f2550c87d2,DK4Y6PE9,CAR,2024-11-23 11:47:07.818250+04:00
6741889dbc2560d13be9b2dc,7LYJ82Y5,CAR,2024-11-23 11:47:41.467395+04:00
67418adc00e68515f3daa2cd,PZHXMERK,CAR,2024-11-23 11:57:16.167315+04:00
67418cb9bc2560d13be9b358,S3MYW5XY,CAR,2024-11-23 12:05:13.470159+04:00
6741904400e68515f3daa353,SQAXZE6X,CAR,2024-11-23 12:20:20.157280+04:00
674190a5045919f2550c8831,EYUCYS52,CAR,2024-11-23 12:21:57.897882+04:00
6741916b976602d37a7a6e5e,GTR4CH2Q,CAR,2024-11-23 12:25:15.396949+04:00
674192e9297c59a1a753a1dd,ZC29N4QZ,CAR,2024-11-23 12:31:37.670467+04:00
67419313bc2560d13be9b3da,LW85RW2E,CAR,2024-11-23 12:32:19.107375+04:00
6741939a3d2a4c77536385bb,FUK2KKAW,CAR,2024-11-23 12:34:34.191754+04:00
674193ce045919f2550c889d,UJQR8766,CAR,2024-11-23 12:35:26.739477+04:00
674193d5976602d37a7a6ef8,GUBTKRBT,CAR,2024-11-23 12:35:33.101031+04:00
6741951d3d2a4c77536385d4,C96NKHK4,CAR,2024-11-23 12:41:01.747293+04:00
6741952bbc2560d13be9b4c1,FBH6NP92,CAR,2024-11-23 12:41:15.320773+04:00
6741970b3d2a4c7753638696,JDVF883Z,CAR,2024-11-23 12:49:15.674239+04:00
6741992e3d2a4c77536386ca,TCHC6HDQ,CAR,2024-11-23 12:58:22.383015+04:00
67419954976602d37a7a6f93,GRW4MUFT,CAR,2024-11-23 12:59:00.659999+04:00
67419a1500e68515f3daa3de,F4MUD3Q8,CAR,2024-11-23 13:02:13.639715+04:00
6741a15a3aceb68d299c4505,LANX7PKZ,CAR,2024-11-23 13:33:14.037406+04:00
6741a4d121d506dfcb592fa7,MLX5J3Z3,CAR,2024-11-23 13:48:01.188726+04:00
6741a60b3d2a4c7753638814,VUUGJEDD,CAR,2024-11-23 13:53:15.840195+04:00
6741a82249781076b52c9fa5,MPNZ9JP4,CAR,2024-11-23 14:02:10.459900+04:00
6741a96c49781076b52ca016,LDPDBTT3,CAR,2024-11-23 14:07:40.702083+04:00
6741a9a13aceb68d299c463d,BBVWR2BS,CAR,2024-11-23 14:08:33.103019+04:00
6741abee49781076b52ca05d,83MPAJ26,CAR,2024-11-23 14:18:22.442648+04:00
6741ace849781076b52ca097,4KBGV6Z2,CAR,2024-11-23 14:22:32.799814+04:00
6741ae26bc2560d13be9b5dd,3GKNNNV5,CAR,2024-11-23 14:27:50.078528+04:00
6741b07a00e68515f3daa502,RBZB8DWD,CAR,2024-11-23 14:37:46.481122+04:00
6741b10fbc2560d13be9b69e,XX3JNYX7,CAR,2024-11-23 14:40:15.907386+04:00
6741b4496e4c746b2dd310a8,ZNSSEHE5,CAR,2024-11-23 14:54:01.663298+04:00
6741b68f49781076b52ca181,XJ2AHBNF,CAR,2024-11-23 15:03:43.619285+04:00
6741b9616e4c746b2dd311c4,4BMJ2PEY,CAR,2024-11-23 15:15:45.527408+04:00
6741bd076e4c746b2dd31272,9LZ4PB9R,CAR,2024-11-23 15:31:19.803729+04:00
6741bdc771b2ffa5c6c2a918,Z7FP27S6,CAR,2024-11-23 15:34:31.760117+04:00
6741c2b6b6599b349fd9bcf7,QQMHCC9D,CAR,2024-11-23 15:55:33.979498+04:00
6741c734b6599b349fd9bd99,B82URV2L,CAR,2024-11-23 16:14:44.250202+04:00
6741c9386e4c746b2dd31415,VXG88XHH,CAR,2024-11-23 16:23:20.602767+04:00
6741c95b6e4c746b2dd31481,XHJKSVED,CAR,2024-11-23 16:23:55.487008+04:00
6741ca8b6e4c746b2dd31503,CTXVPVFP,CAR,2024-11-23 16:28:59.796382+04:00
6741cb842b6fe88de7f5e2a7,YWECAK9K,CAR,2024-11-23 16:33:08.060672+04:00
6741ccb16e4c746b2dd3159a,NSEPUZRC,CAR,2024-11-23 16:38:09.833024+04:00
6741ccb96e4c746b2dd315ce,XKPZMXVR,CAR,2024-11-23 16:38:17.177280+04:00
6741cf3549781076b52ca2a3,35ZDMFHZ,CAR,2024-11-23 16:48:53.257918+04:00
6741d1d46e4c746b2dd316b0,QBX7L8FW,CAR,2024-11-23 17:00:04.725435+04:00
6741d2fcb6599b349fd9bdd7,FFDSCL9L,CAR,2024-11-23 17:05:00.365004+04:00
6741d94271b2ffa5c6c2ab16,VBUYZVCT,CAR,2024-11-23 17:31:46.136224+04:00
6741d97db6599b349fd9bdf0,T6MGAG5S,CAR,2024-11-23 17:32:45.648381+04:00
6741da6c71b2ffa5c6c2abbd,JSQQMSUA,CAR,2024-11-23 17:36:44.670687+04:00
6741dacc6e4c746b2dd31760,VCDMZ5RE,CAR,2024-11-23 17:38:20.070776+04:00
6741e1086e4c746b2dd31819,TTK6K2GT,CAR,2024-11-23 18:04:56.564484+04:00
6741e16e49781076b52ca391,6QJ5QCKM,CAR,2024-11-23 18:06:38.231133+04:00
6741e21b2d5dc9f455176f2a,FMH5P4VL,CAR,2024-11-23 18:09:31.722901+04:00
6741e30d49781076b52ca439,PPT9P2LZ,CAR,2024-11-23 18:13:33.546350+04:00
6741e4cd49781076b52ca4e7,EU8SQJE8,CAR,2024-11-23 18:21:01.726617+04:00
6741e4e771b2ffa5c6c2ac79,6FSKV2YY,CAR,2024-11-23 18:21:26.986544+04:00
6741e5d6666c661e4b78199a,UPFFHEPL,CAR,2024-11-23 18:25:26.699234+04:00
6741e8186e4c746b2dd3184a,4XFWW7KH,CAR,2024-11-23 18:35:04.484311+04:00
6741e8432b6fe88de7f5e3b3,G63LRNYU,CAR,2024-11-23 18:35:47.631625+04:00
6741e99c71b2ffa5c6c2ad7c,567MKWSG,CAR,2024-11-23 18:41:32.827162+04:00
6741e9d271b2ffa5c6c2aded,52KEFDWS,CAR,2024-11-23 18:42:26.401419+04:00
6741ea4b3aceb68d299c479f,EC6R9FY6,CAR,2024-11-23 18:44:27.609189+04:00
6741ec60b6599b349fd9be57,J8JHGD2A,CAR,2024-11-23 18:53:20.448877+04:00
6741f187d558bbebd0cc625e,HTBWFFJQ,CAR,2024-11-23 19:15:18.991397+04:00
6741f3443aceb68d299c47e0,XYRLS9RG,CAR,2024-11-23 19:22:44.686020+04:00
6741f3846e4c746b2dd319bf,48U7R8XX,CAR,2024-11-23 19:23:48.386429+04:00
6741f3d23aceb68d299c484c,FPFU4LF6,CAR,2024-11-23 19:25:06.107017+04:00
6741f47a9e380644f02aad24,YZ8GTR6T,CAR,2024-11-23 19:27:54.450389+04:00
6741f72d3aceb68d299c4893,VB3KL5GU,CAR,2024-11-23 19:39:25.933142+04:00
6741f97cd558bbebd0cc635e,PU74Y8ER,CAR,2024-11-23 19:49:16.609145+04:00
6741ffb7120211c4896acc01,XS6KD2QP,CAR,2024-11-23 20:15:51.869691+04:00
67420436c88a822b56578877,SS86Y3VP,CAR,2024-11-23 20:35:02.621624+04:00
674204f273c5a97f1f519538,2V82U7WT,CAR,2024-11-23 20:38:10.299067+04:00
674206d7c88a822b56578916,V23F89QF,CAR,2024-11-23 20:46:15.779772+04:00
674209ca120211c4896acc47,GR868T96,CAR,2024-11-23 20:58:50.679700+04:00
67420d2fc88a822b565789d7,YUKUMZJ7,CAR,2024-11-23 21:13:19.245757+04:00
67420e67c88a822b56578a4d,AZ2B4G76,CAR,2024-11-23 21:18:31.494463+04:00
6742105c73c5a97f1f5195ff,DWE5L8FW,CAR,2024-11-23 21:26:52.250625+04:00
674212e3d558bbebd0cc642f,SN8ZDW3T,CAR,2024-11-23 21:37:39.623381+04:00
67421466d558bbebd0cc64a6,E82SBFNH,CAR,2024-11-23 21:44:06.793755+04:00
674254a1c88a822b56578c7f,S4PYSZMG,CAR,2024-11-24 02:18:09.165713+04:00
67426328c88a822b56578c9b,24Q5GEPF,CAR,2024-11-24 03:20:07.752980+04:00
67428814d558bbebd0cc65f4,647J23C7,CAR,2024-11-24 05:57:40.229521+04:00
67429be8c88a822b56578d25,HVHTL2SW,CAR,2024-11-24 07:22:16.257948+04:00
6742ac97c88a822b56578e97,CTSAET8U,CAR,2024-11-24 08:33:27.939592+04:00
6742aff4d2c2e6dd77b125f0,QA7ZNSUW,CAR,2024-11-24 08:47:47.977309+04:00
6742b1aac88a822b56578f16,J6AWAVQF,CAR,2024-11-24 08:55:06.767192+04:00
6742b657a674c0b0711216db,GKLBMJ9U,CAR,2024-11-24 09:15:03.059892+04:00
6742bc42f17e667ceda780c3,J63GKSYG,CAR,2024-11-24 09:40:18.870375+04:00
6742bd81d2c2e6dd77b126c8,GQ6NBLVL,CAR,2024-11-24 09:45:36.993367+04:00
6742bf73c88a822b565790c3,7YG6TVNK,CAR,2024-11-24 09:53:55.474027+04:00
6742c022f17e667ceda781ac,BPZ2F43X,CAR,2024-11-24 09:56:50.128587+04:00
6742c593f17e667ceda78249,996PQLFR,CAR,2024-11-24 10:20:03.226728+04:00
6742c5e3f17e667ceda782b9,NJCH5B4B,CAR,2024-11-24 10:21:23.846459+04:00
6742c5f8f17e667ceda782c0,KAVR4SVQ,CAR,2024-11-24 10:21:44.687090+04:00
6742c6f3c73ce6b001698ef4,YMLCWF2B,CAR,2024-11-24 10:25:54.976228+04:00
6742c85c4f915319d5572256,32DCF7XH,CAR,2024-11-24 10:31:56.279451+04:00
6742cb70c73ce6b001699032,3WXV3ZNS,CAR,2024-11-24 10:45:04.830358+04:00
6742d39668cb71313eb9574e,3AXX5SMB,CAR,2024-11-24 11:19:50.820902+04:00
6742d6c7c51001eca3a62b6c,D4QJ2MQB,CAR,2024-11-24 11:33:27.825267+04:00
6742da2968cb71313eb9583b,6EXH5ZE2,CAR,2024-11-24 11:47:53.235704+04:00
6742db2dc73ce6b0016992c1,BTH6CN6A,CAR,2024-11-24 11:52:13.432124+04:00
6742dba068cb71313eb958dc,34E9BRDY,CAR,2024-11-24 11:54:08.823464+04:00
6742dd2bebccd9950e1a747f,P3ERVK6S,CAR,2024-11-24 12:00:43.157487+04:00
6742e0d9b54ce38c1c97f860,MCTCAPJX,CAR,2024-11-24 12:16:25.302918+04:00
6742e110b54ce38c1c97f8fd,M48EYZSG,CAR,2024-11-24 12:17:20.620074+04:00
6742e98e4f915319d55724b8,2BZMCXK5,CAR,2024-11-24 12:53:34.883591+04:00
6742eb6bc4267b53ccab163e,Y9YYQP6P,CAR,2024-11-24 13:01:31.428666+04:00
6742ee7768cb71313eb95bae,UTX8EWX9,CAR,2024-11-24 13:14:31.919128+04:00
6742eeccc4267b53ccab170e,KYKBAPW6,CAR,2024-11-24 13:15:56.651156+04:00
6742efb7c4267b53ccab1725,TYBT9FU3,CAR,2024-11-24 13:19:51.037295+04:00
6742f322c4267b53ccab1796,D2X8EWPG,CAR,2024-11-24 13:34:26.579710+04:00
6742f54268cb71313eb95c79,L27S77Q2,CAR,2024-11-24 13:43:30.724846+04:00
6742fb7cc73ce6b0016994db,CLUSQAAV,CAR,2024-11-24 14:10:04.462133+04:00
6742fd6d4f915319d55726f6,XN96XG36,CAR,2024-11-24 14:18:21.094186+04:00
6742fe49c73ce6b001699515,BCFLM49Z,CAR,2024-11-24 14:22:01.158804+04:00
674300f5c73ce6b00169959b,D6MUFQZG,CAR,2024-11-24 14:33:25.505208+04:00
674301bfc73ce6b0016995f3,9LZNHESE,CAR,2024-11-24 14:36:47.943392+04:00
674302bcc4267b53ccab18ae,KTVVT6JE,CAR,2024-11-24 14:41:00.895474+04:00
67430362b54ce38c1c97f9e8,FQMZ8K25,CAR,2024-11-24 14:43:46.007113+04:00
6743049968cb71313eb95f84,QXAPLBFA,CAR,2024-11-24 14:48:57.398259+04:00
6743059468cb71313eb9610d,MZR7LNMR,CAR,2024-11-24 14:53:08.888740+04:00
6743098d4f915319d557281f,A8KFBA9D,CAR,2024-11-24 15:10:05.189613+04:00
67430a87ebccd9950e1a7575,2DXYA6MH,CAR,2024-11-24 15:14:15.425887+04:00
67431023c73ce6b0016996c2,TDCRC2AU,CAR,2024-11-24 15:38:11.771902+04:00
67431366c73ce6b001699822,8USB33LT,CAR,2024-11-24 15:52:06.672173+04:00
67431e63c73ce6b0016998ce,M6PVQMYQ,CAR,2024-11-24 16:38:59.877555+04:00
674320373ce3c3f16e017a3b,H6RVQX5X,CAR,2024-11-24 16:46:47.919882+04:00
6743214a03f14ce156454eda,MS9NFFF8,CAR,2024-11-24 16:51:22.314293+04:00
6743286ac73ce6b0016999ab,KPDMZRVH,CAR,2024-11-24 17:21:46.543254+04:00
67432c9d3f85544a4f6f33e0,YAFGEYTE,CAR,2024-11-24 17:39:41.673084+04:00
67432e264f915319d5572978,U8QXGM5Y,CAR,2024-11-24 17:46:14.114401+04:00
67432fb903f14ce156454f98,Z8C96HTQ,CAR,2024-11-24 17:52:57.429389+04:00
674331e190a4134c3bd79cbf,8NQFQNEZ,CAR,2024-11-24 18:02:09.520386+04:00
6743366deb094435c701346a,WK75EPWM,CAR,2024-11-24 18:21:33.167281+04:00
67433aba03f14ce156455159,8NAXRZXS,CAR,2024-11-24 18:39:54.843668+04:00
67433d8f03f14ce1564551c3,MQZU8HQ9,CAR,2024-11-24 18:51:59.505260+04:00
6743436ceb094435c701365b,FTV9HDAV,CAR,2024-11-24 19:17:00.070938+04:00
67435a4eeb094435c701378e,KRWSGH3F,CAR,2024-11-24 20:54:38.218782+04:00
67435d04eb094435c701381d,23N2FA4M,CAR,2024-11-24 21:06:12.731427+04:00
67436d4c87f9d3eb5c7c106a,9LFK5VDA,CAR,2024-11-24 22:15:40.539014+04:00
67436d5e23079723566cd052,QNHWW688,CAR,2024-11-24 22:15:58.530934+04:00
67436de987f9d3eb5c7c110a,JQKHMZBK,CAR,2024-11-24 22:18:17.548689+04:00
674370989f65b5db894b555b,KRK98D54,CAR,2024-11-24 22:29:44.859711+04:00
674370e5eb094435c70139cc,RYCDNN9M,CAR,2024-11-24 22:31:01.197863+04:00
674376be9f65b5db894b55af,B94XK46P,CAR,2024-11-24 22:55:57.973682+04:00
67438058eb094435c7013a7b,VSL284ZW,CAR,2024-11-24 23:36:56.764835+04:00
674380a2ffbc1e3f0d514d57,7DTSATFA,CAR,2024-11-24 23:38:10.669781+04:00
67438deb0b60607a1bb8aeb6,ZPXKY6YH,CAR,2024-11-25 00:34:51.673033+04:00
6743e133ba47183be4bf3eec,N53MM57X,CAR,2024-11-25 06:30:11.248438+04:00
6743e5730174f0ba57e3a3d1,XWVQPZVE,CAR,2024-11-25 06:48:19.670275+04:00
6743f18feb094435c7013bf9,Q6LXYYPV,CAR,2024-11-25 07:39:58.999877+04:00
6743f6809f65b5db894b582d,78U95MUT,CAR,2024-11-25 08:01:04.329881+04:00
6743f986eb094435c7013cc9,LVWX5ZXP,CAR,2024-11-25 08:13:58.357771+04:00
6743fa9eba47183be4bf3f79,9MZZSJQ7,CAR,2024-11-25 08:18:38.618657+04:00
6743fb3e0174f0ba57e3a4c2,B2PNACJA,CAR,2024-11-25 08:21:18.705875+04:00
6743fbb8ffbc1e3f0d514dcc,2SQTU6CF,CAR,2024-11-25 08:23:20.519778+04:00
6743fc5deb094435c7013d42,99439MA5,CAR,2024-11-25 08:26:05.077177+04:00
6743fdd087f9d3eb5c7c122d,32M377G8,CAR,2024-11-25 08:32:16.499064+04:00
6743fe18e5e2da79bda248f2,CXNNVCQL,CAR,2024-11-25 08:33:28.080426+04:00
674407c0ba47183be4bf3fcc,ZWGMWZET,CAR,2024-11-25 09:14:40.331978+04:00
67440838a83640bceea6f1a7,EFDTLR3Q,CAR,2024-11-25 09:16:40.384148+04:00
6744085887f9d3eb5c7c1282,W3KKT524,CAR,2024-11-25 09:17:12.961546+04:00
67440976a83640bceea6f232,374DXH3R,CAR,2024-11-25 09:21:58.632091+04:00
67440b2f87f9d3eb5c7c12f9,XWMDQRRS,CAR,2024-11-25 09:29:19.340964+04:00
67440d4f87f9d3eb5c7c1304,NQEJNQJU,CAR,2024-11-25 09:38:23.775010+04:00
67440f8ba83640bceea6f398,MF8FA8YN,CAR,2024-11-25 09:47:55.053203+04:00
67440f97ba47183be4bf40a6,Z27DWNWN,CAR,2024-11-25 09:48:07.739171+04:00
67441054ba47183be4bf40f0,PB7FBUC4,CAR,2024-11-25 09:51:16.370232+04:00
674411c2a83640bceea6f4d3,Z4QUC5WW,CAR,2024-11-25 09:57:22.678173+04:00
674412650174f0ba57e3a5af,8WC9G2Y2,CAR,2024-11-25 10:00:05.899396+04:00
6744167a0174f0ba57e3a640,ECKERZRK,CAR,2024-11-25 10:17:30.723175+04:00
6744170ce479f8d846fa7c46,Z884L475,CAR,2024-11-25 10:19:56.787245+04:00
67441784e479f8d846fa7cb9,88V8N9WL,CAR,2024-11-25 10:21:56.661430+04:00
674417c987f9d3eb5c7c154a,5SH46FJP,CAR,2024-11-25 10:23:05.135785+04:00
67441bb1d0a248bf756cafe2,4PENYBJU,CAR,2024-11-25 10:39:45.316331+04:00
67441bd93d7a92fb32690f66,F369T5VH,CAR,2024-11-25 10:40:25.942595+04:00
67441ce90174f0ba57e3a73c,SNHMSNF6,CAR,2024-11-25 10:44:57.160580+04:00
67441d583d7a92fb32691048,67RX922C,CAR,2024-11-25 10:46:48.178191+04:00
67441f6ad0a248bf756cb058,6EY8VLGX,CAR,2024-11-25 10:55:38.176411+04:00
67441f92e479f8d846fa7dbd,VQYXEK8E,CAR,2024-11-25 10:56:18.910076+04:00
67441f9ca83640bceea6f71b,LE8QY3DY,CAR,2024-11-25 10:56:28.711761+04:00
67441fbaa83640bceea6f7b8,76W5DYP7,CAR,2024-11-25 10:56:58.238930+04:00
6744206772f8cd9a8f59d021,A9E3R2B9,CAR,2024-11-25 10:59:51.618338+04:00
6744214e72f8cd9a8f59d0a4,A9YY59BY,CAR,2024-11-25 11:03:42.240930+04:00
674421be0174f0ba57e3a85d,76BBKB4L,CAR,2024-11-25 11:05:34.747471+04:00
674422891e2986c5b26f7d59,UBHSRY4G,CAR,2024-11-25 11:08:57.486550+04:00
6744230f1e2986c5b26f7dfb,EJDEYL5S,CAR,2024-11-25 11:11:11.537177+04:00
674424c1d70ab08c18a7308a,JSAG4MAQ,CAR,2024-11-25 11:18:25.655905+04:00
674425b2d70ab08c18a7312b,AYR8EQQM,CAR,2024-11-25 11:22:26.221619+04:00
6744261872f8cd9a8f59d163,PLFJ4G4R,CAR,2024-11-25 11:24:08.753314+04:00
6744277272f8cd9a8f59d1e8,Z8JS2HHS,CAR,2024-11-25 11:29:54.717992+04:00
67442b15cbadd13eddf194f7,E25R2T87,CAR,2024-11-25 11:45:25.664812+04:00
67442bb1f869efce0d159703,3RA6T4S6,CAR,2024-11-25 11:48:01.927577+04:00
67442bbbf869efce0d159767,NWD7YLC4,CAR,2024-11-25 11:48:10.997284+04:00
67442c1e82e2b45b6e2e2d8a,Y2HM6625,CAR,2024-11-25 11:49:50.832133+04:00
67442c609c3cade388afd0e4,5N6KG6C9,CAR,2024-11-25 11:50:56.491256+04:00
67442f123b29c18a50a9ed1d,8F7UPSYL,CAR,2024-11-25 12:02:26.950574+04:00
67442f16f869efce0d159848,S9ALCN4U,CAR,2024-11-25 12:02:30.524432+04:00
67443032d70ab08c18a732ed,43XCLHAP,CAR,2024-11-25 12:07:14.843573+04:00
674430cbcbadd13eddf1969d,G9STSFD2,CAR,2024-11-25 12:09:47.425906+04:00
6744310d3b29c18a50a9edc8,KPV4AS7L,CAR,2024-11-25 12:10:53.820103+04:00
67443308cbadd13eddf19728,M6TJ8XW2,CAR,2024-11-25 12:19:20.767866+04:00
6744332382e2b45b6e2e2ecb,2S7UWB9F,CAR,2024-11-25 12:19:47.946392+04:00
6744349e9c3cade388afd266,43JT6ZZ2,CAR,2024-11-25 12:26:06.914008+04:00
67443505f869efce0d1598e1,54J4667Q,CAR,2024-11-25 12:27:49.479539+04:00
674437c78b5f72a710730762,MYCRW2CV,CAR,2024-11-25 12:39:35.209451+04:00
67443928cbadd13eddf198d8,Y22GRL5H,CAR,2024-11-25 12:45:28.893781+04:00
6744393282e2b45b6e2e2f30,J2YJ875V,CAR,2024-11-25 12:45:37.983106+04:00
674439579c3cade388afd4b8,57K3MZ9Y,CAR,2024-11-25 12:46:15.339024+04:00
67443996f869efce0d159978,EY38T8WH,CAR,2024-11-25 12:47:18.509401+04:00
67443a279c3cade388afd555,9FRQCTWP,CAR,2024-11-25 12:49:43.564998+04:00
67443b5282e2b45b6e2e2fa2,4UZ42TYN,CAR,2024-11-25 12:54:42.674671+04:00
67443b633b29c18a50a9eea1,52CRRTYF,CAR,2024-11-25 12:54:59.185202+04:00
67443c0254cd666cb604715a,JLQVH4H8,CAR,2024-11-25 12:57:37.954878+04:00
67443cb49c3cade388afd5d5,Q6H6N8PW,CAR,2024-11-25 13:00:36.475282+04:00
67443d028b5f72a7107308b5,DPAV59K9,CAR,2024-11-25 13:01:54.271925+04:00
67443f4c3b29c18a50a9ef2c,72BAFM62,CAR,2024-11-25 13:11:39.995929+04:00
67444168bc2f3153a64e8061,3UACTNCU,CAR,2024-11-25 13:20:40.154766+04:00
6744422abc2f3153a64e80e0,FGXHPTLP,CAR,2024-11-25 13:23:54.673257+04:00
674442d6dc450c4e1eb8beeb,VYMYJN5N,CAR,2024-11-25 13:26:46.195817+04:00
674443f84eddc4ac301df9f6,8SFBZMSH,CAR,2024-11-25 13:31:36.408625+04:00
674443fcbc2f3153a64e81a7,VZ2H55TR,CAR,2024-11-25 13:31:40.044448+04:00
674444999c3cade388afd807,WBGAV4ML,CAR,2024-11-25 13:34:17.950211+04:00
6744457e9c3cade388afd8df,XNUP42E8,CAR,2024-11-25 13:38:06.878257+04:00
6744458edc450c4e1eb8bf90,ZSG9VWVB,CAR,2024-11-25 13:38:22.764264+04:00
6744475f4eddc4ac301dfa32,GSVSUCZR,CAR,2024-11-25 13:46:07.440520+04:00
6744485ebc2f3153a64e8301,ZB3BYRTQ,CAR,2024-11-25 13:50:22.920003+04:00
674448ffbc2f3153a64e830b,BTUQ4N4S,CAR,2024-11-25 13:53:03.043136+04:00
67444957e1261ecb52b41442,5BM2PXHW,CAR,2024-11-25 13:54:31.635872+04:00
674449bdbc2f3153a64e837a,2DZ6KLLR,CAR,2024-11-25 13:56:13.857896+04:00
67444b22bc2f3153a64e83c4,26LUWX37,CAR,2024-11-25 14:02:10.154814+04:00
67444b354eddc4ac301dfab4,5XWRER4B,CAR,2024-11-25 14:02:29.326947+04:00
67444bc6f5cf125e64f1aad5,GX9Y4CG9,CAR,2024-11-25 14:04:54.410956+04:00
67444d47dc450c4e1eb8c0cb,9E9KUSGK,CAR,2024-11-25 14:11:19.628526+04:00
67444e55b604d6c2faa2dd00,6YVX42F8,CAR,2024-11-25 14:15:49.132068+04:00
6744527cbcb4b3de35b77264,DA95XP93,CAR,2024-11-25 14:33:32.751421+04:00
674454afbc2f3153a64e8460,G3AETBVT,CAR,2024-11-25 14:42:55.471652+04:00
67445553bc2f3153a64e84e1,CEWD52L9,CAR,2024-11-25 14:45:39.356891+04:00
6744558dbc2f3153a64e8555,USUM4GAE,CAR,2024-11-25 14:46:37.727628+04:00
674456c1bcb4b3de35b772ef,6TNACRV8,CAR,2024-11-25 14:51:45.226468+04:00
67445817847338e83bbe6567,FYDCXFH4,CAR,2024-11-25 14:57:27.401972+04:00
67445a95fa5694a070e63d60,NS6HBFPK,CAR,2024-11-25 15:08:05.139740+04:00
67445aba4eddc4ac301dfbb1,FHHMESB2,CAR,2024-11-25 15:08:42.404857+04:00
67445ad7bc2f3153a64e85c7,U49ZXL9L,CAR,2024-11-25 15:09:11.319927+04:00
67445ca5b604d6c2faa2df6f,DUWC2ER8,CAR,2024-11-25 15:16:53.927982+04:00
67445cccbc2f3153a64e864b,SY2H5UXH,CAR,2024-11-25 15:17:32.085393+04:00
67445d71b604d6c2faa2dfee,HXDFFK7V,CAR,2024-11-25 15:20:17.941899+04:00
67445d82fa5694a070e63ed3,8D9JFKCN,CAR,2024-11-25 15:20:34.330179+04:00
67445e4bdc450c4e1eb8c501,7TJ878E8,CAR,2024-11-25 15:23:55.613991+04:00
67445febdc450c4e1eb8c588,ZNXDLFLR,CAR,2024-11-25 15:30:51.964250+04:00
67446068b604d6c2faa2e0ac,LPTWLZXQ,CAR,2024-11-25 15:32:56.251278+04:00
6744611bb604d6c2faa2e141,BLH6DNKC,CAR,2024-11-25 15:35:55.041112+04:00
6744628a49d0d0bee309b985,8DHF4YVT,CAR,2024-11-25 15:42:02.798078+04:00
6744632c24cf1cfc7582938c,S8GZUC8G,CAR,2024-11-25 15:44:44.242247+04:00
674463abdfff56e5fe33afa0,92H8H3XE,CAR,2024-11-25 15:46:51.793172+04:00
67446530567e62b6f625adc2,6JNJ3DM2,CAR,2024-11-25 15:53:20.583286+04:00
674466b924cf1cfc758293c4,PUTA5UV4,CAR,2024-11-25 15:59:53.088414+04:00
6744697d567e62b6f625aeb7,8A4LXADS,CAR,2024-11-25 16:11:40.991331+04:00
67446af4567e62b6f625af63,YZA3XF75,CAR,2024-11-25 16:17:56.429877+04:00
67446b6a49d0d0bee309ba3c,BD48MV9Z,CAR,2024-11-25 16:19:54.556985+04:00
67446b8849d0d0bee309ba7a,2MW9AL3M,CAR,2024-11-25 16:20:24.902155+04:00
67446c9d567e62b6f625b009,PVMGTZKT,CAR,2024-11-25 16:25:01.696676+04:00
67446cc624dfb52a514deedd,BUSC8UVK,CAR,2024-11-25 16:25:42.482235+04:00
67446dda24cf1cfc7582956e,XPGHW5MC,CAR,2024-11-25 16:30:18.368276+04:00
67446e1b24dfb52a514def8a,DE7MNQRQ,CAR,2024-11-25 16:31:23.232255+04:00
67446fb249d0d0bee309bbaa,R496VRT8,CAR,2024-11-25 16:38:10.706897+04:00
67446fbb49d0d0bee309bbae,4V422ALA,CAR,2024-11-25 16:38:19.557187+04:00
6744711824cf1cfc75829679,8LMUJ93H,CAR,2024-11-25 16:44:08.215952+04:00
6744716c24cf1cfc758296af,72LSKZAA,CAR,2024-11-25 16:45:32.423749+04:00
674472bb1eefb365d5f447f0,9ADSZQER,CAR,2024-11-25 16:51:07.781495+04:00
6744730d225847f70292bee7,XAEYHY92,CAR,2024-11-25 16:52:29.073371+04:00
674473c2cee463bb9464c13a,KMTJRYYK,CAR,2024-11-25 16:55:30.339019+04:00
674477185884237cffcec5b3,RX37MNDM,CAR,2024-11-25 17:09:44.825879+04:00
6744784bd20e7b6ad39d3ab0,S4UBU44U,CAR,2024-11-25 17:14:51.505222+04:00
674478c71eefb365d5f4483e,U7M34W59,CAR,2024-11-25 17:16:55.668391+04:00
674479acd20e7b6ad39d3b23,MEQ9PQJM,CAR,2024-11-25 17:20:44.885588+04:00
674479c1225847f70292bf79,5ZQAEL2A,CAR,2024-11-25 17:21:05.537109+04:00
67447a84d20e7b6ad39d3b93,QJ24GV3H,CAR,2024-11-25 17:24:19.914398+04:00
67447d20567e62b6f625b326,TDCR6VD2,CAR,2024-11-25 17:35:28.938177+04:00
67447d4b567e62b6f625b396,P7WASXCH,CAR,2024-11-25 17:36:11.001077+04:00
67447f59d20e7b6ad39d3bcb,L3AGD2XX,CAR,2024-11-25 17:44:57.714530+04:00
67447fdd558ae8f4c4cde42b,JDJ6S5ZD,CAR,2024-11-25 17:47:09.525019+04:00
67448087ed70c499fd28c7ee,QDKLJX87,CAR,2024-11-25 17:49:59.641466+04:00
6744814c5103d1eef3a9a44f,QZ3A9GWL,CAR,2024-11-25 17:53:16.691318+04:00
674481bd5103d1eef3a9a45c,P5EZBGKA,CAR,2024-11-25 17:55:08.949397+04:00
674482481eefb365d5f44908,PJPSR9U5,CAR,2024-11-25 17:57:28.186096+04:00
674482a9ed70c499fd28c82b,AZJAV23E,CAR,2024-11-25 17:59:05.230703+04:00
674483bd1cf4e0ea98fc04bb,CDSXLAY9,CAR,2024-11-25 18:03:41.599258+04:00
674483c81cf4e0ea98fc04f2,74HCZWDE,CAR,2024-11-25 18:03:52.301973+04:00
6744849e5103d1eef3a9a4e4,HR8HWFCF,CAR,2024-11-25 18:07:26.038109+04:00
67448afb5103d1eef3a9a59a,KXDDWDAG,CAR,2024-11-25 18:34:35.931312+04:00
67448d1c1cf4e0ea98fc0692,F5QJU6G6,CAR,2024-11-25 18:43:40.165886+04:00
6744920dd72fd48b6347b13d,4SVMQX65,CAR,2024-11-25 19:04:45.603513+04:00
674493d9d72fd48b6347b1b4,3S468ZKT,CAR,2024-11-25 19:12:25.549808+04:00
674494261cf4e0ea98fc075c,UXYQKVQ7,CAR,2024-11-25 19:13:42.292277+04:00
674494cfb487c601b1ffd785,2VTBUQ6Q,CAR,2024-11-25 19:16:31.602195+04:00
674494f4846c263e23caa48d,3JKEGZGT,CAR,2024-11-25 19:17:08.660989+04:00
674495101cf4e0ea98fc0853,9YX9FSA3,CAR,2024-11-25 19:17:36.639313+04:00
6744957e75b645fad09ecb00,FR4H6AEM,CAR,2024-11-25 19:19:26.890830+04:00
6744967eb487c601b1ffd8b7,KSWTG8JK,CAR,2024-11-25 19:23:42.052517+04:00
6744968175b645fad09ecb85,M9R5ZJR6,CAR,2024-11-25 19:23:45.200893+04:00
6744a12e982e2bddde793da0,GEXVP8FA,CAR,2024-11-25 20:09:18.229829+04:00
6744a145982e2bddde793e04,JV9CGN64,CAR,2024-11-25 20:09:41.032708+04:00
6744a34d824a5244279daa27,Q7QSPSSE,CAR,2024-11-25 20:18:21.274091+04:00
6744a442863da76f594152e6,2L6A47YC,CAR,2024-11-25 20:22:26.390719+04:00
6744a8e1281db85e5f8040fc,TUDUH66E,CAR,2024-11-25 20:42:09.380449+04:00
6744acac4affea8ed5f551e2,PYSY9U5F,CAR,2024-11-25 20:58:20.049382+04:00
6744ae4bfd676f25ff458dbb,N8ZQ4HP2,CAR,2024-11-25 21:05:15.722245+04:00
6744b168fd290779c1bb335c,APTVX4J4,CAR,2024-11-25 21:18:32.029907+04:00
6744b34ad54c4ed35e7cfcf5,XSGXUWGK,CAR,2024-11-25 21:26:34.044782+04:00
6744b391da3cf5c8ed086e96,668SXCAN,CAR,2024-11-25 21:27:45.024110+04:00
6744b3b6d54c4ed35e7cfcfd,BKEP64YT,CAR,2024-11-25 21:28:21.996973+04:00
6744b47efd290779c1bb33db,VNB3BSNG,CAR,2024-11-25 21:31:42.434596+04:00
6744b791936acbffd6615edc,TG4FNGRV,CAR,2024-11-25 21:44:49.496464+04:00
6744b94a4f2c08c92146853f,N5QHWCLA,CAR,2024-11-25 21:52:10.913232+04:00
6744bdb6281db85e5f80434c,GC8X94HD,CAR,2024-11-25 22:11:02.343045+04:00
6744beafd54c4ed35e7cfe46,EZVXFCFQ,CAR,2024-11-25 22:15:11.697193+04:00
6744c38ed54c4ed35e7cfec8,RZ6VUPCX,CAR,2024-11-25 22:35:57.907452+04:00
6744d480dffd064911457a88,Y5HV8WWR,CAR,2024-11-25 23:48:16.159160+04:00
6744d96fda3cf5c8ed086f62,7X8D7RQE,CAR,2024-11-26 00:09:19.436210+04:00
674540856cd605918cbbfa34,UZLH95VN,CAR,2024-11-26 07:29:09.877052+04:00
674541d0dffd064911457c24,XZ3RQ8MC,CAR,2024-11-26 07:34:40.039190+04:00
674542705243d881ed45ed8b,NL4WEU2R,CAR,2024-11-26 07:37:20.899950+04:00
6745430c5cbec23a0751f0d5,KVK72PVY,CAR,2024-11-26 07:39:56.149042+04:00
67454bf85243d881ed45eec5,T8ARFJVR,CAR,2024-11-26 08:18:00.279712+04:00
67455435d54c4ed35e7d0385,5NJW4VMC,CAR,2024-11-26 08:53:09.854821+04:00
674554f25243d881ed45ef8f,HDCAAPEA,CAR,2024-11-26 08:56:18.388036+04:00
674555405243d881ed45eff8,PWN7L4N3,CAR,2024-11-26 08:57:36.867366+04:00
6745554adffd064911457dae,AXLYA3P2,CAR,2024-11-26 08:57:46.178139+04:00
6745565d80c7aa1061210b64,JZEUFARQ,CAR,2024-11-26 09:02:21.462372+04:00
6745597554eef030d284220b,L2VBXRAJ,CAR,2024-11-26 09:15:33.006371+04:00
67455da59776ad76dc25ae3d,WLAURWN7,CAR,2024-11-26 09:33:25.556660+04:00
67455ea078706aedfe0d1394,RTLXJFDK,CAR,2024-11-26 09:37:36.818695+04:00
67455edada3cf5c8ed0870cc,63F4UC9E,CAR,2024-11-26 09:38:34.168958+04:00
674561a7c0541e06746205ec,SWKAKBXT,CAR,2024-11-26 09:50:31.266900+04:00
6745627dda3cf5c8ed08715f,26366TXP,CAR,2024-11-26 09:54:05.730100+04:00
6745633278706aedfe0d1455,A6GXRWVN,CAR,2024-11-26 09:57:06.572609+04:00
674566d978706aedfe0d1518,PHQJ6ZCT,CAR,2024-11-26 10:12:41.639514+04:00
67456800105383556c38e936,5E4X3JWM,CAR,2024-11-26 10:17:36.946101+04:00
674568ce3d50332bd41f4f8e,VP6JPYE4,CAR,2024-11-26 10:21:02.711034+04:00
67456967653fdedae9da93de,KFPTRQST,CAR,2024-11-26 10:23:35.974858+04:00
674569f7da3cf5c8ed0871d1,ZRA4D2N9,CAR,2024-11-26 10:25:58.975225+04:00
67456d18da3cf5c8ed0872b2,2NZ8G83L,CAR,2024-11-26 10:39:20.802013+04:00
67456d22653fdedae9da947d,3A2ZMNDX,CAR,2024-11-26 10:39:30.787087+04:00
67456ff0e0cd2e2be3851bf5,DSXF3BMU,CAR,2024-11-26 10:51:28.832151+04:00
6745703c936acbffd6616036,GDQTP68C,CAR,2024-11-26 10:52:44.407249+04:00
67457151e0cd2e2be3851c74,Z5DGCN76,CAR,2024-11-26 10:57:20.985394+04:00
6745718778706aedfe0d1650,M58CD5NL,CAR,2024-11-26 10:58:15.645935+04:00
674571a408fb39948c8a8c5e,8YGYSRTT,CAR,2024-11-26 10:58:44.108688+04:00
674572ac08fb39948c8a8d06,N53U43FL,CAR,2024-11-26 11:03:08.545596+04:00
67457326e0cd2e2be3851d05,PB9QZ8CX,CAR,2024-11-26 11:05:10.841325+04:00
674573a70ffbc3f81c81acba,T637YW32,CAR,2024-11-26 11:07:18.990184+04:00
674573c09776ad76dc25afc3,D24NZDB7,CAR,2024-11-26 11:07:44.758437+04:00
674574090ffbc3f81c81ad31,4VMUMJXZ,CAR,2024-11-26 11:08:57.366269+04:00
674578c59776ad76dc25b05e,3M6CD6Z9,CAR,2024-11-26 11:29:09.967096+04:00
674579f70ffbc3f81c81ae21,2NC7BWMS,CAR,2024-11-26 11:34:15.904726+04:00
67457c6a5a5206443980554e,BZM2HVT4,CAR,2024-11-26 11:44:42.770636+04:00
67457cd7e0cd2e2be3851e0e,SKU828JA,CAR,2024-11-26 11:46:31.691748+04:00
67457ce68c507dfe874ce769,T8VSBSF4,CAR,2024-11-26 11:46:46.441252+04:00
67457dbf0446c06a19de5bc0,DCETEJ59,CAR,2024-11-26 11:50:23.651522+04:00
67457e7f9776ad76dc25b14c,5CQNSKCV,CAR,2024-11-26 11:53:34.990864+04:00
67457e80e0cd2e2be3851e19,KXYCQV9R,CAR,2024-11-26 11:53:36.181957+04:00
67457f0708fb39948c8a8dd5,Z6XX48B3,CAR,2024-11-26 11:55:51.855125+04:00
6745806f5a520644398055d9,DDZH8VAJ,CAR,2024-11-26 12:01:51.218763+04:00
674580b39776ad76dc25b1f3,QA4HA5VZ,CAR,2024-11-26 12:02:59.634319+04:00
674582ae0ffbc3f81c81aed3,S6CFZCZT,CAR,2024-11-26 12:11:26.105572+04:00
6745842e0446c06a19de5c83,M3UCY96D,CAR,2024-11-26 12:17:50.812643+04:00
6745849f0ffbc3f81c81af11,A9M7U8NG,CAR,2024-11-26 12:19:43.449069+04:00
674585740ffbc3f81c81af16,N4624VC9,CAR,2024-11-26 12:23:16.783340+04:00
6745862f0446c06a19de5d78,R9AABFFW,CAR,2024-11-26 12:26:23.078619+04:00
6745874d0ffbc3f81c81af5b,FY3SFBQ5,CAR,2024-11-26 12:31:09.368427+04:00
67458858da46ea49fa7b652b,E227E7NP,CAR,2024-11-26 12:35:36.369502+04:00
67458935da46ea49fa7b65cf,6MH9EJFD,CAR,2024-11-26 12:39:17.499924+04:00
67458b530446c06a19de5f1e,2BRNDQYY,CAR,2024-11-26 12:48:19.101063+04:00
67458cd90446c06a19de5fa3,DKZ434NB,CAR,2024-11-26 12:54:49.373766+04:00
674590505a52064439805858,NH5P9KXF,CAR,2024-11-26 13:09:36.671215+04:00
674590e74266777607e93359,QJUKK6RP,CAR,2024-11-26 13:12:07.727553+04:00
6745917c0446c06a19de6101,QJHHZZ28,CAR,2024-11-26 13:14:36.711509+04:00
674592e94266777607e93402,QE2X3VEW,CAR,2024-11-26 13:20:41.219939+04:00
6745939e936c5dc315f043a4,7EVBV83F,CAR,2024-11-26 13:23:42.551915+04:00
674593aa4266777607e93478,VFA3J56S,CAR,2024-11-26 13:23:54.737916+04:00
674594c52dcdd438260bf1ef,7P6VBLQC,CAR,2024-11-26 13:28:37.623870+04:00
6745979b0446c06a19de61f5,JMBBS6BE,CAR,2024-11-26 13:40:43.135656+04:00
674599822dcdd438260bf370,LTE46G3K,CAR,2024-11-26 13:48:50.718374+04:00
674599aa594a80ca2f5fcbe0,MTAZ9KFU,CAR,2024-11-26 13:49:30.311553+04:00
67459b362dcdd438260bf3d7,A4KBFKDB,CAR,2024-11-26 13:56:06.037592+04:00
67459ba02dcdd438260bf4d7,9WP2MPUB,CAR,2024-11-26 13:57:52.071960+04:00
67459e192dcdd438260bf571,YRSZXDVZ,CAR,2024-11-26 14:08:25.599741+04:00
6745a0a0936c5dc315f04500,PTXGSN25,CAR,2024-11-26 14:19:12.830956+04:00
6745a0a42dcdd438260bf650,2RF8MTKX,CAR,2024-11-26 14:19:16.387457+04:00
6745a1f1eb97727a14bea599,YAAK5N2J,CAR,2024-11-26 14:24:49.217659+04:00
6745a2f1d66b7dd93db12aaa,DGVFNPFP,CAR,2024-11-26 14:29:05.341024+04:00
6745a314eb97727a14bea702,MBMF44XY,CAR,2024-11-26 14:29:40.274472+04:00
6745a3fe3d24ebe31d22ebc1,D5UBJ4X8,CAR,2024-11-26 14:33:34.286868+04:00
6745a6113d24ebe31d22ecc3,CYX6LTZN,CAR,2024-11-26 14:42:25.111071+04:00
6745a6f4d4ce20b4f3beea33,DFEUX3TB,CAR,2024-11-26 14:46:12.579138+04:00
6745a730594a80ca2f5fccd0,TZMG5Z32,CAR,2024-11-26 14:47:12.745916+04:00
6745a7533d24ebe31d22ed41,WKGBY2PP,CAR,2024-11-26 14:47:47.507928+04:00
6745a87dd4ce20b4f3beeb4d,NVR2GRVE,CAR,2024-11-26 14:52:45.561074+04:00
6745a8b3d66b7dd93db12d84,ZPYRQX4R,CAR,2024-11-26 14:53:39.743234+04:00
6745a8ea09fd61c37be24f32,XN28XC8H,CAR,2024-11-26 14:54:34.689680+04:00
6745a9d33d24ebe31d22edda,F6NF62X3,CAR,2024-11-26 14:58:27.872189+04:00
6745af60fd7dbc0d928895c4,ZVKEGDDL,CAR,2024-11-26 15:22:08.752605+04:00
6745afd73d24ebe31d22ef2f,8V9BJ5DV,CAR,2024-11-26 15:24:07.302942+04:00
6745b3f6f02adc32ec1a4e3a,6LDW74U6,CAR,2024-11-26 15:41:42.167947+04:00
6745b4550217e06b9f9fef44,EMF23AF6,CAR,2024-11-26 15:43:17.311596+04:00
6745b53635989c20fd84f3e9,DUVU82BP,CAR,2024-11-26 15:47:02.952647+04:00
6745b568b83862f7cbbd14dc,2ZMPF69F,CAR,2024-11-26 15:47:52.008159+04:00
6745b71c8e1b54cd8c95f868,ZRLYQTJV,CAR,2024-11-26 15:55:08.341686+04:00
6745b7228e1b54cd8c95f8dc,64KW2BUY,CAR,2024-11-26 15:55:14.445800+04:00
6745b8a08e1b54cd8c95f92e,FCP3N55D,CAR,2024-11-26 16:01:36.936244+04:00
6745baf6f02adc32ec1a5047,AC9HGNAT,CAR,2024-11-26 16:11:34.870475+04:00
6745bb2bb83862f7cbbd154a,4H2D35WF,CAR,2024-11-26 16:12:27.347105+04:00
6745bb9d9e086eb2f3e29d2e,RQZXCVYF,CAR,2024-11-26 16:14:21.655449+04:00
6745bbd1f02adc32ec1a50c3,S3Y7KY5D,CAR,2024-11-26 16:15:13.858130+04:00
6745bc6cb83862f7cbbd1654,4FJTEFAQ,CAR,2024-11-26 16:17:48.421471+04:00
6745bce835989c20fd84f4bc,8KWF8942,CAR,2024-11-26 16:19:52.673199+04:00
6745bd5035989c20fd84f532,VPGSWK4F,CAR,2024-11-26 16:21:36.937282+04:00
6745bd87b83862f7cbbd170c,STKWZQ65,CAR,2024-11-26 16:22:31.112664+04:00
6745bf7b9e086eb2f3e29e45,K8LZNPK3,CAR,2024-11-26 16:30:51.108535+04:00
6745c1f3f02adc32ec1a5332,Q8W55D99,CAR,2024-11-26 16:41:23.243800+04:00
6745c26cb83862f7cbbd17e5,FWGFGS6P,CAR,2024-11-26 16:43:24.131681+04:00
6745c3529e086eb2f3e29f38,GD5VLGMZ,CAR,2024-11-26 16:47:14.372727+04:00
6745c37bb83862f7cbbd1864,7FU6CD4Q,CAR,2024-11-26 16:47:55.933835+04:00
6745c46bf02adc32ec1a5402,ALDV4JHP,CAR,2024-11-26 16:51:55.081877+04:00
6745c4d092610599498a1ea3,2DTGY8QM,CAR,2024-11-26 16:53:36.695038+04:00
6745c59092610599498a1f23,F26H3AVY,CAR,2024-11-26 16:56:48.780588+04:00
6745c5e4b83862f7cbbd1982,83ENL2JM,CAR,2024-11-26 16:58:12.893646+04:00
6745c7b6b83862f7cbbd1a1f,6VM55Y8U,CAR,2024-11-26 17:05:58.621698+04:00
6745c7c15564d2df72b1e969,SFG9C5YX,CAR,2024-11-26 17:06:09.332423+04:00
6745c81a5564d2df72b1e9e2,3XH5PZSR,CAR,2024-11-26 17:07:38.867744+04:00
6745c866b83862f7cbbd1ab3,2U8XXSVR,CAR,2024-11-26 17:08:54.539513+04:00
6745ca19ef69cedfb91c7733,G687R9Y9,CAR,2024-11-26 17:16:09.123746+04:00
6745caef9e086eb2f3e29fc6,TR5VKCP9,CAR,2024-11-26 17:19:43.649918+04:00
6745cafd78c2e93f7e3347f0,ESZ46GLX,CAR,2024-11-26 17:19:57.206049+04:00
6745cc87f02adc32ec1a567b,S9XF2DH3,CAR,2024-11-26 17:26:31.731858+04:00
6745d05eca3ef0374821da9f,MZ9PJHAG,CAR,2024-11-26 17:42:54.024431+04:00
6745d0e516b05cc4946251bb,7FLYCR8P,CAR,2024-11-26 17:45:09.110741+04:00
6745d1f3ca3ef0374821dacd,D3PDSTLM,CAR,2024-11-26 17:49:39.732730+04:00
6745d214f02adc32ec1a5750,NNSLLJE3,CAR,2024-11-26 17:50:12.022799+04:00
6745d292f02adc32ec1a57d0,RLSTQ74R,CAR,2024-11-26 17:52:18.438783+04:00
6745d50efb466718ea647c13,V78B62YX,CAR,2024-11-26 18:02:54.556370+04:00
6745d83516b05cc494625277,XLF3XS8H,CAR,2024-11-26 18:16:21.179831+04:00
6745db0c6435856e2a4dc40f,HRNUQ2TD,CAR,2024-11-26 18:28:28.918690+04:00
6745db27fb466718ea647d47,PKSD4DMW,CAR,2024-11-26 18:28:55.431564+04:00
6745de83eb709a186f023f78,HHDZKNVK,CAR,2024-11-26 18:43:15.285306+04:00
6745e00116b05cc4946252d7,HQA32TLB,CAR,2024-11-26 18:49:37.863426+04:00
6745e0664749a6f18cf9ec2e,WNL76P8Q,CAR,2024-11-26 18:51:18.680652+04:00
6745e3164076d9bbf9c89c35,GHNBMSFT,CAR,2024-11-26 19:02:46.440029+04:00
6745e45716b05cc494625431,FKN99REJ,CAR,2024-11-26 19:08:07.330360+04:00
6745e5feca3ef0374821dd2c,W25QMK74,CAR,2024-11-26 19:15:10.020791+04:00
6745e622fb466718ea647e05,74F3439H,CAR,2024-11-26 19:15:46.284213+04:00
6745e7654749a6f18cf9ed5c,R7NAA9WK,CAR,2024-11-26 19:21:09.705747+04:00
6745e9a26435856e2a4dc51f,QY7XHCHZ,CAR,2024-11-26 19:30:42.903997+04:00
6745eb18ca3ef0374821ddb5,9M7QVGA9,CAR,2024-11-26 19:36:56.062399+04:00
6745eed9fb466718ea647e8f,CNGE83EK,CAR,2024-11-26 19:52:57.897055+04:00
6745eedcca3ef0374821de5a,FFZGJSL5,CAR,2024-11-26 19:53:00.125024+04:00
6745effaca3ef0374821df3b,N7PTWTGV,CAR,2024-11-26 19:57:46.041225+04:00
6745f09b16b05cc4946255d6,UFA3FYW4,CAR,2024-11-26 20:00:27.519812+04:00
6745f120ca3ef0374821df45,78852TRQ,CAR,2024-11-26 20:02:40.240815+04:00
6745f3c1dd6839cec145a063,FD55SSRX,CAR,2024-11-26 20:13:53.421832+04:00
6745f3dfca3ef0374821e027,APB693W5,CAR,2024-11-26 20:14:23.874034+04:00
6745f4dd4749a6f18cf9eeb1,BDYHLFEY,CAR,2024-11-26 20:18:36.982181+04:00
6745f67dace0f6748ac41b6d,ZVGD6KNP,CAR,2024-11-26 20:25:33.450773+04:00
6745fc014749a6f18cf9f055,GKJ3X8KG,CAR,2024-11-26 20:49:05.680683+04:00
6745fc244749a6f18cf9f0bd,X8UCU7N8,CAR,2024-11-26 20:49:40.312796+04:00
6745fcad16b05cc4946255f4,A7L235DD,CAR,2024-11-26 20:51:57.761900+04:00
6745fcd2ca3ef0374821e1a2,NZDKU6LR,CAR,2024-11-26 20:52:34.196364+04:00
674600cc16b05cc4946256d6,CBQNZCTU,CAR,2024-11-26 21:09:32.814420+04:00
674607b44749a6f18cf9f245,A7AYXUVC,CAR,2024-11-26 21:39:00.715669+04:00
6746083c4749a6f18cf9f331,87Q22GWK,CAR,2024-11-26 21:41:16.674098+04:00
674629c74749a6f18cf9f5db,2HNUQX6H,CAR,2024-11-27 00:04:23.259202+04:00
67462e8f1e05c76a55b7de7c,BB52U5EC,CAR,2024-11-27 00:24:47.882105+04:00
674630cedef8bfb7ac362129,BTEYQQGH,CAR,2024-11-27 00:34:22.126202+04:00
674649580e4505df49681c98,RTUW3XLS,CAR,2024-11-27 02:19:04.844590+04:00
67469ee72904e6b7df3ab4e9,ERFFQE33,CAR,2024-11-27 08:24:07.648186+04:00
6746a96d8161a0b1e3ae2e4d,MMT5QYHH,CAR,2024-11-27 09:09:01.676822+04:00
6746acb3def8bfb7ac362399,UMTRKYV6,CAR,2024-11-27 09:22:59.023811+04:00
6746ad2b8161a0b1e3ae2f9a,DNXZ5C4B,CAR,2024-11-27 09:24:59.950989+04:00
6746b01545e2d961dd7c20fa,Q8VGASH9,CAR,2024-11-27 09:37:25.832076+04:00
6746b0d43693ed56cf18b575,R83FTTSB,CAR,2024-11-27 09:40:36.969553+04:00
6746b1150e4505df49681f44,KQZ53JF4,CAR,2024-11-27 09:41:41.595222+04:00
6746b4b20e4505df49682017,C73RREZ5,CAR,2024-11-27 09:57:06.542487+04:00
6746b566f1975c4bb9cea069,GHAFDHXS,CAR,2024-11-27 10:00:06.534899+04:00
6746b5770e4505df4968205d,LSCM5UHH,CAR,2024-11-27 10:00:23.062197+04:00
6746b7480101a8ef8f8bfa59,TXHRYVZA,CAR,2024-11-27 10:08:08.190144+04:00
6746b7eb8161a0b1e3ae3222,W37KWVGR,CAR,2024-11-27 10:10:51.817361+04:00
6746b9be393bc51ecc49fd51,4VHYK4D5,CAR,2024-11-27 10:18:38.854791+04:00
6746bb8b8161a0b1e3ae3277,9HWQDNBB,CAR,2024-11-27 10:26:19.865725+04:00
6746bb9c215ec9f2813fb8b1,4K648CCP,CAR,2024-11-27 10:26:36.213013+04:00
6746bbe4215ec9f2813fb94e,9DDNGNSG,CAR,2024-11-27 10:27:48.451152+04:00
6746be6945e2d961dd7c2230,SMZ9GJGC,CAR,2024-11-27 10:38:33.374683+04:00
6746bf38f1975c4bb9cea119,8LXWDJFN,CAR,2024-11-27 10:42:00.645602+04:00
6746c0d96118673b3be63078,GT8PWJCF,CAR,2024-11-27 10:48:57.741134+04:00
6746c1eb3693ed56cf18b687,UGC9U95Y,CAR,2024-11-27 10:53:31.504101+04:00
6746c2f0393bc51ecc49fdee,QA9NDWTC,CAR,2024-11-27 10:57:52.426050+04:00
6746c3118161a0b1e3ae333b,TK5UDQPH,CAR,2024-11-27 10:58:25.146184+04:00
6746c3dfd186c2d4b39dcaa0,MVUG8UGE,CAR,2024-11-27 11:01:51.851054+04:00
6746c606d3a70fde74f7737b,5ABEFD4M,CAR,2024-11-27 11:11:02.620971+04:00
6746c9e28161a0b1e3ae3409,ZUTUHASW,CAR,2024-11-27 11:27:30.869876+04:00
6746cadcd186c2d4b39dcbf6,WCC9CTKV,CAR,2024-11-27 11:31:40.181037+04:00
6746cb1d206596241a91974c,XSFYJS4L,CAR,2024-11-27 11:32:45.443822+04:00
6746cb5f206596241a9197f6,XTG4MUFJ,CAR,2024-11-27 11:33:51.447645+04:00
6746cd82206596241a9199c1,TQFV8W49,CAR,2024-11-27 11:42:58.053588+04:00
6746d152d186c2d4b39dccfd,CQMVZ4AQ,CAR,2024-11-27 11:59:14.197449+04:00
6746d218206596241a919b2c,AC6DNK5T,CAR,2024-11-27 12:02:32.360989+04:00
6746d232c420944732d9067a,TVAJW9BR,CAR,2024-11-27 12:02:58.147205+04:00
6746d252206596241a919ba4,R4KBWHZY,CAR,2024-11-27 12:03:30.448649+04:00
6746d27ac9d3fd134a4a0f40,R8D9X39X,CAR,2024-11-27 12:04:10.011779+04:00
6746d29fc9d3fd134a4a0fee,76EPQ34N,CAR,2024-11-27 12:04:47.274837+04:00
6746d2ebd186c2d4b39dcd95,XQD73T4V,CAR,2024-11-27 12:06:03.045261+04:00
6746d46f842fb847a46ae913,LW7PE9VM,CAR,2024-11-27 12:12:31.857739+04:00
6746d4c9c9d3fd134a4a115a,CBTEX8F4,CAR,2024-11-27 12:14:01.316944+04:00
6746d4e8d186c2d4b39dce0f,L4J6P782,CAR,2024-11-27 12:14:32.859491+04:00
6746d58cd186c2d4b39dce98,MTEDZA66,CAR,2024-11-27 12:17:16.582111+04:00
6746d593c9d3fd134a4a120e,7VJX4DW6,CAR,2024-11-27 12:17:23.928263+04:00
6746d742206596241a919c80,CMN6HZHE,CAR,2024-11-27 12:24:34.864014+04:00
6746d76ec9d3fd134a4a126a,DLLGXFRE,CAR,2024-11-27 12:25:18.187838+04:00
6746d782c9d3fd134a4a1311,Z9S543SN,CAR,2024-11-27 12:25:38.177412+04:00
6746d7e6842fb847a46ae9b6,RY8U7UNX,CAR,2024-11-27 12:27:18.534408+04:00
6746db8fe62aa2693cb64296,K45XNCFV,CAR,2024-11-27 12:42:55.294194+04:00
6746dcf1b739d4481c5552fa,AWFFVC9S,CAR,2024-11-27 12:48:49.700802+04:00
6746dd13842fb847a46aea92,BEAR2YBS,CAR,2024-11-27 12:49:23.732115+04:00
6746df6e3b831b52ef03d28e,ZZ27ZTH2,CAR,2024-11-27 12:59:26.797601+04:00
6746df7b278db158db1eb76a,BBAQ26Z6,CAR,2024-11-27 12:59:39.117041+04:00
6746e0f8278db158db1eb930,F42GUSXG,CAR,2024-11-27 13:06:00.517850+04:00
6746e1fed6ef167ae99ab7dc,DW6RAHDG,CAR,2024-11-27 13:10:22.732344+04:00
6746e218360111e7b94ebeb5,HBBZN2YX,CAR,2024-11-27 13:10:48.901611+04:00
6746e2c3278db158db1eb9ac,ZV9SQPK3,CAR,2024-11-27 13:13:39.402056+04:00
6746e34f278db158db1eba43,XFNQMDF9,CAR,2024-11-27 13:15:59.366163+04:00
6746e5d2278db158db1ebaa7,CDLAYY6Z,CAR,2024-11-27 13:26:42.859102+04:00
6746e62e644587b97dbdae90,NDY6JTUS,CAR,2024-11-27 13:28:14.051392+04:00
6746e6b5d6ef167ae99ab8e9,NY9YBCX8,CAR,2024-11-27 13:30:29.058755+04:00
6746e79d278db158db1ebc97,QX7CE2MD,CAR,2024-11-27 13:34:21.406413+04:00
6746e910278db158db1ebd74,FVD5UKPL,CAR,2024-11-27 13:40:32.110969+04:00
6746ea3e360111e7b94ebfcf,BGWNZRG4,CAR,2024-11-27 13:45:34.598981+04:00
6746ebc33b831b52ef03d327,K49EK2JZ,CAR,2024-11-27 13:52:03.880634+04:00
6746ec434f695e21ef1cbe7e,WZDXZERF,CAR,2024-11-27 13:54:11.555719+04:00
6746ecc7278db158db1ebf4f,HLKSTUW6,CAR,2024-11-27 13:56:23.486622+04:00
6746edd44f695e21ef1cbf4d,KQSQ6XJ8,CAR,2024-11-27 14:00:52.358197+04:00
6746eeae360111e7b94ec115,HSWBRK3W,CAR,2024-11-27 14:04:30.041846+04:00
6746eef4360111e7b94ec155,2CE7S9SC,CAR,2024-11-27 14:05:40.468359+04:00
6746ef3b360111e7b94ec15a,N4BQ2XGX,CAR,2024-11-27 14:06:51.430784+04:00
6746efbab739d4481c5553f0,H7NMHYWN,CAR,2024-11-27 14:08:58.538414+04:00
6746f014986ccbd3f01facea,USMA944E,CAR,2024-11-27 14:10:28.559515+04:00
6746f1aaf9c37b369a047f1b,ZPKCJMWW,CAR,2024-11-27 14:17:14.362775+04:00
6746f336360111e7b94ec2c9,9M5ATV2D,CAR,2024-11-27 14:23:50.778515+04:00
6746f4633b831b52ef03d3c4,ZBYYKN9E,CAR,2024-11-27 14:28:51.323499+04:00
6746f4cef9c37b369a047f5d,HYMKUFA2,CAR,2024-11-27 14:30:38.173006+04:00
6746f6ae360111e7b94ec3a1,9ZSEX3T3,CAR,2024-11-27 14:38:38.746239+04:00
6746f71f2d60fafd84296438,BZ9C6F5A,CAR,2024-11-27 14:40:31.592108+04:00
6746f773b031c3c6bbcb6edf,FCTVM2ZV,CAR,2024-11-27 14:41:55.093871+04:00
6746f99a2d60fafd842964c5,8VTJCVWB,CAR,2024-11-27 14:51:06.704640+04:00
6746fb8b2ad5f27f48b46f7e,6EGK239S,CAR,2024-11-27 14:59:23.077963+04:00
6746fccb2e44291f728e526f,S8Q57B6V,CAR,2024-11-27 15:04:43.472643+04:00
6746fd0df9c37b369a04800c,47H6DC23,CAR,2024-11-27 15:05:49.039758+04:00
674701192d60fafd84296567,FAGBYW8N,CAR,2024-11-27 15:23:05.934121+04:00
67470146b031c3c6bbcb70a4,XZ3MYVA3,CAR,2024-11-27 15:23:50.482004+04:00
674701aa2e44291f728e52da,KDGLFD35,CAR,2024-11-27 15:25:30.476957+04:00
674703a02d60fafd842965f0,8JXYLS72,CAR,2024-11-27 15:33:52.539465+04:00
674703b2f9c37b369a0480df,MBYSFGG6,CAR,2024-11-27 15:34:10.650022+04:00
674705a42d60fafd8429666c,4KWWPH7L,CAR,2024-11-27 15:42:28.231629+04:00
674706e52d60fafd842966f4,VCY9BPSL,CAR,2024-11-27 15:47:49.037772+04:00
67470757f9c37b369a04816d,PCR6KJ7C,CAR,2024-11-27 15:49:43.462843+04:00
67470a7bca66a39c118b5da8,RQK2LL7N,CAR,2024-11-27 16:03:07.721551+04:00
67470a94703112d32b348f2b,MTTLNN7E,CAR,2024-11-27 16:03:32.443152+04:00
67470b930a1d42fbbc5c0988,Q8SVFUPG,CAR,2024-11-27 16:07:47.678931+04:00
67470e530a1d42fbbc5c0a23,MCNYNH8R,CAR,2024-11-27 16:19:31.270600+04:00
67470f4c3c60426c14e11477,AW7HUK3T,CAR,2024-11-27 16:23:40.056355+04:00
674711e3703112d32b34901b,NDU9J5JM,CAR,2024-11-27 16:34:43.612326+04:00
674712ad9db2d93286612ac0,NPPVJYKA,CAR,2024-11-27 16:38:05.157514+04:00
674712bbbf878a3fea7302cc,F6HRYXAF,CAR,2024-11-27 16:38:19.035192+04:00
674715fa703112d32b3490b3,LCKJ2T8Q,CAR,2024-11-27 16:52:10.356487+04:00
6747163cbf878a3fea730347,SKXPRZ7Q,CAR,2024-11-27 16:53:16.437155+04:00
674716c70a1d42fbbc5c0bf0,TPNEJYEP,CAR,2024-11-27 16:55:35.802318+04:00
674718099db2d93286612b5a,54VC7JNS,CAR,2024-11-27 17:00:57.808974+04:00
6747187e9de8723534182c49,X9T2ENWH,CAR,2024-11-27 17:02:54.031716+04:00
6747198a9db2d93286612be3,ESKAJXUU,CAR,2024-11-27 17:07:22.348999+04:00
67471bce71e03d73858cd2bb,J5GLQXAP,CAR,2024-11-27 17:17:02.134756+04:00
67471d119db2d93286612d27,HLJDR7W6,CAR,2024-11-27 17:22:25.301920+04:00
67471d27b6b9eb95d35856e9,XFVRASD7,CAR,2024-11-27 17:22:47.742264+04:00
67471e5a66986cd54818bfff,8RWPFMLS,CAR,2024-11-27 17:27:54.850358+04:00
67471ead21e899edfc93c5e9,WB6SPKBS,CAR,2024-11-27 17:29:17.913800+04:00
67471f4d21e899edfc93c5f1,PW7W26DR,CAR,2024-11-27 17:31:57.189483+04:00
674722a7f419f4aee3b8e3d3,QTCJWB6C,CAR,2024-11-27 17:46:15.536277+04:00
6747235871e03d73858cd33b,GMY44N3V,CAR,2024-11-27 17:49:12.570036+04:00
67472398f419f4aee3b8e471,6HSZCMSE,CAR,2024-11-27 17:50:16.779862+04:00
674723a1ef52ff3ea2cfade8,DWF8SVDM,CAR,2024-11-27 17:50:25.876679+04:00
6747282eb6b9eb95d3585740,KC664BLD,CAR,2024-11-27 18:09:50.687494+04:00
674729c31bbeb38bfa5fa548,H7FC4G8R,CAR,2024-11-27 18:16:35.765440+04:00
67472fbbb6b9eb95d35857d4,3U8X7E6L,CAR,2024-11-27 18:42:03.961904+04:00
6747307cef9e679b2ae632a8,ZEGMF2JV,CAR,2024-11-27 18:45:16.560889+04:00
6747308471e03d73858cd3f8,XUC9TSMP,CAR,2024-11-27 18:45:24.158858+04:00
67473358c675efff5a43d4da,PL7UB59V,CAR,2024-11-27 18:57:28.486918+04:00
6747351ec675efff5a43d67b,KKC85H5L,CAR,2024-11-27 19:05:02.321486+04:00
674738796b53b1c11c323522,NV9F9NNH,CAR,2024-11-27 19:19:21.327236+04:00
67473b3c7f35ffeab87023cd,X6PQES6V,CAR,2024-11-27 19:31:08.127614+04:00
67473bc17e630b466f1f8b3d,UNA8ANTV,CAR,2024-11-27 19:33:20.983903+04:00
67473c02ef52ff3ea2cfb12e,NKG8ZDEG,CAR,2024-11-27 19:34:26.348353+04:00
67473cc7ef52ff3ea2cfb1ca,5ZPYRKN4,CAR,2024-11-27 19:37:43.572094+04:00
67473dcc753f1acfc904e289,GZP54GHZ,CAR,2024-11-27 19:42:04.129050+04:00
674745d1ef52ff3ea2cfb259,G33P72Q4,CAR,2024-11-27 20:16:17.333358+04:00
67474baa6b53b1c11c32365e,BZ8U4X4C,CAR,2024-11-27 20:41:14.666765+04:00
67474bad6b53b1c11c323662,F2MJ8RDY,CAR,2024-11-27 20:41:17.963840+04:00
67475162ef52ff3ea2cfb321,W6AZPZH9,CAR,2024-11-27 21:05:38.485651+04:00
6747535ec46b625c7532b54b,ALPJ9A4U,CAR,2024-11-27 21:14:06.009455+04:00
6747546bef52ff3ea2cfb440,S3QCAKMA,CAR,2024-11-27 21:18:35.834280+04:00
67475842ef52ff3ea2cfb49e,RSAY884Y,CAR,2024-11-27 21:34:58.942372+04:00
67475cde967ec3e465ff42d8,XY5P6UJ6,CAR,2024-11-27 21:54:38.966135+04:00
6747643e6b53b1c11c323913,HHN3UNPW,CAR,2024-11-27 22:26:06.135564+04:00
6747646e7f35ffeab87024c2,QM4AJBQF,CAR,2024-11-27 22:26:54.406531+04:00
6747667cc46b625c7532b5c4,MHUJ2JZD,CAR,2024-11-27 22:35:40.462660+04:00
6747685ae1e3d1952cee5e98,N46PLWSN,CAR,2024-11-27 22:43:38.886637+04:00
674772f4edcc20d6af5757a1,22SGVHJB,CAR,2024-11-27 23:28:52.820380+04:00
674779da44c5dbe4a77b4e02,G6VSF6L8,CAR,2024-11-27 23:58:18.643253+04:00
67478035060369d1f2002602,GUG4U93W,CAR,2024-11-28 00:25:25.511479+04:00
6747812f060369d1f20026a1,FXFFZ2FR,CAR,2024-11-28 00:29:35.889645+04:00
674785efedcc20d6af575864,PWMVXE55,CAR,2024-11-28 00:49:51.335079+04:00
6747a1daedcc20d6af5758fc,6Y28N7J6,CAR,2024-11-28 02:48:58.598384+04:00
6747c2ed4ce765a84e83911f,7V3465EV,CAR,2024-11-28 05:10:05.271787+04:00
6747e270edcc20d6af5759bb,AM3TUB67,CAR,2024-11-28 07:24:32.939382+04:00
6747e439b6103942154bfff2,HA69WW46,CAR,2024-11-28 07:32:09.959647+04:00
6747e6b0edcc20d6af575a35,45ZN66AE,CAR,2024-11-28 07:42:40.245439+04:00
6747f0224ce765a84e839207,RU685MMV,CAR,2024-11-28 08:22:58.418487+04:00
6747f27944c5dbe4a77b4f1f,8NAY5U86,CAR,2024-11-28 08:32:57.162184+04:00
6747f3d744c5dbe4a77b4f28,EWUB5FT7,CAR,2024-11-28 08:38:47.666679+04:00
6747f4fb49918941e624d269,4P2BWR8B,CAR,2024-11-28 08:43:39.141509+04:00
6747f852edcc20d6af575b64,P9SX2A9Z,CAR,2024-11-28 08:57:54.621412+04:00
6747f92349918941e624d307,WLV28RJM,CAR,2024-11-28 09:01:23.611333+04:00
6747fbe5edcc20d6af575c14,VDXBGCF3,CAR,2024-11-28 09:13:09.115505+04:00
6747fc9a44c5dbe4a77b503b,NUFLHZ5T,CAR,2024-11-28 09:16:10.943976+04:00
6747fdf244c5dbe4a77b50ae,S9ST56GQ,CAR,2024-11-28 09:21:54.315423+04:00
6747febc4ce765a84e83945d,M28T5F4W,CAR,2024-11-28 09:25:16.055001+04:00
6748001044c5dbe4a77b50fd,CZ9W36NR,CAR,2024-11-28 09:30:56.292545+04:00
674801c7b6103942154c015e,NXXKR369,CAR,2024-11-28 09:38:15.263872+04:00
6748039eb6103942154c01e0,VB29RP6J,CAR,2024-11-28 09:46:06.864767+04:00
6748043f907feb7b596049fc,4NNG4T74,CAR,2024-11-28 09:48:47.400155+04:00
674804a5907feb7b59604a96,R8YWTL7C,CAR,2024-11-28 09:50:29.250769+04:00
674805c956e5f5e060a58f06,KBA3KS3P,CAR,2024-11-28 09:55:21.550300+04:00
674806c84ce765a84e83951a,8XU9AU34,CAR,2024-11-28 09:59:36.899329+04:00
674808b7907feb7b59604b29,T4EQ65WL,CAR,2024-11-28 10:07:51.932539+04:00
67480e3317f293fd37344e2d,3PGR32KB,CAR,2024-11-28 10:31:15.815889+04:00
67480e73907feb7b59604cbe,ZTZFXTK2,CAR,2024-11-28 10:32:19.760127+04:00
67480f7f5bfda23d9f5efb57,TX9DL2DJ,CAR,2024-11-28 10:36:47.200008+04:00
6748109317f293fd37344f16,NLLTUHPA,CAR,2024-11-28 10:41:23.023669+04:00
6748113b5bfda23d9f5efbc2,3XD2XLNP,CAR,2024-11-28 10:44:11.364089+04:00
674811a25bfda23d9f5efc57,YY4VRRSY,CAR,2024-11-28 10:45:53.987553+04:00
674814eb56e5f5e060a59085,N5ET7V6S,CAR,2024-11-28 10:59:55.939679+04:00
6748166f27de0a25414fbb5e,CU7HRXR8,CAR,2024-11-28 11:06:23.685970+04:00
674817581b0b1e963a8de978,3DT4WGVQ,CAR,2024-11-28 11:10:16.915694+04:00
674817cd1b0b1e963a8de9f9,TUHY9GMP,CAR,2024-11-28 11:12:13.272514+04:00
674817f27f79dacc2d8fcef8,7DQNKFP3,CAR,2024-11-28 11:12:50.441462+04:00
674819091b0b1e963a8deb31,4XYHBNUZ,CAR,2024-11-28 11:17:29.380191+04:00
6748198d5bfda23d9f5efcf7,NADRPUQ6,CAR,2024-11-28 11:19:41.483605+04:00
67481ab21b0b1e963a8debc0,PRTQXJUX,CAR,2024-11-28 11:24:34.518825+04:00
67481b01907feb7b59604fc4,AHD43A2X,CAR,2024-11-28 11:25:53.397092+04:00
67481b4b7f79dacc2d8fcfc0,C9HB3ZRH,CAR,2024-11-28 11:27:07.163807+04:00
67481c6b1b0b1e963a8dec10,7M6TVZVV,CAR,2024-11-28 11:31:55.736469+04:00
67481e2f1b0b1e963a8dec21,CB5QMP8Z,CAR,2024-11-28 11:39:27.742536+04:00
6748202017f293fd37345292,69HL8KUR,CAR,2024-11-28 11:47:44.100883+04:00
67482113f9460ba45e5a889c,WP7P59AC,CAR,2024-11-28 11:51:47.506755+04:00
674821b9f9460ba45e5a8946,QEYKPVBW,CAR,2024-11-28 11:54:33.740530+04:00
6748221d3176c0e599f713e0,ZYFCT6QS,CAR,2024-11-28 11:56:13.670371+04:00
674822ad3176c0e599f71480,JEKWD6B9,CAR,2024-11-28 11:58:37.412137+04:00
6748232117f293fd373453f1,CFRZUQT8,CAR,2024-11-28 12:00:33.775005+04:00
674824aa1b0b1e963a8ded43,Q8S77U5E,CAR,2024-11-28 12:07:06.520772+04:00
674824b5f9460ba45e5a8a43,BQDTBL36,CAR,2024-11-28 12:07:17.073148+04:00
6748274cf9460ba45e5a8ae5,85HFWCYV,CAR,2024-11-28 12:18:20.612328+04:00
6748285cee6b3ac909f6b934,HZBN8QZM,CAR,2024-11-28 12:22:52.125922+04:00
6748290844f4e4a25c460d0a,RGF32QLB,CAR,2024-11-28 12:25:44.234585+04:00
6748293760a67fee723403d6,U2HULUKG,CAR,2024-11-28 12:26:31.312033+04:00
6748294f60a67fee72340455,YGZBY6BJ,CAR,2024-11-28 12:26:55.161145+04:00
674829923176c0e599f7169e,XM4L4ASX,CAR,2024-11-28 12:28:02.497888+04:00
674829ab44f4e4a25c460d13,4WRVDSJY,CAR,2024-11-28 12:28:27.126262+04:00
674829fbcca2eec9e25368f0,NNEARTTZ,CAR,2024-11-28 12:29:47.093604+04:00
67482afef9460ba45e5a8b9d,G5VVMQZD,CAR,2024-11-28 12:34:06.131893+04:00
67482d020bc2023906326d02,UXEGXQGB,CAR,2024-11-28 12:42:41.976515+04:00
67482d988e38917809f7c8a6,C3JQKXKH,CAR,2024-11-28 12:45:12.086229+04:00
67482de2e388fb8a562ee7b2,3A9XHBS8,CAR,2024-11-28 12:46:26.338432+04:00
67482ef76a9778f05b3eaad8,W5HT6SWZ,CAR,2024-11-28 12:51:03.810841+04:00
674831a746d3acd74bcbfc1f,QUDWWE4E,CAR,2024-11-28 13:02:31.039607+04:00
674831c246d3acd74bcbfc89,AC6RHEHW,CAR,2024-11-28 13:02:58.860722+04:00
674832d18e38917809f7c995,YKYFELM2,CAR,2024-11-28 13:07:29.672945+04:00
674834db8e38917809f7ca96,DZK5P5HC,CAR,2024-11-28 13:16:11.313001+04:00
674834fef740fdae05d0cec2,SZLT76T9,CAR,2024-11-28 13:16:46.425705+04:00
67483aa58e38917809f7cb60,Q3XZ4BZD,CAR,2024-11-28 13:40:53.371708+04:00
67483b33f53f4af6440f7d42,CNYQ5B5G,CAR,2024-11-28 13:43:15.176371+04:00
67483bc7a373b70718018fa7,FRFF8JB6,CAR,2024-11-28 13:45:43.013736+04:00
67483f138e38917809f7cc6d,2L53A7U2,CAR,2024-11-28 13:59:47.879748+04:00
6748401fab84c6df00c358de,CCYRN2DG,CAR,2024-11-28 14:04:15.294354+04:00
674840e426737c20e1a8fe59,G2TEUN68,CAR,2024-11-28 14:07:32.367783+04:00
6748416e8e38917809f7cd89,HA9UWW56,CAR,2024-11-28 14:09:50.605128+04:00
674841f826737c20e1a8ff0a,ZWUSB7RN,CAR,2024-11-28 14:12:08.945202+04:00
674842d67b93822cc4252908,KF2FT2C9,CAR,2024-11-28 14:15:50.694438+04:00
674842d626737c20e1a8ff51,PSL9SP4G,CAR,2024-11-28 14:15:50.768420+04:00
6748443f7b93822cc425297c,7D82TNAM,CAR,2024-11-28 14:21:51.947758+04:00
674844a426737c20e1a8ffcb,LZK982DR,CAR,2024-11-28 14:23:31.991732+04:00
6748453846d3acd74bcc000b,EDS4C5FF,CAR,2024-11-28 14:26:00.897220+04:00
674845fe8e38917809f7ce58,DSV655UG,CAR,2024-11-28 14:29:18.384526+04:00
6748464e7b93822cc4252a10,R3EEZKWJ,CAR,2024-11-28 14:30:38.170800+04:00
6748475446d3acd74bcc00e4,7KLMR93N,CAR,2024-11-28 14:35:00.742096+04:00
674847c17b93822cc4252b32,WJWQCNUA,CAR,2024-11-28 14:36:49.228423+04:00
67484909f53f4af6440f7e31,7XMN5D4U,CAR,2024-11-28 14:42:17.056823+04:00
67484a4b26737c20e1a900b0,NG2QQGN5,CAR,2024-11-28 14:47:39.533252+04:00
67484b027b93822cc4252be4,YKPGHGED,CAR,2024-11-28 14:50:42.844966+04:00
67484dd446d3acd74bcc01cb,QGKMT64Y,CAR,2024-11-28 15:02:44.480957+04:00
67484f578e38917809f7cfcb,F6E42PFU,CAR,2024-11-28 15:09:11.036317+04:00
67484faa7b93822cc4252c77,H46GZ89Q,CAR,2024-11-28 15:10:34.175055+04:00
674853d7f53f4af6440f7e92,6LZ2EHHL,CAR,2024-11-28 15:28:23.013479+04:00
674854068e38917809f7d072,88FKRVS9,CAR,2024-11-28 15:29:10.213181+04:00
6748545226737c20e1a901a3,ZSATNP5W,CAR,2024-11-28 15:30:26.338598+04:00
674854a826737c20e1a90247,5596KJJ3,CAR,2024-11-28 15:31:52.674552+04:00
67485759173675d3a704c3c1,9VJL58LG,CAR,2024-11-28 15:43:21.244623+04:00
6748587481157f1b090d8798,YQV3YBZP,CAR,2024-11-28 15:48:04.699626+04:00
67485a561933518abacd343e,PT8PCBHW,CAR,2024-11-28 15:56:06.608040+04:00
67485a8a81157f1b090d883a,LLRJD7YW,CAR,2024-11-28 15:56:58.775967+04:00
67485b069f6e7a5b1526a7b4,WZEUY4JC,CAR,2024-11-28 15:59:02.276167+04:00
67485dde9c485e87a0b5a9f8,MHP7FTEZ,CAR,2024-11-28 16:11:10.891741+04:00
67485efa81157f1b090d893f,PUEF6L63,CAR,2024-11-28 16:15:54.088321+04:00
6748615781157f1b090d89e7,HQK23T4F,CAR,2024-11-28 16:25:59.282120+04:00
674861af1933518abacd35ce,V8UWQZ5K,CAR,2024-11-28 16:27:27.301670+04:00
674861dbadef80c42f2c8cde,5HW89PE4,CAR,2024-11-28 16:28:11.877197+04:00
6748629b81157f1b090d8b0c,JRWMPBC7,CAR,2024-11-28 16:31:23.269395+04:00
674863919f6e7a5b1526a8a9,D2YPPLGJ,CAR,2024-11-28 16:35:29.798247+04:00
674864bfadef80c42f2c8e9b,P4E3H8UJ,CAR,2024-11-28 16:40:31.963783+04:00
674865266b9e641819e5a81f,ALPRW42R,CAR,2024-11-28 16:42:14.159060+04:00
674866489c485e87a0b5aa8f,PUVBEU7C,CAR,2024-11-28 16:47:04.657618+04:00
6748677c81157f1b090d8c48,A57CFEAS,CAR,2024-11-28 16:52:12.275482+04:00
674867a881157f1b090d8c80,GSHZ7HQW,CAR,2024-11-28 16:52:56.936372+04:00
674869c99c485e87a0b5ab0b,9Y94ED7L,CAR,2024-11-28 17:02:01.364462+04:00
67486d2fadef80c42f2c8eff,ZXPEHGJL,CAR,2024-11-28 17:16:31.108089+04:00
67486d98adef80c42f2c8f72,QWS3GGQZ,CAR,2024-11-28 17:18:16.787640+04:00
67486dc779f5af4c77af5461,MWX7KKYA,CAR,2024-11-28 17:19:03.045486+04:00
67486e1a9f6e7a5b1526a9c0,GVQ52ANL,CAR,2024-11-28 17:20:26.299383+04:00
67486e751933518abacd385c,NVEYBPUZ,CAR,2024-11-28 17:21:57.782707+04:00
6748713779f5af4c77af5515,AUS7ZB3F,CAR,2024-11-28 17:33:43.268990+04:00
6748716f79f5af4c77af551c,9ASCRWQR,CAR,2024-11-28 17:34:39.816179+04:00
674874cf79f5af4c77af55ac,E4M5BDFN,CAR,2024-11-28 17:49:03.860660+04:00
6748751e9f6e7a5b1526aa94,GZCTF2WY,CAR,2024-11-28 17:50:22.674585+04:00
67487560adef80c42f2c90e4,BCKGNQ88,CAR,2024-11-28 17:51:28.230885+04:00
674876478b7b660c2664b836,8288SWXC,CAR,2024-11-28 17:55:19.952449+04:00
6748767679f5af4c77af5662,C4FLW5K8,CAR,2024-11-28 17:56:06.531602+04:00
6748781c8b7b660c2664b8ac,CYGQK7NT,CAR,2024-11-28 18:03:08.789202+04:00
674879229f6e7a5b1526abd0,PCA624BM,CAR,2024-11-28 18:07:30.458271+04:00
674879999f6e7a5b1526ac07,BPPHT6JA,CAR,2024-11-28 18:09:29.786948+04:00
67487a8099340b72605c927b,375BUSNC,CAR,2024-11-28 18:13:20.092046+04:00
67487bd979f5af4c77af578e,MFPEF9LC,CAR,2024-11-28 18:19:05.025840+04:00
674882c08b7b660c2664ba00,EQ8R9FHX,CAR,2024-11-28 18:48:32.404314+04:00
674884f12cd6858f6677cc05,EBDXAA89,CAR,2024-11-28 18:57:53.651520+04:00
67488601d13fbc933447dc4a,ZRBHPWFH,CAR,2024-11-28 19:02:25.956625+04:00
674887c38b7b660c2664baea,YAFPRGTN,CAR,2024-11-28 19:09:55.778487+04:00
67488a0f8b7b660c2664bb9c,7K3QNA9T,CAR,2024-11-28 19:19:43.852258+04:00
67488a908b7b660c2664bba5,HJM6RHSZ,CAR,2024-11-28 19:21:52.454355+04:00
67488c8ddcc483a626c17f27,6SX72RTA,CAR,2024-11-28 19:30:21.160930+04:00
67488cf632b382df2925eb8e,GTPPTQP2,CAR,2024-11-28 19:32:06.046057+04:00
67488e9fdcc483a626c17f9e,3BCSDVXK,CAR,2024-11-28 19:39:11.531488+04:00
67488f6d1cf3f786dbf1f7dc,X2FR2L4N,CAR,2024-11-28 19:42:37.381777+04:00
674890401cf3f786dbf1f855,CDJRPZ5Z,CAR,2024-11-28 19:46:08.164312+04:00
6748993c3b8b8018c26112ae,ZQJ5HJ8X,CAR,2024-11-28 20:24:28.730897+04:00
67489aa61cf3f786dbf1f938,ML8K5FJZ,CAR,2024-11-28 20:30:30.902692+04:00
67489bd38b7b660c2664bdb0,EQECWFX6,CAR,2024-11-28 20:35:31.130490+04:00
67489f707420c9a1c5d946d9,RZ3YNFTQ,CAR,2024-11-28 20:50:56.730923+04:00
67489f953b8b8018c26112c7,X4BV4PDS,CAR,2024-11-28 20:51:33.162107+04:00
6748a38b99340b72605c9391,EAV2DZGA,CAR,2024-11-28 21:08:27.566767+04:00
6748aae11cf3f786dbf1fbcf,DNQ4WV98,CAR,2024-11-28 21:39:45.239604+04:00
6748abdee85d7a5f99038b37,89Z9ZVVH,CAR,2024-11-28 21:43:58.859255+04:00
6748bcd5caf86e8b7576ee15,N495G3Q3,CAR,2024-11-28 22:56:21.909915+04:00
6748bea0caaaa0f51892c40f,EF7KFF2F,CAR,2024-11-28 23:04:00.752786+04:00
6748c854b8c387ed746def3a,FSCTQUNE,CAR,2024-11-28 23:45:24.919153+04:00
6748d30ce85d7a5f99038d95,6RWKECBZ,CAR,2024-11-29 00:31:08.003987+04:00
6748df299a894b046d89194e,EASABRLU,CAR,2024-11-29 01:22:48.978480+04:00
6748e5ab19c4630e744ccf09,N63RSRW8,CAR,2024-11-29 01:50:35.053637+04:00
67491f1bb5508a7093b668b5,FMU89RP5,CAR,2024-11-29 05:55:39.364746+04:00
67492a3dcaaaa0f51892c4aa,F9QFG2T9,CAR,2024-11-29 06:43:09.456735+04:00
674930d6b5508a7093b66961,RTREYKF6,CAR,2024-11-29 07:11:18.566734+04:00
674932a5e85d7a5f99038ed5,HKB8Z4XU,CAR,2024-11-29 07:19:01.823740+04:00
67493811b8c387ed746df2f7,89HMDPCA,CAR,2024-11-29 07:42:09.263936+04:00
67493a68b5508a7093b66989,9DRX9NGG,CAR,2024-11-29 07:52:08.408970+04:00
674943d4e85d7a5f99038fed,W5DMJC42,CAR,2024-11-29 08:32:20.612717+04:00
674945e5b5508a7093b66a1e,6J9UMDAV,CAR,2024-11-29 08:41:09.274210+04:00
67494b13caf86e8b7576ef14,PQZSUA29,CAR,2024-11-29 09:03:15.593189+04:00
67494bbbb8c387ed746df49a,R9DYS7BM,CAR,2024-11-29 09:06:03.692632+04:00
67494e45b8c387ed746df4b4,4CCNNUVY,CAR,2024-11-29 09:16:53.802368+04:00
67494eb919c4630e744ccfbc,LS4SZ8C7,CAR,2024-11-29 09:18:49.599410+04:00
67494f94b8c387ed746df537,H3TECDNV,CAR,2024-11-29 09:22:28.126235+04:00
674954a619c4630e744cd09c,42U5LYSV,CAR,2024-11-29 09:44:06.709331+04:00
6749559ab5508a7093b66a99,QH9WX5F2,CAR,2024-11-29 09:48:10.619395+04:00
67495683b5508a7093b66b38,6TSNBUDN,CAR,2024-11-29 09:52:03.929580+04:00
6749580c19c4630e744cd61a,CTVA8KPF,CAR,2024-11-29 09:58:36.517515+04:00
67495891b8c387ed746df650,TF3C4ZQC,CAR,2024-11-29 10:00:49.683036+04:00
674958cae85d7a5f99039190,35N6BPVX,CAR,2024-11-29 10:01:46.608147+04:00
67495cbfe85d7a5f990392ed,44QPTBAF,CAR,2024-11-29 10:18:39.454494+04:00
67495cc3b8c387ed746df6e3,DP79JT9V,CAR,2024-11-29 10:18:43.215675+04:00
67495cf2e85d7a5f99039327,WCMUMXYF,CAR,2024-11-29 10:19:30.034320+04:00
67495e69e85d7a5f990393b1,82AGAJZJ,CAR,2024-11-29 10:25:45.696424+04:00
6749616a57ed61bf103819e2,ZXN6N3Q3,CAR,2024-11-29 10:38:34.416967+04:00
674961e719c4630e744cd6a9,8PABFP4A,CAR,2024-11-29 10:40:39.791670+04:00
674963d8caaaa0f51892c707,WUBXQMV6,CAR,2024-11-29 10:48:56.947513+04:00
674964623e5ec8b02adc0229,5RFRMXXZ,CAR,2024-11-29 10:51:14.205482+04:00
6749648c57ed61bf10381abd,9LWRM62L,CAR,2024-11-29 10:51:56.059543+04:00
67496516caaaa0f51892c7cf,EHEATU2R,CAR,2024-11-29 10:54:14.245911+04:00
674966e2818a891660931232,XZCT9459,CAR,2024-11-29 11:01:54.818775+04:00
6749670a19c4630e744cd8c3,N6FR9SBC,CAR,2024-11-29 11:02:34.126995+04:00
674967216cb05997449b1df4,LGYMC9PC,CAR,2024-11-29 11:02:57.474938+04:00
674967ff4b174becedd1c4c3,G7JTBQZB,CAR,2024-11-29 11:06:39.589650+04:00
67496832caaaa0f51892c965,4F73XU58,CAR,2024-11-29 11:07:30.941355+04:00
67496c1f4b174becedd1c55c,NHQUNXRV,CAR,2024-11-29 11:24:15.890917+04:00
67496d2c6cb05997449b1e6e,8SX63PAS,CAR,2024-11-29 11:28:44.081102+04:00
67496dbbb5508a7093b66e6f,TU5DNQWD,CAR,2024-11-29 11:31:07.275606+04:00
67496eb2e4b91881b426f7ab,DJGSAX7F,CAR,2024-11-29 11:35:14.330980+04:00
67496f5287a6c5aa6a98cbca,7QWHMFJH,CAR,2024-11-29 11:37:54.117385+04:00
67496fa3e4b91881b426f7e3,S9HQ6P9L,CAR,2024-11-29 11:39:15.651136+04:00
67497052d4c1d042c7cd0eda,QT4GHVFD,CAR,2024-11-29 11:42:10.724052+04:00
6749725287a6c5aa6a98cc80,LFYKWWWB,CAR,2024-11-29 11:50:42.340998+04:00
674972e3818a8916609312a6,CVWTFQYT,CAR,2024-11-29 11:53:07.043460+04:00
674974b010f1ed7eb91741e6,F5YDDBBW,CAR,2024-11-29 12:00:48.374620+04:00
674975ce10f1ed7eb917425c,DCNRDTF3,CAR,2024-11-29 12:05:34.586751+04:00
674975eae4b91881b426f88b,X3TVQBBL,CAR,2024-11-29 12:06:02.167576+04:00
674976dd6b9d7bfc59314111,MA779U37,CAR,2024-11-29 12:10:05.259064+04:00
674978c99005cce5ffe0aed6,BDTSYFDV,CAR,2024-11-29 12:18:17.428481+04:00
674979602949779ca829594f,XPFRUNR8,CAR,2024-11-29 12:20:48.070141+04:00
6749798c2949779ca82959b7,KXJCBTCH,CAR,2024-11-29 12:21:32.160031+04:00
67497b05d4c1d042c7cd0f19,5HJ9T4MU,CAR,2024-11-29 12:27:49.442208+04:00
67497ba39005cce5ffe0af58,EVDT3XCR,CAR,2024-11-29 12:30:27.305828+04:00
67497be1d4c1d042c7cd0fca,8FC4M3DN,CAR,2024-11-29 12:31:29.505423+04:00
67497c412949779ca8295a94,YKKTVP88,CAR,2024-11-29 12:33:05.721800+04:00
67497d252949779ca8295b71,FV49Z86D,CAR,2024-11-29 12:36:53.757520+04:00
67497dcd6b9d7bfc5931434a,ANCWW429,CAR,2024-11-29 12:39:41.948262+04:00
67497f392949779ca8295c12,4RSPVR2Z,CAR,2024-11-29 12:45:45.093409+04:00
67497f866b517696ea025915,ZUWSP8BP,CAR,2024-11-29 12:47:02.691472+04:00
6749803e2949779ca8295ca5,8ME4X67V,CAR,2024-11-29 12:50:06.415794+04:00
67498275d4c1d042c7cd0ff0,M4WY6ENL,CAR,2024-11-29 12:59:32.950625+04:00
6749828787a6c5aa6a98ccf5,FMZQGPRV,CAR,2024-11-29 12:59:51.733004+04:00
674983716b517696ea0259ce,2Q9FFHYX,CAR,2024-11-29 13:03:45.835677+04:00
6749844e2949779ca8295d6d,NNP4HXXU,CAR,2024-11-29 13:07:26.690285+04:00
674985d4e4b91881b426faa0,SZ2676CC,CAR,2024-11-29 13:13:56.574688+04:00
67498730e4b91881b426fb50,X5XWC5ZX,CAR,2024-11-29 13:19:44.666777+04:00
674987842949779ca8295d9e,W6MDBZFJ,CAR,2024-11-29 13:21:08.647319+04:00
674987cee4b91881b426fb8a,AA3784YZ,CAR,2024-11-29 13:22:22.047381+04:00
674989d26b517696ea025a61,4ZN33CKE,CAR,2024-11-29 13:30:58.583339+04:00
674989ebe4b91881b426fc2f,X8RCZBVZ,CAR,2024-11-29 13:31:23.313098+04:00
67498a5e2949779ca8295e4d,5RV4ZZXN,CAR,2024-11-29 13:33:18.971373+04:00
67498c8cd4c1d042c7cd1122,UTY2R6TU,CAR,2024-11-29 13:42:36.944172+04:00
67498fbcef006e1f9d3e2621,K8M27LM8,CAR,2024-11-29 13:56:12.608128+04:00
674990047fd993d5f0310366,9QM6HF9C,CAR,2024-11-29 13:57:24.837510+04:00
674990876b517696ea025c83,8CFZ3N29,CAR,2024-11-29 13:59:35.701275+04:00
674992905449d70f3235ed7c,8WGY485Q,CAR,2024-11-29 14:08:16.563300+04:00
674993ea2949779ca8296110,XGNLYWEX,CAR,2024-11-29 14:14:02.951545+04:00
6749952651e82f36fc15e16f,7JXGBXFD,CAR,2024-11-29 14:19:18.265056+04:00
674996c01c89e67c33e2851c,8QV92ML4,CAR,2024-11-29 14:26:08.035957+04:00
6749981c2949779ca8296247,LC7U6VB2,CAR,2024-11-29 14:31:56.682045+04:00
674998efa9dc178540d4f17d,HUHWZFFH,CAR,2024-11-29 14:35:27.895548+04:00
674999536b517696ea025dd0,ZZL7E5RW,CAR,2024-11-29 14:37:07.198950+04:00
67499a2c1c89e67c33e285b9,PWZ66RBC,CAR,2024-11-29 14:40:44.682638+04:00
67499b2d6b517696ea025f09,2WR29AKK,CAR,2024-11-29 14:45:01.409357+04:00
67499f231c89e67c33e286ee,GB7DQVDM,CAR,2024-11-29 15:01:55.613943+04:00
6749a089e9eb869c42dfa989,NYCWMVJQ,CAR,2024-11-29 15:07:53.628385+04:00
6749a1018724f2b9fc002998,VDF54BJY,CAR,2024-11-29 15:09:53.495376+04:00
6749a157109da82a68afe88b,BQ5DDWQJ,CAR,2024-11-29 15:11:19.858421+04:00
6749a1b486191a0b264fb555,LMUTQTQK,CAR,2024-11-29 15:12:52.346749+04:00
6749a3b946ffe208a82fb20f,LA8LBPEH,CAR,2024-11-29 15:21:29.554705+04:00
6749a64f8724f2b9fc002a98,QRXJYN3L,CAR,2024-11-29 15:32:31.400992+04:00
6749a79b86191a0b264fb5ef,R8NSRDQZ,CAR,2024-11-29 15:38:03.536041+04:00
6749aa6cf72246e4acdac488,KDVP7WYJ,CAR,2024-11-29 15:50:04.885021+04:00
6749aaf346ffe208a82fb2a2,UNPGRK7B,CAR,2024-11-29 15:52:19.398940+04:00
6749ab5b788fc8ab0d297ed9,ENBY6HFM,CAR,2024-11-29 15:54:03.366407+04:00
6749abf346ffe208a82fb34c,56QAUN72,CAR,2024-11-29 15:56:35.909400+04:00
6749aec5a280e14a13b1b5cf,CL7WRY9U,CAR,2024-11-29 16:08:37.197392+04:00
6749b21186191a0b264fb77b,5MCLSU3H,CAR,2024-11-29 16:22:41.359837+04:00
6749b32b46ffe208a82fb4ac,LSP7LHT3,CAR,2024-11-29 16:27:23.403306+04:00
6749b55346ffe208a82fb53a,LB85Q3S8,CAR,2024-11-29 16:36:35.312558+04:00
6749b5c846ffe208a82fb5a9,7AVJKWPG,CAR,2024-11-29 16:38:32.086516+04:00
6749b64746ffe208a82fb5e0,RWLUNV6Y,CAR,2024-11-29 16:40:39.819779+04:00
6749b6fe3386f1911ae5de88,RBB66LXP,CAR,2024-11-29 16:43:42.206134+04:00
6749b91b46ffe208a82fb724,PJLH6BBU,CAR,2024-11-29 16:52:43.492719+04:00
6749bc2d55ba8190d5957a5a,NHXEXD8R,CAR,2024-11-29 17:05:49.185607+04:00
6749bc7aad3d86e2a367c98a,3QE6JEL3,CAR,2024-11-29 17:07:06.195274+04:00
6749bcbbcf52b36b3aa8088c,UTH62Y45,CAR,2024-11-29 17:08:11.913972+04:00
6749bce555ba8190d5957ac7,34E7KF9P,CAR,2024-11-29 17:08:53.241974+04:00
6749bd5255ba8190d5957ad0,R75WJMHS,CAR,2024-11-29 17:10:42.309952+04:00
6749bdff5b836948fc2c8eb1,SXA8JM3N,CAR,2024-11-29 17:13:35.767039+04:00
6749bf12958e357b35f4162c,NTPUMT4A,CAR,2024-11-29 17:18:10.539425+04:00
6749c097f0baf0f77584c597,J36V7YQD,CAR,2024-11-29 17:24:39.139620+04:00
6749c224ad3d86e2a367ca0e,K6ZWP955,CAR,2024-11-29 17:31:16.109864+04:00
6749c3e45b836948fc2c90d7,5H7BH28C,CAR,2024-11-29 17:38:44.898200+04:00
6749c496ad3d86e2a367ca8a,E74HJLKV,CAR,2024-11-29 17:41:42.619822+04:00
6749c5fe55ba8190d5957c91,WZZLPU2P,CAR,2024-11-29 17:47:42.272804+04:00
6749c78f5b836948fc2c9161,CS5LXWN6,CAR,2024-11-29 17:54:23.050952+04:00
6749c83f5b836948fc2c91d8,H9NM943P,CAR,2024-11-29 17:57:19.830149+04:00
6749cb02d5ee1e721718e301,TRCT9V2M,CAR,2024-11-29 18:09:06.648266+04:00
6749cbae1741ad952b40e4dc,WZKKPHUL,CAR,2024-11-29 18:11:58.457769+04:00
6749cd4c1741ad952b40e526,5V2EMJWY,CAR,2024-11-29 18:18:52.019141+04:00
6749cebe1741ad952b40e567,5J6E5FJF,CAR,2024-11-29 18:25:02.152416+04:00
6749d10f55ba8190d5957d75,RQYJ6DAX,CAR,2024-11-29 18:34:55.971309+04:00
6749d44f55ba8190d5957e21,8J8Y3S3X,CAR,2024-11-29 18:48:47.586903+04:00
6749d545f0baf0f77584c6bb,XSJPMKZ2,CAR,2024-11-29 18:52:53.687227+04:00
6749d69f1741ad952b40e61e,T4EXJYRN,CAR,2024-11-29 18:58:39.928566+04:00
6749d71921b819b05338bd96,RZBDYAJK,CAR,2024-11-29 19:00:41.868855+04:00
6749d71d21b819b05338bd9e,EBY3G5QM,CAR,2024-11-29 19:00:45.919197+04:00
6749d7d1268a139247eee025,4HK9UX96,CAR,2024-11-29 19:03:45.561822+04:00
6749d90121b819b05338bf00,846JZ85P,CAR,2024-11-29 19:08:49.252978+04:00
6749d9c98db602247ffd7d45,NMXD2J7D,CAR,2024-11-29 19:12:09.319951+04:00
6749e01db21621eb8dac9091,E7BJ5S5P,CAR,2024-11-29 19:39:09.314154+04:00
6749e16021b819b05338bfd8,ZJAUQX32,CAR,2024-11-29 19:44:32.799764+04:00
6749e2bdb21621eb8dac9124,EBWG3GNZ,CAR,2024-11-29 19:50:21.180247+04:00
6749e775b21621eb8dac9159,Q48ALCBE,CAR,2024-11-29 20:10:29.415567+04:00
6749e86c268a139247eee0b8,PUTEM2P8,CAR,2024-11-29 20:14:36.125835+04:00
6749eabb9c58af3121222619,XP83Z52R,CAR,2024-11-29 20:24:27.681399+04:00
6749efb19c58af3121222669,ACTXQK2U,CAR,2024-11-29 20:45:37.854821+04:00
6749f1cfb21621eb8dac92a2,3JT7MSWA,CAR,2024-11-29 20:54:39.359142+04:00
6749fc1c31c8ec38e68930bf,H8X79VL5,CAR,2024-11-29 21:38:36.345634+04:00
674a0d937c0d44595f27ac24,WU88FDSD,CAR,2024-11-29 22:53:07.702212+04:00
674a181046fad091ac1c49ac,MB2RMS4E,CAR,2024-11-29 23:37:52.276435+04:00
674a1905544a54537b16f597,6X5CS2PD,CAR,2024-11-29 23:41:57.134044+04:00
674a1ba2544a54537b16f613,EM75D4D2,CAR,2024-11-29 23:53:06.718670+04:00
674a1e41d75f096a47b725ed,8832QM3T,CAR,2024-11-30 00:04:17.427023+04:00
674a2773d07e79a1dde5a31e,K7A7ULTM,CAR,2024-11-30 00:43:31.544277+04:00
674a3058d75f096a47b726ae,FZ8KHQ59,CAR,2024-11-30 01:21:28.250491+04:00
674a41d8d75f096a47b726ee,AK5R2LUH,CAR,2024-11-30 02:36:08.646090+04:00
674a845331c8ec38e6893185,7NEMHYKV,CAR,2024-11-30 07:19:47.088892+04:00
674a914331c8ec38e6893250,NF7KPLVG,CAR,2024-11-30 08:14:59.676907+04:00
674a9242d75f096a47b72896,42KK7A7T,CAR,2024-11-30 08:19:14.090596+04:00
674a9302544a54537b16f763,8FKGLSL6,CAR,2024-11-30 08:22:26.550778+04:00
674a9cbdd75f096a47b728cf,6WEGRTSH,CAR,2024-11-30 09:03:57.548611+04:00
674a9d330953ccf014d6d5d1,9J877BY7,CAR,2024-11-30 09:05:55.335139+04:00
674a9e80d75f096a47b7295d,JTMHV3DV,CAR,2024-11-30 09:11:28.718769+04:00
674a9ef8cb3a9c978b697cc5,LNV2WR99,CAR,2024-11-30 09:13:28.919638+04:00
674aa205544a54537b16f93e,2THUDRST,CAR,2024-11-30 09:26:29.118388+04:00
674aa6e6d75f096a47b72a69,CG69598H,CAR,2024-11-30 09:47:18.212970+04:00
674aa783d75f096a47b72a86,SPLX49X8,CAR,2024-11-30 09:49:55.423327+04:00
674aa88e544a54537b16fa11,W3SDYAT2,CAR,2024-11-30 09:54:22.369039+04:00
674aab2cd07e79a1dde5a40f,6QBS48DB,CAR,2024-11-30 10:05:32.365967+04:00
674aabdaedc276d4a17d4dc3,QVCDTAPW,CAR,2024-11-30 10:08:26.938357+04:00
674aabfe5b9c1d2b509bea42,9LABZZKE,CAR,2024-11-30 10:09:02.397853+04:00
674ab0ca46fad091ac1c4b01,XZJJHDA4,CAR,2024-11-30 10:29:30.643334+04:00
674ab15ad75f096a47b72d66,F3XXQ3QD,CAR,2024-11-30 10:31:54.107866+04:00
674ab34ad75f096a47b72dc0,YJVYBM39,CAR,2024-11-30 10:40:10.906389+04:00
674ab350edc276d4a17d4e53,ZJTZZ36J,CAR,2024-11-30 10:40:16.099969+04:00
674ab485d75f096a47b72e3a,DP5Y792B,CAR,2024-11-30 10:45:25.963749+04:00
674ab49e4a07329adc4dcf9a,L9YPV8UG,CAR,2024-11-30 10:45:50.384408+04:00
674ab5a9d75f096a47b72ee5,3G2N6PXP,CAR,2024-11-30 10:50:17.363539+04:00
674ab8e646fad091ac1c4b9c,G8S9U6Z9,CAR,2024-11-30 11:04:06.151088+04:00
674abe6760959863322263c7,2EWDHVH7,CAR,2024-11-30 11:27:35.066263+04:00
674abea86095986332226439,22WWJAC7,CAR,2024-11-30 11:28:40.084714+04:00
674abf3860959863322264bc,2Z5ZGYEC,CAR,2024-11-30 11:31:04.184835+04:00
674ac02b609598633222652b,F75X4TR4,CAR,2024-11-30 11:35:07.920711+04:00
674ac33b6095986332226564,X593ZWSB,CAR,2024-11-30 11:48:11.312927+04:00
674ac3cd8d68b97cca18bb03,TY3BXYKA,CAR,2024-11-30 11:50:37.019605+04:00
674ac4ce697b1650b0367dc6,AJ6HFCFC,CAR,2024-11-30 11:54:54.243618+04:00
674ac53ca760875c7b0aea8c,959LEVTJ,CAR,2024-11-30 11:56:44.274327+04:00
674ac8db6095986332226613,6NEQW7NW,CAR,2024-11-30 12:12:11.818490+04:00
674ac95f9c4a7041b7094a0f,YDA99B2C,CAR,2024-11-30 12:14:23.136329+04:00
674acaaa60959863322266a4,PQW8Z3UU,CAR,2024-11-30 12:19:54.573922+04:00
674acb7a9149f445cad49892,AGACS5NQ,CAR,2024-11-30 12:23:21.908151+04:00
674ace4646fad091ac1c4c71,Y6RUN6BY,CAR,2024-11-30 12:35:18.743344+04:00
674ace4960959863322267e4,EUP83QP7,CAR,2024-11-30 12:35:21.605698+04:00
674ace7b0953ccf014d6d68d,C7VY53YH,CAR,2024-11-30 12:36:11.549246+04:00
674acfaf60959863322268bf,57BG9XN9,CAR,2024-11-30 12:41:19.315362+04:00
674ad181092bd147984c3699,TCZGC2XA,CAR,2024-11-30 12:49:05.376199+04:00
674ad4e85b2ebd7e33c4b27e,Z85PCXG2,CAR,2024-11-30 13:03:36.279276+04:00
674ad54e9c4a7041b7094d0b,JRE52L6F,CAR,2024-11-30 13:05:18.353245+04:00
674ad5715b2ebd7e33c4b2f5,T3W7KHYX,CAR,2024-11-30 13:05:53.035024+04:00
674ad80abddd94620eccf188,SG6V9FQW,CAR,2024-11-30 13:16:58.942713+04:00
674ad956391bc474dd1f0c32,8ECRC6X7,CAR,2024-11-30 13:22:30.211845+04:00
674ad9aa7943edc7a283e1a3,FMWBH2XH,CAR,2024-11-30 13:23:54.363708+04:00
674adbd00953ccf014d6d73a,B74ESCDM,CAR,2024-11-30 13:33:04.048940+04:00
674adc8a46fad091ac1c4cbf,MRV4E8MC,CAR,2024-11-30 13:36:10.891845+04:00
674adce79c4a7041b7094ea9,YDM3DGER,CAR,2024-11-30 13:37:43.972949+04:00
674ade509c4a7041b7094f2a,EXVBDGPH,CAR,2024-11-30 13:43:44.784326+04:00
674adefe092bd147984c37d9,E5RGCUHP,CAR,2024-11-30 13:46:38.948464+04:00
674adf1f02f6b17b84802734,C9EPK56S,CAR,2024-11-30 13:47:11.372576+04:00
674ae2129c4a7041b7094f68,K3ZEYJ4C,CAR,2024-11-30 13:59:46.684668+04:00
674ae241bddd94620eccf1f4,QQSJ8UFE,CAR,2024-11-30 14:00:33.657535+04:00
674ae43ebddd94620eccf2ef,DTGEWWYH,CAR,2024-11-30 14:09:02.605384+04:00
674ae5ea0953ccf014d6d7d1,JPJ64SJ7,CAR,2024-11-30 14:16:10.042813+04:00
674ae681bddd94620eccf38a,ADAJ3FWP,CAR,2024-11-30 14:18:41.745723+04:00
674ae6cf391bc474dd1f0ce5,NQ994LU8,CAR,2024-11-30 14:19:59.348664+04:00
674ae77e46fad091ac1c4e02,QEVST5UW,CAR,2024-11-30 14:22:54.103856+04:00
674aecfabddd94620eccf491,J7PA7XQD,CAR,2024-11-30 14:46:18.191758+04:00
674aed0b02f6b17b848028a6,F9LTQ434,CAR,2024-11-30 14:46:35.602155+04:00
674aee6940470adf6ce2fc99,D2G26Q7R,CAR,2024-11-30 14:52:25.273400+04:00
674af08840470adf6ce2fd44,NB69F9YA,CAR,2024-11-30 15:01:28.037893+04:00
674af0d01a21d8db2b18e113,PA4S5GSL,CAR,2024-11-30 15:02:40.155901+04:00
674af2ded79153143bfe46b8,YB3P6JHE,CAR,2024-11-30 15:11:26.120452+04:00
674af43c1a21d8db2b18e18f,JNJ8WFCF,CAR,2024-11-30 15:17:16.554139+04:00
674afc50d79153143bfe475f,SYSBZCJX,CAR,2024-11-30 15:51:44.172903+04:00
674afd5a31161176add286f7,DDYVFFPV,CAR,2024-11-30 15:56:10.079662+04:00
674afdf1d79153143bfe47fb,4DD37M6U,CAR,2024-11-30 15:58:41.570393+04:00
674b02be36fbc1ee4b9f2993,HMB5UVQN,CAR,2024-11-30 16:19:10.058018+04:00
674b096531161176add2873e,CDLQ9USX,CAR,2024-11-30 16:47:33.352853+04:00
674b0af740470adf6ce3001d,43LMVFHH,CAR,2024-11-30 16:54:15.868251+04:00
674b0af946665c9ede37c725,LM32LM4Q,CAR,2024-11-30 16:54:17.904047+04:00
674b0bcb02c51c97e68a5ea8,83F6J8FH,CAR,2024-11-30 16:57:47.796504+04:00
674b0c7440470adf6ce300a5,3KR8MECR,CAR,2024-11-30 17:00:36.334881+04:00
674b0d2540470adf6ce30169,ZU4UR8KG,CAR,2024-11-30 17:03:33.246775+04:00
674b11a11a21d8db2b18e339,YAZBLBTK,CAR,2024-11-30 17:22:41.636596+04:00
674b1228ed31f8d676680070,ZVV5E2TT,CAR,2024-11-30 17:24:56.940624+04:00
674b122b02c51c97e68a5f57,32UYXYHQ,CAR,2024-11-30 17:24:59.394179+04:00
674b14c8d79153143bfe490a,TDQBGUE4,CAR,2024-11-30 17:36:08.621916+04:00
674b158821280e5142828a97,D93LV3XC,CAR,2024-11-30 17:39:20.969188+04:00
674b15c131161176add2886b,23CAA4SC,CAR,2024-11-30 17:40:17.206024+04:00
674b15df40470adf6ce30263,ULEPGJVR,CAR,2024-11-30 17:40:47.675452+04:00
674b1ec340470adf6ce3036a,LSGT9PDS,CAR,2024-11-30 18:18:43.394117+04:00
674b247731161176add28966,93KYHQET,CAR,2024-11-30 18:43:03.134385+04:00
674b271836fbc1ee4b9f2a16,AYJU2AJB,CAR,2024-11-30 18:54:16.881409+04:00
674b2c6fd79153143bfe4d93,8G7CQTM7,CAR,2024-11-30 19:17:03.651421+04:00
674b2d0502c51c97e68a6072,TM42K7RD,CAR,2024-11-30 19:19:33.817396+04:00
674b2d62dc0df559cac5e441,DJ6EHN49,CAR,2024-11-30 19:21:06.811625+04:00
674b2efdd79153143bfe4e4c,AWCBB8TS,CAR,2024-11-30 19:27:57.693954+04:00
674b2f4602c51c97e68a608a,RMMQDYVS,CAR,2024-11-30 19:29:10.767177+04:00
674b31cc31161176add28a90,5DM6JVMP,CAR,2024-11-30 19:39:56.148674+04:00
674b38edc4774c80222ed826,UT5SYET3,CAR,2024-11-30 20:10:21.851343+04:00
674b3cb4b69cdd4f5a597d36,9NGU2YP6,CAR,2024-11-30 20:26:28.323945+04:00
674b446a61c8ecc267c6dbf4,5AGRHMM7,CAR,2024-11-30 20:59:22.472356+04:00
674b4575953ce991f2e74e6f,LQSNGZ2P,CAR,2024-11-30 21:03:49.593197+04:00
674b47e9953ce991f2e74f22,8DQSCBY5,CAR,2024-11-30 21:14:17.398212+04:00
674b4a862acd627783e6a2f6,XEP3GZ3B,CAR,2024-11-30 21:25:26.461973+04:00
674b5be069d9895a13cb45f8,3FTKJ2KG,CAR,2024-11-30 22:39:28.279297+04:00
674b5cc5e11ed188226b696e,QSQVF5QR,CAR,2024-11-30 22:43:17.941728+04:00
674b62fe953ce991f2e7506d,5JLYK7SG,CAR,2024-11-30 23:09:50.067367+04:00
674b652ee11ed188226b69b0,WNMK2A8T,CAR,2024-11-30 23:19:09.981978+04:00
674b6870953ce991f2e7510e,4HVLPX2U,CAR,2024-11-30 23:33:04.614287+04:00
674b6f37953ce991f2e75138,VXPKKC4R,CAR,2024-12-01 00:01:59.429297+04:00
674b7c9669d9895a13cb465f,7BLKJJNP,CAR,2024-12-01 00:59:02.771441+04:00
674b7cafe11ed188226b6a71,8TRPGNDP,CAR,2024-12-01 00:59:27.301808+04:00
674b9627b69cdd4f5a597e75,P69JGCNJ,CAR,2024-12-01 02:48:07.154490+04:00
674bb64661c8ecc267c6dc10,BCXLYDFD,CAR,2024-12-01 05:05:10.130356+04:00
674bcb12c4774c80222eda65,5WZ2NG6Y,CAR,2024-12-01 06:33:54.874683+04:00
674bd196953ce991f2e75225,K776RLG5,CAR,2024-12-01 07:01:42.023105+04:00
674bd701c8d8efaf1b0d39f0,MFZFBPQB,CAR,2024-12-01 07:24:49.443046+04:00
674beb990160921f9ef3cc2e,NVUJ6NFY,CAR,2024-12-01 08:52:41.096961+04:00
674bedd31423fe5134425458,67Z3V2J2,CAR,2024-12-01 09:02:11.084142+04:00
674bf0de1423fe513442552d,YWLFJ836,CAR,2024-12-01 09:15:10.202669+04:00
674bf1e81423fe51344255b9,J8PSWWZN,CAR,2024-12-01 09:19:36.398598+04:00
674bf5642acd627783e6a496,QTTHZ2VZ,CAR,2024-12-01 09:34:28.132896+04:00
674bf91ddd3faccb03eaa806,WFSWGZ9N,CAR,2024-12-01 09:50:21.113406+04:00
674bf9ecb5be037ad1d3f487,8LZGPPPQ,CAR,2024-12-01 09:53:48.373588+04:00
674bfa2add3faccb03eaa880,GW74B8Q5,CAR,2024-12-01 09:54:50.842888+04:00
674bfd5446cf1802ebde0260,QYFYZA7J,CAR,2024-12-01 10:08:20.250219+04:00
674bfe8e953ce991f2e75408,FG8T5M6F,CAR,2024-12-01 10:13:34.616643+04:00
674bfef5953ce991f2e754c0,9ZWEUNVT,CAR,2024-12-01 10:15:17.697950+04:00
674bff801423fe5134425627,LZKJ5SU8,CAR,2024-12-01 10:17:36.107111+04:00
674c03b61423fe5134425715,RJ54JYVK,CAR,2024-12-01 10:35:34.024984+04:00
674c03ba46cf1802ebde02dd,K5QAVCDN,CAR,2024-12-01 10:35:38.655613+04:00
674c041e4d5263fa947ae33b,5ZAJXP89,CAR,2024-12-01 10:37:18.757400+04:00
674c0759df472d1ea8808fa1,JM9WMAUB,CAR,2024-12-01 10:51:05.630944+04:00
674c090fdd3faccb03eaa90f,UWG7HPJZ,CAR,2024-12-01 10:58:23.402051+04:00
674c0c51df472d1ea8809032,AET3MH2A,CAR,2024-12-01 11:12:16.948250+04:00
674c10651423fe51344257d5,VKHAHK6L,CAR,2024-12-01 11:29:41.544622+04:00
674c13471423fe5134425855,QNPHRXYY,CAR,2024-12-01 11:41:59.520854+04:00
674c14ac0160921f9ef3cd16,ZEXF4ZYV,CAR,2024-12-01 11:47:56.249117+04:00
674c14e0d40903cfaf915c86,DXDX5SVH,CAR,2024-12-01 11:48:48.452098+04:00
674c15cbd40903cfaf915cf7,W4AQBCKV,CAR,2024-12-01 11:52:43.008860+04:00
674c18a5df472d1ea88090ff,B2SNVHEQ,CAR,2024-12-01 12:04:53.798478+04:00
674c199b4d5263fa947ae4bc,PG7SPS82,CAR,2024-12-01 12:08:59.416180+04:00
674c1a3bdf472d1ea88091dc,DLU7S5YL,CAR,2024-12-01 12:11:39.172833+04:00
674c1afa4d5263fa947ae56b,TAMZ8YHB,CAR,2024-12-01 12:14:50.179734+04:00
674c1d444d5263fa947ae5ec,ZZYEMKAJ,CAR,2024-12-01 12:24:36.841200+04:00
674c1f89573df9eb264a4627,JRT5T5Q8,CAR,2024-12-01 12:34:17.150690+04:00
674c22244cb48ef3be58007c,HAW437Y5,CAR,2024-12-01 12:45:24.083186+04:00
674c2d614d5263fa947ae7cf,U4XGQKYX,CAR,2024-12-01 13:33:21.007488+04:00
674c2dc84d5263fa947ae86b,EE63VFN2,CAR,2024-12-01 13:35:04.777346+04:00
674c2e534d5263fa947ae8e2,R42NLMAH,CAR,2024-12-01 13:37:23.905806+04:00
674c2ea146cf1802ebde036f,3BR4CW5G,CAR,2024-12-01 13:38:41.619048+04:00
674c2fa34d5263fa947ae94a,H7ZQR437,CAR,2024-12-01 13:42:59.686428+04:00
674c318946cf1802ebde0397,3GUYS8LF,CAR,2024-12-01 13:51:05.730819+04:00
674c3a41df472d1ea88092a3,5ZXUTBQY,CAR,2024-12-01 14:28:17.162089+04:00
674c3acadd3faccb03eaaa2e,VFYJUUDU,CAR,2024-12-01 14:30:34.073043+04:00
674c3b17df472d1ea880931c,5M93FX77,CAR,2024-12-01 14:31:51.382965+04:00
674c3c2446cf1802ebde042f,SEXMH495,CAR,2024-12-01 14:36:20.336053+04:00
674c3e3c4cb48ef3be58011c,G7EXFS7X,CAR,2024-12-01 14:45:16.365141+04:00
674c4b7b4d5263fa947aeaa0,5M895F64,CAR,2024-12-01 15:41:47.310883+04:00
674c53d651da7ee33d2c913e,MNYHJAPD,CAR,2024-12-01 16:17:26.767427+04:00
674c584c4d5263fa947aebcb,ENC6D5RW,CAR,2024-12-01 16:36:28.101792+04:00
674c5bde4d5263fa947aebf2,NVKKN2JB,CAR,2024-12-01 16:51:42.852751+04:00
674cac1dc87085bda68dd880,GCA7WYY8,CAR,2024-12-01 22:34:04.964917+04:00
674caff485c959f48bfe4cd7,3X43MH9V,CAR,2024-12-01 22:50:28.679898+04:00
674cb2929303ee3da4c457a3,NGJ6ECXT,CAR,2024-12-01 23:01:38.716410+04:00
674cb6093af14c59a14ee842,VH78KWHX,CAR,2024-12-01 23:16:25.845325+04:00
674cbfef7899a018caf0d024,9T67YNHS,CAR,2024-12-01 23:58:38.983882+04:00
674cc1e49da6431102e9a910,4R6S6PTE,CAR,2024-12-02 00:07:00.079858+04:00
674ce0de7899a018caf0d0e2,UYD782RN,CAR,2024-12-02 02:19:10.872317+04:00
674ce40817e10d5dab20c82b,LFXKXY36,CAR,2024-12-02 02:32:40.179870+04:00
674cf0c4551e8e3e36a69dca,77E86KD9,CAR,2024-12-02 03:26:59.993959+04:00
674d3fce17e10d5dab20c8c1,RM6FDKYS,CAR,2024-12-02 09:04:14.786698+04:00
674d4c1fdc9e334afe51bd8c,WW7YM58Q,CAR,2024-12-02 09:56:47.137625+04:00
674d4e9451503986fbcb90b2,8TBCE92L,CAR,2024-12-02 10:07:16.571223+04:00
674d52b97899a018caf0d334,D7AVXV85,CAR,2024-12-02 10:24:57.784281+04:00
674d55dcc47ed7f42fdeb215,3ULRAAVE,CAR,2024-12-02 10:38:20.516873+04:00
674d5d117899a018caf0d407,SDJYXPHJ,CAR,2024-12-02 11:09:05.320225+04:00
674d5fc67899a018caf0d458,22K7NPB9,CAR,2024-12-02 11:20:38.306291+04:00
674d628c7d1721094ca2f133,7H4TATYK,CAR,2024-12-02 11:32:28.814360+04:00
674d65097899a018caf0d600,VMQP44CX,CAR,2024-12-02 11:43:05.578578+04:00
674d668651503986fbcb923d,GSKZV4VG,CAR,2024-12-02 11:49:26.050845+04:00
674d6f2d7899a018caf0d881,XNXDFDBS,CAR,2024-12-02 12:26:21.186062+04:00
674d6f459da6431102e9abf0,4EY2ZQTQ,CAR,2024-12-02 12:26:45.874653+04:00
674d70f79da6431102e9ac6e,JENQUFK4,CAR,2024-12-02 12:33:59.153857+04:00
674d714c51503986fbcb9405,UMNSGF3R,CAR,2024-12-02 12:35:24.268612+04:00
674d73027899a018caf0d975,84PM8KPT,CAR,2024-12-02 12:42:42.662102+04:00
674d746c7899a018caf0d9f2,UWCP33HJ,CAR,2024-12-02 12:48:44.461594+04:00
674d74ed7899a018caf0da9e,WEMBCJFW,CAR,2024-12-02 12:50:53.091472+04:00
674d754d551e8e3e36a69ed6,ZJPKNJHN,CAR,2024-12-02 12:52:29.476354+04:00
674d77fd897caad74cc723da,M6Y6NWM5,CAR,2024-12-02 13:03:57.766481+04:00
674d7c729da6431102e9acfe,QMVPA82T,CAR,2024-12-02 13:22:58.263790+04:00
674d8189072ed475e534f421,BQ9NY79E,CAR,2024-12-02 13:44:41.782101+04:00
674d8439072ed475e534f43c,2JG5A94A,CAR,2024-12-02 13:56:09.879496+04:00
674d84f5551e8e3e36a69ff9,7ZVFJCBT,CAR,2024-12-02 13:59:17.047470+04:00
674d8650072ed475e534f4f5,QGPJ3JMZ,CAR,2024-12-02 14:05:04.715739+04:00
674d8798072ed475e534f572,NNVM5EJV,CAR,2024-12-02 14:10:32.407926+04:00
674d8cd09de52a14dfd460fb,988D6CEF,CAR,2024-12-02 14:32:48.146225+04:00
674d8ef2efb77e701379b810,Q6LVKY64,CAR,2024-12-02 14:41:54.634118+04:00
674d8efeefb77e701379b844,H5MWGQPW,CAR,2024-12-02 14:42:06.469504+04:00
674d94539de52a14dfd461aa,5ZCNNH66,CAR,2024-12-02 15:04:51.935897+04:00
674d95b59de52a14dfd46260,JMGAJNRP,CAR,2024-12-02 15:10:45.867233+04:00
674d95cf9de52a14dfd462d0,5NEV7RE8,CAR,2024-12-02 15:11:11.617508+04:00
674d98bbefb77e701379b8c4,KN8PCBG8,CAR,2024-12-02 15:23:39.199506+04:00
674d9ee3c1e61e187e0a0ac8,E3HWY3WG,CAR,2024-12-02 15:49:55.451205+04:00
674d9f7aefb77e701379b957,Y3U8NQKF,CAR,2024-12-02 15:52:26.832629+04:00
674da28f9de52a14dfd46505,GYA4S8TW,CAR,2024-12-02 16:05:35.694877+04:00
674da6be9da6431102e9aed1,8RRARK3U,CAR,2024-12-02 16:23:26.039163+04:00
674da6e29de52a14dfd46588,MSQLJ8Y4,CAR,2024-12-02 16:24:02.166249+04:00
674da8ed063af2a3161b6192,Z9FRWG4N,CAR,2024-12-02 16:32:45.314820+04:00
674da9929de52a14dfd466c6,TYFEM5CV,CAR,2024-12-02 16:35:30.083713+04:00
674dae54efb77e701379b9f4,KP8H7268,CAR,2024-12-02 16:55:48.859398+04:00
674db200efb77e701379ba9e,SQGQ47TS,CAR,2024-12-02 17:11:28.400364+04:00
674dba6ba4dac0db774b46b3,BU8HQ7G3,CAR,2024-12-02 17:47:23.904785+04:00
674dbc5ba4dac0db774b46c4,UZLC4SG5,CAR,2024-12-02 17:55:39.542401+04:00
674dbc82efb77e701379bc16,EDES2VDH,CAR,2024-12-02 17:56:18.643405+04:00
674dc0a8a4dac0db774b4764,EPM7XBB7,CAR,2024-12-02 18:14:00.217968+04:00
674dc830c088d1229dd7065f,LAF8KAE9,CAR,2024-12-02 18:46:08.208015+04:00
674dd2c3072ed475e534f6fe,FHJCX44Z,CAR,2024-12-02 19:31:14.975791+04:00
674ddce4897caad74cc72511,UP5657EW,CAR,2024-12-02 20:14:28.884624+04:00
674ddd42a4dac0db774b4926,MCMH5WGF,CAR,2024-12-02 20:16:02.251142+04:00
674dde44897caad74cc72586,RJM4UCCC,CAR,2024-12-02 20:20:20.158129+04:00
674deb13c088d1229dd706f2,NESR22F6,CAR,2024-12-02 21:14:59.591741+04:00
674def97efb77e701379be07,DHGEQD32,CAR,2024-12-02 21:34:15.028394+04:00
674dfeef51a2324ce077cd1b,SS8UR6WL,CAR,2024-12-02 22:39:43.054861+04:00
674e169f7a0c92cd9f3e3f8b,SGWJDV8J,CAR,2024-12-03 00:20:47.779586+04:00
674e7cc1a4dac0db774b4bce,NJE96QYM,CAR,2024-12-03 07:36:33.960176+04:00
674e8904a4dac0db774b4c4f,EJXH8HSQ,CAR,2024-12-03 08:28:52.662463+04:00
674e8b1451a2324ce077cfcd,HFYKAMJF,CAR,2024-12-03 08:37:40.361693+04:00
674e9059a15532c975193677,YNX87SR5,CAR,2024-12-03 09:00:09.225652+04:00
674e912e975347d15ea75027,8E3B42K9,CAR,2024-12-03 09:03:42.114297+04:00
674e95d2a4dac0db774b4cd4,CSPRVDYL,CAR,2024-12-03 09:23:30.093739+04:00
674e9b6f45f47dee02d5f5aa,SP4JDMFJ,CAR,2024-12-03 09:47:27.627242+04:00
674e9b9da4dac0db774b4d16,QK9UEPCX,CAR,2024-12-03 09:48:13.611185+04:00
674ea075d6dfd561ca64abec,QRLGBHEU,CAR,2024-12-03 10:08:53.560599+04:00
674ea0a651a2324ce077d08c,3ZLFEYJX,CAR,2024-12-03 10:09:42.201104+04:00
674ea427a4dac0db774b4db4,T6AGCC85,CAR,2024-12-03 10:24:39.970921+04:00
674ea6eb086ff0ee695f97b7,7Q8MY58P,CAR,2024-12-03 10:36:27.487462+04:00
674eaa3ea4dac0db774b4e06,MSGERDZQ,CAR,2024-12-03 10:50:38.623954+04:00
674eabf0a4dac0db774b4e49,9SWDF8C9,CAR,2024-12-03 10:57:52.550022+04:00
674eac343ccb93325c467fa9,Y5R5KYMN,CAR,2024-12-03 10:59:00.150107+04:00
674ead9f51a2324ce077d1b3,TBZQ4MKH,CAR,2024-12-03 11:05:03.347501+04:00
674eae50b770f5b8149e987b,PV7WMU2X,CAR,2024-12-03 11:08:00.270541+04:00
674eb08151a2324ce077d22d,2KAPFG99,CAR,2024-12-03 11:17:21.110728+04:00
674eb134086ff0ee695f985a,PCXTCFQM,CAR,2024-12-03 11:20:20.470341+04:00
674eb20a65c820eddbebdb18,FPJ76J39,CAR,2024-12-03 11:23:53.998946+04:00
674eb4153ccb93325c46805b,34CKSC7A,CAR,2024-12-03 11:32:37.812238+04:00
674eb78a3ccb93325c46810b,HVNQVZK8,CAR,2024-12-03 11:47:22.067097+04:00
674eb7a4d6dfd561ca64ac65,KQ2TQBBU,CAR,2024-12-03 11:47:48.037137+04:00
674eb7af65c820eddbebdbd0,3AA3JBVM,CAR,2024-12-03 11:47:59.884435+04:00
674ebb32c088d1229dd70854,GFWMC9MY,CAR,2024-12-03 12:02:58.570368+04:00
674ebc683ccb93325c468181,GYPPSS8P,CAR,2024-12-03 12:08:08.064337+04:00
674ebcacabace3ab09e91703,BLYBELF9,CAR,2024-12-03 12:09:16.274981+04:00
674ec29e20eeedf11968a7c6,2YCCA6ED,CAR,2024-12-03 12:34:38.580387+04:00
674ec2fb0b5482cc54cf2d8c,H7PZYAX3,CAR,2024-12-03 12:36:11.031587+04:00
674ec4f3665172b4d233f156,49G2XAZB,CAR,2024-12-03 12:44:35.040593+04:00
674ec513e926c9c2c2b6b931,D72V97FA,CAR,2024-12-03 12:45:07.481049+04:00
674ec8890b5482cc54cf2e5b,SWJJS4GH,CAR,2024-12-03 12:59:53.575407+04:00
674ec922665172b4d233f27f,TXTANUP5,CAR,2024-12-03 13:02:26.301351+04:00
674ec927665172b4d233f2e3,EUAX4N87,CAR,2024-12-03 13:02:31.620288+04:00
674ecbc50b5482cc54cf3080,YNAL8M7V,CAR,2024-12-03 13:13:41.654532+04:00
674eceb2c2ca2d60884bd412,WLJ752V4,CAR,2024-12-03 13:26:10.702261+04:00
674eceeb415fa14bd060a2b2,TB99BY86,CAR,2024-12-03 13:27:07.443963+04:00
674ecf320b5482cc54cf3111,BGX8B232,CAR,2024-12-03 13:28:18.232750+04:00
674ecf48954b7d7272fb3bab,3D2NXBD9,CAR,2024-12-03 13:28:40.739403+04:00
674ed247188911b5bdc97fcd,NYQQ8LCW,CAR,2024-12-03 13:41:27.672432+04:00
674ed3cc20eeedf11968a8e0,HYDDXG6V,CAR,2024-12-03 13:47:56.659516+04:00
674ed5c2665172b4d233f646,VL8DNH7L,CAR,2024-12-03 13:56:18.606001+04:00
674ed667188911b5bdc9800e,M9YNYPNX,CAR,2024-12-03 13:59:03.813582+04:00
674ed6900b5482cc54cf33a1,XXPYRRP4,CAR,2024-12-03 13:59:44.561864+04:00
674ed7ef20eeedf11968a982,LEA7VHF2,CAR,2024-12-03 14:05:35.560188+04:00
674eda2b415fa14bd060a5af,DWM48URZ,CAR,2024-12-03 14:15:07.267887+04:00
674edeb50657447167aa2974,48ADMXXX,CAR,2024-12-03 14:34:29.831912+04:00
674ee36590d5b73f14824a72,877X6WU3,CAR,2024-12-03 14:54:29.332043+04:00
674ee77a513acc96fe0e5418,YZ8F2EEP,CAR,2024-12-03 15:11:54.819905+04:00
674ee964513acc96fe0e54e6,9K938LNH,CAR,2024-12-03 15:20:04.193077+04:00
674eecc190d5b73f14824cb8,R2DPGLRW,CAR,2024-12-03 15:34:25.213157+04:00
674eedbe513acc96fe0e5594,7UY64DU3,CAR,2024-12-03 15:38:38.172222+04:00
674eef95649b93a93180a3b9,B3NYDKN6,CAR,2024-12-03 15:46:29.592064+04:00
674eef99513acc96fe0e568b,LHTT4GJU,CAR,2024-12-03 15:46:33.349602+04:00
674eefc7513acc96fe0e56fc,LJZ6SJL8,CAR,2024-12-03 15:47:19.720275+04:00
674ef0a190d5b73f14824dc0,4AT8V3C6,CAR,2024-12-03 15:50:57.813207+04:00
674ef0fe14d5693f9af06923,4WLVXNYQ,CAR,2024-12-03 15:52:30.749728+04:00
674ef15a5140f20cb2f7c040,XM5EMDPR,CAR,2024-12-03 15:54:02.815988+04:00
674ef1ba3bc4d2e29b44ea57,DD7YDJ9D,CAR,2024-12-03 15:55:38.813481+04:00
674ef2345140f20cb2f7c0af,P54Y4BXB,CAR,2024-12-03 15:57:40.890525+04:00
674ef307513acc96fe0e590c,7G62UTA9,CAR,2024-12-03 16:01:11.376820+04:00
674ef35390d5b73f14824e4f,KTJV7AMZ,CAR,2024-12-03 16:02:27.039846+04:00
674ef384513acc96fe0e59ee,J53T478H,CAR,2024-12-03 16:03:16.371710+04:00
674ef523513acc96fe0e5ab6,G8NWD54F,CAR,2024-12-03 16:10:10.996751+04:00
674ef5ac513acc96fe0e5b33,TYPWFK2M,CAR,2024-12-03 16:12:28.878984+04:00
674ef630555f3b8145f4d9a7,CSJS3UFQ,CAR,2024-12-03 16:14:40.628652+04:00
674ef7df90d5b73f14824f6e,3NMKNWZ8,CAR,2024-12-03 16:21:51.172087+04:00
674ef90d555f3b8145f4d9ef,JVDPYRN3,CAR,2024-12-03 16:26:53.003894+04:00
674efa97649b93a93180a449,YXC3XEHJ,CAR,2024-12-03 16:33:27.232353+04:00
674efb53555f3b8145f4db05,ZXMN6ZC8,CAR,2024-12-03 16:36:35.107819+04:00
674efc8d649b93a93180a4b9,GRFDHY6S,CAR,2024-12-03 16:41:48.986652+04:00
674efcc5513acc96fe0e5cc6,RGYT62BM,CAR,2024-12-03 16:42:45.423761+04:00
674eff28649b93a93180a535,KDHZ8R6X,CAR,2024-12-03 16:52:56.107319+04:00
674f014e90d5b73f14825228,H5NXT8R5,CAR,2024-12-03 17:02:06.676779+04:00
674f0a20513acc96fe0e5eed,YS4L2T76,CAR,2024-12-03 17:39:44.017721+04:00
674f0cfe513acc96fe0e5fc9,J4D48E7E,CAR,2024-12-03 17:51:58.635362+04:00
674f0d3490d5b73f14825403,69R2GDTJ,CAR,2024-12-03 17:52:52.589505+04:00
674f0d48649b93a93180a6cc,ZEG2CDN8,CAR,2024-12-03 17:53:12.154566+04:00
674f0d8390d5b73f14825446,NXTBFNCG,CAR,2024-12-03 17:54:11.862682+04:00
674f1659097241ff446f2afa,NYABFT63,CAR,2024-12-03 18:31:53.133846+04:00
674f1b009c9b1558f5ab79db,CT5MTFF5,CAR,2024-12-03 18:51:44.806670+04:00
674f1dada4eba6a4c62ffcbd,AA7NN35W,CAR,2024-12-03 19:03:09.702259+04:00
674f2558649b93a93180a85f,PSXLCHUQ,CAR,2024-12-03 19:35:52.097270+04:00
674f2604a4eba6a4c62fff9b,5XSTC88C,CAR,2024-12-03 19:38:44.892220+04:00
674f28de097241ff446f2d70,JRBAB7Z2,CAR,2024-12-03 19:50:54.914689+04:00
674f2994a4eba6a4c630013f,2T6YGP7H,CAR,2024-12-03 19:53:56.721250+04:00
674f3240649b93a93180a8c2,AVFABNVF,CAR,2024-12-03 20:30:56.386817+04:00
674f32bca4eba6a4c630027b,KR6AP9WP,CAR,2024-12-03 20:33:00.365809+04:00
674f380e28f1b8b3f385b9f5,NPQYV492,CAR,2024-12-03 20:55:42.670357+04:00
674f3b0b28f1b8b3f385ba6a,D8RLSTRD,CAR,2024-12-03 21:08:27.589439+04:00
674f3d049c9b1558f5ab7bd3,9J9H67MP,CAR,2024-12-03 21:16:52.963210+04:00
674f3ea6a4eba6a4c6300317,947GDPU8,CAR,2024-12-03 21:23:50.268908+04:00
674f52fe9c079e54c8e26959,6ZGEJ9DS,CAR,2024-12-03 22:50:38.391373+04:00
674f596d649b93a93180aa9d,UA87SDXN,CAR,2024-12-03 23:18:05.077027+04:00
674f5dc1a4eba6a4c6300602,MJ6LUFQN,CAR,2024-12-03 23:36:33.835129+04:00
674fca3c28f1b8b3f385bbf4,28VZYJU4,CAR,2024-12-04 07:19:24.222173+04:00
674fcffb42052a512c50c920,TZ7XJ2PJ,CAR,2024-12-04 07:43:55.241899+04:00
674fd537a4eba6a4c63008c0,RTF97MLW,CAR,2024-12-04 08:06:15.365730+04:00
674fd829e613c2a6bd77590b,BBEP64QT,CAR,2024-12-04 08:18:49.948662+04:00
674fd9b329906f4eaad7b0a4,V4BYX52B,CAR,2024-12-04 08:25:23.922685+04:00
674fd9e4449b31e97fa906df,B4KP25BM,CAR,2024-12-04 08:26:12.699534+04:00
674fda0342052a512c50cadc,L9CZZ8JE,CAR,2024-12-04 08:26:43.147631+04:00
674fdb4c42052a512c50cb69,5AF4E44K,CAR,2024-12-04 08:32:12.637222+04:00
674fe161e613c2a6bd775988,9T8Z4E4Z,CAR,2024-12-04 08:58:09.579755+04:00
674fe19ff80529e5a0c58585,RWERE79G,CAR,2024-12-04 08:59:11.784984+04:00
674fe337649b93a93180ad3f,RZ4E8YDY,CAR,2024-12-04 09:05:59.000882+04:00
674fe5be703ef86325adb2a2,9ZBFAYVG,CAR,2024-12-04 09:16:46.624371+04:00
674fe61429906f4eaad7b1b4,GGB8BRRQ,CAR,2024-12-04 09:18:12.601150+04:00
674fe61f42052a512c50cbcb,ELYL6RJB,CAR,2024-12-04 09:18:23.381032+04:00
674fe6edf80529e5a0c5862b,JA2JRCU3,CAR,2024-12-04 09:21:49.807954+04:00
674fe70c649b93a93180ad8d,42F7H97N,CAR,2024-12-04 09:22:20.493861+04:00
674fe72229906f4eaad7b1bd,MEJP9AFK,CAR,2024-12-04 09:22:42.386510+04:00
674fe8d042052a512c50cc51,3ERWBNTP,CAR,2024-12-04 09:29:52.902221+04:00
674fe8d8a3751a6db42e4fd0,B47Y2BQG,CAR,2024-12-04 09:30:00.136426+04:00
674fe8ee649b93a93180ae15,3J8VN43Z,CAR,2024-12-04 09:30:22.499593+04:00
674fe91042052a512c50ccc8,CS74AUZV,CAR,2024-12-04 09:30:55.978718+04:00
674fe9e529906f4eaad7b277,QJR554PD,CAR,2024-12-04 09:34:29.802900+04:00
674febb49c079e54c8e26a81,F4254VN4,CAR,2024-12-04 09:42:12.058753+04:00
674fecfa42052a512c50cd49,AC2NBGWF,CAR,2024-12-04 09:47:38.793288+04:00
674fedaf649b93a93180afa6,FF5L37K8,CAR,2024-12-04 09:50:39.292905+04:00
674fee2b649b93a93180b023,929H78G8,CAR,2024-12-04 09:52:43.017518+04:00
674feec29c079e54c8e26a8e,UVJQGVNE,CAR,2024-12-04 09:55:14.911049+04:00
674fef7242052a512c50cde2,3VFW8BR5,CAR,2024-12-04 09:58:10.096813+04:00
674ff04242052a512c50ce81,TMNEWPSW,CAR,2024-12-04 10:01:38.789833+04:00
674ff0a7649b93a93180b0ca,7KQ7MRAR,CAR,2024-12-04 10:03:19.662848+04:00
674ff0e79c079e54c8e26bc5,Y4L4V4JC,CAR,2024-12-04 10:04:23.915442+04:00
674ff1ff85eee97aa536049c,D6LKCVYX,CAR,2024-12-04 10:09:03.318949+04:00
674ff29142052a512c50cf21,XX5H328P,CAR,2024-12-04 10:11:29.504393+04:00
674ff40ec2e5665720477a97,KKZWBP5H,CAR,2024-12-04 10:17:50.418388+04:00
674ff52242052a512c50cfe0,CJ2VQNTV,CAR,2024-12-04 10:22:25.969983+04:00
674ff5e2f9e8a4b46f4d3f8f,WFGGCEY6,CAR,2024-12-04 10:25:38.408954+04:00
674ff6552b1839d1df358ba6,JGL2CUYT,CAR,2024-12-04 10:27:33.100350+04:00
674ff6962d13601d86fe2503,6DHQGSQ7,CAR,2024-12-04 10:28:38.772587+04:00
674ff84c42052a512c50d0c0,BXBZZWQY,CAR,2024-12-04 10:35:56.399963+04:00
674ff905dd78929bcf9f432a,4N2ZDET8,CAR,2024-12-04 10:39:01.564582+04:00
674ff90ddd78929bcf9f4396,9PZF97JH,CAR,2024-12-04 10:39:09.504819+04:00
674ff9e9a3751a6db42e5117,CGEXDQL8,CAR,2024-12-04 10:42:49.340101+04:00
674ffa5e69c87a5f826bbbea,J2XLTBP9,CAR,2024-12-04 10:44:46.145472+04:00
674ffc30c2e5665720477bf3,3MADUV8N,CAR,2024-12-04 10:52:32.742933+04:00
674ffcfd42052a512c50d19c,HAHN7PTP,CAR,2024-12-04 10:55:57.723044+04:00
674ffd4f29906f4eaad7b402,T74ER25E,CAR,2024-12-04 10:57:19.003502+04:00
674ffdff69c87a5f826bbcce,LZVUFZGU,CAR,2024-12-04 11:00:15.649771+04:00
674ffe5742052a512c50d264,AXJU5483,CAR,2024-12-04 11:01:43.361380+04:00
674ffefadd78929bcf9f4426,P2FSW8V9,CAR,2024-12-04 11:04:26.629127+04:00
674fff4742052a512c50d2fb,TKW2RN8R,CAR,2024-12-04 11:05:43.388831+04:00
674fff9a69c87a5f826bbd7d,7XSW67GP,CAR,2024-12-04 11:07:06.929280+04:00
674fffadc2e5665720477ca9,NBF4M9PD,CAR,2024-12-04 11:07:24.976670+04:00
6750030bf960f89e6046e18d,H34YKF9D,CAR,2024-12-04 11:21:47.871733+04:00
675003ba272260048f81d394,C9JMZMAC,CAR,2024-12-04 11:24:42.122137+04:00
6750068f612eeb58eb858cfb,HQJMTRHN,CAR,2024-12-04 11:36:47.646813+04:00
6750072eb0c63109c22067ce,P7XJMZRY,CAR,2024-12-04 11:39:26.628384+04:00
675007f9b40d2038b9c39fef,VX8AV3L3,CAR,2024-12-04 11:42:49.862461+04:00
67500839b40d2038b9c39ffc,AM4KUPFT,CAR,2024-12-04 11:43:53.876030+04:00
675008bcb0c63109c2206859,PLK2BCDW,CAR,2024-12-04 11:46:04.737768+04:00
6750098f272260048f81d4b6,28DQ2A4F,CAR,2024-12-04 11:49:35.353456+04:00
67500afcb40d2038b9c3a058,4VAGVGSQ,CAR,2024-12-04 11:55:40.095658+04:00
67500bdf272260048f81d5a8,N946W2DX,CAR,2024-12-04 11:59:27.214270+04:00
67500ea01ad7e927c4576cd2,6S97ZK5P,CAR,2024-12-04 12:11:12.656993+04:00
675010a11ad7e927c4576d55,S8ZJ976Y,CAR,2024-12-04 12:19:45.144048+04:00
67501159f960f89e6046e454,4VHMNNH4,CAR,2024-12-04 12:22:49.390009+04:00
675012a0272260048f81d6b9,WCUY4LSY,CAR,2024-12-04 12:28:16.112588+04:00
675012ac98686399b39d75d6,NCJECFSS,CAR,2024-12-04 12:28:28.587156+04:00
675013f3f960f89e6046e5ab,PN4TK8FV,CAR,2024-12-04 12:33:55.949502+04:00
67501470612eeb58eb858e99,D3R4PZSL,CAR,2024-12-04 12:36:00.846616+04:00
6750152c612eeb58eb858f09,RLWTG6TA,CAR,2024-12-04 12:39:08.774383+04:00
67501577848a27c82ee31afe,6N2XAFZU,CAR,2024-12-04 12:40:23.034573+04:00
67501593b40d2038b9c3a2b8,PGEZDHT8,CAR,2024-12-04 12:40:51.515251+04:00
67501606612eeb58eb8590b6,G9JTK2WC,CAR,2024-12-04 12:42:46.369421+04:00
675017d7848a27c82ee31b93,957UDEQH,CAR,2024-12-04 12:50:31.883792+04:00
6750180bf960f89e6046e666,UY4D7HTV,CAR,2024-12-04 12:51:23.453923+04:00
6750186c7d5d701e9b156e7c,YP5HPTEP,CAR,2024-12-04 12:53:00.572272+04:00
675018c2f960f89e6046e6ea,LBFZG8W7,CAR,2024-12-04 12:54:26.176879+04:00
675018fcf960f89e6046e78b,WS795EAW,CAR,2024-12-04 12:55:24.088095+04:00
67501b7ff960f89e6046e826,JBJSB5DJ,CAR,2024-12-04 13:06:06.988733+04:00
67501c0967bdc5ae8244b9df,P46AXS7M,CAR,2024-12-04 13:08:25.691322+04:00
67501c7f848a27c82ee31c6d,99SV9YPR,CAR,2024-12-04 13:10:23.510165+04:00
67501d2598686399b39d7656,8XUPWDGB,CAR,2024-12-04 13:13:09.521296+04:00
67501d6198686399b39d76cc,EXHW8GQT,CAR,2024-12-04 13:14:09.003503+04:00
67501d8667bdc5ae8244ba53,ESMHZ5AC,CAR,2024-12-04 13:14:46.170127+04:00
67501db2848a27c82ee31d45,YTGLMKYK,CAR,2024-12-04 13:15:30.511192+04:00
67501dc41e3a181f0ca7aefe,VWLX3AZ7,CAR,2024-12-04 13:15:48.388864+04:00
67501e811e3a181f0ca7af1f,RSWPL3WR,CAR,2024-12-04 13:18:57.209614+04:00
67501ed367bdc5ae8244baf1,H4ETAP2T,CAR,2024-12-04 13:20:19.694182+04:00
67501ed87d5d701e9b156f40,A4UPZWDD,CAR,2024-12-04 13:20:24.366125+04:00
67501f301e3a181f0ca7af39,Z3NW5LFA,CAR,2024-12-04 13:21:52.201494+04:00
67501f91848a27c82ee31de2,KPTB536B,CAR,2024-12-04 13:23:29.073219+04:00
67501fa498686399b39d777e,XN7US2SW,CAR,2024-12-04 13:23:48.699134+04:00
67501fa51e3a181f0ca7afb4,DQ2XJUQ7,CAR,2024-12-04 13:23:49.231062+04:00
675020031e3a181f0ca7b037,CJCJXHNM,CAR,2024-12-04 13:25:23.116490+04:00
6750211c1e3a181f0ca7b0ab,C7EMKVT2,CAR,2024-12-04 13:30:04.446602+04:00
6750213267bdc5ae8244bb9a,5GZ4YA45,CAR,2024-12-04 13:30:26.823272+04:00
6750214ca41daaa9bd8fe9d0,2DQ7WFMT,CAR,2024-12-04 13:30:52.083814+04:00
67502321cc4f6a63062abd68,2LW8DWD9,CAR,2024-12-04 13:38:41.836836+04:00
6750235bcc4f6a63062abd71,B4L7HLZM,CAR,2024-12-04 13:39:39.278575+04:00
67502493177a4e9696a3ca0a,NQD77QWU,CAR,2024-12-04 13:44:51.299341+04:00
675025d167bdc5ae8244bd1b,4BC9FBWU,CAR,2024-12-04 13:50:09.652059+04:00
6750276f67bdc5ae8244be57,KFD27JDR,CAR,2024-12-04 13:57:03.795830+04:00
675028841e3a181f0ca7b37c,J2L65AZH,CAR,2024-12-04 14:01:40.156133+04:00
675029221e3a181f0ca7b3c1,HRLAVHDD,CAR,2024-12-04 14:04:18.514639+04:00
67502b102d934aa7c18934aa,6FTZ2AJ7,CAR,2024-12-04 14:12:32.024519+04:00
67502b12cc4f6a63062abee8,SGRZBFTK,CAR,2024-12-04 14:12:34.522489+04:00
67502bf31e3a181f0ca7b471,758GDFGD,CAR,2024-12-04 14:16:19.356475+04:00
67502c7ca41daaa9bd8feb49,X5X6BQAS,CAR,2024-12-04 14:18:36.598713+04:00
67502cc567bdc5ae8244bf29,PSDDAK2E,CAR,2024-12-04 14:19:49.666079+04:00
67502d281e3a181f0ca7b4ec,DZUAW7YY,CAR,2024-12-04 14:21:28.585716+04:00
67502d4ca41daaa9bd8febc8,FUQDUK8N,CAR,2024-12-04 14:22:04.932031+04:00
67502e492d934aa7c1893560,WCWAL62C,CAR,2024-12-04 14:26:17.769771+04:00
67502ecd2d934aa7c18935e2,XNM4G5X8,CAR,2024-12-04 14:28:29.332452+04:00
67502ede67bdc5ae8244bfd6,L2GBY4Z4,CAR,2024-12-04 14:28:46.299946+04:00
67502f8c1e3a181f0ca7b670,8JLBVMGJ,CAR,2024-12-04 14:31:40.535672+04:00
67502fe81e3a181f0ca7b6e1,884QHMTT,CAR,2024-12-04 14:33:12.782334+04:00
675030991e3a181f0ca7b6f0,F2KWNPFK,CAR,2024-12-04 14:36:09.830690+04:00
6750325467bdc5ae8244c092,DCLNNA8G,CAR,2024-12-04 14:43:32.682865+04:00
6750326067bdc5ae8244c103,HFCN29CB,CAR,2024-12-04 14:43:44.422773+04:00
6750327d2d934aa7c1893680,GUMNWA24,CAR,2024-12-04 14:44:13.475546+04:00
6750342b177a4e9696a3cb59,FC5NE7U4,CAR,2024-12-04 14:51:23.670148+04:00
675035212d934aa7c189378a,JLLQ8WJZ,CAR,2024-12-04 14:55:29.100721+04:00
675036042d934aa7c18937dc,8SDN72DT,CAR,2024-12-04 14:59:16.951785+04:00
6750361b67bdc5ae8244c222,RST4N658,CAR,2024-12-04 14:59:39.796523+04:00
6750367f2d934aa7c18937e7,SDKK7GVA,CAR,2024-12-04 15:01:19.206790+04:00
675036bdcc4f6a63062ac1cc,W6NDMXQX,CAR,2024-12-04 15:02:21.646995+04:00
675038fd2d934aa7c1893885,L2LVLT32,CAR,2024-12-04 15:11:57.012457+04:00
67503971519abb0df5be69ed,HWW3EK6Y,CAR,2024-12-04 15:13:53.570012+04:00
6750397767bdc5ae8244c2d6,X4M59VT4,CAR,2024-12-04 15:13:59.389294+04:00
675039912d934aa7c1893907,ULQVCETF,CAR,2024-12-04 15:14:25.539828+04:00
67503b493fc3d0944e224f7c,NT4BUWMK,CAR,2024-12-04 15:21:45.276152+04:00
67503bce3fc3d0944e22500c,DREKM6M7,CAR,2024-12-04 15:23:58.564376+04:00
67503bf28ac9761bb277cfc3,HNYWVW8R,CAR,2024-12-04 15:24:34.558970+04:00
67503cc59ca4bb1b5846b244,KHUGAJKU,CAR,2024-12-04 15:28:05.141524+04:00
67503e4167bdc5ae8244c3f6,MW8YU3SY,CAR,2024-12-04 15:34:25.524398+04:00
67503f2b9ca4bb1b5846b2e4,UYYFS2KY,CAR,2024-12-04 15:38:19.794943+04:00
675040883fc3d0944e22514d,BR4Z7TAQ,CAR,2024-12-04 15:44:08.261458+04:00
675041458ac9761bb277d06d,SKK6VJW2,CAR,2024-12-04 15:47:17.016995+04:00
6750417a9ca4bb1b5846b3ff,WNW93722,CAR,2024-12-04 15:48:10.645635+04:00
675042e13fc3d0944e2251e3,W9G2HGCM,CAR,2024-12-04 15:54:09.495537+04:00
6750434094eded264e15937b,K4GXHXXX,CAR,2024-12-04 15:55:44.650283+04:00
6750451004d561a258e7009e,F3LL5EU7,CAR,2024-12-04 16:03:28.736749+04:00
675046213fc3d0944e225288,JD65G4AM,CAR,2024-12-04 16:08:01.415676+04:00
675046993fc3d0944e2252ff,QPJ4DMUH,CAR,2024-12-04 16:10:01.655055+04:00
675047659ca4bb1b5846b53a,JM557UKK,CAR,2024-12-04 16:13:25.868908+04:00
6750479894eded264e15951b,5KCZ388M,CAR,2024-12-04 16:14:16.351363+04:00
675048183fc3d0944e22539a,M2L68PLS,CAR,2024-12-04 16:16:24.147680+04:00
6750489c050529ebda5f38eb,D3XSCKMS,CAR,2024-12-04 16:18:36.360150+04:00
6750492f04d561a258e70167,29G6DRLH,CAR,2024-12-04 16:21:03.453001+04:00
67504ba604d561a258e701cb,G4BC9CCY,CAR,2024-12-04 16:31:34.442270+04:00
67504c9c050529ebda5f397d,ZGR3SYK3,CAR,2024-12-04 16:35:40.721927+04:00
67504d783fc3d0944e225479,722GBC5W,CAR,2024-12-04 16:39:20.042161+04:00
67504dfa94eded264e15962b,RL6ALVZ3,CAR,2024-12-04 16:41:30.732176+04:00
67504ec63fc3d0944e225515,CMT3U56W,CAR,2024-12-04 16:44:54.208641+04:00
67504f3c050529ebda5f39b0,M2DBDHZ3,CAR,2024-12-04 16:46:52.245245+04:00
67504f6a94eded264e1596a4,QLQV82J8,CAR,2024-12-04 16:47:38.077575+04:00
6750507c3fc3d0944e22556f,QETM5ZM3,CAR,2024-12-04 16:52:12.769281+04:00
675050a8aecb27d4ca0e4b27,6YTN67JL,CAR,2024-12-04 16:52:56.653961+04:00
675051243fc3d0944e2255f3,UNA9Z7EZ,CAR,2024-12-04 16:55:00.572451+04:00
67505177050529ebda5f3a2e,XNKZF2K6,CAR,2024-12-04 16:56:23.243075+04:00
6750529baecb27d4ca0e4c51,679ZZGSE,CAR,2024-12-04 17:01:15.216251+04:00
675059c142d7be4e8b1936c3,T3U5KQ3U,CAR,2024-12-04 17:31:45.945825+04:00
67505ab23fc3d0944e2257be,8U6M5M5Y,CAR,2024-12-04 17:35:46.862313+04:00
67505b099ca4bb1b5846b791,7NHCZ496,CAR,2024-12-04 17:37:13.444602+04:00
67505ba094eded264e1597fc,J9QJSJGZ,CAR,2024-12-04 17:39:44.656834+04:00
67505cd3050529ebda5f3af2,2CYFUW6R,CAR,2024-12-04 17:44:51.745647+04:00
67505e6e36d25adf3275fe4b,ELY79CGH,CAR,2024-12-04 17:51:41.997050+04:00
67505eec3fc3d0944e22598a,3J52R6BQ,CAR,2024-12-04 17:53:48.783382+04:00
67505fb79ca4bb1b5846b813,CL72KBKJ,CAR,2024-12-04 17:57:11.192281+04:00
67505fde36d25adf3275ff06,SVDG3MQR,CAR,2024-12-04 17:57:50.312538+04:00
675062b75643949092ed0468,CHA6WQ3X,CAR,2024-12-04 18:09:59.915202+04:00
675062f59ca4bb1b5846b918,49BEGMTU,CAR,2024-12-04 18:11:01.107499+04:00
675063b39ca4bb1b5846b9ad,JMFF4SLU,CAR,2024-12-04 18:14:11.686530+04:00
6750646d9ca4bb1b5846ba60,QLAG4U2G,CAR,2024-12-04 18:17:17.267709+04:00
675065681656982333377b3f,NPPWZPW6,CAR,2024-12-04 18:21:28.160239+04:00
675065749ca4bb1b5846bb30,8UNYGSNN,CAR,2024-12-04 18:21:40.297938+04:00
6750663e9ca4bb1b5846bbd8,FHUHZ3WK,CAR,2024-12-04 18:25:01.981027+04:00
675067de1656982333377c2d,HZ6YCMNX,CAR,2024-12-04 18:31:58.476774+04:00
675067df1656982333377c30,W9PSSRB5,CAR,2024-12-04 18:31:59.582082+04:00
6750685c5643949092ed064d,VXJH88J5,CAR,2024-12-04 18:34:04.327101+04:00
675068959ca4bb1b5846bd50,HFQ822ET,CAR,2024-12-04 18:35:00.999732+04:00
675068b4e6c4bd3c53b809ce,V8V9EYAW,CAR,2024-12-04 18:35:32.170419+04:00
6750696010b57b3b54bb59cb,F9PPY43D,CAR,2024-12-04 18:38:23.981373+04:00
675069949ca4bb1b5846be1b,56KJ97V3,CAR,2024-12-04 18:39:16.771882+04:00
67506a625643949092ed0695,VVF8MBDB,CAR,2024-12-04 18:42:42.765650+04:00
67506ac39ca4bb1b5846bede,P9E7EN3L,CAR,2024-12-04 18:44:19.599158+04:00
67506cf2e6c4bd3c53b80a6f,K2W3JFFL,CAR,2024-12-04 18:53:38.923653+04:00
67506d005643949092ed076c,4TLHXZJX,CAR,2024-12-04 18:53:52.796561+04:00
67506d029ca4bb1b5846bf99,NBQ6QJD4,CAR,2024-12-04 18:53:54.705729+04:00
67507198e6c4bd3c53b80c15,B7DUPS8L,CAR,2024-12-04 19:13:28.969418+04:00
675073379ca4bb1b5846c0b1,3PAVGXB9,CAR,2024-12-04 19:20:23.745496+04:00
675074504ae605bec23a3765,QHL9WL5K,CAR,2024-12-04 19:25:04.625019+04:00
6750758996b43ecd06af53e2,K3ZPWW2H,CAR,2024-12-04 19:30:17.772721+04:00
675076c39ca4bb1b5846c170,NMVPFWU4,CAR,2024-12-04 19:35:31.434056+04:00
675076cd9ca4bb1b5846c175,HURZK9QJ,CAR,2024-12-04 19:35:41.498068+04:00
675076f49ca4bb1b5846c1e4,WSV4KCER,CAR,2024-12-04 19:36:20.892368+04:00
675077094ae605bec23a3840,PS5AQTH5,CAR,2024-12-04 19:36:41.525040+04:00
6750772ca9be100d4f5ff1a7,EKLUAYV7,CAR,2024-12-04 19:37:16.571774+04:00
6750774fe6c4bd3c53b80c52,CKGML6UP,CAR,2024-12-04 19:37:51.239593+04:00
675077bf9ca4bb1b5846c2e3,BBMU3MSB,CAR,2024-12-04 19:39:43.366278+04:00
67507915c455ddb0a6ed2c1e,MCA7WD83,CAR,2024-12-04 19:45:25.323460+04:00
675079604ae605bec23a38e5,LQLG8YXM,CAR,2024-12-04 19:46:40.902356+04:00
67507c8832011c50b43ebbe0,XQ2WV4GW,CAR,2024-12-04 20:00:08.752564+04:00
67507d0b86e1c0b5194e2b3f,8Q3NRGEB,CAR,2024-12-04 20:02:19.244739+04:00
67507d219ca4bb1b5846c3a4,N7W9C9FT,CAR,2024-12-04 20:02:41.109556+04:00
67507db9881c01cf1876d96e,MKMZNQ9E,CAR,2024-12-04 20:05:13.211836+04:00
67507e614a923d282742aab5,27A9A453,CAR,2024-12-04 20:08:01.682070+04:00
67507e6a348e3ce02a93df60,NZ94PKU2,CAR,2024-12-04 20:08:10.418904+04:00
67507eda348e3ce02a93dfed,3JAP227U,CAR,2024-12-04 20:10:02.652185+04:00
675084df348e3ce02a93e16f,T6C8QY9B,CAR,2024-12-04 20:35:43.672565+04:00
675085139e64a1ce11dcfbc2,5A88SR65,CAR,2024-12-04 20:36:35.881198+04:00
675085a5f47a71b96aa8a0f8,T5X2ZLE9,CAR,2024-12-04 20:39:01.061899+04:00
675085ba9e64a1ce11dcfc33,H4DH5LAL,CAR,2024-12-04 20:39:22.504741+04:00
6750862079703bb8fbf81cc0,6TYXMNU8,CAR,2024-12-04 20:41:04.637453+04:00
67508ae179703bb8fbf81d56,4F2PF8CA,CAR,2024-12-04 21:01:21.202239+04:00
67508d53f47a71b96aa8a192,WV2UCR2S,CAR,2024-12-04 21:11:47.213436+04:00
6750906196b43ecd06af5467,MY6S9BXF,CAR,2024-12-04 21:24:49.881212+04:00
6750931a160856f69adefbc9,5245P8MS,CAR,2024-12-04 21:36:26.775242+04:00
6750958d348e3ce02a93e325,YUPA6QZ4,CAR,2024-12-04 21:46:53.223958+04:00
6750989af8321e9fcdf1ef6e,4FSJPZWV,CAR,2024-12-04 21:59:54.687257+04:00
67509e2079fb55cd4656f042,5S3J7NKY,CAR,2024-12-04 22:23:28.089379+04:00
67509e4df8321e9fcdf1f09e,78XN3XG4,CAR,2024-12-04 22:24:13.350603+04:00
67509fe515e98688e1595615,FVPCVHA6,CAR,2024-12-04 22:31:01.431123+04:00
6750a67f79703bb8fbf82024,38UTAL7V,CAR,2024-12-04 22:59:11.546709+04:00
6750ac73c4075822eeace421,7YW7KYWA,CAR,2024-12-04 23:24:35.065149+04:00
6750b14179fb55cd4656f20a,NUSMXLAU,CAR,2024-12-04 23:45:05.869604+04:00
6750bf61f8321e9fcdf1f223,JVUFBT99,CAR,2024-12-05 00:45:21.600433+04:00
6750c12af8321e9fcdf1f25e,L7RRSHLU,CAR,2024-12-05 00:52:58.301413+04:00
6750c23b33d26eca97100baf,T5YXBW9M,CAR,2024-12-05 00:57:31.500457+04:00
6750d891b04e2e3beccb5e5c,H37NE4BK,CAR,2024-12-05 02:32:49.496148+04:00
67510190f8321e9fcdf1f29a,A4C9FT5Y,CAR,2024-12-05 05:27:44.321001+04:00
6751109ec4075822eeace54d,T78X3XKX,CAR,2024-12-05 06:31:58.547006+04:00
675114ad0f580bc6bf08a7c6,XWLYYB88,CAR,2024-12-05 06:49:17.597280+04:00
6751180ef8321e9fcdf1f32d,8PU94GWE,CAR,2024-12-05 07:03:42.954349+04:00
67511a4f9b55d58217df162f,7UQQRHAG,CAR,2024-12-05 07:13:18.971305+04:00
67511d65e0ded1775ae2bc11,VEK94MAJ,CAR,2024-12-05 07:26:29.483822+04:00
67511da5e0ded1775ae2bc48,EQXHNBVZ,CAR,2024-12-05 07:27:33.470483+04:00
67511f99f8321e9fcdf1f450,JZYMWHLM,CAR,2024-12-05 07:35:53.956915+04:00
675125afe2e3f651f3e002b5,FKUGDTH6,CAR,2024-12-05 08:01:51.289695+04:00
6751268ae2e3f651f3e00321,BPVS3XF8,CAR,2024-12-05 08:05:29.996926+04:00
67512a7179fb55cd4656f318,SGD2YW8N,CAR,2024-12-05 08:22:09.359644+04:00
67512d3b79fb55cd4656f3ee,SFCWMKBH,CAR,2024-12-05 08:34:03.855302+04:00
67513217b04e2e3beccb5f99,ZQASFKZ2,CAR,2024-12-05 08:54:46.977033+04:00
6751349f15e98688e1595768,F35CXGDS,CAR,2024-12-05 09:05:35.862810+04:00
675135500f580bc6bf08abeb,6RT8BV99,CAR,2024-12-05 09:08:32.525068+04:00
675136580f580bc6bf08ac3c,W74YNA4E,CAR,2024-12-05 09:12:56.153267+04:00
6751395c15e98688e15958a5,JCTH69KD,CAR,2024-12-05 09:25:48.215036+04:00
67513aeab04e2e3beccb6026,LZ3R673C,CAR,2024-12-05 09:32:26.369399+04:00
67513c5015e98688e15958fd,7U5TXFHB,CAR,2024-12-05 09:38:24.038452+04:00
67513d910f580bc6bf08adf3,BQAFEGZY,CAR,2024-12-05 09:43:45.017149+04:00
67513e9b71b4ad9320714fbe,BK8U3ZGC,CAR,2024-12-05 09:48:11.476810+04:00
675140360f580bc6bf08af5d,P3DCYN28,CAR,2024-12-05 09:55:02.306155+04:00
6751419e0f580bc6bf08aff6,QMGAPFYZ,CAR,2024-12-05 10:01:02.417707+04:00
675143470f580bc6bf08b0a5,ZBBTWEAP,CAR,2024-12-05 10:08:07.785494+04:00
675144a00f580bc6bf08b20b,QE5D2C79,CAR,2024-12-05 10:13:52.807758+04:00
675144b8d2de9d7bc6e708f4,UTDMLNMT,CAR,2024-12-05 10:14:16.156246+04:00
675144e90f580bc6bf08b215,3T9TADLR,CAR,2024-12-05 10:15:04.990683+04:00
6751456e71b4ad93207151fa,BS8GJWXN,CAR,2024-12-05 10:17:18.666871+04:00
67514639621ff6cdd8411dff,HCFGTTYM,CAR,2024-12-05 10:20:41.711169+04:00
675147eeb04e2e3beccb6134,N6SJQZC5,CAR,2024-12-05 10:27:58.361021+04:00
675148e1b04e2e3beccb61c4,DSP39VXC,CAR,2024-12-05 10:32:01.286034+04:00
67514928621ff6cdd8411e6d,B5PXRDZM,CAR,2024-12-05 10:33:12.126518+04:00
67514a6593552cd7c8394440,SYGJEKKT,CAR,2024-12-05 10:38:29.772558+04:00
67514a9d9b55d58217df1716,R9B776KS,CAR,2024-12-05 10:39:25.201565+04:00
67514acd93552cd7c83944b9,LUJ6NMZT,CAR,2024-12-05 10:40:13.025662+04:00
67514bc593552cd7c8394543,HR8DRDXF,CAR,2024-12-05 10:44:21.230591+04:00
67514be1c4075822eeace704,MR7YS73U,CAR,2024-12-05 10:44:49.577735+04:00
67514c25867ff2157ea67310,8HFYFWMC,CAR,2024-12-05 10:45:56.976208+04:00
67514d7d93552cd7c83945d7,5N74Z4FU,CAR,2024-12-05 10:51:41.821721+04:00
67514f14621ff6cdd8411f1f,3EEHR2HH,CAR,2024-12-05 10:58:28.681272+04:00
67515241c4075822eeace88e,M77BWUV3,CAR,2024-12-05 11:12:01.580081+04:00
6751524d867ff2157ea673e4,XJ2UFCKH,CAR,2024-12-05 11:12:13.762564+04:00
675152d593552cd7c83946e9,C2ND3683,CAR,2024-12-05 11:14:29.554259+04:00
675153f79f9cedc1307a4d68,SJU99TFW,CAR,2024-12-05 11:19:19.521667+04:00
675155f471b4ad9320715336,K24UB82Y,CAR,2024-12-05 11:27:48.893612+04:00
675156019f9cedc1307a4e14,UHKAKRJU,CAR,2024-12-05 11:28:01.628590+04:00
67515799e2e3f651f3e00548,3C9KT7T3,CAR,2024-12-05 11:34:49.243460+04:00
675157fd867ff2157ea67419,W2GVZQJF,CAR,2024-12-05 11:36:29.045636+04:00
675159d471b4ad93207153dc,4WHTKWJL,CAR,2024-12-05 11:44:20.029566+04:00
675159dde2e3f651f3e005cd,CS95TELQ,CAR,2024-12-05 11:44:29.891251+04:00
67515b4d93552cd7c8394822,ACUHWLAJ,CAR,2024-12-05 11:50:37.936336+04:00
67515c85867ff2157ea67540,LPMUQD2W,CAR,2024-12-05 11:55:49.839464+04:00
67515d8193552cd7c83948f7,HYCZR8RC,CAR,2024-12-05 12:00:01.100444+04:00
67515dfd2c0cecab726fcbd4,DCZDBECS,CAR,2024-12-05 12:02:05.419164+04:00
67515e1012c0a5584d7680ab,EAB5CKPB,CAR,2024-12-05 12:02:24.565994+04:00
67515e3e3114d61b7732ad10,CPC4AFPE,CAR,2024-12-05 12:03:10.803286+04:00
67515e68290875f567362ff3,JVKQ44DY,CAR,2024-12-05 12:03:52.250267+04:00
67515ec7867ff2157ea675ed,ETLE8N9B,CAR,2024-12-05 12:05:27.575788+04:00
67515fb733f5e51cbd024745,G6FLBWL9,CAR,2024-12-05 12:09:27.525807+04:00
67515fdb2c0cecab726fccbf,MP3JGGMV,CAR,2024-12-05 12:10:03.618517+04:00
675160542c0cecab726fcd36,GN83STDB,CAR,2024-12-05 12:12:04.223306+04:00
675161c4867ff2157ea67692,NCN4X3G3,CAR,2024-12-05 12:18:12.906679+04:00
675163a73114d61b7732add8,8FGLJRFB,CAR,2024-12-05 12:26:15.914815+04:00
6751642733f5e51cbd02482e,MEQPTUVY,CAR,2024-12-05 12:28:23.820002+04:00
675164292c0cecab726fce58,W7VL4LSL,CAR,2024-12-05 12:28:25.453080+04:00
6751653d867ff2157ea6773d,YC67B42L,CAR,2024-12-05 12:33:01.895478+04:00
67516766290875f56736304f,MGLS766Z,CAR,2024-12-05 12:42:14.849954+04:00
675167702c0cecab726fced9,G8WWKE6G,CAR,2024-12-05 12:42:24.001525+04:00
675168a9e1b7870a8ef95671,SJ5ZKP4P,CAR,2024-12-05 12:47:37.648529+04:00
675169d9e1b7870a8ef956e5,PQ5CKMDW,CAR,2024-12-05 12:52:41.614319+04:00
67516a3d2c0cecab726fcf5d,7EK3CHCY,CAR,2024-12-05 12:54:21.129341+04:00
67516ac233f5e51cbd0248f2,B4HNFTSE,CAR,2024-12-05 12:56:34.732097+04:00
67516aca12c0a5584d7681ff,DWKMJGAC,CAR,2024-12-05 12:56:41.987171+04:00
67516b123114d61b7732ae99,EGNSLLU2,CAR,2024-12-05 12:57:54.899875+04:00
67516c6d33f5e51cbd0249ae,AMX4N29C,CAR,2024-12-05 13:03:41.124176+04:00
67516c7512c0a5584d768339,PYDVTHDD,CAR,2024-12-05 13:03:49.867836+04:00
67516cb53114d61b7732af3b,F8PPNPXU,CAR,2024-12-05 13:04:53.157263+04:00
67516e2633f5e51cbd024b89,T76P9R92,CAR,2024-12-05 13:11:02.598049+04:00
67516e2c33f5e51cbd024bf1,C2XK35RN,CAR,2024-12-05 13:11:08.392100+04:00
67516ef6290875f56736315e,R8R3UWM2,CAR,2024-12-05 13:14:29.923882+04:00
67517061e1b7870a8ef9585c,SPD7PZ6E,CAR,2024-12-05 13:20:33.734144+04:00
675172040e9c920ac64c93ab,T9G5YVNM,CAR,2024-12-05 13:27:32.721577+04:00
675172a6796f96ca20676a67,RPKCJB6S,CAR,2024-12-05 13:30:14.794242+04:00
675174170e9c920ac64c93ba,3YJTC5DX,CAR,2024-12-05 13:36:23.400653+04:00
675174f00249fe1f0ee7a9eb,76KR6TEL,CAR,2024-12-05 13:40:00.254653+04:00
675175c2796f96ca20676b97,KUBZTTLJ,CAR,2024-12-05 13:43:30.693475+04:00
6751768c796f96ca20676c0e,YGSLQLZ8,CAR,2024-12-05 13:46:52.334416+04:00
6751777b0249fe1f0ee7aad5,2E3YMLBS,CAR,2024-12-05 13:50:51.310096+04:00
675177d20249fe1f0ee7ab52,ERAKVC82,CAR,2024-12-05 13:52:18.508571+04:00
675177ee671af87443ef0dd9,YQ63RKRW,CAR,2024-12-05 13:52:46.400488+04:00
675179322f9a69ce05594566,ZWGGHQQZ,CAR,2024-12-05 13:58:10.790169+04:00
67517a4c671af87443ef0e60,6JDEXQX6,CAR,2024-12-05 14:02:52.651044+04:00
67517a84ddf30975bb727348,RQAQDXLR,CAR,2024-12-05 14:03:48.867948+04:00
67517b102f9a69ce055945d6,CEWTW9AJ,CAR,2024-12-05 14:06:08.825522+04:00
67517c3e0249fe1f0ee7ac2e,DJDQ53G4,CAR,2024-12-05 14:11:10.280767+04:00
67517c7a671af87443ef0f12,VDN5TDDD,CAR,2024-12-05 14:12:10.165084+04:00
67517cac0249fe1f0ee7ad12,6VDLNMQY,CAR,2024-12-05 14:13:00.644230+04:00
67517d51ddf30975bb727378,TP8NDPPU,CAR,2024-12-05 14:15:45.353825+04:00
67517d732f9a69ce05594658,WABNZWFA,CAR,2024-12-05 14:16:19.679583+04:00
67517d9bac950c0e13bbd7ba,MTX6WC88,CAR,2024-12-05 14:16:59.721963+04:00
67517e0b671af87443ef0fb8,QDQQJXU6,CAR,2024-12-05 14:18:51.484488+04:00
67517e76796f96ca20676e12,MBP7UUTN,CAR,2024-12-05 14:20:38.356401+04:00
67517eadac950c0e13bbd82e,HXQMZ2U6,CAR,2024-12-05 14:21:33.062843+04:00
67517f979f9cedc1307a4f2f,NHJB8PJZ,CAR,2024-12-05 14:25:26.974632+04:00
67517fcdac950c0e13bbd8c0,WUAXDW3G,CAR,2024-12-05 14:26:21.740528+04:00
675180b52f9a69ce0559482d,YCWH8YXU,CAR,2024-12-05 14:30:13.057209+04:00
675181b6ac950c0e13bbd939,Z3G4K8YE,CAR,2024-12-05 14:34:30.451020+04:00
6751821f9f2ddf81a3ea6034,9AVATTU4,CAR,2024-12-05 14:36:15.347430+04:00
675182fbac950c0e13bbd9ad,J7SHL5UR,CAR,2024-12-05 14:39:55.334302+04:00
6751830a41ac9bffd530752b,GLKEJWKP,CAR,2024-12-05 14:40:10.642993+04:00
67518377923c7079484b8d45,7BRUJY25,CAR,2024-12-05 14:41:59.856537+04:00
675184a5ac950c0e13bbda64,6GV4E2T4,CAR,2024-12-05 14:47:01.824489+04:00
6751869e4d37ca83be03a19c,ZHUJREYC,CAR,2024-12-05 14:55:26.462218+04:00
67518711fd6eb854b12691d5,CEMQPBJY,CAR,2024-12-05 14:57:21.714586+04:00
6751874f41ac9bffd53075f3,CJ6QAS6U,CAR,2024-12-05 14:58:23.173708+04:00
67518828fd6eb854b12691ea,V5FVMFSC,CAR,2024-12-05 15:02:00.200481+04:00
6751885d41ac9bffd530766b,RF7RNRZB,CAR,2024-12-05 15:02:53.331585+04:00
675189b74d37ca83be03a24e,TD2GQWGW,CAR,2024-12-05 15:08:39.522546+04:00
675189ddfd6eb854b1269267,USRTJA66,CAR,2024-12-05 15:09:17.487320+04:00
67518b7dfd6eb854b1269313,XQJ6HA5U,CAR,2024-12-05 15:16:12.875655+04:00
67518bb74d37ca83be03a364,5TFEE4HB,CAR,2024-12-05 15:17:11.902120+04:00
67518e014d37ca83be03a400,UFNPASTH,CAR,2024-12-05 15:26:57.030215+04:00
67518f85fd6eb854b12693c2,WLZYAQ62,CAR,2024-12-05 15:33:25.115875+04:00
67518fa6ac950c0e13bbdb16,3HL9392R,CAR,2024-12-05 15:33:58.734637+04:00
675190e2d2de9d7bc6e709b0,RNVBLEN5,CAR,2024-12-05 15:39:14.837464+04:00
6751915841ac9bffd53076f0,G3BZB5VY,CAR,2024-12-05 15:41:12.165699+04:00
675192ec2f9a69ce05594950,3EDUWHQ8,CAR,2024-12-05 15:47:56.028358+04:00
67519343fd6eb854b12694dd,AEYZWDMB,CAR,2024-12-05 15:49:23.873317+04:00
675193e24d37ca83be03a4d8,99PH7559,CAR,2024-12-05 15:52:02.632922+04:00
6751955f2f9a69ce0559499b,TKQ72FP3,CAR,2024-12-05 15:58:23.186200+04:00
6751963d41ac9bffd5307774,4RQWDDDK,CAR,2024-12-05 16:02:05.367619+04:00
675196ac3848ab44a07725a0,YABRDZVB,CAR,2024-12-05 16:03:56.598522+04:00
675197abd2de9d7bc6e709d7,2VXB283D,CAR,2024-12-05 16:08:11.959388+04:00
675197b73848ab44a077268a,AJBW2NT3,CAR,2024-12-05 16:08:23.425189+04:00
67519cfef230fdaab3b2a5e4,RZ4364QD,CAR,2024-12-05 16:30:54.586035+04:00
67519d2b3848ab44a0772867,L7UH67TQ,CAR,2024-12-05 16:31:39.097316+04:00
67519e6e24a97aa15e3b7e7d,CJZWRXXJ,CAR,2024-12-05 16:37:02.145265+04:00
6751a2d23848ab44a0772a09,AXWMQ9PB,CAR,2024-12-05 16:55:46.208021+04:00
6751a50d8213132e6b986c23,VSE8865R,CAR,2024-12-05 17:05:17.695844+04:00
6751a52ef230fdaab3b2a8c8,G746LTQK,CAR,2024-12-05 17:05:50.811952+04:00
6751a61d776a0131a4b32002,E8HSV5ZS,CAR,2024-12-05 17:09:49.609825+04:00
6751a64d364bb4404a6d8c6a,G489JUFM,CAR,2024-12-05 17:10:37.897026+04:00
6751a6ecfb8e095f9aba982b,2WVCWHR7,CAR,2024-12-05 17:13:16.715880+04:00
6751a7e77b4fa8674f26905b,X37KDVRA,CAR,2024-12-05 17:17:27.219031+04:00
6751a8d48213132e6b986cf9,D24DCY9T,CAR,2024-12-05 17:21:24.908268+04:00
6751aba87b4fa8674f269121,6JXXAQ92,CAR,2024-12-05 17:33:28.959056+04:00
6751abeb7b4fa8674f26919e,YN888WC8,CAR,2024-12-05 17:34:35.383594+04:00
6751ac3f7b4fa8674f26920f,2AMB636C,CAR,2024-12-05 17:35:59.417659+04:00
6751ad807b4fa8674f2692b6,Y5HTKZZC,CAR,2024-12-05 17:41:20.858519+04:00
6751ade27b4fa8674f26932b,9NKS7ZRJ,CAR,2024-12-05 17:42:58.676266+04:00
6751adfc364bb4404a6d8d75,MNGWFG9Y,CAR,2024-12-05 17:43:24.039419+04:00
6751af63fb8e095f9aba98d3,YYEE4UX6,CAR,2024-12-05 17:49:23.462959+04:00
6751afc47b4fa8674f2693d0,Y62VCWBF,CAR,2024-12-05 17:51:00.092838+04:00
6751b0117b4fa8674f269459,MHVX7ZQA,CAR,2024-12-05 17:52:17.034874+04:00
6751b01e5433f21be1359666,NRSBB642,CAR,2024-12-05 17:52:30.789617+04:00
6751b052364bb4404a6d8de4,S26EPBLR,CAR,2024-12-05 17:53:22.609384+04:00
6751b0ac7b4fa8674f2694ea,ES7ZXPXU,CAR,2024-12-05 17:54:52.951924+04:00
6751b0c87b4fa8674f2694f2,VQ9QUKKP,CAR,2024-12-05 17:55:20.126259+04:00
6751b60e8213132e6b986e18,DHPG8SUQ,CAR,2024-12-05 18:17:50.735117+04:00
6751b65b8213132e6b986e20,QXFYF7LB,CAR,2024-12-05 18:19:07.773469+04:00
6751b7207bc088041317655f,2ZCEB2PY,CAR,2024-12-05 18:22:24.211632+04:00
6751ba362c600168e60e512a,KQXDNQJW,CAR,2024-12-05 18:35:34.404965+04:00
6751bbffba8146e97afbdde1,HDVPAW2C,CAR,2024-12-05 18:43:11.428747+04:00
6751c1217bc08804131767ca,MRMVGQLR,CAR,2024-12-05 19:05:05.234007+04:00
6751c287ba8146e97afbde79,75H8QG5H,CAR,2024-12-05 19:11:03.095230+04:00
6751c3bc7bc0880413176891,KBYVWECM,CAR,2024-12-05 19:16:11.993433+04:00
6751c3c292b1ee56e4e4dda4,KFZJJKDH,CAR,2024-12-05 19:16:18.193890+04:00
6751c66b697d52fafda7d511,9RWUVUNW,CAR,2024-12-05 19:27:39.411057+04:00
6751c72492b1ee56e4e4ded1,SNWE5WRZ,CAR,2024-12-05 19:30:44.906586+04:00
6751c8b08a5c431150e0e62e,KA3DKRFF,CAR,2024-12-05 19:37:20.893120+04:00
6751c99dc2e479204bdd44df,AHJ7S9WE,CAR,2024-12-05 19:41:17.530480+04:00
6751ca99c2e479204bdd4552,77JQGSN4,CAR,2024-12-05 19:45:29.904723+04:00
6751d22c45dbdfbc6a41d282,57DMS93M,CAR,2024-12-05 20:17:48.308798+04:00
6751d44545dbdfbc6a41d327,Q62U29GJ,CAR,2024-12-05 20:26:45.083040+04:00
6751d6345383ac03c3c24973,SYSTGRH7,CAR,2024-12-05 20:35:00.016265+04:00
6751d71d5383ac03c3c24a01,8CHWMTT2,CAR,2024-12-05 20:38:53.844005+04:00
6751d89daaf075a777228bfb,8YQ6RC97,CAR,2024-12-05 20:45:17.071609+04:00
6751d8bd5383ac03c3c24a89,4G7X6593,CAR,2024-12-05 20:45:49.538962+04:00
6751da3c27f6bb3c941d937f,UFKTDSRZ,CAR,2024-12-05 20:52:12.454488+04:00
6751da59aaf075a777228cae,UU6WKEGW,CAR,2024-12-05 20:52:41.928502+04:00
6751dac75383ac03c3c24afd,2RXEW94P,CAR,2024-12-05 20:54:31.254733+04:00
6751db85aaf075a777228d2e,VA66KL2B,CAR,2024-12-05 20:57:41.591296+04:00
6751e3da41c37f35b86f0a38,WGHGU4HX,CAR,2024-12-05 21:33:14.315753+04:00
6751e4e5653e8311cdebd2be,ED5A8WV7,CAR,2024-12-05 21:37:41.254913+04:00
6751e4ef45dbdfbc6a41d45b,FEZPZWXT,CAR,2024-12-05 21:37:51.143658+04:00
6751e60d653e8311cdebd339,D9PSV4S3,CAR,2024-12-05 21:42:37.412904+04:00
6751e94e41c37f35b86f0ad9,777ZV4E9,CAR,2024-12-05 21:56:30.518219+04:00
6751edc8653e8311cdebd4ac,X37QSM89,CAR,2024-12-05 22:15:36.915794+04:00
6751f2a2ba8146e97afbe018,X63ZNKBM,CAR,2024-12-05 22:36:18.382781+04:00
6751f5a7c2f026c363887ea6,JCN7WXQA,CAR,2024-12-05 22:49:11.318688+04:00
6751f5cdc2f026c363887f1b,B727YY9Q,CAR,2024-12-05 22:49:49.112850+04:00
6751f9aec2f026c363887fe7,C3FLLE4E,CAR,2024-12-05 23:06:22.198554+04:00
6751fd47daae6aa36998925c,VR4BSRJ7,CAR,2024-12-05 23:21:42.999943+04:00
6751fe38c2f026c363888047,R8DNUJ2H,CAR,2024-12-05 23:25:44.822423+04:00
6752045bf361ed904d4b8747,747YMVXU,CAR,2024-12-05 23:51:55.609095+04:00
6752079f88761e3dfc8af200,AESJKGXH,CAR,2024-12-06 00:05:51.082374+04:00
67520a60d0be4d6e2d00790b,EJQEBDJL,CAR,2024-12-06 00:17:36.249375+04:00
67520bd041c37f35b86f0bde,YWMUC84B,CAR,2024-12-06 00:23:44.634329+04:00
675212470d1cbd20be700101,C73EWKAD,CAR,2024-12-06 00:51:19.374061+04:00
67521681c60294df414a0840,KTN6SURK,CAR,2024-12-06 01:09:21.833644+04:00
6752753023d50cb2a3dba799,A9K5HQUY,CAR,2024-12-06 07:53:20.178148+04:00
67527c164fadf0862a26e9bf,3UZMY77M,CAR,2024-12-06 08:22:46.192073+04:00
67527e6bab56d0ccf1148ed6,5DG29L77,CAR,2024-12-06 08:32:43.791805+04:00
67528230a668844bab843b3e,QPAUEC2N,CAR,2024-12-06 08:48:47.998295+04:00
675284e7a9ab4633e527a941,YQRM8Q63,CAR,2024-12-06 09:00:23.213729+04:00
6752851fa9ab4633e527a97f,JSCF57NY,CAR,2024-12-06 09:01:19.464414+04:00
6752857be6c2829fdf3e78c5,AXU46CYE,CAR,2024-12-06 09:02:51.415080+04:00
6752866ae6c2829fdf3e78d7,YVE6DS5C,CAR,2024-12-06 09:06:50.859913+04:00
6752866c3b179cb55183ae43,GTJJXN73,CAR,2024-12-06 09:06:52.335187+04:00
6752876319dbc3611654b9a1,HX6AW689,CAR,2024-12-06 09:10:59.551478+04:00
675289473b179cb55183af22,WEEJUSQL,CAR,2024-12-06 09:19:02.977348+04:00
67528960a668844bab843bd8,WFPELUJG,CAR,2024-12-06 09:19:28.935046+04:00
67528ae2a9ab4633e527aa79,XRXHVDYN,CAR,2024-12-06 09:25:54.256276+04:00
67528b4319dbc3611654ba45,NFZEWMRU,CAR,2024-12-06 09:27:31.201810+04:00
67528b69ab56d0ccf1148fbb,RA2LYWUZ,CAR,2024-12-06 09:28:09.917835+04:00
675291283b179cb55183b022,96GJZYXD,CAR,2024-12-06 09:52:40.430991+04:00
675291a0a668844bab843c8d,HGVJ8VT7,CAR,2024-12-06 09:54:40.467679+04:00
675293c719dbc3611654bbbe,K2HBRRR9,CAR,2024-12-06 10:03:51.146211+04:00
6752953823d50cb2a3dba8dd,BH93KA43,CAR,2024-12-06 10:10:00.407285+04:00
675296e4ab56d0ccf1149060,5YQC4XQY,CAR,2024-12-06 10:17:08.610653+04:00
67529720a9ab4633e527acc0,Q6UM3F6E,CAR,2024-12-06 10:18:08.095226+04:00
67529755a9ab4633e527ad3b,P6M8YS77,CAR,2024-12-06 10:19:00.993854+04:00
6752977ba668844bab843d2b,3GEHAKCE,CAR,2024-12-06 10:19:39.897873+04:00
675297f019dbc3611654bc50,4YZ9D2P3,CAR,2024-12-06 10:21:36.054017+04:00
675298793b179cb55183b12a,7YWD223M,CAR,2024-12-06 10:23:53.528819+04:00
6752998a19dbc3611654bcc3,5F9D75Z4,CAR,2024-12-06 10:28:26.332642+04:00
675299c0a668844bab843daf,XCDRWK84,CAR,2024-12-06 10:29:20.717326+04:00
67529abb23d50cb2a3dba986,4ZM2WQUG,CAR,2024-12-06 10:33:31.011630+04:00
67529b3ea668844bab843e23,QUUWRJRB,CAR,2024-12-06 10:35:42.293612+04:00
67529bcfe6c2829fdf3e7b85,PT29757S,CAR,2024-12-06 10:38:07.479441+04:00
67529d0be6c2829fdf3e7c87,8TD7FT3A,CAR,2024-12-06 10:43:23.746885+04:00
6752a08ea9ab4633e527aee5,QGZA8V39,CAR,2024-12-06 10:58:22.665164+04:00
6752a1a4e6c2829fdf3e7db4,T4VU9ZN7,CAR,2024-12-06 11:03:00.082237+04:00
6752a1efa9ab4633e527afea,2KDCM5MK,CAR,2024-12-06 11:04:15.059112+04:00
6752a260a668844bab843f51,4N2BCUNL,CAR,2024-12-06 11:06:08.181039+04:00
6752a2c1ed7d3c7d38032c07,5B7LUN9X,CAR,2024-12-06 11:07:45.625526+04:00
6752a40123d50cb2a3dbaa90,SL7MG99L,CAR,2024-12-06 11:13:05.640936+04:00
6752a44a3b179cb55183b33f,4LTCMPZW,CAR,2024-12-06 11:14:18.926835+04:00
6752a4dded7d3c7d38032d23,G83C96Z7,CAR,2024-12-06 11:16:45.157687+04:00
6752a5e534b0d683974929ff,NBHHLQSY,CAR,2024-12-06 11:21:09.743326+04:00
6752a60ded7d3c7d38032e33,47VYSV7G,CAR,2024-12-06 11:21:49.593270+04:00
6752a6893b179cb55183b38a,AB8MHYXH,CAR,2024-12-06 11:23:53.426823+04:00
6752a6913b179cb55183b3f9,URKJLYG8,CAR,2024-12-06 11:24:01.380083+04:00
6752a6d734b0d68397492a80,FZA2G4ZV,CAR,2024-12-06 11:25:11.170212+04:00
6752a83f234295f16bb95add,TZBCGLD4,CAR,2024-12-06 11:31:11.917508+04:00
6752aa4734b0d68397492bc9,G4EMXY5N,CAR,2024-12-06 11:39:51.667902+04:00
6752aaec34b0d68397492c42,BVE2NEZZ,CAR,2024-12-06 11:42:36.846030+04:00
6752abe423d50cb2a3dbabae,H3T6VXKY,CAR,2024-12-06 11:46:44.157257+04:00
6752ac39234295f16bb95bb5,3BWGMQ3T,CAR,2024-12-06 11:48:09.178631+04:00
6752ad7934b0d68397492eb7,5U86KV6P,CAR,2024-12-06 11:53:29.017692+04:00
6752ad82a9ab4633e527b1c3,H2LKNBPD,CAR,2024-12-06 11:53:38.885538+04:00
6752ae93234295f16bb95d27,9R6GGTD9,CAR,2024-12-06 11:58:11.606019+04:00
6752b1a523d50cb2a3dbac11,BZG27JPA,CAR,2024-12-06 12:11:17.251883+04:00
6752b39a4fadf0862a26ea74,ZD7FEB72,CAR,2024-12-06 12:19:38.010963+04:00
6752b676a9ab4633e527b31f,HWMAAEMU,CAR,2024-12-06 12:31:50.291386+04:00
6752b71123d50cb2a3dbad60,VKRJY2VA,CAR,2024-12-06 12:34:25.941325+04:00
6752b740234295f16bb95f79,9RNNW639,CAR,2024-12-06 12:35:12.485235+04:00
6752b75d23d50cb2a3dbae6d,XU3S94HL,CAR,2024-12-06 12:35:40.984957+04:00
6752b797234295f16bb95f9b,XDX93KH5,CAR,2024-12-06 12:36:39.212677+04:00
6752b9f7234295f16bb9609b,YQZ6L4G7,CAR,2024-12-06 12:46:47.102402+04:00
6752bb5f234295f16bb961a9,9CD76FHQ,CAR,2024-12-06 12:52:47.908322+04:00
6752bbed4fadf0862a26eb4c,YKM6EJJP,CAR,2024-12-06 12:55:09.407508+04:00
6752bd0f234295f16bb9622f,F44KX92B,CAR,2024-12-06 12:59:59.024280+04:00
6752bf7b234295f16bb96263,QA8U4CPN,CAR,2024-12-06 13:10:19.920100+04:00
6752c0af0f9ac290308d585f,BKM7VF8Z,CAR,2024-12-06 13:15:27.229972+04:00
6752c1b9b9cb8ee96637cbf4,TB6B5DWA,CAR,2024-12-06 13:19:53.045017+04:00
6752c1f90f9ac290308d58da,D6TZM29T,CAR,2024-12-06 13:20:57.956236+04:00
6752c35a234295f16bb963a9,ZTLXMD6W,CAR,2024-12-06 13:26:50.934200+04:00
6752c404ea489cdb52de46d8,XM3CFP36,CAR,2024-12-06 13:29:40.121260+04:00
6752c48e4fadf0862a26ebfd,H2QQGT3W,CAR,2024-12-06 13:31:58.217935+04:00
6752c4deb9cb8ee96637cc05,ML3P52NU,CAR,2024-12-06 13:33:18.572067+04:00
6752c50db9cb8ee96637cc3a,LFT49Y2J,CAR,2024-12-06 13:34:05.043707+04:00
6752c668b9cb8ee96637ccb9,UNC74FK4,CAR,2024-12-06 13:39:52.880539+04:00
6752c6bd0387306e94e1604c,WP3NUXBU,CAR,2024-12-06 13:41:17.626980+04:00
6752c6e3ea489cdb52de492c,4W4QM3J4,CAR,2024-12-06 13:41:55.963802+04:00
6752c74dea489cdb52de493b,ZDFZ6588,CAR,2024-12-06 13:43:41.851367+04:00
6752c919003efc1591527052,GKAYVLVG,CAR,2024-12-06 13:51:21.576938+04:00
6752cd68ea489cdb52de4a41,G6YU3YUU,CAR,2024-12-06 14:09:44.194410+04:00
6752ce70003efc159152716c,5LDUA6UU,CAR,2024-12-06 14:14:08.080141+04:00
6752d0b1ea489cdb52de4abf,DDHCPEAB,CAR,2024-12-06 14:23:45.152811+04:00
6752d171c06027415361d997,A8T9U9GJ,CAR,2024-12-06 14:26:57.551776+04:00
6752d220c06027415361da0c,VPJ4H5CP,CAR,2024-12-06 14:29:52.231334+04:00
6752d225003efc15915271d3,AEZKXCBL,CAR,2024-12-06 14:29:57.061366+04:00
6752d23ded7d3c7d380330ad,QKUPX6H6,CAR,2024-12-06 14:30:21.025862+04:00
6752d33bc06027415361da30,PPGSS7R7,CAR,2024-12-06 14:34:35.770071+04:00
6752d675c6e60305658e11e6,GVXEHYCK,CAR,2024-12-06 14:48:21.325820+04:00
6752d6a4c6e60305658e128a,AJQYDG8Y,CAR,2024-12-06 14:49:08.248354+04:00
6752d6c4718d6bb9a47004ac,3ES9U8PN,CAR,2024-12-06 14:49:40.066766+04:00
6752d71ac06027415361db7b,664RAZRN,CAR,2024-12-06 14:51:06.177228+04:00
6752d78f72d9c7b10ef62353,4NLH4769,CAR,2024-12-06 14:53:03.190790+04:00
6752d81dc06027415361dc53,YLPZXDYX,CAR,2024-12-06 14:55:25.729651+04:00
6752d9b672d9c7b10ef62419,XZKL4LT5,CAR,2024-12-06 15:02:14.081812+04:00
6752db7ac06027415361de2d,XGWE9T3C,CAR,2024-12-06 15:09:46.444175+04:00
6752dbe6c06027415361deb5,B9K223DU,CAR,2024-12-06 15:11:34.847629+04:00
6752dbf5c06027415361df20,JUED73D4,CAR,2024-12-06 15:11:49.533252+04:00
6752dc9c72d9c7b10ef62503,7HL7UKS8,CAR,2024-12-06 15:14:36.086841+04:00
6752dce572d9c7b10ef6253d,6UUNG9KP,CAR,2024-12-06 15:15:49.795053+04:00
6752df3872d9c7b10ef6264b,ZP5KD2UA,CAR,2024-12-06 15:25:44.776082+04:00
6752e21bc06027415361e049,8JEZDTWN,CAR,2024-12-06 15:38:03.690046+04:00
6752e5732eecc1472386f08b,ZEF8GSQT,CAR,2024-12-06 15:52:19.068217+04:00
6752e60787a1031311e5bfe3,6BKUNNDM,CAR,2024-12-06 15:54:47.352140+04:00
6752e677c6e60305658e1464,54K8T3GL,CAR,2024-12-06 15:56:39.243766+04:00
6752e80c87a1031311e5c05e,AVXAGNEY,CAR,2024-12-06 16:03:24.641870+04:00
6752eaedc7d130b9233336b6,NTFWCJ7B,CAR,2024-12-06 16:15:41.727276+04:00
6752eb3ac6e60305658e154b,W3YEC7H3,CAR,2024-12-06 16:16:58.861637+04:00
6752ecb42eecc1472386f205,WJYVM9ZB,CAR,2024-12-06 16:23:16.743003+04:00
6752ed112eecc1472386f274,XAQLHFTL,CAR,2024-12-06 16:24:49.143675+04:00
6752ee5a2eecc1472386f30b,EQLNPTZG,CAR,2024-12-06 16:30:18.007704+04:00
6752eec2c7d130b9233337da,9E8KJRQW,CAR,2024-12-06 16:32:02.778043+04:00
6752eed2c7d130b923333811,7KT7CLKN,CAR,2024-12-06 16:32:18.648567+04:00
6752efe4c7d130b9233338a9,3SY858DX,CAR,2024-12-06 16:36:52.549212+04:00
6752f4b6c7d130b9233339a8,EHE4VK6G,CAR,2024-12-06 16:57:26.475004+04:00
6752f4f8c7d130b923333a15,E68NMV7U,CAR,2024-12-06 16:58:32.872931+04:00
6752f54aea489cdb52de4c43,KBJGMYZY,CAR,2024-12-06 16:59:54.093670+04:00
6752f8035cab0484b55f7b2d,28CTA2J8,CAR,2024-12-06 17:11:31.549921+04:00
6752f8bc5cab0484b55f7ba1,JHF8BTH2,CAR,2024-12-06 17:14:36.206255+04:00
6752f9e937ab6be925537103,7CG2HQQQ,CAR,2024-12-06 17:19:37.922164+04:00
6752fbc437ab6be92553717f,8TZXWRV4,CAR,2024-12-06 17:27:32.379782+04:00
6753007d31e24f63d930d0c2,ZZ6QVUYW,CAR,2024-12-06 17:47:41.700204+04:00
67530114d76a723e55610d52,S4DKMDV4,CAR,2024-12-06 17:50:12.705201+04:00
675302345cab0484b55f7cda,ZRZ4YJ2C,CAR,2024-12-06 17:55:00.159093+04:00
675302aa24b9aed6fdd097ab,ERSR4VDQ,CAR,2024-12-06 17:56:58.770836+04:00
6753048924b9aed6fdd097c8,HG38DXXB,CAR,2024-12-06 18:04:57.021950+04:00
6753071d5cab0484b55f7d6a,WXQ359TF,CAR,2024-12-06 18:15:57.823220+04:00
67530d6742a933d22947b8d8,BJ2GPTUM,CAR,2024-12-06 18:42:47.148702+04:00
67530dc1e06d1b691af054b2,DC9LYHZ6,CAR,2024-12-06 18:44:17.725013+04:00
67530f0324b9aed6fdd098dc,7NCSXXWV,CAR,2024-12-06 18:49:39.316304+04:00
6753101f24b9aed6fdd099f8,UPX98KKA,CAR,2024-12-06 18:54:23.437391+04:00
67531344e06d1b691af055ee,JHFYCJKS,CAR,2024-12-06 19:07:48.108274+04:00
6753139ad5832a64db28e262,GDMRPWBW,CAR,2024-12-06 19:09:14.543709+04:00
6753153dd5832a64db28e29e,R9VALGXP,CAR,2024-12-06 19:16:13.840403+04:00
6753160cd5832a64db28e31d,485MGB32,CAR,2024-12-06 19:19:40.042760+04:00
67531662b2019ceb15e303ba,YPSYL6UD,CAR,2024-12-06 19:21:06.901311+04:00
6753176cd76a723e55610d60,R99QGN82,CAR,2024-12-06 19:25:32.881460+04:00
675318f9d5832a64db28e396,XLP49H9M,CAR,2024-12-06 19:32:09.794667+04:00
67531970e06d1b691af0570e,3KHBNDX6,CAR,2024-12-06 19:34:08.120903+04:00
67531e47b2019ceb15e30502,BC3TJHEE,CAR,2024-12-06 19:54:47.522370+04:00
67532539f9fbe972d7e6c716,5ENP4EG8,CAR,2024-12-06 20:24:25.108687+04:00
6753266cf9fbe972d7e6c77d,BCPFD4S2,CAR,2024-12-06 20:29:32.386347+04:00
6753267188829b2710477845,8KG8STAQ,CAR,2024-12-06 20:29:37.363008+04:00
67532d156c6b6d9dd3159a08,WB5YRV27,CAR,2024-12-06 20:57:57.344140+04:00
675330f28911c3f26829efbc,XT23F8A9,CAR,2024-12-06 21:14:26.639948+04:00
67533428b9f9c41e2f4c3450,4T5S8SNS,CAR,2024-12-06 21:28:08.675665+04:00
67533eae49f2b09d8157bbc4,ZV5GGXPF,CAR,2024-12-06 22:13:02.448613+04:00
67534144c405346e496d40e8,49PTWGAN,CAR,2024-12-06 22:24:04.873456+04:00
67535ab449f2b09d8157bc72,HXU8U8KN,CAR,2024-12-07 00:12:36.839905+04:00
67535f6b49f2b09d8157bce8,QWLMYT8A,CAR,2024-12-07 00:32:43.698019+04:00
6753603d6c6b6d9dd3159c7d,CNL3DZ5R,CAR,2024-12-07 00:36:13.869471+04:00
675362c7492f20a2061357f4,ZZ8F3UV5,CAR,2024-12-07 00:47:03.086542+04:00
675370ea6183145149be167d,3LRVFR7S,CAR,2024-12-07 01:47:22.900941+04:00
675375776c6b6d9dd3159d0a,ZUNF4PKV,CAR,2024-12-07 02:06:47.669210+04:00
6753b1aa6183145149be17c7,DKBDNYEH,CAR,2024-12-07 06:23:38.501783+04:00
6753bf10b08c42c901fed913,S5NBXLCM,CAR,2024-12-07 07:20:48.191691+04:00
6753c66ac405346e496d41a0,QP6DGWSW,CAR,2024-12-07 07:52:10.849956+04:00
6753cdaa1bf9ad1ed40a4fb0,UPAQGV9D,CAR,2024-12-07 08:23:06.310033+04:00
6753ce6e1bf9ad1ed40a5032,7T8EX87A,CAR,2024-12-07 08:26:22.286216+04:00
6753d0331bf9ad1ed40a50a2,8PHN5JUS,CAR,2024-12-07 08:33:55.858593+04:00
6753da98ba09fb63ccb4b02e,UNT3GY8L,CAR,2024-12-07 09:18:16.504012+04:00
6753db63ba09fb63ccb4b033,KNBL6WK2,CAR,2024-12-07 09:21:39.927367+04:00
6753db83ac00c2487d0b5101,GNX5XQSH,CAR,2024-12-07 09:22:11.631268+04:00
6753dcdf1bf9ad1ed40a51cb,YLDF4QY8,CAR,2024-12-07 09:27:59.376295+04:00
6753e1cf1bf9ad1ed40a5251,FEG2MGAF,CAR,2024-12-07 09:49:03.759986+04:00
6753e2e50387306e94e160a8,KYJBWPGG,CAR,2024-12-07 09:53:41.498201+04:00
6753e428fcbff1a4f16fff48,9C3XVUNJ,CAR,2024-12-07 09:59:04.901565+04:00
6753e4840e46af26f08257c9,8WD6DTPK,CAR,2024-12-07 10:00:36.551689+04:00
6753e7e00e46af26f082586e,HJ2DT8U9,CAR,2024-12-07 10:14:56.911760+04:00
6753e91dac00c2487d0b5247,PMWUU23A,CAR,2024-12-07 10:20:13.479143+04:00
6753e9980e46af26f08258e8,KA2BXWAB,CAR,2024-12-07 10:22:16.324305+04:00
6753ea1eac00c2487d0b52c5,WX2GGY9S,CAR,2024-12-07 10:24:30.460641+04:00
6753ea370e46af26f0825969,WN4QVBS9,CAR,2024-12-07 10:24:55.249418+04:00
6753ea91fcbff1a4f1700018,QDMDVCEU,CAR,2024-12-07 10:26:25.627847+04:00
6753eae90e46af26f0825a13,DDNRQ5WS,CAR,2024-12-07 10:27:53.674164+04:00
6753eb4afcbff1a4f170004d,3WMF4LQ8,CAR,2024-12-07 10:29:30.866829+04:00
6753ed0609e530c8a849720c,6P34HLH5,CAR,2024-12-07 10:36:54.691417+04:00
6753edaf0e46af26f0825a9a,NWXZK937,CAR,2024-12-07 10:39:43.697746+04:00
6753ee5dc405346e496d42d0,Q4RRB2YM,CAR,2024-12-07 10:42:37.149309+04:00
6753f23fa29c3f04c3f729df,A25AC3SL,CAR,2024-12-07 10:59:11.289309+04:00
6753f2f0c405346e496d4398,SRBFDCD9,CAR,2024-12-07 11:02:08.791483+04:00
6753f3dc30437db60f50eee5,J2KJH42P,CAR,2024-12-07 11:06:04.526841+04:00
6753f5cf35c1a2b86e9ee47a,3HWCNBUG,CAR,2024-12-07 11:14:23.448588+04:00
6753f5d9c9102afe6ddc54cb,V6G72M6C,CAR,2024-12-07 11:14:33.284302+04:00
6753f5f2c9102afe6ddc5582,VL9JP6XU,CAR,2024-12-07 11:14:58.315125+04:00
6753f65c30437db60f50efea,53SUVTPX,CAR,2024-12-07 11:16:43.943595+04:00
6753f6cdc9102afe6ddc561e,7N49G2QG,CAR,2024-12-07 11:18:37.708937+04:00
6753f6e135c1a2b86e9ee513,2QK775MH,CAR,2024-12-07 11:18:57.910771+04:00
6753f798c9102afe6ddc57ba,6S9L9DX8,CAR,2024-12-07 11:22:00.499637+04:00
6753f8c009e530c8a849731b,6V6YLMN4,CAR,2024-12-07 11:26:56.524425+04:00
6753f948c9102afe6ddc586f,2QZ7CEVZ,CAR,2024-12-07 11:29:12.347309+04:00
6753fa9a09e530c8a8497405,QE2ZWL7D,CAR,2024-12-07 11:34:50.364181+04:00
6753fb2bc9102afe6ddc5901,EENF3ZGY,CAR,2024-12-07 11:37:15.892185+04:00
6753fc580387306e94e16210,GKSUFGCP,CAR,2024-12-07 11:42:16.641315+04:00
6753fcd149f2b09d8157beed,47V6TPJ5,CAR,2024-12-07 11:44:17.878221+04:00
6753fd76f70af85b56132b0e,UB5SPNLZ,CAR,2024-12-07 11:47:02.872526+04:00
6753fd8d35c1a2b86e9ee7cf,KMVBB5KD,CAR,2024-12-07 11:47:25.062925+04:00
6753ff270ac70fbabc6ec0f0,BWV83GWJ,CAR,2024-12-07 11:54:15.074483+04:00
6753ff4009e530c8a8497463,2ZR8PK7A,CAR,2024-12-07 11:54:40.324972+04:00
675401d730437db60f50f21a,7B6BPSBK,CAR,2024-12-07 12:05:43.268921+04:00
6754029e0387306e94e162a1,UQ6SUASJ,CAR,2024-12-07 12:09:02.057926+04:00
6754033e0ac70fbabc6ec1ef,XPLUARQS,CAR,2024-12-07 12:11:42.800804+04:00
6754047909e530c8a849761b,68Q6BJN6,CAR,2024-12-07 12:16:57.200853+04:00
675404de09e530c8a849768f,LQ89S3GQ,CAR,2024-12-07 12:18:38.554539+04:00
675405408911c3f26829f267,CBVFP2U4,CAR,2024-12-07 12:20:16.095692+04:00
675406b28911c3f26829f26d,PMC8LBNX,CAR,2024-12-07 12:26:26.676630+04:00
6754072c8911c3f26829f2d8,5EVVE8H8,CAR,2024-12-07 12:28:28.878288+04:00
675409d38911c3f26829f353,UPXUJFXN,CAR,2024-12-07 12:39:47.449260+04:00
675409f30ac70fbabc6ec2aa,UJH9VP3W,CAR,2024-12-07 12:40:19.677270+04:00
675409fcd9b4ece0b53ac443,5A6DAZFL,CAR,2024-12-07 12:40:27.997036+04:00
67540a14f70af85b56132c85,KDVXWBFD,CAR,2024-12-07 12:40:52.480102+04:00
67540ab89543fec252bc89ad,BQL6XE3Y,CAR,2024-12-07 12:43:36.616595+04:00
67540bc433fc3b0b18593f58,4SL3NFES,CAR,2024-12-07 12:48:04.212229+04:00
67540c62f70af85b56132cfb,YFHNTUNM,CAR,2024-12-07 12:50:42.007129+04:00
67540eb8f70af85b56132d46,D59BW4XR,CAR,2024-12-07 13:00:40.355614+04:00
67540fe609bfe00bf7caa597,H5PPB7QW,CAR,2024-12-07 13:05:42.449705+04:00
675410b58da63ccb9c7b6fef,2JYUJM44,CAR,2024-12-07 13:09:09.151623+04:00
675410c18da63ccb9c7b705a,Y4C73LMV,CAR,2024-12-07 13:09:21.409029+04:00
6754112f0ac70fbabc6ec4da,CJJ7796T,CAR,2024-12-07 13:11:11.492829+04:00
6754134c8da63ccb9c7b710a,2FXV22K4,CAR,2024-12-07 13:20:12.611237+04:00
6754134e8da63ccb9c7b710c,PGUQ542E,CAR,2024-12-07 13:20:14.049597+04:00
675415c78da63ccb9c7b71f9,FKVETRPG,CAR,2024-12-07 13:30:47.164144+04:00
675416c90ac70fbabc6ec640,NNDNQZZN,CAR,2024-12-07 13:35:05.007728+04:00
675418b54b16a6a9eb683f73,U6HTB2Y8,CAR,2024-12-07 13:43:17.199594+04:00
675419074b16a6a9eb683fec,7F6W9PN6,CAR,2024-12-07 13:44:39.480490+04:00
67541a9809bfe00bf7caa63c,SE5BZ9MT,CAR,2024-12-07 13:51:20.865549+04:00
67541b714b16a6a9eb684060,HCP8MZ9Y,CAR,2024-12-07 13:54:57.555974+04:00
67541bd709bfe00bf7caa6bb,NK4HVQNJ,CAR,2024-12-07 13:56:39.845222+04:00
67541cb94b16a6a9eb6840b2,LJXL6TLB,CAR,2024-12-07 14:00:25.173683+04:00
67541d3819a73dee201d8353,E3QAXC6D,CAR,2024-12-07 14:02:32.344341+04:00
67541f4f19a73dee201d84ed,MMQ4MS9D,CAR,2024-12-07 14:11:27.309991+04:00
675420274b16a6a9eb68422c,N6CX4R72,CAR,2024-12-07 14:15:03.442432+04:00
6754212619a73dee201d866b,F6PT3ARS,CAR,2024-12-07 14:19:18.701038+04:00
6754223d4194aba0ccca61a7,RKPXW4RP,CAR,2024-12-07 14:23:57.665614+04:00
675423294194aba0ccca61db,FMWNVJ93,CAR,2024-12-07 14:27:53.673816+04:00
6754233fe6bb27eed20f92fa,JNWCGFCG,CAR,2024-12-07 14:28:15.151175+04:00
675423ea836726b13eb75c87,HADNDLEG,CAR,2024-12-07 14:31:06.085226+04:00
675424215ccf7b5b9f17df7a,E777E4B9,CAR,2024-12-07 14:32:01.366659+04:00
675424b6e70a1eda6d406fe9,P6SCQZMG,CAR,2024-12-07 14:34:30.167468+04:00
675424b7d9b4ece0b53ac530,VM9CLG6J,CAR,2024-12-07 14:34:31.814680+04:00
6754260ea29c3f04c3f72a72,MM7UUDJU,CAR,2024-12-07 14:40:14.279511+04:00
67542632e70a1eda6d407070,QJYNWBMU,CAR,2024-12-07 14:40:50.259733+04:00
67542740e70a1eda6d407120,Q7E7ZTPS,CAR,2024-12-07 14:45:20.341259+04:00
67542860e70a1eda6d40719c,2FEZ6UXR,CAR,2024-12-07 14:50:08.744042+04:00
67542afae70a1eda6d407240,P2MKV2SP,CAR,2024-12-07 15:01:14.302497+04:00
67542e8ed06a915977009ba1,Z7ZGUXZP,CAR,2024-12-07 15:16:30.182331+04:00
675433d5d06a915977009c5e,NYTQY5SV,CAR,2024-12-07 15:39:01.822606+04:00
6754349dd06a915977009cd5,BM3B7W27,CAR,2024-12-07 15:42:21.963903+04:00
675435c54194aba0ccca625f,VKLZHSHM,CAR,2024-12-07 15:47:16.994859+04:00
67543739d06a915977009cfb,VNXZ45GM,CAR,2024-12-07 15:53:29.643716+04:00
675439dbd06a915977009d7a,NRWYAV8A,CAR,2024-12-07 16:04:43.415288+04:00
67543a9e512c6d4d454739e5,R93EE8LD,CAR,2024-12-07 16:07:58.898478+04:00
67543c2189ebafc2a878bf82,RZDK2L4X,CAR,2024-12-07 16:14:25.893078+04:00
67543c4578f5266617d051db,QC259HGY,CAR,2024-12-07 16:15:01.345744+04:00
67543d66d06a915977009e06,3BB6YWF2,CAR,2024-12-07 16:19:50.716889+04:00
67543e531a6f9e499d63f57f,XJNXE7TF,CAR,2024-12-07 16:23:47.788029+04:00
67543fbad06a915977009e91,AXN4V92G,CAR,2024-12-07 16:29:46.872775+04:00
675441cb89ebafc2a878c072,CNARXNT6,CAR,2024-12-07 16:38:35.642301+04:00
6754427f89ebafc2a878c07d,H3RAXFWZ,CAR,2024-12-07 16:41:35.636793+04:00
6754434e78f5266617d054f3,LHG8YPAJ,CAR,2024-12-07 16:45:02.973852+04:00
6754444878f5266617d05538,7M4YTLYG,CAR,2024-12-07 16:49:12.691053+04:00
6754458b89ebafc2a878c18e,L4HPNSDV,CAR,2024-12-07 16:54:35.084841+04:00
675446695c8c6918abe12f33,TZ2BJYZP,CAR,2024-12-07 16:58:17.228002+04:00
675446cb78f5266617d055f6,Y2RX4NLN,CAR,2024-12-07 16:59:55.505603+04:00
675449dd52ba7957a01d120f,JEXNA5ZX,CAR,2024-12-07 17:13:01.929201+04:00
67544b6078f5266617d056e8,F7FC5F54,CAR,2024-12-07 17:19:28.826230+04:00
67544bae78f5266617d0574c,GDV5HG5N,CAR,2024-12-07 17:20:46.386931+04:00
67544e2e78f5266617d057ce,LGHG9DU9,CAR,2024-12-07 17:31:26.841061+04:00
675451b552ba7957a01d137e,C9ZXNNK3,CAR,2024-12-07 17:46:29.441435+04:00
67545239e508fbdf5942bf3e,23NTNQ3V,CAR,2024-12-07 17:48:41.189406+04:00
67545437b6915648a49681ca,QWQW8Z8M,CAR,2024-12-07 17:57:11.755465+04:00
675455f0d06a915977009f6e,NKBW56U8,CAR,2024-12-07 18:04:32.524258+04:00
67545a2a2f9538df426485f8,XUTG5DPU,CAR,2024-12-07 18:22:34.701499+04:00
6754603db6915648a49682e2,D68P872B,CAR,2024-12-07 18:48:28.874951+04:00
675460caa0be971f4ec36f74,WCES3EGH,CAR,2024-12-07 18:50:50.839387+04:00
6754622d2f9538df426486ef,EFKPFE9A,CAR,2024-12-07 18:56:45.821149+04:00
675463812f9538df4264876b,KEUUF2JD,CAR,2024-12-07 19:02:25.295757+04:00
67546385a0be971f4ec36ff9,8QU86ECW,CAR,2024-12-07 19:02:29.702806+04:00
675466f72f9538df42648822,AAR69FVM,CAR,2024-12-07 19:17:11.448578+04:00
67546b41003efc15915274b3,YP8C5RBW,CAR,2024-12-07 19:35:29.031163+04:00
67546d4cb6915648a4968438,6SZADLDH,CAR,2024-12-07 19:44:12.726479+04:00
6754715e3ff35c6fd1bbbfd2,SBDKAM68,CAR,2024-12-07 20:01:34.315892+04:00
67547201ec9dd4c1fa2562e8,AECEPKSC,CAR,2024-12-07 20:04:17.432992+04:00
675473ff003efc1591527562,FW97EP6K,CAR,2024-12-07 20:12:46.963017+04:00
675483f477270c2beb998e23,XL2YRCJ2,CAR,2024-12-07 21:20:52.776188+04:00
67548c413ff35c6fd1bbc0f0,Y336H3E6,CAR,2024-12-07 21:56:16.986980+04:00
675490f777270c2beb998e3a,5DLU7FE9,CAR,2024-12-07 22:16:23.197619+04:00
6754914677270c2beb998eae,Q8PUKQ7H,CAR,2024-12-07 22:17:42.219283+04:00
675493c777270c2beb998f19,RQFQW28T,CAR,2024-12-07 22:28:23.031981+04:00
6754953d2f9538df426488c6,E5PHS9C6,CAR,2024-12-07 22:34:37.216075+04:00
675498ad7dfe0f07566d3062,EFJ6CBD8,CAR,2024-12-07 22:49:17.341365+04:00
67549db56cc3f0dec6cb5ac1,KB6D62XT,CAR,2024-12-07 23:10:45.372218+04:00
6754a4b26cc3f0dec6cb5bd2,SUWUMA32,CAR,2024-12-07 23:40:34.753544+04:00
6754bea977270c2beb998fe0,XY8KKBVA,CAR,2024-12-08 01:31:21.226021+04:00
6754c590f156b948558501b7,SY6MTF8S,CAR,2024-12-08 02:00:47.991204+04:00
6754def3f156b948558501f5,E9W7BMB7,CAR,2024-12-08 03:49:07.593103+04:00
6754fe45f156b9485585027c,4WY8F4FL,CAR,2024-12-08 06:02:45.502117+04:00
675504c11dfbf6b1aab6351b,RXCRDDM9,CAR,2024-12-08 06:30:25.217075+04:00
6755232ce2f427499482741a,9CSXZ5ZH,CAR,2024-12-08 08:40:12.967929+04:00
6755296ae2f42749948274cb,Z4JYHKNU,CAR,2024-12-08 09:06:50.076796+04:00
67552a78940e90f46ae3fed7,USF7EHF8,CAR,2024-12-08 09:11:20.564777+04:00
67552c09940e90f46ae3ff57,K3CG8G49,CAR,2024-12-08 09:18:01.075229+04:00
67552c88edd4a2d49af16e6e,J9AQLKZ9,CAR,2024-12-08 09:20:08.471027+04:00
67552e091dfbf6b1aab63604,3SSQ8JPE,CAR,2024-12-08 09:26:33.459850+04:00
67552eb26cc3f0dec6cb5dce,62WCTQ5D,CAR,2024-12-08 09:29:22.154668+04:00
67552f42edd4a2d49af16f2a,XYZ7A59S,CAR,2024-12-08 09:31:46.425805+04:00
6755306bedd4a2d49af16fa5,5MFJHYZ4,CAR,2024-12-08 09:36:43.215228+04:00
67553151940e90f46ae40022,GUZPBKRU,CAR,2024-12-08 09:40:33.647199+04:00
6755344877b071e22e9c9697,T7H585M2,CAR,2024-12-08 09:53:12.902274+04:00
67553ac92f9538df426488e8,TLZ4VM6M,CAR,2024-12-08 10:20:57.085938+04:00
67553c3f950f3a4528498e63,L43RHDTD,CAR,2024-12-08 10:27:11.085812+04:00
67553c82940e90f46ae40119,NZ48XP5T,CAR,2024-12-08 10:28:18.915830+04:00
67553cf077b071e22e9c97e4,R4V963LY,CAR,2024-12-08 10:30:08.080884+04:00
67553eb3950f3a4528498f25,MLXWHWUV,CAR,2024-12-08 10:37:39.166327+04:00
675546e4940e90f46ae401b7,7WY35SLY,CAR,2024-12-08 11:12:36.856926+04:00
6755471720caad0e7c985687,ZNTARF64,CAR,2024-12-08 11:13:27.801398+04:00
675548562ec50d1e8f72ef8c,TJFZGLVF,CAR,2024-12-08 11:18:46.927919+04:00
6755496977b071e22e9c9912,WS33J39V,CAR,2024-12-08 11:23:21.788310+04:00
675549b1950f3a4528498ff6,9NNNS2SN,CAR,2024-12-08 11:24:33.613063+04:00
67554a12edd4a2d49af17069,N734VLBZ,CAR,2024-12-08 11:26:09.941231+04:00
67554ab73ff35c6fd1bbc237,96N2T2KJ,CAR,2024-12-08 11:28:55.532260+04:00
67554bfeb239cbea7fa6a671,BJFJZ7W3,CAR,2024-12-08 11:34:22.813401+04:00
67555035950f3a452849907a,A6ZV5UNR,CAR,2024-12-08 11:52:21.375706+04:00
6755509cb239cbea7fa6a75f,59XAV48X,CAR,2024-12-08 11:54:04.119113+04:00
675550a8950f3a4528499082,H27A7NH4,CAR,2024-12-08 11:54:15.941067+04:00
675551810eb5d7c114864c5b,58HRFNLL,CAR,2024-12-08 11:57:53.781237+04:00
675552c80eb5d7c114864da4,8ESJEF84,CAR,2024-12-08 12:03:20.178513+04:00
6755532d2ec50d1e8f72f026,EZ8ZHHWF,CAR,2024-12-08 12:05:01.411904+04:00
67555366b239cbea7fa6a83f,55ZE7RZ2,CAR,2024-12-08 12:05:58.327979+04:00
675553fe950f3a452849911e,EPBLCS6Q,CAR,2024-12-08 12:08:30.450053+04:00
67555421512c6d4d45473a6e,R7289V53,CAR,2024-12-08 12:09:05.413210+04:00
675554ceb239cbea7fa6a8c0,RG2QRWF5,CAR,2024-12-08 12:11:58.023875+04:00
675554d5b239cbea7fa6a92e,TGDD65SZ,CAR,2024-12-08 12:12:05.793079+04:00
67555bdb428ae4be26200f71,GCFBM9AH,CAR,2024-12-08 12:42:03.816731+04:00
67555dde428ae4be26200f94,GNCXFP73,CAR,2024-12-08 12:50:38.308723+04:00
6755618cfffd90977993b553,6BDVVYG4,CAR,2024-12-08 13:06:20.865935+04:00
675562f2ab5e5e8080c45037,JUACHF46,CAR,2024-12-08 13:12:18.719550+04:00
675563072ec50d1e8f72f17d,ARL7HVCD,CAR,2024-12-08 13:12:39.433333+04:00
67556318ab5e5e8080c450aa,RRH98AKL,CAR,2024-12-08 13:12:56.781230+04:00
675565166e9c7722ef7bf0b6,D23Z6MTV,CAR,2024-12-08 13:21:26.101719+04:00
675565283ff35c6fd1bbc309,A6G5TZJ3,CAR,2024-12-08 13:21:44.846073+04:00
675565dd7c0cdb9f45b58491,2TRGHGUQ,CAR,2024-12-08 13:24:45.637329+04:00
675566837c0cdb9f45b584d0,D3CW4C2U,CAR,2024-12-08 13:27:31.944679+04:00
67556825428ae4be262010bc,4TTZGQ27,CAR,2024-12-08 13:34:29.634835+04:00
67556ad0ab5e5e8080c4522d,B997ADCH,CAR,2024-12-08 13:45:52.693948+04:00
67557053fffd90977993b5ca,LYVMDVJF,CAR,2024-12-08 14:09:23.632665+04:00
675571daab5e5e8080c45362,9K3LHBW5,CAR,2024-12-08 14:15:54.143829+04:00
6755750dff55087fcab145f9,3XH5UNZB,CAR,2024-12-08 14:29:33.252992+04:00
675575b1cea417cba63acde0,CG8WKAGC,CAR,2024-12-08 14:32:17.482890+04:00
675575b8ff55087fcab146a7,5LS4A6ZL,CAR,2024-12-08 14:32:24.039477+04:00
675577e4ff55087fcab14761,MABXZ94U,CAR,2024-12-08 14:41:40.414573+04:00
67557cbb5ccf7b5b9f17e182,DNDHYATD,CAR,2024-12-08 15:02:19.207566+04:00
67557e435524bb3c75b07471,DXPPCDSB,CAR,2024-12-08 15:08:51.012304+04:00
67557f72e53a2765243d288d,K9PEQBXT,CAR,2024-12-08 15:13:54.206634+04:00
67558464c5caa136cc3d18a7,7CX546DX,CAR,2024-12-08 15:35:00.201813+04:00
67558697e508fbdf5942bf91,47E5KEXL,CAR,2024-12-08 15:44:23.837869+04:00
67558a8981a82d7372cf6457,S3SAW5FF,CAR,2024-12-08 16:01:13.353945+04:00
67558b605524bb3c75b0763e,V7U64NN4,CAR,2024-12-08 16:04:48.614882+04:00
67558c575524bb3c75b07642,EPT2NUKM,CAR,2024-12-08 16:08:55.470751+04:00
67559056cea417cba63acfcb,R5K25S6P,CAR,2024-12-08 16:25:58.283381+04:00
675592022ec50d1e8f72f246,GTPV4WHE,CAR,2024-12-08 16:33:06.691863+04:00
6755920e49cd23925ff8d9fa,KZR5XNLK,CAR,2024-12-08 16:33:18.601722+04:00
6755944c49cd23925ff8da8e,DESAY6PN,CAR,2024-12-08 16:42:52.724281+04:00
6755947349cd23925ff8db26,F6P7U3UB,CAR,2024-12-08 16:43:31.078965+04:00
675594d981a82d7372cf64eb,3W5R5YS7,CAR,2024-12-08 16:45:13.524551+04:00
6755963d49cd23925ff8dba7,MEA59WW5,CAR,2024-12-08 16:51:09.505879+04:00
675597d649cd23925ff8dc27,V9M7L3S3,CAR,2024-12-08 16:57:58.960898+04:00
67559a0d5294c615e91c88bc,6WPBPH64,CAR,2024-12-08 17:07:25.565522+04:00
67559db0950f4235b8f0c105,WXS8NENV,CAR,2024-12-08 17:22:56.138500+04:00
67559e583d9ea8823625c721,XHWDH9CX,CAR,2024-12-08 17:25:44.738290+04:00
6755a1a0cea417cba63ad0e3,QZ6CGE5M,CAR,2024-12-08 17:39:44.807719+04:00
6755a2ebe508fbdf5942c016,GJQH2FL2,CAR,2024-12-08 17:45:15.436312+04:00
6755a3a3950f4235b8f0c17d,M67SFHE4,CAR,2024-12-08 17:48:19.105330+04:00
6755a88e66039fa9c793bc20,DB6VUJ88,CAR,2024-12-08 18:09:18.572240+04:00
6755a8f381a82d7372cf659c,BEZRML75,CAR,2024-12-08 18:10:59.760429+04:00
6755aacc3d9ea8823625c7fe,QEZYWY4B,CAR,2024-12-08 18:18:52.829648+04:00
6755ab4c357c63b9ea49c5af,DRWCAHAH,CAR,2024-12-08 18:21:00.146555+04:00
6755acddcae2de4221d781e5,Q2GQCKRW,CAR,2024-12-08 18:27:41.734972+04:00
6755adc4357c63b9ea49c642,6S7UR52F,CAR,2024-12-08 18:31:32.416021+04:00
6755ae53357c63b9ea49c6b2,WX8GRP96,CAR,2024-12-08 18:33:55.057872+04:00
6755ae7b357c63b9ea49c72c,AKW52YSP,CAR,2024-12-08 18:34:35.115864+04:00
6755af2bcae2de4221d78235,F9TQ3WXB,CAR,2024-12-08 18:37:31.292122+04:00
6755b00466039fa9c793bca3,R3CQX67L,CAR,2024-12-08 18:41:08.111365+04:00
6755b176efccfcb4d637c6e5,RRPW6LAU,CAR,2024-12-08 18:47:18.756250+04:00
6755b2ea66039fa9c793bd43,3BFPX7DN,CAR,2024-12-08 18:53:30.713123+04:00
6755b3b9efccfcb4d637c801,2CHZ8RR4,CAR,2024-12-08 18:56:57.045416+04:00
6755bce3681b623c708fd8a0,JDNJNJZ9,CAR,2024-12-08 19:36:03.649140+04:00
6755be84a30e1760cb288af9,9R73SB9T,CAR,2024-12-08 19:43:00.070220+04:00
6755c27f333762a57f9c9ffd,EUEC64CQ,CAR,2024-12-08 19:59:59.196648+04:00
6755c36b681b623c708fd966,8SBUZKZG,CAR,2024-12-08 20:03:55.070395+04:00
6755c400b3e483f0129748c0,49YYANJA,CAR,2024-12-08 20:06:24.626431+04:00
6755c5c88d68b069afcc5be7,GERG3MT5,CAR,2024-12-08 20:14:00.558026+04:00
6755ca73efc1bfff0a1f7d4b,ZMTKZQTA,CAR,2024-12-08 20:33:55.764968+04:00
6755cbcd8d68b069afcc5c71,DEDU2EBF,CAR,2024-12-08 20:39:41.623918+04:00
6755ce6e964812d06bb276af,CTG2KBNQ,CAR,2024-12-08 20:50:54.054204+04:00
6755cff83bd69ec3322b887f,W3LFGT62,CAR,2024-12-08 20:57:28.717810+04:00
6755da0f8d68b069afcc5d72,4SZDAY3X,CAR,2024-12-08 21:40:31.194553+04:00
6755e1593bd69ec3322b88b3,HDJGP65F,CAR,2024-12-08 22:11:36.934474+04:00
6755ebef681b623c708fda83,BTHBK5ZP,CAR,2024-12-08 22:56:46.979417+04:00
6755ecf53bd69ec3322b89f6,CGQQ3M3T,CAR,2024-12-08 23:01:09.051504+04:00
6755fc7ffd22a87a2fee50f3,FJZBJ82A,CAR,2024-12-09 00:07:27.334313+04:00
6755ff97e7e99de55398870b,EGA3W8G6,CAR,2024-12-09 00:20:39.398794+04:00
67560e7570bec81b4b41abf2,B26FX7F4,CAR,2024-12-09 01:24:05.335001+04:00
675643adbe9850ed80882e3d,B9JAAQZN,CAR,2024-12-09 05:11:09.699653+04:00
675658b752fcec1032a29592,V33WKF6E,CAR,2024-12-09 06:40:55.794655+04:00
6756689f52fcec1032a295f5,76Y599XP,CAR,2024-12-09 07:48:47.771114+04:00
675668ae52fcec1032a29669,H2B2P45U,CAR,2024-12-09 07:49:02.295232+04:00
67566aaa8202e856411dde09,4RV44JYG,CAR,2024-12-09 07:57:30.170627+04:00
67566af368f4c00b6c0b968c,JLEHG9QV,CAR,2024-12-09 07:58:43.249375+04:00
67566b2870bec81b4b41ad5f,TWLTJVKS,CAR,2024-12-09 07:59:36.508344+04:00
67566ef852fcec1032a29728,8MYL4FB6,CAR,2024-12-09 08:15:52.818470+04:00
67567179be9850ed80882f3d,DFQBJ2Y4,CAR,2024-12-09 08:26:33.377348+04:00
6756730abe9850ed8088302c,F8PHX2FT,CAR,2024-12-09 08:33:14.921251+04:00
67567b3608a372cc5f483c42,WHPVT3WS,CAR,2024-12-09 09:08:06.182895+04:00
67567b8e66bff73fe52e0e80,GJG58NLV,CAR,2024-12-09 09:09:34.123435+04:00
67567c6a08a372cc5f483cf0,C4P7MUBD,CAR,2024-12-09 09:13:14.437077+04:00
67567ca98202e856411ddf88,KQRUE2A3,CAR,2024-12-09 09:14:17.325695+04:00
67567cc108a372cc5f483d00,EDFG5EAB,CAR,2024-12-09 09:14:41.195482+04:00
67567dbf08a372cc5f483d7b,6PL6S459,CAR,2024-12-09 09:18:55.243148+04:00
67567eab66bff73fe52e1042,WVNDPVEW,CAR,2024-12-09 09:22:51.776191+04:00
67567eba792c7a620dac80d6,6WD9UDTR,CAR,2024-12-09 09:23:06.177574+04:00
67567edb66bff73fe52e10b7,ATUGZ7LA,CAR,2024-12-09 09:23:39.149596+04:00
67567fcb76d8ab49d36fcbe7,3GD2TUE8,CAR,2024-12-09 09:27:39.468172+04:00
675682e68d84ee7cb4805b71,2TKPDN5Q,CAR,2024-12-09 09:40:54.397127+04:00
6756848c76d8ab49d36fcd12,TGPFS3XV,CAR,2024-12-09 09:47:56.048467+04:00
6756851d8d84ee7cb4805c5a,XEKRPH44,CAR,2024-12-09 09:50:21.506757+04:00
6756878e792c7a620dac81a2,N2VG6QCM,CAR,2024-12-09 10:00:46.369973+04:00
675687ca47ea6349ccab3637,B5ZBCARF,CAR,2024-12-09 10:01:46.939311+04:00
6756886051212081cbfa50cc,BRD8TJFM,CAR,2024-12-09 10:04:16.636711+04:00
67568861950f4235b8f0c319,7ST7LJZJ,CAR,2024-12-09 10:04:17.559889+04:00
675688748b98872883ea1e0f,W4NLAF8K,CAR,2024-12-09 10:04:36.245910+04:00
6756896f76d8ab49d36fcdd3,UFZKR424,CAR,2024-12-09 10:08:47.264053+04:00
675689ac76d8ab49d36fce41,QQT8HHW5,CAR,2024-12-09 10:09:48.163441+04:00
675689bebbf8c9808c5c2a5f,ECGAKQHQ,CAR,2024-12-09 10:10:06.395734+04:00
67568aca8b98872883ea1e63,MHBA6P9Z,CAR,2024-12-09 10:14:34.206967+04:00
67568b4d8b98872883ea1f0f,RKWN4U59,CAR,2024-12-09 10:16:45.148849+04:00
67568c308b98872883ea1f8d,SH43Q8Z7,CAR,2024-12-09 10:20:32.264292+04:00
67568c4fc34de8d44f5d843f,5JLEJK9K,CAR,2024-12-09 10:21:03.600418+04:00
67568cc68b98872883ea1fc8,ET2J7P8X,CAR,2024-12-09 10:23:02.493735+04:00
67568cebc34de8d44f5d84b3,DFS2LA5W,CAR,2024-12-09 10:23:39.089645+04:00
67568dea51212081cbfa51a1,C794MN98,CAR,2024-12-09 10:27:54.713569+04:00
67568df968f4c00b6c0b9776,RR2K7CE3,CAR,2024-12-09 10:28:08.976527+04:00
67568e0d51212081cbfa5211,AMXBY7QH,CAR,2024-12-09 10:28:29.138276+04:00
67568f8d8b98872883ea2066,4GBBPKCC,CAR,2024-12-09 10:34:53.887236+04:00
6756901951212081cbfa52b1,2L639HKD,CAR,2024-12-09 10:37:13.197243+04:00
67569180c34de8d44f5d857c,555A29EG,CAR,2024-12-09 10:43:12.835187+04:00
675691eec34de8d44f5d8632,LZDRABWR,CAR,2024-12-09 10:45:02.629447+04:00
67569252bbf8c9808c5c2d23,4L7BTD7L,CAR,2024-12-09 10:46:42.532079+04:00
6756930e927c89807bdae37d,89ZAQJ5W,CAR,2024-12-09 10:49:50.333067+04:00
6756939a950f4235b8f0c434,RLSCEKHR,CAR,2024-12-09 10:52:10.416754+04:00
675693f0bbf8c9808c5c2db5,5GWHDWMB,CAR,2024-12-09 10:53:36.372955+04:00
6756948cc34de8d44f5d8756,PLDZHEDK,CAR,2024-12-09 10:56:12.446360+04:00
675694dabbf8c9808c5c2e38,EKW9EMJT,CAR,2024-12-09 10:57:30.234930+04:00
675694f37d3ad10fbde0b124,B89FFSL6,CAR,2024-12-09 10:57:55.208783+04:00
67569684927c89807bdae43f,GYYUZSUZ,CAR,2024-12-09 11:04:36.086141+04:00
67569818cd08bb1931677ec4,M7RZARDR,CAR,2024-12-09 11:11:20.639295+04:00
675698eccd08bb1931677f84,66XPVEQP,CAR,2024-12-09 11:14:51.983114+04:00
6756994831bc138eb0e370fa,X57GRTVS,CAR,2024-12-09 11:16:24.891296+04:00
67569a1833e9f9ae8ae70b87,MDAA6SYA,CAR,2024-12-09 11:19:52.098625+04:00
67569abe927c89807bdae525,EWXPKSTK,CAR,2024-12-09 11:22:38.020795+04:00
67569ad5927c89807bdae59c,QHZAWZRM,CAR,2024-12-09 11:23:01.616644+04:00
67569b1bcd08bb1931677fe4,8G28YKU2,CAR,2024-12-09 11:24:11.431229+04:00
67569c35927c89807bdae5f4,5DQ8UWDD,CAR,2024-12-09 11:28:53.790165+04:00
67569caa33e9f9ae8ae70c02,4S4DB8CX,CAR,2024-12-09 11:30:50.268690+04:00
67569d1fcd08bb193167808d,A3MSBRWL,CAR,2024-12-09 11:32:47.125962+04:00
67569e32cd08bb193167811a,VCAZ6968,CAR,2024-12-09 11:37:22.748523+04:00
67569e6ccd08bb1931678153,Q875J62T,CAR,2024-12-09 11:38:20.907392+04:00
67569fafdaa0ee48cae2744c,87D8MDVS,CAR,2024-12-09 11:43:43.545076+04:00
6756a0398f8a5ee4581194ef,N4RKZXSW,CAR,2024-12-09 11:46:01.234328+04:00
6756a1888f8a5ee4581195ad,88GTGN5J,CAR,2024-12-09 11:51:36.783824+04:00
6756a1971c7c3b2703dcb839,Q8Q5J78K,CAR,2024-12-09 11:51:51.036436+04:00
6756a2e27d3ad10fbde0b218,ST9EES23,CAR,2024-12-09 11:57:22.772557+04:00
6756a2fb05def6dd0849f20d,4YKJMG59,CAR,2024-12-09 11:57:47.405405+04:00
6756a307daa0ee48cae275d9,CEZ24QF5,CAR,2024-12-09 11:57:59.562755+04:00
6756a32d1c7c3b2703dcb909,FVLRW5C4,CAR,2024-12-09 11:58:37.780298+04:00
6756a345daa0ee48cae2766e,FE69QMUV,CAR,2024-12-09 11:59:01.542537+04:00
6756a3c31c7c3b2703dcb9ec,F7QNTCYR,CAR,2024-12-09 12:01:07.728654+04:00
6756a46ec9cc67fffb044dcb,JSQA3QKN,CAR,2024-12-09 12:03:58.934205+04:00
6756a4bcdaa0ee48cae27834,LCVSDDTY,CAR,2024-12-09 12:05:16.749831+04:00
6756a539daa0ee48cae278ba,26LFP7T7,CAR,2024-12-09 12:07:21.499185+04:00
6756a5a20499d3a5bb20e95d,K9UYJW8Z,CAR,2024-12-09 12:09:06.866900+04:00
6756a664d27a391cf0076a1d,H9WGKLAF,CAR,2024-12-09 12:12:20.096691+04:00
6756a7055d24dd5466fac2ca,GGQHG8NA,CAR,2024-12-09 12:15:00.996736+04:00
6756a84797090371c9148abc,KLKYBSC4,CAR,2024-12-09 12:20:23.790909+04:00
6756a87305def6dd0849f3b9,J3HURSUG,CAR,2024-12-09 12:21:07.864424+04:00
6756aa3b5d24dd5466fac386,W4VZHPFE,CAR,2024-12-09 12:28:43.499348+04:00
6756aa645d24dd5466fac3fd,Q32SRJFW,CAR,2024-12-09 12:29:23.994855+04:00
6756aa7505def6dd0849f45e,L88ZWBVW,CAR,2024-12-09 12:29:41.622807+04:00
6756aa8ad27a391cf0076ade,88AHK68P,CAR,2024-12-09 12:30:02.280400+04:00
6756aaad5d24dd5466fac473,SP9DRGUH,CAR,2024-12-09 12:30:37.197663+04:00
6756aadbb58b0ee2888072b9,2E33UN8H,CAR,2024-12-09 12:31:23.666090+04:00
6756ac0397090371c9148c52,4USVENLU,CAR,2024-12-09 12:36:19.202524+04:00
6756ac525d24dd5466fac551,ZNPRBHFU,CAR,2024-12-09 12:37:38.352996+04:00
6756ae0397090371c9148cd2,P84RXGJ8,CAR,2024-12-09 12:44:51.734936+04:00
6756aeb4106e53c32396aa0b,7SC2LQPP,CAR,2024-12-09 12:47:48.410970+04:00
6756aedb512c6d4d45473b48,2AWS63P8,CAR,2024-12-09 12:48:27.108066+04:00
6756b055e0d21ecc489aec74,28BBL8EF,CAR,2024-12-09 12:54:44.975523+04:00
6756b10fe0d21ecc489aeced,QVM6J6NU,CAR,2024-12-09 12:57:51.511103+04:00
6756b18ee0d21ecc489aedd2,SA5ZH3CP,CAR,2024-12-09 12:59:58.262727+04:00
6756b2b14cfeba0195172387,VA5AFFHU,CAR,2024-12-09 13:04:49.440675+04:00
6756b311c9cc67fffb044e4a,7QVS9XTX,CAR,2024-12-09 13:06:25.756412+04:00
6756b3d1c9cc67fffb044eba,YDYSAX4J,CAR,2024-12-09 13:09:37.734802+04:00
6756b4ae54c1cb672cda5cb2,CQEG5A64,CAR,2024-12-09 13:13:18.754080+04:00
6756b5cc5d24dd5466fac643,FSCZ9HPL,CAR,2024-12-09 13:18:04.372808+04:00
6756b5fab58b0ee28880743e,FA6NDLWK,CAR,2024-12-09 13:18:50.068007+04:00
6756b662c9cc67fffb044f41,P9VNFMY9,CAR,2024-12-09 13:20:34.774909+04:00
6756b7c2867fd0fa16c8d20c,ZR754TJG,CAR,2024-12-09 13:26:26.410847+04:00
6756b85ee0d21ecc489aef5c,79DKFBMK,CAR,2024-12-09 13:29:02.957621+04:00
6756b89a5d24dd5466fac75c,EPWBVH5X,CAR,2024-12-09 13:30:02.031193+04:00
6756b8ea4cfeba019517249b,STAGCZDN,CAR,2024-12-09 13:31:22.452363+04:00
6756b8f7b58b0ee288807512,4GL7SUCH,CAR,2024-12-09 13:31:35.172519+04:00
6756b90e512c6d4d45473bbc,TDD5NDJU,CAR,2024-12-09 13:31:58.420035+04:00
6756b9d6512c6d4d45473c34,9M3Z3PTB,CAR,2024-12-09 13:35:18.252058+04:00
6756bb6a128721ba721b0177,MG9JB255,CAR,2024-12-09 13:42:02.696394+04:00
6756bbad8c8c6cb59308493d,JEJVCENE,CAR,2024-12-09 13:43:09.841390+04:00
6756bbbd128721ba721b01f8,22XN7PMS,CAR,2024-12-09 13:43:25.619228+04:00
6756bc4754c1cb672cda5dde,XMC2A6G2,CAR,2024-12-09 13:45:42.993606+04:00
6756bc6e54c1cb672cda5e77,JZSLMHTC,CAR,2024-12-09 13:46:22.941425+04:00
6756bdf6128721ba721b02c0,N3V9V6LN,CAR,2024-12-09 13:52:54.167769+04:00
6756be1d128721ba721b02fd,ANH42FCM,CAR,2024-12-09 13:53:33.175429+04:00
6756be1e4cfeba01951725ad,7TM36Y9A,CAR,2024-12-09 13:53:34.746703+04:00
6756be22128721ba721b0367,ZN2X2WHR,CAR,2024-12-09 13:53:38.904798+04:00
6756be9e128721ba721b03fc,BUN2SS8B,CAR,2024-12-09 13:55:42.375406+04:00
6756bfbf867fd0fa16c8d316,QSJN2E5N,CAR,2024-12-09 14:00:31.294918+04:00
6756bfef3a509e53759906f5,72TDJEXE,CAR,2024-12-09 14:01:19.381411+04:00
6756c046bf13d06269e4f273,247EHE9K,CAR,2024-12-09 14:02:46.894894+04:00
6756c04bc9cc67fffb044fc4,UTYK2RPJ,CAR,2024-12-09 14:02:51.445858+04:00
6756c14054c1cb672cda5f06,3YAYSZ5W,CAR,2024-12-09 14:06:56.603726+04:00
6756c177867fd0fa16c8d42e,HWN3UEVP,CAR,2024-12-09 14:07:51.755971+04:00
6756c1c04cfeba01951725ef,ZSUENXU3,CAR,2024-12-09 14:09:04.680353+04:00
6756c225d615b4f3f083eb4b,LPDU57JZ,CAR,2024-12-09 14:10:45.835910+04:00
6756c2cad615b4f3f083ebc4,AGNLG5JS,CAR,2024-12-09 14:13:30.153051+04:00
6756c345bf13d06269e4f2f2,DBGTJTU4,CAR,2024-12-09 14:15:33.114526+04:00
6756c380867fd0fa16c8d516,Y6W32BBU,CAR,2024-12-09 14:16:32.627289+04:00
6756c4e1d615b4f3f083ec4d,692Z3GD2,CAR,2024-12-09 14:22:25.521449+04:00
6756c4f3d615b4f3f083ecba,338872SL,CAR,2024-12-09 14:22:43.684266+04:00
6756c4fbbf13d06269e4f38d,QBKA2U4R,CAR,2024-12-09 14:22:51.085872+04:00
6756c6dcbf13d06269e4f430,4NXE3GYS,CAR,2024-12-09 14:30:52.580043+04:00
6756c721bf13d06269e4f4aa,AF3A9RQU,CAR,2024-12-09 14:32:01.787827+04:00
6756c7e41bcfcfd6991e30a3,EZB2URKV,CAR,2024-12-09 14:35:16.639675+04:00
6756c7fed615b4f3f083edec,H9RUYDCD,CAR,2024-12-09 14:35:42.009673+04:00
6756c8601bcfcfd6991e312e,URK2379L,CAR,2024-12-09 14:37:20.482923+04:00
6756c9734cfeba0195172806,8R464B8J,CAR,2024-12-09 14:41:55.174212+04:00
6756ca001bcfcfd6991e31b9,X3BUU8SW,CAR,2024-12-09 14:44:16.414685+04:00
6756ca6c3a509e5375990890,LLMKEPPX,CAR,2024-12-09 14:46:04.710493+04:00
6756ca9fd615b4f3f083ee97,J23F4SEM,CAR,2024-12-09 14:46:55.904478+04:00
6756cac21bcfcfd6991e32bb,BQKHECVQ,CAR,2024-12-09 14:47:30.686173+04:00
6756cb52d615b4f3f083eef3,AEZDUXRQ,CAR,2024-12-09 14:49:54.631600+04:00
6756cc7d1bcfcfd6991e3377,TDPP872V,CAR,2024-12-09 14:54:53.901537+04:00
6756ccc3d615b4f3f083ef80,7BXB8T38,CAR,2024-12-09 14:56:03.337210+04:00
6756cce53845f8c3cfe56f31,F2Z7DD86,CAR,2024-12-09 14:56:37.212207+04:00
6756cd371bcfcfd6991e3416,V35C7LX8,CAR,2024-12-09 14:57:59.631874+04:00
6756cd40d615b4f3f083f010,NAPTKHVV,CAR,2024-12-09 14:58:08.263774+04:00
6756cd4fd615b4f3f083f086,J7MWC8SJ,CAR,2024-12-09 14:58:23.096829+04:00
6756cd6c687692af7bfded83,SYLGEEKP,CAR,2024-12-09 14:58:52.951164+04:00
6756cdad687692af7bfdee12,QRGEVVSW,CAR,2024-12-09 14:59:57.305877+04:00
6756cde591c25c02dfad3696,TPDHK8EK,CAR,2024-12-09 15:00:53.243423+04:00
6756cf216ddde41616feee7a,653WH9ED,CAR,2024-12-09 15:06:09.704613+04:00
6756d06391c25c02dfad3914,3HD6JSMD,CAR,2024-12-09 15:11:30.970796+04:00
6756d0933845f8c3cfe56fe7,LK5R79XJ,CAR,2024-12-09 15:12:19.182760+04:00
6756d112687692af7bfdee7c,TY8KJGA5,CAR,2024-12-09 15:14:26.128637+04:00
6756d2bc4385a5be147b8561,LUJEUZKQ,CAR,2024-12-09 15:21:32.214608+04:00
6756d4714385a5be147b8591,ETXWFTA9,CAR,2024-12-09 15:28:49.182753+04:00
6756d52d6ddde41616feefed,FEY8ML4X,CAR,2024-12-09 15:31:57.484868+04:00
6756d5e8ee62164c9521e409,DKX9ZXBC,CAR,2024-12-09 15:35:04.462233+04:00
6756d60880a939c4e4ead25e,M8UYYJ3Y,CAR,2024-12-09 15:35:36.621079+04:00
6756d687687692af7bfdef2e,HPK6D6X3,CAR,2024-12-09 15:37:43.888136+04:00
6756d69bee62164c9521e44d,LHYBHRUH,CAR,2024-12-09 15:38:03.252372+04:00
6756d6fbee62164c9521e486,QHRQDHD5,CAR,2024-12-09 15:39:39.399650+04:00
6756d7850182041fc1b21635,AWWC2QMB,CAR,2024-12-09 15:41:57.218982+04:00
6756d7f66ddde41616fef131,KDHPMUR7,CAR,2024-12-09 15:43:50.813734+04:00
6756d81c80a939c4e4ead37d,JGF8W5Z2,CAR,2024-12-09 15:44:28.649595+04:00
6756d91f0182041fc1b216af,3A6KGF27,CAR,2024-12-09 15:48:47.500435+04:00
6756d99d80a939c4e4ead4ac,23PVLFRP,CAR,2024-12-09 15:50:53.837718+04:00
6756dad0acbe92624a20b14f,49K7TS8P,CAR,2024-12-09 15:56:00.176740+04:00
6756dc1cee62164c9521e6cb,LRH3QZEX,CAR,2024-12-09 16:01:32.875927+04:00
6756dcb1cd8ebf635c8aec78,MATURBUC,CAR,2024-12-09 16:04:01.919341+04:00
6756dcd3cd8ebf635c8aece6,MCQW4QFA,CAR,2024-12-09 16:04:35.010411+04:00
6756dd52acbe92624a20b211,4CAB8NAL,CAR,2024-12-09 16:06:42.770657+04:00
6756dd6980a939c4e4ead5bf,G64MX5X6,CAR,2024-12-09 16:07:05.135637+04:00
6756de08cd8ebf635c8aedc8,U3FEJQ7G,CAR,2024-12-09 16:09:44.958564+04:00
6756de7a47c5c7b6b3d044a3,YQ25N77P,CAR,2024-12-09 16:11:38.772010+04:00
6756dedc3ba6cfb574815664,VNXBA5WL,CAR,2024-12-09 16:13:16.454594+04:00
6756df6f687692af7bfdf1cb,WX9YXM2S,CAR,2024-12-09 16:15:43.627929+04:00
6756dfc0cd8ebf635c8aeef1,2W3SRXQZ,CAR,2024-12-09 16:17:04.797574+04:00
6756e0095aa222c0de080ff1,KVZZER2G,CAR,2024-12-09 16:18:17.115353+04:00
6756e15747c5c7b6b3d045c8,DKQDRRLC,CAR,2024-12-09 16:23:51.716640+04:00
6756e2d147c5c7b6b3d04694,AGVCYMMN,CAR,2024-12-09 16:30:09.513310+04:00
6756e3d03ba6cfb574815717,P6RACKNS,CAR,2024-12-09 16:34:23.983925+04:00
6756e42147c5c7b6b3d04724,2TNKN3HQ,CAR,2024-12-09 16:35:45.646349+04:00
6756e545acbe92624a20b32c,MFGQBY5Q,CAR,2024-12-09 16:40:37.604118+04:00
6756e630acbe92624a20b3b7,UN3KWBPD,CAR,2024-12-09 16:44:32.891471+04:00
6756e696acbe92624a20b424,PQ9BKBD3,CAR,2024-12-09 16:46:14.172319+04:00
6756e7e66ea5dcd5a5a7092c,XPCVZTFF,CAR,2024-12-09 16:51:50.905433+04:00
6756e7f6a0b88c9344d080ae,J296VPTE,CAR,2024-12-09 16:52:06.355209+04:00
6756e9ff3b9be25ec0588205,6VGHYT7P,CAR,2024-12-09 17:00:47.879893+04:00
6756ea37e96bf6db68324be1,GV2HK8YW,CAR,2024-12-09 17:01:43.844020+04:00
6756ebda6ea5dcd5a5a70a91,2Y7HLR7P,CAR,2024-12-09 17:08:42.934492+04:00
6756eed4fe0676889cc45395,SN44GL8P,CAR,2024-12-09 17:21:24.922187+04:00
6756f0a51a1648080f292ed7,NBB42Y4P,CAR,2024-12-09 17:29:09.428798+04:00
6756f16ffe0676889cc453b7,BU4G7RZZ,CAR,2024-12-09 17:32:31.472832+04:00
6756f53aa0b88c9344d082b5,WJCLHKNN,CAR,2024-12-09 17:48:42.101620+04:00
6756f650fe0676889cc45456,MB5BN9JV,CAR,2024-12-09 17:53:20.654493+04:00
6756f6693b9be25ec0588372,WYPH3YK4,CAR,2024-12-09 17:53:45.422699+04:00
6756f6d23b9be25ec0588379,UXAV74WA,CAR,2024-12-09 17:55:30.563839+04:00
6756f7173b9be25ec05883ef,GWZUNPW3,CAR,2024-12-09 17:56:39.717869+04:00
6756f7b7e96bf6db68324e65,GFFW6WW5,CAR,2024-12-09 17:59:19.009514+04:00
6756f8e13f77eca8918faf04,H55DQHZZ,CAR,2024-12-09 18:04:17.148197+04:00
6756f930a0b88c9344d08340,9WJ47H4D,CAR,2024-12-09 18:05:36.805217+04:00
6756fa25e96bf6db68324f23,K48ZR8US,CAR,2024-12-09 18:09:41.651624+04:00
6756fe968f194084ad6b0b40,6QTDQRCB,CAR,2024-12-09 18:28:38.287295+04:00
6756ff20bf2a30c9c439db6b,L8UYPASH,CAR,2024-12-09 18:30:56.121653+04:00
6756ffa8f7b2634e1946c05c,DWRF8YSF,CAR,2024-12-09 18:33:12.047390+04:00
675700b4a57e8ab186477786,22LRTNL6,CAR,2024-12-09 18:37:40.312630+04:00
675700b7fe0676889cc45534,Z3CXMPW8,CAR,2024-12-09 18:37:43.691652+04:00
675700be1f778721fed9cdc2,VXAHTAEV,CAR,2024-12-09 18:37:50.193728+04:00
6757034d8f194084ad6b0bd2,93KC9FEJ,CAR,2024-12-09 18:48:45.887599+04:00
675704b8e96bf6db68325238,XJQZQDLA,CAR,2024-12-09 18:54:48.864626+04:00
675707cc8f194084ad6b0c5f,B2ZWQC3S,CAR,2024-12-09 19:07:55.976848+04:00
6757085cfe0676889cc45726,ZAD8PLBM,CAR,2024-12-09 19:10:20.641345+04:00
67570b31e96bf6db68325342,3NG9KPHK,CAR,2024-12-09 19:22:25.045082+04:00
67570bd3bf2a30c9c439dc37,ZXJU7V62,CAR,2024-12-09 19:25:07.676707+04:00
67570c228f194084ad6b0d61,GWMHBTRR,CAR,2024-12-09 19:26:26.048446+04:00
675712648f194084ad6b0e78,NGAJ6YRH,CAR,2024-12-09 19:53:08.278941+04:00
675714fcfb0ca775d1191037,K8BP27MS,CAR,2024-12-09 20:04:12.854738+04:00
675719698a108ae59f8eca5c,FRK62PKT,CAR,2024-12-09 20:23:05.076138+04:00
67571d5ee03e0a63acfa2632,ZZ688YDE,CAR,2024-12-09 20:39:58.816119+04:00
67571f7e4acebecfc8e5b018,UVCZ3CG9,CAR,2024-12-09 20:49:02.876407+04:00
67571fa3e03e0a63acfa265e,ZLN7YWDY,CAR,2024-12-09 20:49:39.064233+04:00
675723159f75d837fab42c78,WZA3JLMZ,CAR,2024-12-09 21:04:21.578860+04:00
675723564acebecfc8e5b09d,4DJ2BQWR,CAR,2024-12-09 21:05:26.401412+04:00
67572431e03e0a63acfa26bb,D6MUV3S8,CAR,2024-12-09 21:09:05.575117+04:00
6757245018862b76b11ca0af,PVEYZYHS,CAR,2024-12-09 21:09:36.451987+04:00
6757298718862b76b11ca1d2,2AK4LK4F,CAR,2024-12-09 21:31:51.635800+04:00
67572ad9552262dbf8abe213,E26YC4FP,CAR,2024-12-09 21:37:29.579827+04:00
67572b198b5f9cd693a75410,U7HTMVRP,CAR,2024-12-09 21:38:33.624539+04:00
675735c4e03e0a63acfa285f,SCYEPZAS,CAR,2024-12-09 22:24:04.530108+04:00
6757387a9f75d837fab42dfb,48JBNURK,CAR,2024-12-09 22:35:38.700248+04:00
675738879f75d837fab42e94,5Y2YPZNL,CAR,2024-12-09 22:35:51.736380+04:00
67573aaa9f75d837fab42eb5,JV9BBCA4,CAR,2024-12-09 22:44:58.453919+04:00
67573ae49f75d837fab42f27,VAN796UD,CAR,2024-12-09 22:45:56.091398+04:00
67573d219f75d837fab42fa1,J9CBGAF3,CAR,2024-12-09 22:55:29.049701+04:00
67573df0552262dbf8abe252,83UBYFTX,CAR,2024-12-09 22:58:56.117018+04:00
6757406c85f48c5f6698a5e3,QEC3Q89A,CAR,2024-12-09 23:09:32.522902+04:00
67574d5c62e9ae5fb1f0d8de,KYELNETG,CAR,2024-12-10 00:04:44.647427+04:00
67574f43e03e0a63acfa2a5d,NCZ32VBU,CAR,2024-12-10 00:12:51.595969+04:00
67574f4fe24c9db44ccd9d1f,WGDKLEZ4,CAR,2024-12-10 00:13:03.363287+04:00
6757514262e9ae5fb1f0d95b,BFL5WQ46,CAR,2024-12-10 00:21:22.532583+04:00
6757a78162e9ae5fb1f0dac7,J9ENWV6W,CAR,2024-12-10 06:29:21.498377+04:00
6757aed14acebecfc8e5b216,2CU5ULAY,CAR,2024-12-10 07:00:33.758133+04:00
6757b3bf4acebecfc8e5b298,ZZ92ZCW2,CAR,2024-12-10 07:21:35.322016+04:00
6757b877cbf91502dcc3ec32,LESLSUU5,CAR,2024-12-10 07:41:43.867680+04:00
6757b9bb4acebecfc8e5b325,LVM2AH76,CAR,2024-12-10 07:47:07.024314+04:00
6757bc84560e535fe8e9857c,TWK6G7CK,CAR,2024-12-10 07:59:00.415103+04:00
6757c12ccbf91502dcc3ece7,FTMZKBZZ,CAR,2024-12-10 08:18:52.405749+04:00
6757c5008bc0ccef504f6e74,D6TTXNN5,CAR,2024-12-10 08:35:12.806857+04:00
6757c66bcbf91502dcc3ed7a,8EMHYT93,CAR,2024-12-10 08:41:15.802420+04:00
6757c932cbf91502dcc3ee27,YJKP9JQE,CAR,2024-12-10 08:53:06.329650+04:00
6757ca32cbf91502dcc3ee61,CUF4NHLR,CAR,2024-12-10 08:57:22.194148+04:00
6757cbf5e24c9db44ccd9dec,8UNDNAZE,CAR,2024-12-10 09:04:53.737779+04:00
6757cf42cbf91502dcc3ef78,XCMBKQ7Q,CAR,2024-12-10 09:18:58.576502+04:00
6757cfc5560e535fe8e98664,5J95PP4A,CAR,2024-12-10 09:21:09.877915+04:00
6757d0187d527766e8e52ccb,9B6WTGZR,CAR,2024-12-10 09:22:32.419909+04:00
6757d0f5e24c9db44ccd9e12,MS5QQP36,CAR,2024-12-10 09:26:13.467121+04:00
6757d1babb33e5bbad3b52ad,GAVJRMLU,CAR,2024-12-10 09:29:30.365033+04:00
6757d2f74acebecfc8e5b568,WC9GMQZB,CAR,2024-12-10 09:34:47.551235+04:00
6757d46e4acebecfc8e5b60c,UU4LXTJH,CAR,2024-12-10 09:41:02.962309+04:00
6757d4b7cbf91502dcc3f114,QD7CCTCF,CAR,2024-12-10 09:42:15.950497+04:00
6757d4bf4acebecfc8e5b629,JM98PB5B,CAR,2024-12-10 09:42:23.335982+04:00
6757d4d5cbf91502dcc3f1a5,FKEXJWV8,CAR,2024-12-10 09:42:45.488315+04:00
6757d4f9a01aca3eff3dea37,8VQHTLJF,CAR,2024-12-10 09:43:21.163350+04:00
6757d6a9a01aca3eff3dea4a,69A8PS5E,CAR,2024-12-10 09:50:33.847900+04:00
6757d920cbf91502dcc3f32e,4L8LAXHU,CAR,2024-12-10 10:01:04.612200+04:00
6757db54cbf91502dcc3f3c8,W8UU9X5Y,CAR,2024-12-10 10:10:28.127865+04:00
6757dcf59dbe0f96457e1c56,9WBKZ843,CAR,2024-12-10 10:17:25.705447+04:00
6757dcfa88514ed5833707e6,LFKAER4X,CAR,2024-12-10 10:17:30.452343+04:00
6757e22aab01b80b88115999,4522TXU8,CAR,2024-12-10 10:39:38.527172+04:00
6757e278712fc472b36d4570,59LF2KPS,CAR,2024-12-10 10:40:56.009748+04:00
6757e41318c9588fb1856734,JSR8BN8G,CAR,2024-12-10 10:47:47.540372+04:00
6757e4529dbe0f96457e1e70,HYB922Y4,CAR,2024-12-10 10:48:50.687058+04:00
6757e58e0cc1c34dfca80371,MYAHL5EX,CAR,2024-12-10 10:54:06.827276+04:00
6757e90c0cc1c34dfca80475,BCT9A5SS,CAR,2024-12-10 11:09:00.227610+04:00
6757e9dcafc8fbe35e2c901a,K4TAHD96,CAR,2024-12-10 11:12:28.478773+04:00
6757e9f1ab01b80b88115a2f,HJ8XFQDR,CAR,2024-12-10 11:12:49.416223+04:00
6757ea6918c9588fb185684d,UUELYMGE,CAR,2024-12-10 11:14:49.082040+04:00
6757eabc18c9588fb18568bc,8E65NQ7E,CAR,2024-12-10 11:16:12.032186+04:00
6757eb9788514ed583370a46,27CRMML6,CAR,2024-12-10 11:19:51.479728+04:00
6757ecba18c9588fb1856961,FX2APHJ2,CAR,2024-12-10 11:24:42.912045+04:00
6757edd2afc8fbe35e2c90e3,7Z4Q6KQJ,CAR,2024-12-10 11:29:22.511066+04:00
6757ef9070b816124effcb1e,ZE9X4PL8,CAR,2024-12-10 11:36:48.453517+04:00
6757f00ac88791eeca86712a,AYLMSY6V,CAR,2024-12-10 11:38:50.305358+04:00
6757f0573c19dc58e6700f79,ER654TYJ,CAR,2024-12-10 11:40:07.887349+04:00
6757f10f70b816124effcbbf,NP6ACVS8,CAR,2024-12-10 11:43:11.930697+04:00
6757f19c70b816124effccaf,WHQM6ZRQ,CAR,2024-12-10 11:45:32.915187+04:00
6757f1c9b7bd48b96edbb8a9,RJ5ZMCYH,CAR,2024-12-10 11:46:17.415530+04:00
6757f1eab7bd48b96edbb8af,MNL443ZA,CAR,2024-12-10 11:46:50.725872+04:00
6757f269c88791eeca8672b3,NNWWXZ6S,CAR,2024-12-10 11:48:57.879083+04:00
6757f2f6b7bd48b96edbb9cf,JVP4RVSX,CAR,2024-12-10 11:51:18.953435+04:00
6757f313978030e28dac6646,MF5XU4S5,CAR,2024-12-10 11:51:47.303531+04:00
6757f3b570b816124effcdaf,GXZ6LBD3,CAR,2024-12-10 11:54:29.669262+04:00
6757f4ddc88791eeca867385,YPNNMUED,CAR,2024-12-10 11:59:25.630667+04:00
6757f5ebc88791eeca867429,8K87DWVE,CAR,2024-12-10 12:03:55.429881+04:00
6757f60cc88791eeca8674d5,4DUANSSH,CAR,2024-12-10 12:04:28.155427+04:00
6757f66804eb4f206937f460,PHS9AETK,CAR,2024-12-10 12:06:00.915866+04:00
6757f9bfc88791eeca867587,J7DVC4SM,CAR,2024-12-10 12:20:15.347858+04:00
6757fa17c88791eeca867622,AER32KAL,CAR,2024-12-10 12:21:43.394602+04:00
6757fb06c88791eeca8676a3,77E2U77Y,CAR,2024-12-10 12:25:42.140918+04:00
6757fc1952115e9a6f442537,G6ZSN4RY,CAR,2024-12-10 12:30:17.569814+04:00
6757fc8a70b816124effd0de,3X5A27C3,CAR,2024-12-10 12:32:10.548085+04:00
6757ff5dc88791eeca8677d7,KACXK3H3,CAR,2024-12-10 12:44:13.826476+04:00
6757ff74c88791eeca867844,B9RLN4BX,CAR,2024-12-10 12:44:36.017940+04:00
6757ff773c19dc58e6701057,ENW62R7F,CAR,2024-12-10 12:44:39.294739+04:00
6758006dc88791eeca867924,BJVFM6AD,CAR,2024-12-10 12:48:45.640069+04:00
67580123db3ef13e9c574add,7354MTFN,CAR,2024-12-10 12:51:47.301066+04:00
6758014952115e9a6f4425c0,HGWHTKR5,CAR,2024-12-10 12:52:25.721180+04:00
67580155db3ef13e9c574b53,WCNQ96GU,CAR,2024-12-10 12:52:37.228120+04:00
675802c3c3a55f54a9f98796,U8WWNGQ6,CAR,2024-12-10 12:58:43.173026+04:00
675802da52115e9a6f44264b,3UUU6H5X,CAR,2024-12-10 12:59:06.758642+04:00
67580326c3a55f54a9f98813,6W5BA93U,CAR,2024-12-10 13:00:22.916534+04:00
675805201280ca2a38b3c038,HTCL3JBV,CAR,2024-12-10 13:08:48.690594+04:00
67580531c3a55f54a9f988aa,TKGUHBLQ,CAR,2024-12-10 13:09:05.496622+04:00
6758058bdcf0ee13d9ebf6a3,7VX7TY5D,CAR,2024-12-10 13:10:35.305831+04:00
6758064b4b9b3035cf23e299,FLJPSXL9,CAR,2024-12-10 13:13:47.874144+04:00
6758075ac3a55f54a9f98944,BLCURLUA,CAR,2024-12-10 13:18:18.743743+04:00
675807bc536129a3c768a648,QCMRR3EN,CAR,2024-12-10 13:19:56.269330+04:00
675809361280ca2a38b3c103,CK82RGKF,CAR,2024-12-10 13:26:14.395106+04:00
6758093f82c7e79dbfe8eda0,77NV7SAM,CAR,2024-12-10 13:26:23.389668+04:00
67580a45536129a3c768a65a,ZXDAR64Y,CAR,2024-12-10 13:30:45.086819+04:00
67580ac81280ca2a38b3c175,GDK7G474,CAR,2024-12-10 13:32:56.323663+04:00
67580d2f1280ca2a38b3c2a9,KZV6RDH9,CAR,2024-12-10 13:43:11.549062+04:00
67580dd4536129a3c768a70e,UYYDZQ7H,CAR,2024-12-10 13:45:56.414942+04:00
67580deedcf0ee13d9ebf80e,7PT4SDR7,CAR,2024-12-10 13:46:22.095092+04:00
67580df94e9721de3d4fbd09,W2E285A6,CAR,2024-12-10 13:46:33.330933+04:00
67580e19dcf0ee13d9ebf883,7MVCUARS,CAR,2024-12-10 13:47:05.423430+04:00
67580f304e9721de3d4fbda1,9X6QE69L,CAR,2024-12-10 13:51:44.953205+04:00
67580f5cc3a55f54a9f98a25,B3KAQCTC,CAR,2024-12-10 13:52:28.671361+04:00
6758117b1280ca2a38b3c38c,WADBEUNL,CAR,2024-12-10 14:01:31.026900+04:00
67581300c3a55f54a9f98ae9,27JYAAR7,CAR,2024-12-10 14:08:00.572678+04:00
6758131edcf0ee13d9ebfa15,BSUMYHYF,CAR,2024-12-10 14:08:30.274243+04:00
675813d94e9721de3d4fbe31,DCCV6W35,CAR,2024-12-10 14:11:36.994366+04:00
675813e582c7e79dbfe8eefa,A5XDZ8ED,CAR,2024-12-10 14:11:49.157622+04:00
6758149b82c7e79dbfe8f03d,8P5M8KPG,CAR,2024-12-10 14:14:51.887925+04:00
675815801280ca2a38b3c459,9KYYAB4J,CAR,2024-12-10 14:18:40.018994+04:00
675817451280ca2a38b3c577,ULGRTTUM,CAR,2024-12-10 14:26:13.267866+04:00
6758174d4e9721de3d4fbe5f,KA9HV49V,CAR,2024-12-10 14:26:21.803308+04:00
6758177b88175a5a272549ba,LKVYCPF8,CAR,2024-12-10 14:27:07.910462+04:00
675817d5c3a55f54a9f98bb7,Z6JMZKTT,CAR,2024-12-10 14:28:37.497933+04:00
6758196e778a0bcbb5dd30f3,9P2DJ67S,CAR,2024-12-10 14:35:26.195799+04:00
67581976e9764749b346ccbb,GRUXH49K,CAR,2024-12-10 14:35:34.967115+04:00
675819d365e07989ca160430,ULB77NFX,CAR,2024-12-10 14:37:07.261124+04:00
67581a96536129a3c768a8f8,A37N5PTT,CAR,2024-12-10 14:40:22.594879+04:00
67581ac788175a5a27254a58,XUJ3MRDN,CAR,2024-12-10 14:41:11.639582+04:00
67581b6921fecefad99afd10,K5G84VWV,CAR,2024-12-10 14:43:53.540512+04:00
67581ba0dcf0ee13d9ebfc40,MKUG8XKC,CAR,2024-12-10 14:44:48.133480+04:00
67581c12dcf0ee13d9ebfc4e,HGYVW8PU,CAR,2024-12-10 14:46:42.227487+04:00
67581c277cf79177128efcd2,PP4TN7LA,CAR,2024-12-10 14:47:03.714746+04:00
67581e3682c7e79dbfe8f1ab,59ZDT8NA,CAR,2024-12-10 14:55:50.883611+04:00
67581f65536129a3c768a948,NLJNJD63,CAR,2024-12-10 15:00:53.290715+04:00
67581fba778a0bcbb5dd3127,T8T42E4E,CAR,2024-12-10 15:02:18.306775+04:00
67582403e8885b6224e11b14,XU7VRLH3,CAR,2024-12-10 15:20:34.985330+04:00
6758245ae8885b6224e11b89,R3R273JG,CAR,2024-12-10 15:22:02.805985+04:00
6758248adcf0ee13d9ebfe63,2ZD862FU,CAR,2024-12-10 15:22:50.217933+04:00
675824a78530a23c646f8ccf,SLL7KK7L,CAR,2024-12-10 15:23:19.097721+04:00
6758255465e07989ca16046d,T4A4P27C,CAR,2024-12-10 15:26:12.247437+04:00
6758259b82c7e79dbfe8f328,866PRHCY,CAR,2024-12-10 15:27:23.383965+04:00
675825ab5dc13f09c5c715c4,SPVNPYAL,CAR,2024-12-10 15:27:39.491932+04:00
6758271c5dc13f09c5c716d0,FT4DYACV,CAR,2024-12-10 15:33:48.485600+04:00
675827b6e8885b6224e11cf0,ZC872MNM,CAR,2024-12-10 15:36:22.937023+04:00
675828835dc13f09c5c717a2,9TSY5XT9,CAR,2024-12-10 15:39:47.310534+04:00
675829dee8885b6224e11db0,5TN7TM8E,CAR,2024-12-10 15:45:34.652570+04:00
67582bde5dc13f09c5c7183f,46H7FA7M,CAR,2024-12-10 15:54:06.522040+04:00
67582d57dcf0ee13d9ebfff8,YJNWWCFB,CAR,2024-12-10 16:00:23.642864+04:00
67582ddc82c7e79dbfe8f508,25BHFB4T,CAR,2024-12-10 16:02:36.281209+04:00
67582f475dc13f09c5c718d6,RLMNTV2G,CAR,2024-12-10 16:08:39.539051+04:00
67582fa1ffdf89a1db6ca55e,49E9D2FT,CAR,2024-12-10 16:10:09.541142+04:00
67582fcdffdf89a1db6ca5cf,Q7D4US6F,CAR,2024-12-10 16:10:53.841732+04:00
67583164e8885b6224e11ee9,VNDP9DVR,CAR,2024-12-10 16:17:40.870618+04:00
675831805dc13f09c5c719be,BZ6WAYN6,CAR,2024-12-10 16:18:08.508874+04:00
675832925dc13f09c5c71a35,XN84MQLM,CAR,2024-12-10 16:22:42.709497+04:00
67583300b47913ed7087d221,6WP8TGB8,CAR,2024-12-10 16:24:32.688232+04:00
675833abb47913ed7087d2d0,HXBSXHHV,CAR,2024-12-10 16:27:23.348718+04:00
6758349e8530a23c646f8f24,6PBNL5M5,CAR,2024-12-10 16:31:26.343221+04:00
675835ab5dc13f09c5c71afb,S6MU8CS3,CAR,2024-12-10 16:35:55.092286+04:00
6758362fb47913ed7087d37c,GC83H3RS,CAR,2024-12-10 16:38:07.346377+04:00
67583680f43c8af19f4d7815,SGR2H2LG,CAR,2024-12-10 16:39:28.327354+04:00
675837eeeac367a8ecb6a5fd,DZWKX8H6,CAR,2024-12-10 16:45:34.510239+04:00
675838ba8530a23c646f8fd5,RU5S6L5K,CAR,2024-12-10 16:48:58.275183+04:00
675838e18530a23c646f907c,GLLV72E3,CAR,2024-12-10 16:49:37.013230+04:00
67583c47b47913ed7087d3c4,DAUCRKKS,CAR,2024-12-10 17:04:07.834299+04:00
67583c4bb4a65ded4e472205,BRXUMA3F,CAR,2024-12-10 17:04:11.021507+04:00
67583ce7bf718f2c61e37b80,RMM2BGSK,CAR,2024-12-10 17:06:47.506893+04:00
675840fe9b26dbd26a4c06c9,MQ95SM85,CAR,2024-12-10 17:24:14.668823+04:00
6758419c8530a23c646f928e,QSDEBJVP,CAR,2024-12-10 17:26:52.457610+04:00
675844948530a23c646f933f,A4JF7EBG,CAR,2024-12-10 17:39:32.775523+04:00
675846c48b36956290b97f78,4T46RVSN,CAR,2024-12-10 17:48:52.425726+04:00
67584a6f6ad2432b3e837409,6TP7U2S2,CAR,2024-12-10 18:04:31.170392+04:00
67584e55bf718f2c61e37cbc,GGPLCLRK,CAR,2024-12-10 18:21:09.161275+04:00
67584f74bf718f2c61e37d06,86D7QDFL,CAR,2024-12-10 18:25:56.211837+04:00
67584fc0bf718f2c61e37d80,M4UT9D7Z,CAR,2024-12-10 18:27:12.230701+04:00
675851178530a23c646f9492,GDAA55YJ,CAR,2024-12-10 18:32:55.130992+04:00
67585343811f8b2b578ddef4,BPQ2K8ST,CAR,2024-12-10 18:42:11.219557+04:00
6758567eda143c73aaeb1fef,DN87QBCR,CAR,2024-12-10 18:55:58.296031+04:00
6758583cbf718f2c61e37e26,93DQ544N,CAR,2024-12-10 19:03:24.333529+04:00
67585b9749f81cb15a4df173,GCED4PSR,CAR,2024-12-10 19:17:43.072859+04:00
67585dd3b4a65ded4e47259a,AJ8G7ELJ,CAR,2024-12-10 19:27:15.573948+04:00
67585e08b4a65ded4e472635,3M3CJXYE,CAR,2024-12-10 19:28:08.315921+04:00
67585e2dbf718f2c61e37ec8,K9GBBPRH,CAR,2024-12-10 19:28:45.887017+04:00
67586017b4a65ded4e4726b8,A5V74LVX,CAR,2024-12-10 19:36:55.137661+04:00
67586025f4c25e11f3abd1dd,8MWQYQAL,CAR,2024-12-10 19:37:09.194157+04:00
67586360f4c25e11f3abd24e,CEL5MYRJ,CAR,2024-12-10 19:50:56.255031+04:00
6758647d811f8b2b578ddfa8,VVLEFQVC,CAR,2024-12-10 19:55:41.172142+04:00
6758651249f81cb15a4df3ca,G8RW5JAD,CAR,2024-12-10 19:58:10.468485+04:00
67586731b4a65ded4e47289c,LF64RUZD,CAR,2024-12-10 20:07:13.146955+04:00
6758692b49f81cb15a4df459,5APA9FB8,CAR,2024-12-10 20:15:39.282478+04:00
67586a1f03090c399cf27eb6,65FVQSPG,CAR,2024-12-10 20:19:42.877929+04:00
67586a2332e1ad0e7f4e2925,95WVUFYB,CAR,2024-12-10 20:19:47.928305+04:00
67586a9c49f81cb15a4df4d3,3MZLP5BR,CAR,2024-12-10 20:21:48.715903+04:00
67586e2af4c25e11f3abd2f5,5NUDT5DY,CAR,2024-12-10 20:36:58.535803+04:00
6758702703090c399cf27f3b,6XP4FL7N,CAR,2024-12-10 20:45:27.613354+04:00
6758724d03090c399cf27f73,583MGZVM,CAR,2024-12-10 20:54:37.188021+04:00
675872a1ad0f46f14a4c8e1f,PXQH2VKF,CAR,2024-12-10 20:56:01.969678+04:00
675879fcad0f46f14a4c8f60,K669JK8W,CAR,2024-12-10 21:27:23.988804+04:00
67587ec5e00743d0dba86289,2XEKXT2V,CAR,2024-12-10 21:47:49.193604+04:00
675882c645ed036aead33a0c,CYCZB4VN,CAR,2024-12-10 22:04:54.716852+04:00
67588cd3ad0f46f14a4c90d8,6PCNPBAU,CAR,2024-12-10 22:47:47.084528+04:00
675892a5f8671836d1f00f38,7CG6SAUG,CAR,2024-12-10 23:12:37.937152+04:00
6758994545ed036aead33c82,YJKLK5QA,CAR,2024-12-10 23:40:53.200833+04:00
67589be0009476ab7bca99e6,HACEL7F9,CAR,2024-12-10 23:52:00.606078+04:00
6758ab1bf8671836d1f010a6,KDWYW8QK,CAR,2024-12-11 00:56:59.165739+04:00
6758e868f8671836d1f010fc,DD4D9NQM,CAR,2024-12-11 05:18:32.182805+04:00
6758fb0443395f7f9e552cd4,JVSNFZV5,CAR,2024-12-11 06:37:55.983094+04:00
6758fedaf8671836d1f01237,FPFN88QG,CAR,2024-12-11 06:54:18.575325+04:00
675908b8009476ab7bca9c6a,Q5BB65CX,CAR,2024-12-11 07:36:24.927849+04:00
67590bf045ed036aead33f1f,CTQP7FP3,CAR,2024-12-11 07:50:08.767466+04:00
67590d5845ed036aead34029,SJ43J2B2,CAR,2024-12-11 07:56:08.310984+04:00
6759135f43395f7f9e552e85,WMT6Z2MX,CAR,2024-12-11 08:21:51.466292+04:00
67591828009476ab7bca9db8,FBM4MEH3,CAR,2024-12-11 08:42:16.352131+04:00
675919f1f8671836d1f0132b,EY29V62E,CAR,2024-12-11 08:49:53.442996+04:00
67591b2443395f7f9e552f8b,KU7KYTYR,CAR,2024-12-11 08:55:00.423535+04:00
67591c7d43395f7f9e55301d,DVWQNYV8,CAR,2024-12-11 09:00:45.631616+04:00
67591ebe3c7d1cea8a082019,FKDHRBDP,CAR,2024-12-11 09:10:22.106839+04:00
67592087009476ab7bca9eac,5HHDLGLQ,CAR,2024-12-11 09:17:59.082176+04:00
675920c90b0826ead041d83c,KMBLQ7DC,CAR,2024-12-11 09:19:05.492640+04:00
675921c743395f7f9e5530e2,89Y6YYP2,CAR,2024-12-11 09:23:19.047206+04:00
675922ad45ed036aead343df,VDPHMTVA,CAR,2024-12-11 09:27:09.191520+04:00
6759237940a9ad97ecd4b0ed,MTVQDXB8,CAR,2024-12-11 09:30:33.239252+04:00
675924504a97fab9d037cea3,UGCX7CU7,CAR,2024-12-11 09:34:08.967293+04:00
675924c1f8671836d1f013a9,LW66DXHH,CAR,2024-12-11 09:36:01.073999+04:00
6759271540a9ad97ecd4b17a,FP2WQ5EP,CAR,2024-12-11 09:45:57.614247+04:00
67592d3c1285b9fce4d93264,8APWBEUU,CAR,2024-12-11 10:12:12.474655+04:00
67593272f8671836d1f016da,Z9PM25H5,CAR,2024-12-11 10:34:26.071732+04:00
675933034a97fab9d037cfcc,HUXVW4UM,CAR,2024-12-11 10:36:51.394669+04:00
675933d5f8671836d1f017a7,BWW5YH36,CAR,2024-12-11 10:40:21.363646+04:00
6759349a45edba99a945b66d,HTMAWJXK,CAR,2024-12-11 10:43:38.811604+04:00
6759350bf8671836d1f01831,6EHX73D2,CAR,2024-12-11 10:45:31.742873+04:00
675935a81285b9fce4d933d7,JYLCHMLV,CAR,2024-12-11 10:48:08.014391+04:00
675935b84a97fab9d037d0f3,G9BZPBFG,CAR,2024-12-11 10:48:24.095047+04:00
67593663f8671836d1f018ce,KRK78VR8,CAR,2024-12-11 10:51:15.713741+04:00
675936751285b9fce4d93433,GBJGVC5A,CAR,2024-12-11 10:51:33.847932+04:00
675936a81285b9fce4d934a6,PNLL5U9H,CAR,2024-12-11 10:52:24.229876+04:00
675937861285b9fce4d9353d,EDNUQGJJ,CAR,2024-12-11 10:56:06.515083+04:00
67593948f8671836d1f019e3,VSULUVN9,CAR,2024-12-11 11:03:36.625998+04:00
67593b9d40a9ad97ecd4b462,JJETX333,CAR,2024-12-11 11:13:33.453154+04:00
67593c3140a9ad97ecd4b4e0,5LST72KG,CAR,2024-12-11 11:16:01.089521+04:00
67593c3d4a97fab9d037d34f,KZE5K6HK,CAR,2024-12-11 11:16:12.977912+04:00
67593c7a77eab16eaac14662,CUD8468A,CAR,2024-12-11 11:17:14.868384+04:00
67593d094a97fab9d037d3d9,KAVYC657,CAR,2024-12-11 11:19:37.861040+04:00
67593d5de47210c05abda7c5,3N6C5G4Q,CAR,2024-12-11 11:21:01.532601+04:00
67593d7b77eab16eaac14713,WH7WRARZ,CAR,2024-12-11 11:21:31.596311+04:00
67593e37b7e984b789c5e5b0,HF3JNHS7,CAR,2024-12-11 11:24:39.646885+04:00
67593eb6b7e984b789c5e629,U9Q66ZDV,CAR,2024-12-11 11:26:46.630406+04:00
67593ed9b7e984b789c5e65d,CJ76MYWS,CAR,2024-12-11 11:27:21.971118+04:00
67593f2c5a6f7e427542d4fd,2TRS6V69,CAR,2024-12-11 11:28:44.520041+04:00
67593f682d2a852ce794b7d8,6XTKE7WJ,CAR,2024-12-11 11:29:44.611358+04:00
675940fdec4bf12e9f54a779,BNBL59C9,CAR,2024-12-11 11:36:29.727935+04:00
675942d7ec4bf12e9f54a7fd,K2AHF7UZ,CAR,2024-12-11 11:44:23.203992+04:00
6759448eb7e984b789c5e7a8,VEMU8SMP,CAR,2024-12-11 11:51:41.982597+04:00
675945c8ec4bf12e9f54a87d,P7A7BCA7,CAR,2024-12-11 11:56:56.320108+04:00
6759472b3918fd262dd9271e,95GY8459,CAR,2024-12-11 12:02:51.258676+04:00
67594a3d5a6f7e427542d6f4,J8GYVYDH,CAR,2024-12-11 12:15:57.785081+04:00
67594a7af6eed8a6a432b672,NLW8A6SP,CAR,2024-12-11 12:16:58.145886+04:00
67594c2f3918fd262dd9283e,WZZMADU9,CAR,2024-12-11 12:24:15.667864+04:00
67594c415a6f7e427542d754,598XLLXN,CAR,2024-12-11 12:24:33.777223+04:00
67594cc554c44307502e2078,MLKFXHLF,CAR,2024-12-11 12:26:45.375801+04:00
67594cede47210c05abda9b2,FXM34V7K,CAR,2024-12-11 12:27:25.698095+04:00
67594da7ec4bf12e9f54a931,37KV8S64,CAR,2024-12-11 12:30:31.353843+04:00
67594ebfb7e984b789c5e98f,KF85UPYR,CAR,2024-12-11 12:35:11.656402+04:00
67594ee62d2a852ce794b8a6,4ZD6SG2R,CAR,2024-12-11 12:35:50.598821+04:00
67594f2eec4bf12e9f54a99e,JDXX5749,CAR,2024-12-11 12:37:02.285773+04:00
67594fcef6eed8a6a432b748,CUQJ3KF4,CAR,2024-12-11 12:39:42.246889+04:00
67595141e854e6ab2cea7c82,MVTUFPMV,CAR,2024-12-11 12:45:53.264693+04:00
67595194ec4bf12e9f54aa24,NZLPXSMZ,CAR,2024-12-11 12:47:16.247835+04:00
675951c82d2a852ce794b95b,M92ELR7U,CAR,2024-12-11 12:48:08.656945+04:00
675951ec3226b52d8bb5eff7,UN3BDRXJ,CAR,2024-12-11 12:48:44.237191+04:00
6759522be47210c05abdaada,RGCREPPN,CAR,2024-12-11 12:49:47.379046+04:00
675953a92d2a852ce794b9e8,FN3AV9RM,CAR,2024-12-11 12:56:09.780435+04:00
6759553df6eed8a6a432b7eb,L4UP7JGU,CAR,2024-12-11 13:02:53.159461+04:00
675955b4e47210c05abdaba4,C38VT54K,CAR,2024-12-11 13:04:52.213165+04:00
67595a865a6f7e427542da6d,5DT7M4HC,CAR,2024-12-11 13:25:26.031109+04:00
67595b255a6f7e427542dae8,PSZLD98T,CAR,2024-12-11 13:28:05.782217+04:00
67595bed2d2a852ce794baf7,6YLBHXYH,CAR,2024-12-11 13:31:25.602960+04:00
67595c27e47210c05abdac83,THVU9FKK,CAR,2024-12-11 13:32:23.302275+04:00
67595e033226b52d8bb5f405,S53UD6GF,CAR,2024-12-11 13:40:19.853934+04:00
67595e1ff6eed8a6a432b893,VQRQ7JJC,CAR,2024-12-11 13:40:47.018932+04:00
675960da63c6ef1baf8799f7,JSBHFWQD,CAR,2024-12-11 13:52:26.591191+04:00
675960dd57cd884f6a50cf4e,FL3ZA664,CAR,2024-12-11 13:52:29.729648+04:00
675961d23226b52d8bb5f5bf,YJK4VMG9,CAR,2024-12-11 13:56:34.695523+04:00
675961f263c6ef1baf879ab1,NJR4XLWP,CAR,2024-12-11 13:57:06.267271+04:00
675962183226b52d8bb5f632,KTJS4AX6,CAR,2024-12-11 13:57:44.816762+04:00
67596236f2a091aacd3177e6,3FQVNBCH,CAR,2024-12-11 13:58:14.279620+04:00
6759624da769a15392474d6f,J3U7RR6Y,CAR,2024-12-11 13:58:37.116141+04:00
6759629a20ae06b8ba8fdb55,MGRYA6U9,CAR,2024-12-11 13:59:54.550415+04:00
675962db6482060383c88fe2,3RUHYS4M,CAR,2024-12-11 14:00:59.680837+04:00
675963319af5d4fac1e69ff1,EAQDMQWK,CAR,2024-12-11 14:02:24.950734+04:00
675963bc57cd884f6a50d003,YHQ9PTVK,CAR,2024-12-11 14:04:44.463851+04:00
675963c09c126be27c5701ad,TJCSC9H8,CAR,2024-12-11 14:04:48.351223+04:00
675963d620ae06b8ba8fdc16,6YJMJW5T,CAR,2024-12-11 14:05:10.464279+04:00
675966e6a769a15392474ed7,4P48APB6,CAR,2024-12-11 14:18:14.389972+04:00
675967476482060383c890b2,B3MNYZ2J,CAR,2024-12-11 14:19:51.926945+04:00
6759689a9af5d4fac1e6a09d,TM96UR6U,CAR,2024-12-11 14:25:30.064475+04:00
6759689c357b6d0ea1560cf0,TEP6VP6Y,CAR,2024-12-11 14:25:32.509957+04:00
6759692320ae06b8ba8fdce3,8AAM3EX7,CAR,2024-12-11 14:27:47.291219+04:00
6759696da769a15392474ff8,CA6ERC7W,CAR,2024-12-11 14:29:01.375342+04:00
675969a4357b6d0ea1560d9d,YUSBPSJB,CAR,2024-12-11 14:29:56.602491+04:00
675969e6a769a153924750af,5M5M3F3M,CAR,2024-12-11 14:31:02.019042+04:00
67596bba9c126be27c57027b,VDZKMKT5,CAR,2024-12-11 14:38:49.935430+04:00
67596c209af5d4fac1e6a37d,VVADF6L6,CAR,2024-12-11 14:40:31.989480+04:00
67596c32ed2f59f8779ec89e,32M5C5CS,CAR,2024-12-11 14:40:50.121071+04:00
67596d42ed2f59f8779ec8b2,H8FC5BHR,CAR,2024-12-11 14:45:22.836192+04:00
67596de79af5d4fac1e6a446,8D88TWAG,CAR,2024-12-11 14:48:07.499259+04:00
67596e42a769a153924751e5,8KJ94FBP,CAR,2024-12-11 14:49:38.695780+04:00
67596e58a769a15392475253,T69Z4TZP,CAR,2024-12-11 14:50:00.645429+04:00
67597016a769a15392475437,UAWUXNQU,CAR,2024-12-11 14:57:26.280399+04:00
6759729f89dd6002f3b7214e,P5YXHN53,CAR,2024-12-11 15:08:15.571826+04:00
675974e3a769a15392475685,GLR2LZ2A,CAR,2024-12-11 15:17:55.454398+04:00
6759754d773842b0002b33d5,SDUH64V9,CAR,2024-12-11 15:19:41.207846+04:00
6759755d28a2008ce7d2ded0,6F6M45VK,CAR,2024-12-11 15:19:57.424965+04:00
67597946385fe4f776cf391b,7Q3YSQQC,CAR,2024-12-11 15:36:38.304414+04:00
67597ba5a769a153924757a0,97WQ2EJ4,CAR,2024-12-11 15:46:45.797619+04:00
67597c7b7dd3eed0604738d9,PUQVXSYR,CAR,2024-12-11 15:50:19.432674+04:00
67597cc0996f3b734940ee3c,Z92KUEFC,CAR,2024-12-11 15:51:28.469972+04:00
67597cc37dd3eed06047394f,QEW9YZQ5,CAR,2024-12-11 15:51:31.099127+04:00
67597cfd7eed5bb57c2f8941,PRXXM5ZJ,CAR,2024-12-11 15:52:29.531665+04:00
67597d783c4a686e589dcc2b,ZF4KF7MZ,CAR,2024-12-11 15:54:32.096965+04:00
67597e32f4b4b95a74974e4f,4PWPK688,CAR,2024-12-11 15:57:38.974147+04:00
67597f5c7dd3eed060473a35,8D8W9UF8,CAR,2024-12-11 16:02:36.227707+04:00
675980a37dd3eed060473aad,5WE65KUU,CAR,2024-12-11 16:08:03.303359+04:00
67598188f4b4b95a74974f37,TFR3FQ24,CAR,2024-12-11 16:11:52.551544+04:00
67598458f4b4b95a74974fd9,SG3QY3TE,CAR,2024-12-11 16:23:52.787803+04:00
675984b5af3024204d9eb864,U49BLPUW,CAR,2024-12-11 16:25:25.623676+04:00
675984f2bf1d1e91a00be53e,7VV6DGVR,CAR,2024-12-11 16:26:26.031275+04:00
67598537bf1d1e91a00be5b6,F96PRWFV,CAR,2024-12-11 16:27:35.071783+04:00
6759859daf3024204d9eb8e1,7X3TDNGL,CAR,2024-12-11 16:29:17.022447+04:00
67598640996f3b734940ef46,FD7PPL6Q,CAR,2024-12-11 16:32:00.431954+04:00
675986afbf1d1e91a00be62c,Y54HHJ3B,CAR,2024-12-11 16:33:51.374768+04:00
67598703af3024204d9eb9ee,KTYTCCU7,CAR,2024-12-11 16:35:15.550364+04:00
6759870e996f3b734940f02c,UGSU88PA,CAR,2024-12-11 16:35:26.203828+04:00
67598a29af3024204d9ebbf6,YB6NA3LM,CAR,2024-12-11 16:48:41.478292+04:00
67598a54996f3b734940f167,SNYNH6J3,CAR,2024-12-11 16:49:24.367841+04:00
67598abebf1d1e91a00be741,CL4WA48H,CAR,2024-12-11 16:51:10.291483+04:00
67598b2c996f3b734940f1dc,W6P9Z5E9,CAR,2024-12-11 16:53:00.333619+04:00
67598b807d19325350e760c6,3BHPUVBQ,CAR,2024-12-11 16:54:24.345827+04:00
67598d1babbc6fda2e42b352,GTBFU4J2,CAR,2024-12-11 17:01:15.455683+04:00
67598e5dbf1d1e91a00be7d6,7FLJUSG6,CAR,2024-12-11 17:06:37.733334+04:00
67598e5eaf3024204d9ebd1f,7HR7PB5N,CAR,2024-12-11 17:06:38.907138+04:00
67598f93abbc6fda2e42b3dc,T5TLUWUB,CAR,2024-12-11 17:11:47.646664+04:00
6759902baf3024204d9ebddc,GAB7JKF7,CAR,2024-12-11 17:14:19.196903+04:00
67599041abbc6fda2e42b4fe,43LHFWUH,CAR,2024-12-11 17:14:41.680266+04:00
675991227d19325350e7612f,37MRV8ZJ,CAR,2024-12-11 17:18:26.315000+04:00
675992607d19325350e761a1,XGSBJ2V6,CAR,2024-12-11 17:23:44.259471+04:00
6759928a5f382c5c253c7efb,FZZA3QUK,CAR,2024-12-11 17:24:26.927792+04:00
6759955024e2a03e3d005685,U9AAT9NV,CAR,2024-12-11 17:36:16.535777+04:00
6759957324e2a03e3d0056bb,24UHC2NG,CAR,2024-12-11 17:36:51.752025+04:00
6759969be35ba9e4264f5e47,3XSKASAJ,CAR,2024-12-11 17:41:47.555941+04:00
675998fff2de952fa03d35ac,NKJQC2ME,CAR,2024-12-11 17:51:59.935798+04:00
67599913ff8570cdd4f4b7fc,HRV4PMZ2,CAR,2024-12-11 17:52:19.447641+04:00
67599992ff8570cdd4f4b86b,M5N9Q3A4,CAR,2024-12-11 17:54:26.571699+04:00
67599a8cb80e9e48fecaa31c,86GNXE7E,CAR,2024-12-11 17:58:36.339211+04:00
67599b54833abdc2e8b9d5d8,WUSVRWU6,CAR,2024-12-11 18:01:56.539369+04:00
67599c95b80e9e48fecaa393,C86Z98FE,CAR,2024-12-11 18:07:17.386657+04:00
67599cdab80e9e48fecaa433,CSV2HYS9,CAR,2024-12-11 18:08:26.004654+04:00
67599e03ff8570cdd4f4b92c,XHKUV7LP,CAR,2024-12-11 18:13:23.190502+04:00
67599fc8141e1448b2741af5,LQWPC5SY,CAR,2024-12-11 18:20:56.966151+04:00
6759a265141e1448b2741bc3,SGP95Q2E,CAR,2024-12-11 18:32:05.731326+04:00
6759a283bd246a7f67e0963d,MD6WVY5X,CAR,2024-12-11 18:32:35.298894+04:00
6759a3a3bd246a7f67e096b7,YRTJ8GNE,CAR,2024-12-11 18:37:23.114384+04:00
6759a83f833abdc2e8b9d739,TZR346ZQ,CAR,2024-12-11 18:57:02.970194+04:00
6759a8a1b80e9e48fecaa4df,RPVMQLMT,CAR,2024-12-11 18:58:41.733352+04:00
6759ac8ab87eb4bfd545372d,WKT6XLZC,CAR,2024-12-11 19:15:22.137216+04:00
6759acbdb87eb4bfd545379c,LDW58KTL,CAR,2024-12-11 19:16:13.385913+04:00
6759b1d0b87eb4bfd54538c3,TUNLL9TP,CAR,2024-12-11 19:37:52.200118+04:00
6759b7e8141e1448b2741e4d,PJUQY355,CAR,2024-12-11 20:03:52.328950+04:00
6759b89ab87eb4bfd5453a50,XUV99GPW,CAR,2024-12-11 20:06:50.672675+04:00
6759ba5f141e1448b2741ee4,7EP7EVUL,CAR,2024-12-11 20:14:23.161122+04:00
6759c01cff8570cdd4f4ba81,XN3S8FPM,CAR,2024-12-11 20:38:52.728092+04:00
6759c1e8183b0d8fb82390bb,SGNUK5YK,CAR,2024-12-11 20:46:32.301642+04:00
6759c20c183b0d8fb8239160,4A58DDMJ,CAR,2024-12-11 20:47:08.719836+04:00
6759ca08a50fcdbeedb55a79,WLPVRYQ8,CAR,2024-12-11 21:21:12.960884+04:00
6759ca1a183b0d8fb8239208,6ATTBPHU,CAR,2024-12-11 21:21:30.667812+04:00
6759cdaa48ec22119c3036ff,CNBNJQ5M,CAR,2024-12-11 21:36:42.517121+04:00
6759d77fcbc771065e4e3999,FKEHYJBY,CAR,2024-12-11 22:18:39.511244+04:00
6759ea2759c0012826805e7e,LH6GLMUK,CAR,2024-12-11 23:38:15.696277+04:00
6759f21fa5a7d4fff19b1dfc,8Z2SK5NU,CAR,2024-12-12 00:12:15.444822+04:00
6759f9d7a50fcdbeedb55d96,PZ5XTZJB,CAR,2024-12-12 00:45:11.531804+04:00
675a0937a50fcdbeedb55eb0,6YREXRW7,CAR,2024-12-12 01:50:47.651200+04:00
675a1159a50fcdbeedb55f1e,VYNXSNEW,CAR,2024-12-12 02:25:29.619894+04:00
675a547ac509c48a61b669a5,THJHW5RX,CAR,2024-12-12 07:11:54.397831+04:00
675a5b6f183b0d8fb8239541,QCWY84XW,CAR,2024-12-12 07:41:35.721288+04:00
675a5ddf25163cfeefdb6b2e,TMCMFHKG,CAR,2024-12-12 07:51:59.564261+04:00
675a63bba50fcdbeedb56082,Q3KVZA94,CAR,2024-12-12 08:16:59.344967+04:00
675a6690a50fcdbeedb560fe,KH7PM2S9,CAR,2024-12-12 08:29:04.258611+04:00
675a6788a50fcdbeedb56169,VADRL86P,CAR,2024-12-12 08:33:12.165369+04:00
675a6800770b6666a7781084,TRYEU2BR,CAR,2024-12-12 08:35:12.346871+04:00
675a6b5991f1dedf25b8f55b,NL9DJ4G5,CAR,2024-12-12 08:49:29.477398+04:00
675a6c87cbc771065e4e3a1a,T92R9B4H,CAR,2024-12-12 08:54:31.335836+04:00
675a6fe7cbc771065e4e3a27,ACH9WV8A,CAR,2024-12-12 09:08:54.934336+04:00
675a7090a50fcdbeedb56367,S6Y8GLMX,CAR,2024-12-12 09:11:44.194933+04:00
675a70e1a50fcdbeedb5640d,CSDPS97L,CAR,2024-12-12 09:13:05.722133+04:00
675a71d2770b6666a7781145,9XNE63KN,CAR,2024-12-12 09:17:06.179559+04:00
675a732ba50fcdbeedb564b9,GJNCRDCV,CAR,2024-12-12 09:22:51.057791+04:00
675a75fd25163cfeefdb6c7e,U8ZJG6B4,CAR,2024-12-12 09:34:53.644074+04:00
675a770725163cfeefdb6cfe,786UUDPH,CAR,2024-12-12 09:39:19.862336+04:00
675a79a80a7b5e6ba833d47f,3WWQBEU3,CAR,2024-12-12 09:50:32.493059+04:00
675a79f00cee1c7a809afd7c,DMYAMR92,CAR,2024-12-12 09:51:44.436433+04:00
675a8051244d51fa71df0898,BF962R7X,CAR,2024-12-12 10:18:57.944745+04:00
675a81e80a7b5e6ba833d697,6NMJQCG6,CAR,2024-12-12 10:25:44.027124+04:00
675a829f770b6666a77814d1,HDXLSF6L,CAR,2024-12-12 10:28:47.918790+04:00
675a82b325163cfeefdb6e3b,YV7T565R,CAR,2024-12-12 10:29:07.523120+04:00
675a830225163cfeefdb6edf,WEXJJVBC,CAR,2024-12-12 10:30:26.643054+04:00
675a84460a7b5e6ba833d754,JYBTNWVA,CAR,2024-12-12 10:35:50.181593+04:00
675a8854770b6666a7781613,VJLU2UTT,CAR,2024-12-12 10:53:08.341489+04:00
675a88e6770b6666a7781687,RH5B58WD,CAR,2024-12-12 10:55:34.150949+04:00
675a89c0770b6666a77816fb,5TH8C72E,CAR,2024-12-12 10:59:12.476355+04:00
675a8a7925163cfeefdb7084,V5VLBC45,CAR,2024-12-12 11:02:17.125223+04:00
675a8b9c0a7b5e6ba833d9a0,5SA2WJ28,CAR,2024-12-12 11:07:08.837398+04:00
675a8bac770b6666a77817f2,PGV5WHY7,CAR,2024-12-12 11:07:24.527327+04:00
675a8c3625163cfeefdb7119,CTJ6GW3Y,CAR,2024-12-12 11:09:42.741476+04:00
675a8cf80a7b5e6ba833db73,8CWB8AC9,CAR,2024-12-12 11:12:56.631609+04:00
675a8d450a7b5e6ba833db7f,K98DJPK7,CAR,2024-12-12 11:14:13.877681+04:00
675a8dd10a7b5e6ba833dbf9,6NLTMX2A,CAR,2024-12-12 11:16:33.788681+04:00
675a8ddc0a7b5e6ba833dc66,FFVPW5W2,CAR,2024-12-12 11:16:44.191398+04:00
675a8f27f7b36964c5da3546,TYBP6DMJ,CAR,2024-12-12 11:22:15.132039+04:00
675a8f3ced9ea0584a248808,6GAQ9BJD,CAR,2024-12-12 11:22:36.360969+04:00
675a8fc8aa996e678dc408c2,GV3TBSMK,CAR,2024-12-12 11:24:56.734321+04:00
675a9140ed9ea0584a2488a9,QULN4RRQ,CAR,2024-12-12 11:31:12.821504+04:00
675a91feed9ea0584a248961,ARYUPYN9,CAR,2024-12-12 11:34:22.468853+04:00
675a9285ed9ea0584a2489da,63CVYDQU,CAR,2024-12-12 11:36:37.091185+04:00
675a92beed9ea0584a248a4b,QEL7ADP5,CAR,2024-12-12 11:37:34.474487+04:00
675a94df0a7b5e6ba833df55,N48AYJRK,CAR,2024-12-12 11:46:39.151927+04:00
675a94f7f7b36964c5da3628,GYCN74HU,CAR,2024-12-12 11:47:03.073492+04:00
675a98470a7b5e6ba833e041,PPHYARPR,CAR,2024-12-12 12:01:10.876316+04:00
675a98ceaa996e678dc40a83,AY69UH32,CAR,2024-12-12 12:03:26.595408+04:00
675a99e1b7f871980fa77ddd,BJVWVMPP,CAR,2024-12-12 12:08:01.239715+04:00
675a9a32244d51fa71df096b,9VR227UC,CAR,2024-12-12 12:09:22.523295+04:00
675a9a3d244d51fa71df0a49,GLP85WQW,CAR,2024-12-12 12:09:33.965503+04:00
675a9a9ded9ea0584a248bdf,V96JEDJV,CAR,2024-12-12 12:11:09.514780+04:00
675a9b3643542254bcc79cfe,FTC99Z97,CAR,2024-12-12 12:13:42.781792+04:00
675a9ce3b7f871980fa77e75,72ULUP24,CAR,2024-12-12 12:20:51.900439+04:00
675a9d6843542254bcc79d85,ETCEJMYY,CAR,2024-12-12 12:23:04.309000+04:00
675a9e94ed9ea0584a248d64,PDF3H5EY,CAR,2024-12-12 12:28:04.039180+04:00
675a9f47ed9ea0584a248e3d,RE62A33G,CAR,2024-12-12 12:31:03.712397+04:00
675a9f4994987663077c8c1e,RSS7MXA5,CAR,2024-12-12 12:31:05.670817+04:00
675a9f8fa2aac36a82ea8cc8,JAMYUZVD,CAR,2024-12-12 12:32:15.397984+04:00
675aa06694987663077c8cc2,GEY4LPXQ,CAR,2024-12-12 12:35:50.101925+04:00
675aa1e90cee1c7a809afffb,SCCVRCZY,CAR,2024-12-12 12:42:17.130700+04:00
675aa1eef175ee9b64c2b47d,ZGWJ6TLW,CAR,2024-12-12 12:42:21.970133+04:00
675aa30894987663077c8df2,PJJ5KG5Y,CAR,2024-12-12 12:47:03.981617+04:00
675aa49f14364a7adc86b9da,WCKMSUJ7,CAR,2024-12-12 12:53:51.099428+04:00
675aa58a2ec57f5d00a45aff,5T99ZABN,CAR,2024-12-12 12:57:45.976402+04:00
675aa7012ec57f5d00a45c6c,VHAQY8T4,CAR,2024-12-12 13:04:01.693829+04:00
675aa715d97dd38002188957,L9P8JAZV,CAR,2024-12-12 13:04:21.595078+04:00
675aa7ba567b90c7728fef0d,X724FU6Y,CAR,2024-12-12 13:07:06.036709+04:00
675aa897567b90c7728fef90,74242H4U,CAR,2024-12-12 13:10:47.055967+04:00
675aaa1cd71926e5423b46d1,JRHCS24X,CAR,2024-12-12 13:17:16.388706+04:00
675aaac314364a7adc86bb66,H5VTSGKW,CAR,2024-12-12 13:20:03.190199+04:00
675aac74d97dd38002188b6e,L53DHVKD,CAR,2024-12-12 13:27:16.440202+04:00
675aacc914364a7adc86bbea,Z968JTQN,CAR,2024-12-12 13:28:41.898305+04:00
675aaccb866242435a387ca4,6FEGNB8D,CAR,2024-12-12 13:28:43.948562+04:00
675aae9ef175ee9b64c2b888,7482LVKT,CAR,2024-12-12 13:36:30.154830+04:00
675aaf650ba65ce7ee2e5545,H6GL2E69,CAR,2024-12-12 13:39:49.813757+04:00
675ab24bf175ee9b64c2b928,ZFC7GY2B,CAR,2024-12-12 13:52:11.646462+04:00
675ab30e866242435a387eb2,WJZJ2RZG,CAR,2024-12-12 13:55:26.406064+04:00
675ab552d97dd38002188cb3,67MATXCF,CAR,2024-12-12 14:05:06.195044+04:00
675ab5520ba65ce7ee2e55fb,JWVSGW2P,CAR,2024-12-12 14:05:06.513381+04:00
675ab6ac567b90c7728ff119,447RMVKM,CAR,2024-12-12 14:10:52.088817+04:00
675ab70bfc7693865b06085c,LBFJF6SK,CAR,2024-12-12 14:12:27.243487+04:00
675ab8bb866242435a387ffb,PFX6BAPP,CAR,2024-12-12 14:19:39.067179+04:00
675ab929d97dd38002188cd0,GL4KL2PP,CAR,2024-12-12 14:21:29.179764+04:00
675ab96df175ee9b64c2b9d5,CWVY9JSY,CAR,2024-12-12 14:22:37.376000+04:00
675abb94567b90c7728ff218,HGA3JRHL,CAR,2024-12-12 14:31:48.132320+04:00
675abb9ad97dd38002188d79,GZ7CAG4P,CAR,2024-12-12 14:31:54.092321+04:00
675abd10dd1dabc87a8abd00,JL8GDVS4,CAR,2024-12-12 14:38:08.791682+04:00
675abd19a49f199e34f3f954,BFD7CD5B,CAR,2024-12-12 14:38:17.478354+04:00
675abe6f1a0a8edabce3a92a,XMZ372YT,CAR,2024-12-12 14:43:59.547809+04:00
675abebc9c6130c0c8b4d401,6DTRDG5G,CAR,2024-12-12 14:45:16.727694+04:00
675abf04d33512acf354e57e,2L9ZUZNT,CAR,2024-12-12 14:46:28.127352+04:00
675ac1129c2d1afe9ce04e96,2DMCC52G,CAR,2024-12-12 14:55:13.980731+04:00
675ac12fbad5e3c356d65a94,W5PAKEXP,CAR,2024-12-12 14:55:43.449903+04:00
675ac25add1dabc87a8abe93,3PD2BKJN,CAR,2024-12-12 15:00:42.370216+04:00
675ac36a9c6130c0c8b4d51a,59EC73NY,CAR,2024-12-12 15:05:14.323858+04:00
675ac3b90e56f7d568dc7b80,QWQVXL57,CAR,2024-12-12 15:06:33.870833+04:00
675ac5019c6130c0c8b4d5a4,29WGX2F9,CAR,2024-12-12 15:12:01.260953+04:00
675ac659d33512acf354e810,QLVNH3GA,CAR,2024-12-12 15:17:45.790196+04:00
675ac8d4d33512acf354e8ba,EV4B2W88,CAR,2024-12-12 15:28:20.302600+04:00
675acace9c6130c0c8b4d64e,ZQ48TBMY,CAR,2024-12-12 15:36:46.711068+04:00
675acc8edfceb75c14b16e7d,452WD7F5,CAR,2024-12-12 15:44:14.770246+04:00
675ace869c6130c0c8b4d6fe,FKHPGK4L,CAR,2024-12-12 15:52:38.297713+04:00
675ad15dd33512acf354e9e5,88BZXRPL,CAR,2024-12-12 16:04:45.379692+04:00
675ad23fdfceb75c14b16ea7,WFT4DX7Q,CAR,2024-12-12 16:08:31.376488+04:00
675ada6042678a1760b88417,RQDSKXKE,CAR,2024-12-12 16:43:12.659530+04:00
675adabae655c759f89578ee,7GC44ZRJ,CAR,2024-12-12 16:44:42.962398+04:00
675adade9c2d1afe9ce04f43,ZNPRLNQA,CAR,2024-12-12 16:45:18.657564+04:00
675adc68d1bcc70e4a58fc56,GFKBDWX9,CAR,2024-12-12 16:51:52.377792+04:00
675add29bad5e3c356d65c1e,2K4E3TVY,CAR,2024-12-12 16:55:05.706060+04:00
675add82e655c759f895798c,T6VRY8A8,CAR,2024-12-12 16:56:34.130043+04:00
675ae2addd1dabc87a8ac298,8H5MVXP9,CAR,2024-12-12 17:18:37.208476+04:00
675ae2bb42678a1760b88630,56JPA79N,CAR,2024-12-12 17:18:51.430302+04:00
675ae6ed24b336c2b4a2930e,SNTNUMP7,CAR,2024-12-12 17:36:45.202431+04:00
675ae7dd26c8fd9f9fe7b995,L5YU6AF3,CAR,2024-12-12 17:40:45.685272+04:00
675ae91726c8fd9f9fe7ba13,5WAFHYZ7,CAR,2024-12-12 17:45:59.350504+04:00
675aea8f24b336c2b4a293c1,8SV2FDR7,CAR,2024-12-12 17:52:15.937584+04:00
675aebcb8e0e92fb507d0bbb,9P3ZE7Z8,CAR,2024-12-12 17:57:31.918599+04:00
675aed8c6336755446d77984,B9KS33HK,CAR,2024-12-12 18:05:00.181044+04:00
675aed938e0e92fb507d0c3b,VPAB97HN,CAR,2024-12-12 18:05:07.936524+04:00
675aee12f6bbda5cdec6e39a,SQVHFFDB,CAR,2024-12-12 18:07:14.526617+04:00
675aef968e0e92fb507d0d60,YRESG9UL,CAR,2024-12-12 18:13:42.918448+04:00
675af4df8e0e92fb507d0e0c,XYEBRJ4R,CAR,2024-12-12 18:36:15.135533+04:00
675af60d8e0e92fb507d0e9a,RZ5LNPPF,CAR,2024-12-12 18:41:17.737552+04:00
675af7a224b336c2b4a29a15,PQL9X3RY,CAR,2024-12-12 18:48:02.408874+04:00
675af7a5b3b6cd5432339560,N4SCFZS6,CAR,2024-12-12 18:48:05.691987+04:00
675af99524b336c2b4a29a89,4EBFV483,CAR,2024-12-12 18:56:21.338124+04:00
675b03a024b336c2b4a29c1e,FWYW5Z2X,CAR,2024-12-12 19:39:12.898832+04:00
675b042edab53927bf8e8fe7,WWZEJUD4,CAR,2024-12-12 19:41:34.016809+04:00
675b0b7d8e0e92fb507d11ca,FMJMUS8Z,CAR,2024-12-12 20:12:45.393209+04:00
675b0dc2dc8d41311336c0e8,7CBS99PH,CAR,2024-12-12 20:22:26.513445+04:00
675b10889cf71dc271fa9f00,2GRDQ9LB,CAR,2024-12-12 20:34:16.455381+04:00
675b125692e654354bb7ad37,K2L86UVV,CAR,2024-12-12 20:41:58.871432+04:00
675b13e71cb8832e99891d5e,CTYZANDR,CAR,2024-12-12 20:48:39.435627+04:00
675b140c1cb8832e99891d9c,LNHRTP9D,CAR,2024-12-12 20:49:16.482728+04:00
675b149cb3b6cd54323396e0,4UTH4WK7,CAR,2024-12-12 20:51:40.143395+04:00
675b16a2dc8d41311336c175,2DTJ7RGP,CAR,2024-12-12 21:00:18.522608+04:00
675b17d41cb8832e99891dac,34G8EXQ4,CAR,2024-12-12 21:05:24.530381+04:00
675b1af8dc4b8911494c8b72,PQ5HP3WF,CAR,2024-12-12 21:18:48.104740+04:00
675b1fff9cf71dc271fa9f40,MX6L8F36,CAR,2024-12-12 21:40:15.764241+04:00
675b214dabb18edb631caf15,6EDRT6BM,CAR,2024-12-12 21:45:49.222575+04:00
675b23266336755446d77bb0,NRT342EK,CAR,2024-12-12 21:53:42.107384+04:00
675b23f56336755446d77bba,EU37ZG8D,CAR,2024-12-12 21:57:09.618024+04:00
675b26a2f0b18dcea8c03883,WBTFPKRR,CAR,2024-12-12 22:08:33.998107+04:00
675b2c866336755446d77c6d,B4HKG4KK,CAR,2024-12-12 22:33:42.462740+04:00
675b4c516336755446d77d2c,HWMWSR6K,CAR,2024-12-13 00:49:21.081774+04:00
675b510cdc8d41311336c4af,V3FKKXHK,CAR,2024-12-13 01:09:32.660840+04:00
675b6c29a960220e4e19406b,PMDDJ34W,CAR,2024-12-13 03:05:13.478225+04:00
675b81e2f0f0740a5ff0ed69,94CLR39J,CAR,2024-12-13 04:37:54.102556+04:00
675b8287a960220e4e19412a,GC69T6YX,CAR,2024-12-13 04:40:39.711711+04:00
675b8565d7fdd6e2b937cfe7,EAADYVYT,CAR,2024-12-13 04:52:53.330791+04:00
675b9cc4a960220e4e1941d7,Q2EEBKZN,CAR,2024-12-13 06:32:36.140069+04:00
675ba41dfe18f11b137c64d1,9UWKTUP5,CAR,2024-12-13 07:03:57.666872+04:00
675ba45b2f7466de9f4db5fc,C7AHHXHL,CAR,2024-12-13 07:04:59.219537+04:00
675ba85cac87cfe118ae0a08,63CEQRC9,CAR,2024-12-13 07:22:04.671202+04:00
675baff9a960220e4e194286,HPA8BMH4,CAR,2024-12-13 07:54:33.807562+04:00
675bb51efe18f11b137c65e8,5ZB7NPXX,CAR,2024-12-13 08:16:30.205081+04:00
675bb96554fc67015e5c4329,FGZ9TGXJ,CAR,2024-12-13 08:34:45.749507+04:00
675bbbcda960220e4e1943d9,JHSCRQ5U,CAR,2024-12-13 08:45:01.320085+04:00
675bbce0f0f0740a5ff0ee8a,A5EESS2V,CAR,2024-12-13 08:49:36.035950+04:00
675bbd2bfe18f11b137c6720,X23868EH,CAR,2024-12-13 08:50:51.052590+04:00
675bbe79fe18f11b137c67a5,APRU8DMU,CAR,2024-12-13 08:56:25.518167+04:00
675bbe8654fc67015e5c43e2,5E96Y87V,CAR,2024-12-13 08:56:38.213187+04:00
675bbf03a960220e4e1944ad,W7GE3TU9,CAR,2024-12-13 08:58:43.828023+04:00
675bc017fe18f11b137c6869,MYDR627U,CAR,2024-12-13 09:03:18.985279+04:00
675bc56c318ea2edd9a9c19c,PAQ5TQAK,CAR,2024-12-13 09:26:04.749534+04:00
675bc6f154fc67015e5c448d,843GQN6G,CAR,2024-12-13 09:32:33.556100+04:00
675bc78f9d3b7d0f4f505ae9,S7ETH5LQ,CAR,2024-12-13 09:35:11.467542+04:00
675bc790a960220e4e19464f,972TWFFC,CAR,2024-12-13 09:35:12.362844+04:00
675bc8dba960220e4e1946de,PM6PTWTJ,CAR,2024-12-13 09:40:43.111698+04:00
675bc90aa960220e4e1946f0,UFKRQGWS,CAR,2024-12-13 09:41:30.389979+04:00
675bccc5df21c8cb422d1d20,PKTFSJD4,CAR,2024-12-13 09:57:25.250594+04:00
675bccfe54fc67015e5c4534,U7RWE6T7,CAR,2024-12-13 09:58:22.848782+04:00
675bcde2c4aedfe1596ed46e,4JY86RTR,CAR,2024-12-13 10:02:09.888405+04:00
675bcfe3a960220e4e1947df,TJSNL78N,CAR,2024-12-13 10:10:43.798734+04:00
675bd211a960220e4e1948ff,Y4JMJ6CN,CAR,2024-12-13 10:20:01.390411+04:00
675bd30ea960220e4e194998,WCCYZX6Z,CAR,2024-12-13 10:24:14.883251+04:00
675bd34d9d3b7d0f4f505bef,53U7RM8C,CAR,2024-12-13 10:25:17.866522+04:00
675bd3e1c4aedfe1596ed517,3L7EUCXP,CAR,2024-12-13 10:27:45.320336+04:00
675bd677e5f002fa1990a163,UV6AQHUS,CAR,2024-12-13 10:38:47.697121+04:00
675bd74f9d3b7d0f4f505c36,93TA6Z8A,CAR,2024-12-13 10:42:23.514819+04:00
675bd8069d3b7d0f4f505ca4,V26ZA4Z2,CAR,2024-12-13 10:45:26.103535+04:00
675bd863318ea2edd9a9c227,2EQVYC5P,CAR,2024-12-13 10:46:59.884929+04:00
675bd99e54fc67015e5c4785,UNJMEQRJ,CAR,2024-12-13 10:52:14.386684+04:00
675bdaf4e16317aba2fca861,DNJV8MRF,CAR,2024-12-13 10:57:56.670166+04:00
675bdbebe20d9f45f6a82caa,4FPVYZ68,CAR,2024-12-13 11:02:03.702676+04:00
675bdcd3318ea2edd9a9c2ab,Q4G42NE8,CAR,2024-12-13 11:05:55.136015+04:00
675bde659d3b7d0f4f505e41,EBBSWVK2,CAR,2024-12-13 11:12:37.329922+04:00
675bdec4318ea2edd9a9c2b9,BR4A97V9,CAR,2024-12-13 11:14:12.362329+04:00
675bdf8cc4aedfe1596ed6e2,5H26UYRE,CAR,2024-12-13 11:17:31.951084+04:00
675bdfd2e16317aba2fca937,P22C2EFD,CAR,2024-12-13 11:18:41.992423+04:00
675bdff9e5f002fa1990a20f,7T7AK5CM,CAR,2024-12-13 11:19:21.841740+04:00
675be027c4aedfe1596ed797,F9AFZVUJ,CAR,2024-12-13 11:20:07.244331+04:00
675be224a7b869e075396c91,CSB2AD28,CAR,2024-12-13 11:28:36.077834+04:00
675be2692b0eabd9a4c0a101,U3TP366N,CAR,2024-12-13 11:29:45.717812+04:00
675be3db62411e7e21dbdb47,K32V64ZB,CAR,2024-12-13 11:35:55.049782+04:00
675be4e8ea5c88a65a940069,RA2A9XZT,CAR,2024-12-13 11:40:24.895593+04:00
675be5852b0eabd9a4c0a251,8AVE9BHW,CAR,2024-12-13 11:43:01.589035+04:00
675be595a3f21a6a3c442159,KBDPQJTV,CAR,2024-12-13 11:43:17.173913+04:00
675be5962b0eabd9a4c0a2c5,RME2Z6PV,CAR,2024-12-13 11:43:17.941909+04:00
675be5ef2b0eabd9a4c0a33b,M8NCLL5X,CAR,2024-12-13 11:44:47.145436+04:00
675be63c62411e7e21dbdc9b,MTP782DF,CAR,2024-12-13 11:46:04.534074+04:00
675beac11edce3c5053eb933,UW799LFE,CAR,2024-12-13 12:05:21.603226+04:00
675bef1a9e58af384f766962,3CZ7AXV2,CAR,2024-12-13 12:23:54.216070+04:00
675bf06e2b0eabd9a4c0a4ef,9RVZG5CE,CAR,2024-12-13 12:29:34.205859+04:00
675bf114ea5c88a65a940214,NSTXZG8E,CAR,2024-12-13 12:32:20.783690+04:00
675bf33ea3f21a6a3c4421f6,YW5JHUUY,CAR,2024-12-13 12:41:34.471980+04:00
675bf4c19e58af384f766a90,KZGQNVCP,CAR,2024-12-13 12:48:01.596426+04:00
675bf4f12b0eabd9a4c0a587,DTQN5RN5,CAR,2024-12-13 12:48:49.057927+04:00
675bf6d09e58af384f766b1a,PRDK3SZK,CAR,2024-12-13 12:56:47.964439+04:00
675bf77862411e7e21dbdf78,T872GAHP,CAR,2024-12-13 12:59:36.797799+04:00
675bf8502b0eabd9a4c0a629,2YDM5Z9F,CAR,2024-12-13 13:03:12.331267+04:00
675bf8cd1edce3c5053ebbb3,LXMTSCCU,CAR,2024-12-13 13:05:17.704232+04:00
675bf91d9e58af384f766bdd,E6LQLWTJ,CAR,2024-12-13 13:06:37.089954+04:00
675bf9f11edce3c5053ebbc6,NQH7PA8U,CAR,2024-12-13 13:10:09.425480+04:00
675bfc1aa7b869e075396f8d,HZJD679F,CAR,2024-12-13 13:19:22.634818+04:00
675bfcb3a7b869e075397002,5HWVBF4Y,CAR,2024-12-13 13:21:55.022671+04:00
675bfd52a7b869e07539700b,L27GAA83,CAR,2024-12-13 13:24:34.012264+04:00
675bfe2762411e7e21dbe051,GNED9G8Q,CAR,2024-12-13 13:28:07.686696+04:00
675bff9706d108074fb7d645,SXX5Y3WS,CAR,2024-12-13 13:34:15.275385+04:00
675c017c62411e7e21dbe172,RL8WJTL9,CAR,2024-12-13 13:42:20.630925+04:00
675c0267baef8d71f02a89f5,Q48CNVC6,CAR,2024-12-13 13:46:15.261279+04:00
675c048c62411e7e21dbe260,BDUWW6UF,CAR,2024-12-13 13:55:24.002250+04:00
675c0538b63d375f5eef4c55,H3R2C9JY,CAR,2024-12-13 13:58:16.004043+04:00
675c064e62411e7e21dbe279,QUW9RYRR,CAR,2024-12-13 14:02:54.504688+04:00
675c06e462411e7e21dbe2b4,4939CT85,CAR,2024-12-13 14:05:24.556441+04:00
675c07c3b63d375f5eef4cdc,RVZEKN52,CAR,2024-12-13 14:09:07.528934+04:00
675c0997b32237e2092f414d,CWDSANW5,CAR,2024-12-13 14:16:54.964317+04:00
675c0ad5557b00177d840fd7,2LM3KMAC,CAR,2024-12-13 14:22:13.102266+04:00
675c0af9850dd3e41a10d2f8,BX626NSB,CAR,2024-12-13 14:22:49.190151+04:00
675c0ba1baef8d71f02a8be8,8TY2HR7D,CAR,2024-12-13 14:25:37.268517+04:00
675c0ce4557b00177d841069,48MCDDB4,CAR,2024-12-13 14:31:00.207513+04:00
675c0d68b63d375f5eef4e7a,3HW4CFBJ,CAR,2024-12-13 14:33:12.240808+04:00
675c0db42488f50d78930cdc,XE4336X2,CAR,2024-12-13 14:34:28.068528+04:00
675c0e1719b9dcc15de4ddda,5MHBPB39,CAR,2024-12-13 14:36:07.263238+04:00
675c0f452488f50d78930d28,4KRJLAL5,CAR,2024-12-13 14:41:09.678522+04:00
675c103e0048c66a4e38f2de,2N7U6KMY,CAR,2024-12-13 14:45:18.151864+04:00
675c120719b9dcc15de4dea5,F4EAU7JS,CAR,2024-12-13 14:52:55.576587+04:00
675c1386ac465c1ba7249cc9,GVTQSC3L,CAR,2024-12-13 14:59:18.702313+04:00
675c1528ac465c1ba7249d43,MRNNBRU8,CAR,2024-12-13 15:06:15.919643+04:00
675c155a557b00177d841102,LJUJE6HM,CAR,2024-12-13 15:07:06.479478+04:00
675c155ebaef8d71f02a8d51,9UUAR44K,CAR,2024-12-13 15:07:09.936511+04:00
675c15c0850dd3e41a10d43d,EAUU37ZF,CAR,2024-12-13 15:08:48.468311+04:00
675c17fcb32237e2092f41d3,B2K7LXVR,CAR,2024-12-13 15:18:20.613907+04:00
675c190cb32237e2092f4212,QAZ26PUT,CAR,2024-12-13 15:22:52.632655+04:00
675c193619b9dcc15de4e009,GGDXMTAG,CAR,2024-12-13 15:23:34.370114+04:00
675c1a46ee431978209020a3,ZSQNEHYQ,CAR,2024-12-13 15:28:06.834658+04:00
675c1a7d0048c66a4e38f336,DACENU6Y,CAR,2024-12-13 15:29:01.400017+04:00
675c1bc4850dd3e41a10d468,FTBSFLG2,CAR,2024-12-13 15:34:28.072653+04:00
675c1c63ac465c1ba7249e23,P3MSQRK9,CAR,2024-12-13 15:37:07.627884+04:00
675c1cbf2488f50d78930e28,K6C88Q4U,CAR,2024-12-13 15:38:39.842832+04:00
675c1dbbac465c1ba7249ea5,DJ2L47M2,CAR,2024-12-13 15:42:51.842989+04:00
675c1dde557b00177d84119a,FNMG4D6A,CAR,2024-12-13 15:43:25.953628+04:00
675c1e1d850dd3e41a10d4ea,VAM67FE5,CAR,2024-12-13 15:44:29.009330+04:00
675c1f7132a2baf7e3bce2f2,SBG6L2GW,CAR,2024-12-13 15:50:09.483253+04:00
675c1ff6ac465c1ba7249f22,HAG3BX6R,CAR,2024-12-13 15:52:22.201553+04:00
675c1ffb22724e8b53c98373,QQHLBXFZ,CAR,2024-12-13 15:52:27.698017+04:00
675c207332a2baf7e3bce309,RPFULVXP,CAR,2024-12-13 15:54:26.977103+04:00
675c20bfd0b23fc07f5ce192,MG92SGX8,CAR,2024-12-13 15:55:43.369498+04:00
675c2165850dd3e41a10d5ad,9EM2KTZA,CAR,2024-12-13 15:58:29.392084+04:00
675c21ad22724e8b53c983fc,FDGHKAE2,CAR,2024-12-13 15:59:40.956995+04:00
675c2220b4c9d5952873cac7,HUEE4JX2,CAR,2024-12-13 16:01:36.108479+04:00
675c22930edc8eaa9375648b,QMFDWPG3,CAR,2024-12-13 16:03:31.133397+04:00
675c24b1271116f03dbfc9a0,EL77XJCH,CAR,2024-12-13 16:12:33.675106+04:00
675c24f4271116f03dbfc9d6,HJG4RU2C,CAR,2024-12-13 16:13:40.815618+04:00
675c2532b4c9d5952873cbbb,Z26UP2Q4,CAR,2024-12-13 16:14:42.834575+04:00
675c2573271116f03dbfca4d,8C4AUZTE,CAR,2024-12-13 16:15:47.285889+04:00
675c257c32a2baf7e3bce4b8,NNAWVP4J,CAR,2024-12-13 16:15:56.491599+04:00
675c265989566c4687710838,VD2JGKR3,CAR,2024-12-13 16:19:37.375225+04:00
675c266432a2baf7e3bce56d,LHABF2H6,CAR,2024-12-13 16:19:48.202829+04:00
675c285e0d8b0b4a68ef1f2a,KMHYTBV3,CAR,2024-12-13 16:28:14.602616+04:00
675c288f0d8b0b4a68ef1f97,WMS9QTJJ,CAR,2024-12-13 16:29:03.102800+04:00
675c28c40edc8eaa93756543,JJ26972V,CAR,2024-12-13 16:29:56.568162+04:00
675c2b070edc8eaa937565a1,FT7KS9QY,CAR,2024-12-13 16:39:34.993928+04:00
675c2c6f0d8b0b4a68ef1fe9,J4JAGBEH,CAR,2024-12-13 16:45:35.560570+04:00
